; Interference field - dense serpentine scan warped by a wave field.
; ONE continuous stroke. NO pen lifts, NO Z words, NO M2/M5.
;
; Layer 1 of 1.  seed=11 spacing=10.00 amp=3.20 scale=1.60 fold=0.70 step=0.80 F500
; 34 rows over 174 mm, effective line pitch 5.00 mm.
; Path length 6.6 m, about 13 minutes at F500.
;
; >>> START POINT: 0.0 mm right of, and 3.2 mm up from, the
;     bottom-left corner of the drawn area.  Put the pen there. <<<
; The stroke returns to that exact point when it finishes.  For the next
; colour, swap the pen in the holder WITHOUT MOVING THE CARRIAGE and run
; the next layer - that is the whole registration method.
;
; Drawn area: 180.0 x 171.4 mm  (x 0.0..180.0, y -3.2..168.2 from the start)
G21
G90
G94
G91
G1 F500 X0.000 Y0.408
G1 X0.800 Y0.005
G1 X0.800 Y0.005
G1 X0.800 Y0.003
G1 X0.800 Y0.001
G1 X0.800 Y-0.005
G1 X0.800 Y-0.009
G1 X0.800 Y-0.016
G1 X0.800 Y-0.023
G1 X0.800 Y-0.032
G1 X0.800 Y-0.041
G1 X0.800 Y-0.051
G1 X0.800 Y-0.063
G1 X0.800 Y-0.073
G1 X0.800 Y-0.086
G1 X0.800 Y-0.098
G1 X0.800 Y-0.111
G1 X0.800 Y-0.123
G1 X0.800 Y-0.136
G1 X0.800 Y-0.147
G1 X0.800 Y-0.159
G1 X0.800 Y-0.169
G1 X0.800 Y-0.177
G1 X0.800 Y-0.185
G1 X0.800 Y-0.190
G1 X0.800 Y-0.192
G1 X0.800 Y-0.193
G1 X0.800 Y-0.189
G1 X0.800 Y-0.185
G1 X0.800 Y-0.176
G1 X0.800 Y-0.164
G1 X0.800 Y-0.150
G1 X0.800 Y-0.133
G1 X0.800 Y-0.113
G1 X0.800 Y-0.093
G1 X0.800 Y-0.069
G1 X0.800 Y-0.047
G1 X0.800 Y-0.022
G1 X0.800 Y0.002
G1 X0.800 Y0.024
G1 X0.800 Y0.046
G1 X0.800 Y0.066
G1 X0.800 Y0.084
G1 X0.800 Y0.098
G1 X0.800 Y0.112
G1 X0.800 Y0.121
G1 X0.800 Y0.128
G1 X0.800 Y0.133
G1 X0.800 Y0.134
G1 X0.800 Y0.133
G1 X0.800 Y0.129
G1 X0.800 Y0.125
G1 X0.800 Y0.117
G1 X0.800 Y0.108
G1 X0.800 Y0.098
G1 X0.800 Y0.086
G1 X0.800 Y0.075
G1 X0.800 Y0.062
G1 X0.800 Y0.049
G1 X0.800 Y0.035
G1 X0.800 Y0.022
G1 X0.800 Y0.009
G1 X0.800 Y-0.005
G1 X0.800 Y-0.018
G1 X0.800 Y-0.031
G1 X0.800 Y-0.043
G1 X0.800 Y-0.054
G1 X0.800 Y-0.065
G1 X0.800 Y-0.075
G1 X0.800 Y-0.084
G1 X0.800 Y-0.092
G1 X0.800 Y-0.099
G1 X0.800 Y-0.105
G1 X0.800 Y-0.108
G1 X0.800 Y-0.112
G1 X0.800 Y-0.114
G1 X0.800 Y-0.113
G1 X0.800 Y-0.112
G1 X0.800 Y-0.109
G1 X0.800 Y-0.105
G1 X0.800 Y-0.099
G1 X0.800 Y-0.093
G1 X0.800 Y-0.083
G1 X0.800 Y-0.075
G1 X0.800 Y-0.064
G1 X0.800 Y-0.053
G1 X0.800 Y-0.040
G1 X0.800 Y-0.029
G1 X0.800 Y-0.015
G1 X0.800 Y-0.002
G1 X0.800 Y0.010
G1 X0.800 Y0.024
G1 X0.800 Y0.036
G1 X0.800 Y0.049
G1 X0.800 Y0.060
G1 X0.800 Y0.071
G1 X0.800 Y0.081
G1 X0.800 Y0.091
G1 X0.800 Y0.100
G1 X0.800 Y0.106
G1 X0.800 Y0.114
G1 X0.800 Y0.119
G1 X0.800 Y0.124
G1 X0.800 Y0.128
G1 X0.800 Y0.130
G1 X0.800 Y0.132
G1 X0.800 Y0.134
G1 X0.800 Y0.133
G1 X0.800 Y0.133
G1 X0.800 Y0.132
G1 X0.800 Y0.130
G1 X0.800 Y0.127
G1 X0.800 Y0.125
G1 X0.800 Y0.121
G1 X0.800 Y0.118
G1 X0.800 Y0.113
G1 X0.800 Y0.108
G1 X0.800 Y0.104
G1 X0.800 Y0.099
G1 X0.800 Y0.094
G1 X0.800 Y0.089
G1 X0.800 Y0.083
G1 X0.800 Y0.078
G1 X0.800 Y0.072
G1 X0.800 Y0.067
G1 X0.800 Y0.061
G1 X0.800 Y0.056
G1 X0.800 Y0.050
G1 X0.800 Y0.045
G1 X0.800 Y0.040
G1 X0.800 Y0.034
G1 X0.800 Y0.029
G1 X0.800 Y0.024
G1 X0.800 Y0.018
G1 X0.800 Y0.014
G1 X0.800 Y0.009
G1 X0.800 Y0.004
G1 X0.800 Y-0.001
G1 X0.800 Y-0.005
G1 X0.800 Y-0.010
G1 X0.800 Y-0.014
G1 X0.800 Y-0.018
G1 X0.800 Y-0.022
G1 X0.800 Y-0.027
G1 X0.800 Y-0.030
G1 X0.800 Y-0.034
G1 X0.800 Y-0.037
G1 X0.800 Y-0.041
G1 X0.800 Y-0.043
G1 X0.800 Y-0.047
G1 X0.800 Y-0.049
G1 X0.800 Y-0.051
G1 X0.800 Y-0.054
G1 X0.800 Y-0.055
G1 X0.800 Y-0.057
G1 X0.800 Y-0.058
G1 X0.800 Y-0.059
G1 X0.800 Y-0.060
G1 X0.800 Y-0.060
G1 X0.800 Y-0.060
G1 X0.800 Y-0.059
G1 X0.800 Y-0.059
G1 X0.800 Y-0.058
G1 X0.800 Y-0.056
G1 X0.800 Y-0.055
G1 X0.800 Y-0.053
G1 X0.800 Y-0.050
G1 X0.800 Y-0.048
G1 X0.800 Y-0.045
G1 X0.800 Y-0.042
G1 X0.800 Y-0.038
G1 X0.800 Y-0.035
G1 X0.800 Y-0.030
G1 X0.800 Y-0.027
G1 X0.800 Y-0.022
G1 X0.800 Y-0.018
G1 X0.800 Y-0.013
G1 X0.800 Y-0.007
G1 X0.800 Y-0.003
G1 X0.800 Y0.002
G1 X0.800 Y0.009
G1 X0.800 Y0.013
G1 X0.800 Y0.020
G1 X0.800 Y0.025
G1 X0.800 Y0.032
G1 X0.800 Y0.037
G1 X0.800 Y0.044
G1 X0.800 Y0.050
G1 X0.800 Y0.057
G1 X0.800 Y0.062
G1 X0.800 Y0.070
G1 X0.800 Y0.075
G1 X0.800 Y0.082
G1 X0.800 Y0.088
G1 X0.800 Y0.093
G1 X0.800 Y0.100
G1 X0.800 Y0.104
G1 X0.800 Y0.110
G1 X0.800 Y0.114
G1 X0.800 Y0.118
G1 X0.800 Y0.122
G1 X0.800 Y0.125
G1 X0.800 Y0.127
G1 X0.800 Y0.129
G1 X0.800 Y0.129
G1 X0.800 Y0.130
G1 X0.800 Y0.129
G1 X0.800 Y0.128
G1 X0.800 Y0.126
G1 X0.800 Y0.123
G1 X0.800 Y0.120
G1 X0.800 Y0.116
G1 X0.800 Y0.110
G1 X0.800 Y0.106
G1 X0.800 Y0.100
G1 X0.800 Y0.094
G1 X0.800 Y0.087
G1 X0.800 Y0.082
G1 X0.800 Y0.074
G1 X0.800 Y0.068
G1 X0.800 Y0.062
G1 X0.800 Y0.055
G1 X0.800 Y0.049
G1 X0.800 Y0.043
G1 X0.800 Y0.037
G1 X0.800 Y0.031
G1 X0.000 Y8.338
G1 X-0.800 Y-0.292
G1 X-0.800 Y-0.302
G1 X-0.800 Y-0.309
G1 X-0.800 Y-0.312
G1 X-0.800 Y-0.311
G1 X-0.800 Y-0.306
G1 X-0.800 Y-0.299
G1 X-0.800 Y-0.287
G1 X-0.800 Y-0.272
G1 X-0.800 Y-0.255
G1 X-0.800 Y-0.236
G1 X-0.800 Y-0.214
G1 X-0.800 Y-0.193
G1 X-0.800 Y-0.169
G1 X-0.800 Y-0.146
G1 X-0.800 Y-0.124
G1 X-0.800 Y-0.101
G1 X-0.800 Y-0.081
G1 X-0.800 Y-0.061
G1 X-0.800 Y-0.043
G1 X-0.800 Y-0.027
G1 X-0.800 Y-0.013
G1 X-0.800 Y-0.001
G1 X-0.800 Y0.010
G1 X-0.800 Y0.018
G1 X-0.800 Y0.025
G1 X-0.800 Y0.029
G1 X-0.800 Y0.033
G1 X-0.800 Y0.035
G1 X-0.800 Y0.034
G1 X-0.800 Y0.035
G1 X-0.800 Y0.032
G1 X-0.800 Y0.029
G1 X-0.800 Y0.026
G1 X-0.800 Y0.023
G1 X-0.800 Y0.018
G1 X-0.800 Y0.013
G1 X-0.800 Y0.009
G1 X-0.800 Y0.003
G1 X-0.800 Y-0.001
G1 X-0.800 Y-0.005
G1 X-0.800 Y-0.010
G1 X-0.800 Y-0.014
G1 X-0.800 Y-0.017
G1 X-0.800 Y-0.020
G1 X-0.800 Y-0.023
G1 X-0.800 Y-0.025
G1 X-0.800 Y-0.027
G1 X-0.800 Y-0.028
G1 X-0.800 Y-0.027
G1 X-0.800 Y-0.028
G1 X-0.800 Y-0.027
G1 X-0.800 Y-0.025
G1 X-0.800 Y-0.023
G1 X-0.800 Y-0.021
G1 X-0.800 Y-0.018
G1 X-0.800 Y-0.014
G1 X-0.800 Y-0.011
G1 X-0.800 Y-0.006
G1 X-0.800 Y-0.003
G1 X-0.800 Y0.002
G1 X-0.800 Y0.006
G1 X-0.800 Y0.011
G1 X-0.800 Y0.015
G1 X-0.800 Y0.020
G1 X-0.800 Y0.024
G1 X-0.800 Y0.028
G1 X-0.800 Y0.031
G1 X-0.800 Y0.036
G1 X-0.800 Y0.038
G1 X-0.800 Y0.041
G1 X-0.800 Y0.044
G1 X-0.800 Y0.045
G1 X-0.800 Y0.048
G1 X-0.800 Y0.048
G1 X-0.800 Y0.050
G1 X-0.800 Y0.051
G1 X-0.800 Y0.050
G1 X-0.800 Y0.051
G1 X-0.800 Y0.050
G1 X-0.800 Y0.050
G1 X-0.800 Y0.049
G1 X-0.800 Y0.048
G1 X-0.800 Y0.046
G1 X-0.800 Y0.046
G1 X-0.800 Y0.044
G1 X-0.800 Y0.042
G1 X-0.800 Y0.041
G1 X-0.800 Y0.039
G1 X-0.800 Y0.038
G1 X-0.800 Y0.036
G1 X-0.800 Y0.034
G1 X-0.800 Y0.033
G1 X-0.800 Y0.032
G1 X-0.800 Y0.030
G1 X-0.800 Y0.029
G1 X-0.800 Y0.027
G1 X-0.800 Y0.027
G1 X-0.800 Y0.026
G1 X-0.800 Y0.025
G1 X-0.800 Y0.024
G1 X-0.800 Y0.024
G1 X-0.800 Y0.024
G1 X-0.800 Y0.023
G1 X-0.800 Y0.024
G1 X-0.800 Y0.023
G1 X-0.800 Y0.023
G1 X-0.800 Y0.024
G1 X-0.800 Y0.023
G1 X-0.800 Y0.025
G1 X-0.800 Y0.024
G1 X-0.800 Y0.025
G1 X-0.800 Y0.025
G1 X-0.800 Y0.025
G1 X-0.800 Y0.026
G1 X-0.800 Y0.025
G1 X-0.800 Y0.026
G1 X-0.800 Y0.026
G1 X-0.800 Y0.026
G1 X-0.800 Y0.026
G1 X-0.800 Y0.025
G1 X-0.800 Y0.025
G1 X-0.800 Y0.023
G1 X-0.800 Y0.023
G1 X-0.800 Y0.021
G1 X-0.800 Y0.019
G1 X-0.800 Y0.018
G1 X-0.800 Y0.015
G1 X-0.800 Y0.013
G1 X-0.800 Y0.009
G1 X-0.800 Y0.007
G1 X-0.800 Y0.002
G1 X-0.800 Y-0.001
G1 X-0.800 Y-0.005
G1 X-0.800 Y-0.010
G1 X-0.800 Y-0.015
G1 X-0.800 Y-0.020
G1 X-0.800 Y-0.025
G1 X-0.800 Y-0.031
G1 X-0.800 Y-0.036
G1 X-0.800 Y-0.042
G1 X-0.800 Y-0.048
G1 X-0.800 Y-0.054
G1 X-0.800 Y-0.060
G1 X-0.800 Y-0.065
G1 X-0.800 Y-0.071
G1 X-0.800 Y-0.076
G1 X-0.800 Y-0.080
G1 X-0.800 Y-0.085
G1 X-0.800 Y-0.088
G1 X-0.800 Y-0.091
G1 X-0.800 Y-0.094
G1 X-0.800 Y-0.095
G1 X-0.800 Y-0.095
G1 X-0.800 Y-0.095
G1 X-0.800 Y-0.093
G1 X-0.800 Y-0.091
G1 X-0.800 Y-0.088
G1 X-0.800 Y-0.083
G1 X-0.800 Y-0.078
G1 X-0.800 Y-0.073
G1 X-0.800 Y-0.066
G1 X-0.800 Y-0.058
G1 X-0.800 Y-0.052
G1 X-0.800 Y-0.043
G1 X-0.800 Y-0.036
G1 X-0.800 Y-0.029
G1 X-0.800 Y-0.022
G1 X-0.800 Y-0.015
G1 X-0.800 Y-0.009
G1 X-0.800 Y-0.004
G1 X-0.800 Y0.001
G1 X-0.800 Y0.003
G1 X-0.800 Y0.006
G1 X-0.800 Y0.007
G1 X-0.800 Y0.008
G1 X-0.800 Y0.007
G1 X-0.800 Y0.005
G1 X-0.800 Y0.004
G1 X-0.800 Y0.002
G1 X-0.800 Y-0.001
G1 X-0.800 Y-0.003
G1 X-0.800 Y-0.005
G1 X-0.800 Y-0.007
G1 X-0.800 Y-0.008
G1 X-0.800 Y-0.008
G1 X-0.800 Y-0.007
G1 X-0.800 Y-0.004
G1 X-0.800 Y0.001
G1 X-0.800 Y0.007
G1 X-0.800 Y0.015
G1 X-0.800 Y0.026
G1 X-0.800 Y0.038
G1 X-0.800 Y0.051
G1 X-0.800 Y0.068
G1 X-0.800 Y0.084
G1 X-0.800 Y0.102
G1 X-0.800 Y0.120
G1 X-0.800 Y0.140
G1 X-0.800 Y0.157
G1 X-0.800 Y0.174
G1 X-0.800 Y0.190
G1 X-0.800 Y0.203
G1 X-0.800 Y0.215
G1 X-0.800 Y0.223
G1 X-0.800 Y0.230
G1 X-0.800 Y0.232
G1 X-0.800 Y0.232
G1 X-0.800 Y0.229
G1 X-0.800 Y0.223
G1 X-0.800 Y0.215
G1 X-0.800 Y0.205
G1 X-0.800 Y0.193
G1 X-0.800 Y0.180
G1 X-0.800 Y0.165
G1 X-0.800 Y0.151
G1 X-0.800 Y0.135
G1 X-0.800 Y0.120
G1 X-0.800 Y0.104
G1 X-0.800 Y0.090
G1 X-0.800 Y0.076
G1 X-0.800 Y0.061
G1 X-0.800 Y0.049
G1 X-0.800 Y0.037
G1 X-0.800 Y0.025
G1 X0.000 Y9.122
G1 X0.800 Y-0.154
G1 X0.800 Y-0.168
G1 X0.800 Y-0.179
G1 X0.800 Y-0.191
G1 X0.800 Y-0.199
G1 X0.800 Y-0.206
G1 X0.800 Y-0.210
G1 X0.800 Y-0.212
G1 X0.800 Y-0.211
G1 X0.800 Y-0.207
G1 X0.800 Y-0.200
G1 X0.800 Y-0.192
G1 X0.800 Y-0.181
G1 X0.800 Y-0.168
G1 X0.800 Y-0.154
G1 X0.800 Y-0.140
G1 X0.800 Y-0.124
G1 X0.800 Y-0.109
G1 X0.800 Y-0.094
G1 X0.800 Y-0.080
G1 X0.800 Y-0.066
G1 X0.800 Y-0.054
G1 X0.800 Y-0.042
G1 X0.800 Y-0.033
G1 X0.800 Y-0.022
G1 X0.800 Y-0.014
G1 X0.800 Y-0.005
G1 X0.800 Y0.003
G1 X0.800 Y0.012
G1 X0.800 Y0.020
G1 X0.800 Y0.031
G1 X0.800 Y0.040
G1 X0.800 Y0.053
G1 X0.800 Y0.065
G1 X0.800 Y0.080
G1 X0.800 Y0.095
G1 X0.800 Y0.111
G1 X0.800 Y0.129
G1 X0.800 Y0.146
G1 X0.800 Y0.164
G1 X0.800 Y0.181
G1 X0.800 Y0.198
G1 X0.800 Y0.213
G1 X0.800 Y0.226
G1 X0.800 Y0.237
G1 X0.800 Y0.244
G1 X0.800 Y0.250
G1 X0.800 Y0.252
G1 X0.800 Y0.250
G1 X0.800 Y0.247
G1 X0.800 Y0.239
G1 X0.800 Y0.230
G1 X0.800 Y0.218
G1 X0.800 Y0.205
G1 X0.800 Y0.190
G1 X0.800 Y0.174
G1 X0.800 Y0.158
G1 X0.800 Y0.142
G1 X0.800 Y0.125
G1 X0.800 Y0.110
G1 X0.800 Y0.094
G1 X0.800 Y0.080
G1 X0.800 Y0.067
G1 X0.800 Y0.054
G1 X0.800 Y0.042
G1 X0.800 Y0.031
G1 X0.800 Y0.021
G1 X0.800 Y0.010
G1 X0.800 Y0.001
G1 X0.800 Y-0.008
G1 X0.800 Y-0.018
G1 X0.800 Y-0.027
G1 X0.800 Y-0.037
G1 X0.800 Y-0.045
G1 X0.800 Y-0.055
G1 X0.800 Y-0.065
G1 X0.800 Y-0.074
G1 X0.800 Y-0.083
G1 X0.800 Y-0.093
G1 X0.800 Y-0.101
G1 X0.800 Y-0.111
G1 X0.800 Y-0.119
G1 X0.800 Y-0.126
G1 X0.800 Y-0.133
G1 X0.800 Y-0.140
G1 X0.800 Y-0.144
G1 X0.800 Y-0.148
G1 X0.800 Y-0.150
G1 X0.800 Y-0.152
G1 X0.800 Y-0.153
G1 X0.800 Y-0.152
G1 X0.800 Y-0.150
G1 X0.800 Y-0.147
G1 X0.800 Y-0.143
G1 X0.800 Y-0.138
G1 X0.800 Y-0.133
G1 X0.800 Y-0.126
G1 X0.800 Y-0.120
G1 X0.800 Y-0.112
G1 X0.800 Y-0.106
G1 X0.800 Y-0.097
G1 X0.800 Y-0.090
G1 X0.800 Y-0.082
G1 X0.800 Y-0.074
G1 X0.800 Y-0.066
G1 X0.800 Y-0.059
G1 X0.800 Y-0.051
G1 X0.800 Y-0.045
G1 X0.800 Y-0.037
G1 X0.800 Y-0.031
G1 X0.800 Y-0.025
G1 X0.800 Y-0.019
G1 X0.800 Y-0.013
G1 X0.800 Y-0.008
G1 X0.800 Y-0.003
G1 X0.800 Y0.001
G1 X0.800 Y0.006
G1 X0.800 Y0.009
G1 X0.800 Y0.013
G1 X0.800 Y0.016
G1 X0.800 Y0.019
G1 X0.800 Y0.021
G1 X0.800 Y0.022
G1 X0.800 Y0.024
G1 X0.800 Y0.025
G1 X0.800 Y0.025
G1 X0.800 Y0.025
G1 X0.800 Y0.024
G1 X0.800 Y0.023
G1 X0.800 Y0.022
G1 X0.800 Y0.019
G1 X0.800 Y0.017
G1 X0.800 Y0.015
G1 X0.800 Y0.010
G1 X0.800 Y0.007
G1 X0.800 Y0.003
G1 X0.800 Y-0.002
G1 X0.800 Y-0.007
G1 X0.800 Y-0.012
G1 X0.800 Y-0.017
G1 X0.800 Y-0.024
G1 X0.800 Y-0.029
G1 X0.800 Y-0.035
G1 X0.800 Y-0.042
G1 X0.800 Y-0.047
G1 X0.800 Y-0.054
G1 X0.800 Y-0.060
G1 X0.800 Y-0.066
G1 X0.800 Y-0.071
G1 X0.800 Y-0.077
G1 X0.800 Y-0.082
G1 X0.800 Y-0.086
G1 X0.800 Y-0.090
G1 X0.800 Y-0.094
G1 X0.800 Y-0.095
G1 X0.800 Y-0.098
G1 X0.800 Y-0.098
G1 X0.800 Y-0.098
G1 X0.800 Y-0.097
G1 X0.800 Y-0.094
G1 X0.800 Y-0.091
G1 X0.800 Y-0.086
G1 X0.800 Y-0.080
G1 X0.800 Y-0.074
G1 X0.800 Y-0.065
G1 X0.800 Y-0.056
G1 X0.800 Y-0.047
G1 X0.800 Y-0.035
G1 X0.800 Y-0.025
G1 X0.800 Y-0.012
G1 X0.800 Y-0.001
G1 X0.800 Y0.013
G1 X0.800 Y0.024
G1 X0.800 Y0.037
G1 X0.800 Y0.048
G1 X0.800 Y0.060
G1 X0.800 Y0.070
G1 X0.800 Y0.079
G1 X0.800 Y0.088
G1 X0.800 Y0.095
G1 X0.800 Y0.101
G1 X0.800 Y0.106
G1 X0.800 Y0.108
G1 X0.800 Y0.111
G1 X0.800 Y0.111
G1 X0.800 Y0.109
G1 X0.800 Y0.108
G1 X0.800 Y0.103
G1 X0.800 Y0.098
G1 X0.800 Y0.093
G1 X0.800 Y0.084
G1 X0.800 Y0.077
G1 X0.800 Y0.067
G1 X0.800 Y0.058
G1 X0.800 Y0.046
G1 X0.800 Y0.036
G1 X0.800 Y0.023
G1 X0.800 Y0.011
G1 X0.800 Y-0.002
G1 X0.800 Y-0.015
G1 X0.800 Y-0.027
G1 X0.800 Y-0.041
G1 X0.800 Y-0.054
G1 X0.800 Y-0.067
G1 X0.800 Y-0.080
G1 X0.800 Y-0.091
G1 X0.800 Y-0.103
G1 X0.800 Y-0.112
G1 X0.800 Y-0.122
G1 X0.800 Y-0.129
G1 X0.800 Y-0.134
G1 X0.800 Y-0.137
G1 X0.800 Y-0.138
G1 X0.800 Y-0.135
G1 X0.800 Y-0.130
G1 X0.800 Y-0.121
G1 X0.800 Y-0.107
G1 X0.800 Y-0.091
G1 X0.800 Y-0.070
G1 X0.800 Y-0.044
G1 X0.800 Y-0.015
G1 X0.800 Y0.018
G1 X0.800 Y0.053
G1 X0.800 Y0.092
G1 X0.800 Y0.132
G1 X0.000 Y9.720
G1 X-0.800 Y0.027
G1 X-0.800 Y0.038
G1 X-0.800 Y0.046
G1 X-0.800 Y0.051
G1 X-0.800 Y0.056
G1 X-0.800 Y0.057
G1 X-0.800 Y0.057
G1 X-0.800 Y0.055
G1 X-0.800 Y0.053
G1 X-0.800 Y0.048
G1 X-0.800 Y0.043
G1 X-0.800 Y0.037
G1 X-0.800 Y0.030
G1 X-0.800 Y0.023
G1 X-0.800 Y0.015
G1 X-0.800 Y0.008
G1 X-0.800 Y-0.001
G1 X-0.800 Y-0.008
G1 X-0.800 Y-0.016
G1 X-0.800 Y-0.024
G1 X-0.800 Y-0.030
G1 X-0.800 Y-0.036
G1 X-0.800 Y-0.042
G1 X-0.800 Y-0.047
G1 X-0.800 Y-0.050
G1 X-0.800 Y-0.052
G1 X-0.800 Y-0.054
G1 X-0.800 Y-0.054
G1 X-0.800 Y-0.053
G1 X-0.800 Y-0.049
G1 X-0.800 Y-0.045
G1 X-0.800 Y-0.038
G1 X-0.800 Y-0.030
G1 X-0.800 Y-0.020
G1 X-0.800 Y-0.010
G1 X-0.800 Y0.004
G1 X-0.800 Y0.018
G1 X-0.800 Y0.034
G1 X-0.800 Y0.050
G1 X-0.800 Y0.068
G1 X-0.800 Y0.086
G1 X-0.800 Y0.104
G1 X-0.800 Y0.124
G1 X-0.800 Y0.141
G1 X-0.800 Y0.160
G1 X-0.800 Y0.176
G1 X-0.800 Y0.193
G1 X-0.800 Y0.206
G1 X-0.800 Y0.220
G1 X-0.800 Y0.230
G1 X-0.800 Y0.239
G1 X-0.800 Y0.246
G1 X-0.800 Y0.250
G1 X-0.800 Y0.253
G1 X-0.800 Y0.252
G1 X-0.800 Y0.250
G1 X-0.800 Y0.246
G1 X-0.800 Y0.239
G1 X-0.800 Y0.232
G1 X-0.800 Y0.223
G1 X-0.800 Y0.212
G1 X-0.800 Y0.201
G1 X-0.800 Y0.188
G1 X-0.800 Y0.175
G1 X-0.800 Y0.162
G1 X-0.800 Y0.149
G1 X-0.800 Y0.135
G1 X-0.800 Y0.123
G1 X-0.800 Y0.110
G1 X-0.800 Y0.098
G1 X-0.800 Y0.087
G1 X-0.800 Y0.076
G1 X-0.800 Y0.067
G1 X-0.800 Y0.057
G1 X-0.800 Y0.050
G1 X-0.800 Y0.042
G1 X-0.800 Y0.035
G1 X-0.800 Y0.030
G1 X-0.800 Y0.024
G1 X-0.800 Y0.020
G1 X-0.800 Y0.017
G1 X-0.800 Y0.013
G1 X-0.800 Y0.010
G1 X-0.800 Y0.008
G1 X-0.800 Y0.005
G1 X-0.800 Y0.004
G1 X-0.800 Y0.003
G1 X-0.800 Y0.000
G1 X-0.800 Y0.000
G1 X-0.800 Y-0.003
G1 X-0.800 Y-0.003
G1 X-0.800 Y-0.005
G1 X-0.800 Y-0.007
G1 X-0.800 Y-0.008
G1 X-0.800 Y-0.011
G1 X-0.800 Y-0.012
G1 X-0.800 Y-0.015
G1 X-0.800 Y-0.017
G1 X-0.800 Y-0.019
G1 X-0.800 Y-0.023
G1 X-0.800 Y-0.025
G1 X-0.800 Y-0.027
G1 X-0.800 Y-0.031
G1 X-0.800 Y-0.034
G1 X-0.800 Y-0.036
G1 X-0.800 Y-0.040
G1 X-0.800 Y-0.042
G1 X-0.800 Y-0.044
G1 X-0.800 Y-0.046
G1 X-0.800 Y-0.048
G1 X-0.800 Y-0.050
G1 X-0.800 Y-0.051
G1 X-0.800 Y-0.051
G1 X-0.800 Y-0.052
G1 X-0.800 Y-0.051
G1 X-0.800 Y-0.050
G1 X-0.800 Y-0.049
G1 X-0.800 Y-0.046
G1 X-0.800 Y-0.044
G1 X-0.800 Y-0.041
G1 X-0.800 Y-0.037
G1 X-0.800 Y-0.033
G1 X-0.800 Y-0.027
G1 X-0.800 Y-0.023
G1 X-0.800 Y-0.016
G1 X-0.800 Y-0.011
G1 X-0.800 Y-0.004
G1 X-0.800 Y0.003
G1 X-0.800 Y0.010
G1 X-0.800 Y0.017
G1 X-0.800 Y0.023
G1 X-0.800 Y0.031
G1 X-0.800 Y0.037
G1 X-0.800 Y0.044
G1 X-0.800 Y0.050
G1 X-0.800 Y0.055
G1 X-0.800 Y0.060
G1 X-0.800 Y0.064
G1 X-0.800 Y0.067
G1 X-0.800 Y0.070
G1 X-0.800 Y0.071
G1 X-0.800 Y0.071
G1 X-0.800 Y0.070
G1 X-0.800 Y0.068
G1 X-0.800 Y0.065
G1 X-0.800 Y0.060
G1 X-0.800 Y0.055
G1 X-0.800 Y0.050
G1 X-0.800 Y0.042
G1 X-0.800 Y0.036
G1 X-0.800 Y0.027
G1 X-0.800 Y0.021
G1 X-0.800 Y0.013
G1 X-0.800 Y0.006
G1 X-0.800 Y0.000
G1 X-0.800 Y-0.005
G1 X-0.800 Y-0.009
G1 X-0.800 Y-0.013
G1 X-0.800 Y-0.015
G1 X-0.800 Y-0.015
G1 X-0.800 Y-0.014
G1 X-0.800 Y-0.013
G1 X-0.800 Y-0.009
G1 X-0.800 Y-0.006
G1 X-0.800 Y-0.001
G1 X-0.800 Y0.003
G1 X-0.800 Y0.009
G1 X-0.800 Y0.012
G1 X-0.800 Y0.016
G1 X-0.800 Y0.017
G1 X-0.800 Y0.018
G1 X-0.800 Y0.015
G1 X-0.800 Y0.009
G1 X-0.800 Y0.001
G1 X-0.800 Y-0.012
G1 X-0.800 Y-0.029
G1 X-0.800 Y-0.049
G1 X-0.800 Y-0.075
G1 X-0.800 Y-0.104
G1 X-0.800 Y-0.137
G1 X-0.800 Y-0.171
G1 X-0.800 Y-0.208
G1 X-0.800 Y-0.246
G1 X-0.800 Y-0.281
G1 X-0.800 Y-0.314
G1 X-0.800 Y-0.344
G1 X-0.800 Y-0.368
G1 X-0.800 Y-0.384
G1 X-0.800 Y-0.395
G1 X-0.800 Y-0.395
G1 X-0.800 Y-0.389
G1 X-0.800 Y-0.374
G1 X-0.800 Y-0.352
G1 X-0.800 Y-0.325
G1 X-0.800 Y-0.292
G1 X-0.800 Y-0.257
G1 X-0.800 Y-0.220
G1 X-0.800 Y-0.183
G1 X-0.800 Y-0.149
G1 X-0.800 Y-0.115
G1 X-0.800 Y-0.087
G1 X-0.800 Y-0.061
G1 X-0.800 Y-0.041
G1 X-0.800 Y-0.024
G1 X-0.800 Y-0.013
G1 X-0.800 Y-0.005
G1 X-0.800 Y0.001
G1 X-0.800 Y0.002
G1 X-0.800 Y0.002
G1 X-0.800 Y0.001
G1 X-0.800 Y0.000
G1 X-0.800 Y-0.002
G1 X-0.800 Y-0.002
G1 X-0.800 Y-0.002
G1 X-0.800 Y0.001
G1 X-0.800 Y0.006
G1 X-0.800 Y0.012
G1 X-0.800 Y0.023
G1 X-0.800 Y0.034
G1 X-0.800 Y0.049
G1 X-0.800 Y0.064
G1 X-0.800 Y0.082
G1 X-0.800 Y0.099
G1 X-0.800 Y0.117
G1 X-0.800 Y0.135
G1 X0.000 Y10.416
G1 X0.800 Y0.136
G1 X0.800 Y0.122
G1 X0.800 Y0.104
G1 X0.800 Y0.083
G1 X0.800 Y0.059
G1 X0.800 Y0.032
G1 X0.800 Y0.005
G1 X0.800 Y-0.023
G1 X0.800 Y-0.051
G1 X0.800 Y-0.079
G1 X0.800 Y-0.105
G1 X0.800 Y-0.127
G1 X0.800 Y-0.147
G1 X0.800 Y-0.161
G1 X0.800 Y-0.169
G1 X0.800 Y-0.169
G1 X0.800 Y-0.162
G1 X0.800 Y-0.145
G1 X0.800 Y-0.119
G1 X0.800 Y-0.083
G1 X0.800 Y-0.037
G1 X0.800 Y0.014
G1 X0.800 Y0.073
G1 X0.800 Y0.135
G1 X0.800 Y0.198
G1 X0.800 Y0.260
G1 X0.800 Y0.315
G1 X0.800 Y0.364
G1 X0.800 Y0.403
G1 X0.800 Y0.431
G1 X0.800 Y0.446
G1 X0.800 Y0.450
G1 X0.800 Y0.442
G1 X0.800 Y0.424
G1 X0.800 Y0.397
G1 X0.800 Y0.364
G1 X0.800 Y0.325
G1 X0.800 Y0.286
G1 X0.800 Y0.245
G1 X0.800 Y0.204
G1 X0.800 Y0.168
G1 X0.800 Y0.133
G1 X0.800 Y0.104
G1 X0.800 Y0.077
G1 X0.800 Y0.056
G1 X0.800 Y0.038
G1 X0.800 Y0.024
G1 X0.800 Y0.014
G1 X0.800 Y0.007
G1 X0.800 Y0.001
G1 X0.800 Y-0.002
G1 X0.800 Y-0.003
G1 X0.800 Y-0.004
G1 X0.800 Y-0.004
G1 X0.800 Y-0.003
G1 X0.800 Y-0.003
G1 X0.800 Y-0.001
G1 X0.800 Y0.000
G1 X0.800 Y0.001
G1 X0.800 Y0.001
G1 X0.800 Y0.001
G1 X0.800 Y0.002
G1 X0.800 Y0.002
G1 X0.800 Y0.002
G1 X0.800 Y0.001
G1 X0.800 Y0.002
G1 X0.800 Y0.000
G1 X0.800 Y0.001
G1 X0.800 Y0.000
G1 X0.800 Y0.000
G1 X0.800 Y0.000
G1 X0.800 Y-0.001
G1 X0.800 Y-0.001
G1 X0.800 Y-0.002
G1 X0.800 Y-0.004
G1 X0.800 Y-0.004
G1 X0.800 Y-0.005
G1 X0.800 Y-0.008
G1 X0.800 Y-0.009
G1 X0.800 Y-0.012
G1 X0.800 Y-0.015
G1 X0.800 Y-0.018
G1 X0.800 Y-0.021
G1 X0.800 Y-0.025
G1 X0.800 Y-0.028
G1 X0.800 Y-0.032
G1 X0.800 Y-0.037
G1 X0.800 Y-0.040
G1 X0.800 Y-0.044
G1 X0.800 Y-0.047
G1 X0.800 Y-0.050
G1 X0.800 Y-0.053
G1 X0.800 Y-0.056
G1 X0.800 Y-0.057
G1 X0.800 Y-0.058
G1 X0.800 Y-0.058
G1 X0.800 Y-0.059
G1 X0.800 Y-0.058
G1 X0.800 Y-0.056
G1 X0.800 Y-0.055
G1 X0.800 Y-0.052
G1 X0.800 Y-0.050
G1 X0.800 Y-0.045
G1 X0.800 Y-0.043
G1 X0.800 Y-0.037
G1 X0.800 Y-0.034
G1 X0.800 Y-0.029
G1 X0.800 Y-0.024
G1 X0.800 Y-0.019
G1 X0.800 Y-0.014
G1 X0.800 Y-0.010
G1 X0.800 Y-0.004
G1 X0.800 Y0.000
G1 X0.800 Y0.005
G1 X0.800 Y0.010
G1 X0.800 Y0.014
G1 X0.800 Y0.018
G1 X0.800 Y0.022
G1 X0.800 Y0.025
G1 X0.800 Y0.029
G1 X0.800 Y0.032
G1 X0.800 Y0.034
G1 X0.800 Y0.037
G1 X0.800 Y0.040
G1 X0.800 Y0.041
G1 X0.800 Y0.043
G1 X0.800 Y0.045
G1 X0.800 Y0.046
G1 X0.800 Y0.047
G1 X0.800 Y0.048
G1 X0.800 Y0.048
G1 X0.800 Y0.049
G1 X0.800 Y0.049
G1 X0.800 Y0.049
G1 X0.800 Y0.049
G1 X0.800 Y0.048
G1 X0.800 Y0.047
G1 X0.800 Y0.047
G1 X0.800 Y0.045
G1 X0.800 Y0.044
G1 X0.800 Y0.042
G1 X0.800 Y0.040
G1 X0.800 Y0.038
G1 X0.800 Y0.034
G1 X0.800 Y0.031
G1 X0.800 Y0.027
G1 X0.800 Y0.023
G1 X0.800 Y0.018
G1 X0.800 Y0.011
G1 X0.800 Y0.006
G1 X0.800 Y-0.002
G1 X0.800 Y-0.010
G1 X0.800 Y-0.018
G1 X0.800 Y-0.028
G1 X0.800 Y-0.039
G1 X0.800 Y-0.049
G1 X0.800 Y-0.061
G1 X0.800 Y-0.074
G1 X0.800 Y-0.087
G1 X0.800 Y-0.100
G1 X0.800 Y-0.115
G1 X0.800 Y-0.129
G1 X0.800 Y-0.144
G1 X0.800 Y-0.158
G1 X0.800 Y-0.172
G1 X0.800 Y-0.185
G1 X0.800 Y-0.199
G1 X0.800 Y-0.210
G1 X0.800 Y-0.221
G1 X0.800 Y-0.231
G1 X0.800 Y-0.239
G1 X0.800 Y-0.244
G1 X0.800 Y-0.249
G1 X0.800 Y-0.251
G1 X0.800 Y-0.251
G1 X0.800 Y-0.248
G1 X0.800 Y-0.245
G1 X0.800 Y-0.239
G1 X0.800 Y-0.231
G1 X0.800 Y-0.221
G1 X0.800 Y-0.210
G1 X0.800 Y-0.197
G1 X0.800 Y-0.183
G1 X0.800 Y-0.170
G1 X0.800 Y-0.154
G1 X0.800 Y-0.139
G1 X0.800 Y-0.124
G1 X0.800 Y-0.109
G1 X0.800 Y-0.094
G1 X0.800 Y-0.081
G1 X0.800 Y-0.068
G1 X0.800 Y-0.056
G1 X0.800 Y-0.046
G1 X0.800 Y-0.036
G1 X0.800 Y-0.028
G1 X0.800 Y-0.020
G1 X0.800 Y-0.015
G1 X0.800 Y-0.009
G1 X0.800 Y-0.006
G1 X0.800 Y-0.004
G1 X0.800 Y-0.001
G1 X0.800 Y0.000
G1 X0.800 Y0.001
G1 X0.800 Y0.001
G1 X0.800 Y0.000
G1 X0.800 Y0.001
G1 X0.800 Y-0.001
G1 X0.800 Y0.000
G1 X0.800 Y-0.001
G1 X0.800 Y-0.001
G1 X0.800 Y0.000
G1 X0.800 Y0.000
G1 X0.800 Y0.002
G1 X0.800 Y0.004
G1 X0.800 Y0.006
G1 X0.800 Y0.009
G1 X0.800 Y0.014
G1 X0.800 Y0.017
G1 X0.800 Y0.023
G1 X0.800 Y0.029
G1 X0.800 Y0.034
G1 X0.800 Y0.042
G1 X0.800 Y0.049
G1 X0.800 Y0.057
G1 X0.800 Y0.066
G1 X0.000 Y10.197
G1 X-0.800 Y-0.157
G1 X-0.800 Y-0.131
G1 X-0.800 Y-0.104
G1 X-0.800 Y-0.076
G1 X-0.800 Y-0.050
G1 X-0.800 Y-0.026
G1 X-0.800 Y-0.004
G1 X-0.800 Y0.016
G1 X-0.800 Y0.033
G1 X-0.800 Y0.046
G1 X-0.800 Y0.057
G1 X-0.800 Y0.064
G1 X-0.800 Y0.067
G1 X-0.800 Y0.068
G1 X-0.800 Y0.066
G1 X-0.800 Y0.062
G1 X-0.800 Y0.055
G1 X-0.800 Y0.047
G1 X-0.800 Y0.037
G1 X-0.800 Y0.027
G1 X-0.800 Y0.015
G1 X-0.800 Y0.004
G1 X-0.800 Y-0.009
G1 X-0.800 Y-0.019
G1 X-0.800 Y-0.030
G1 X-0.800 Y-0.040
G1 X-0.800 Y-0.049
G1 X-0.800 Y-0.055
G1 X-0.800 Y-0.060
G1 X-0.800 Y-0.064
G1 X-0.800 Y-0.064
G1 X-0.800 Y-0.063
G1 X-0.800 Y-0.060
G1 X-0.800 Y-0.052
G1 X-0.800 Y-0.044
G1 X-0.800 Y-0.033
G1 X-0.800 Y-0.019
G1 X-0.800 Y-0.003
G1 X-0.800 Y0.013
G1 X-0.800 Y0.032
G1 X-0.800 Y0.052
G1 X-0.800 Y0.072
G1 X-0.800 Y0.091
G1 X-0.800 Y0.112
G1 X-0.800 Y0.130
G1 X-0.800 Y0.148
G1 X-0.800 Y0.164
G1 X-0.800 Y0.178
G1 X-0.800 Y0.190
G1 X-0.800 Y0.200
G1 X-0.800 Y0.208
G1 X-0.800 Y0.213
G1 X-0.800 Y0.215
G1 X-0.800 Y0.216
G1 X-0.800 Y0.215
G1 X-0.800 Y0.211
G1 X-0.800 Y0.206
G1 X-0.800 Y0.200
G1 X-0.800 Y0.192
G1 X-0.800 Y0.184
G1 X-0.800 Y0.174
G1 X-0.800 Y0.164
G1 X-0.800 Y0.155
G1 X-0.800 Y0.144
G1 X-0.800 Y0.135
G1 X-0.800 Y0.125
G1 X-0.800 Y0.115
G1 X-0.800 Y0.107
G1 X-0.800 Y0.098
G1 X-0.800 Y0.090
G1 X-0.800 Y0.083
G1 X-0.800 Y0.077
G1 X-0.800 Y0.070
G1 X-0.800 Y0.066
G1 X-0.800 Y0.060
G1 X-0.800 Y0.057
G1 X-0.800 Y0.054
G1 X-0.800 Y0.051
G1 X-0.800 Y0.049
G1 X-0.800 Y0.047
G1 X-0.800 Y0.047
G1 X-0.800 Y0.046
G1 X-0.800 Y0.046
G1 X-0.800 Y0.047
G1 X-0.800 Y0.047
G1 X-0.800 Y0.049
G1 X-0.800 Y0.050
G1 X-0.800 Y0.052
G1 X-0.800 Y0.053
G1 X-0.800 Y0.055
G1 X-0.800 Y0.055
G1 X-0.800 Y0.057
G1 X-0.800 Y0.056
G1 X-0.800 Y0.057
G1 X-0.800 Y0.055
G1 X-0.800 Y0.053
G1 X-0.800 Y0.050
G1 X-0.800 Y0.046
G1 X-0.800 Y0.040
G1 X-0.800 Y0.033
G1 X-0.800 Y0.024
G1 X-0.800 Y0.015
G1 X-0.800 Y0.003
G1 X-0.800 Y-0.010
G1 X-0.800 Y-0.024
G1 X-0.800 Y-0.039
G1 X-0.800 Y-0.055
G1 X-0.800 Y-0.072
G1 X-0.800 Y-0.087
G1 X-0.800 Y-0.104
G1 X-0.800 Y-0.120
G1 X-0.800 Y-0.134
G1 X-0.800 Y-0.147
G1 X-0.800 Y-0.159
G1 X-0.800 Y-0.168
G1 X-0.800 Y-0.175
G1 X-0.800 Y-0.180
G1 X-0.800 Y-0.181
G1 X-0.800 Y-0.181
G1 X-0.800 Y-0.177
G1 X-0.800 Y-0.172
G1 X-0.800 Y-0.163
G1 X-0.800 Y-0.152
G1 X-0.800 Y-0.140
G1 X-0.800 Y-0.126
G1 X-0.800 Y-0.110
G1 X-0.800 Y-0.093
G1 X-0.800 Y-0.075
G1 X-0.800 Y-0.056
G1 X-0.800 Y-0.037
G1 X-0.800 Y-0.017
G1 X-0.800 Y0.004
G1 X-0.800 Y0.024
G1 X-0.800 Y0.044
G1 X-0.800 Y0.065
G1 X-0.800 Y0.086
G1 X-0.800 Y0.104
G1 X-0.800 Y0.124
G1 X-0.800 Y0.142
G1 X-0.800 Y0.157
G1 X-0.800 Y0.172
G1 X-0.800 Y0.184
G1 X-0.800 Y0.193
G1 X-0.800 Y0.199
G1 X-0.800 Y0.202
G1 X-0.800 Y0.201
G1 X-0.800 Y0.196
G1 X-0.800 Y0.188
G1 X-0.800 Y0.176
G1 X-0.800 Y0.160
G1 X-0.800 Y0.143
G1 X-0.800 Y0.121
G1 X-0.800 Y0.100
G1 X-0.800 Y0.076
G1 X-0.800 Y0.054
G1 X-0.800 Y0.030
G1 X-0.800 Y0.009
G1 X-0.800 Y-0.011
G1 X-0.800 Y-0.029
G1 X-0.800 Y-0.044
G1 X-0.800 Y-0.056
G1 X-0.800 Y-0.067
G1 X-0.800 Y-0.073
G1 X-0.800 Y-0.078
G1 X-0.800 Y-0.081
G1 X-0.800 Y-0.081
G1 X-0.800 Y-0.079
G1 X-0.800 Y-0.077
G1 X-0.800 Y-0.074
G1 X-0.800 Y-0.069
G1 X-0.800 Y-0.064
G1 X-0.800 Y-0.061
G1 X-0.800 Y-0.057
G1 X-0.800 Y-0.053
G1 X-0.800 Y-0.051
G1 X-0.800 Y-0.049
G1 X-0.800 Y-0.050
G1 X-0.800 Y-0.051
G1 X-0.800 Y-0.053
G1 X-0.800 Y-0.059
G1 X-0.800 Y-0.064
G1 X-0.800 Y-0.073
G1 X-0.800 Y-0.082
G1 X-0.800 Y-0.095
G1 X-0.800 Y-0.108
G1 X-0.800 Y-0.125
G1 X-0.800 Y-0.142
G1 X-0.800 Y-0.162
G1 X-0.800 Y-0.183
G1 X-0.800 Y-0.205
G1 X-0.800 Y-0.228
G1 X-0.800 Y-0.251
G1 X-0.800 Y-0.273
G1 X-0.800 Y-0.292
G1 X-0.800 Y-0.309
G1 X-0.800 Y-0.320
G1 X-0.800 Y-0.325
G1 X-0.800 Y-0.324
G1 X-0.800 Y-0.313
G1 X-0.800 Y-0.294
G1 X-0.800 Y-0.264
G1 X-0.800 Y-0.226
G1 X-0.800 Y-0.178
G1 X-0.800 Y-0.124
G1 X-0.800 Y-0.064
G1 X-0.800 Y-0.002
G1 X-0.800 Y0.060
G1 X-0.800 Y0.120
G1 X-0.800 Y0.175
G1 X-0.800 Y0.221
G1 X-0.800 Y0.258
G1 X-0.800 Y0.286
G1 X-0.800 Y0.302
G1 X-0.800 Y0.308
G1 X-0.800 Y0.304
G1 X-0.800 Y0.292
G1 X-0.800 Y0.272
G1 X-0.800 Y0.247
G1 X-0.800 Y0.218
G1 X-0.800 Y0.185
G1 X-0.800 Y0.151
G1 X-0.800 Y0.115
G1 X-0.800 Y0.080
G1 X-0.800 Y0.045
G1 X-0.800 Y0.009
G1 X0.000 Y8.854
G1 X0.800 Y-0.244
G1 X0.800 Y-0.264
G1 X0.800 Y-0.278
G1 X0.800 Y-0.284
G1 X0.800 Y-0.282
G1 X0.800 Y-0.269
G1 X0.800 Y-0.247
G1 X0.800 Y-0.217
G1 X0.800 Y-0.178
G1 X0.800 Y-0.132
G1 X0.800 Y-0.083
G1 X0.800 Y-0.031
G1 X0.800 Y0.020
G1 X0.800 Y0.069
G1 X0.800 Y0.112
G1 X0.800 Y0.149
G1 X0.800 Y0.178
G1 X0.800 Y0.199
G1 X0.800 Y0.212
G1 X0.800 Y0.216
G1 X0.800 Y0.215
G1 X0.800 Y0.206
G1 X0.800 Y0.192
G1 X0.800 Y0.176
G1 X0.800 Y0.155
G1 X0.800 Y0.134
G1 X0.800 Y0.112
G1 X0.800 Y0.089
G1 X0.800 Y0.068
G1 X0.800 Y0.046
G1 X0.800 Y0.028
G1 X0.800 Y0.010
G1 X0.800 Y-0.005
G1 X0.800 Y-0.018
G1 X0.800 Y-0.028
G1 X0.800 Y-0.035
G1 X0.800 Y-0.041
G1 X0.800 Y-0.042
G1 X0.800 Y-0.041
G1 X0.800 Y-0.037
G1 X0.800 Y-0.031
G1 X0.800 Y-0.022
G1 X0.800 Y-0.011
G1 X0.800 Y0.003
G1 X0.800 Y0.019
G1 X0.800 Y0.036
G1 X0.800 Y0.056
G1 X0.800 Y0.078
G1 X0.800 Y0.101
G1 X0.800 Y0.125
G1 X0.800 Y0.150
G1 X0.800 Y0.177
G1 X0.800 Y0.202
G1 X0.800 Y0.226
G1 X0.800 Y0.250
G1 X0.800 Y0.269
G1 X0.800 Y0.285
G1 X0.800 Y0.294
G1 X0.800 Y0.298
G1 X0.800 Y0.293
G1 X0.800 Y0.280
G1 X0.800 Y0.259
G1 X0.800 Y0.229
G1 X0.800 Y0.192
G1 X0.800 Y0.148
G1 X0.800 Y0.100
G1 X0.800 Y0.049
G1 X0.800 Y-0.001
G1 X0.800 Y-0.050
G1 X0.800 Y-0.095
G1 X0.800 Y-0.133
G1 X0.800 Y-0.165
G1 X0.800 Y-0.188
G1 X0.800 Y-0.202
G1 X0.800 Y-0.209
G1 X0.800 Y-0.207
G1 X0.800 Y-0.199
G1 X0.800 Y-0.183
G1 X0.800 Y-0.163
G1 X0.800 Y-0.140
G1 X0.800 Y-0.112
G1 X0.800 Y-0.082
G1 X0.800 Y-0.052
G1 X0.800 Y-0.020
G1 X0.800 Y0.012
G1 X0.800 Y0.043
G1 X0.800 Y0.073
G1 X0.800 Y0.102
G1 X0.800 Y0.128
G1 X0.800 Y0.152
G1 X0.800 Y0.172
G1 X0.800 Y0.187
G1 X0.800 Y0.197
G1 X0.800 Y0.200
G1 X0.800 Y0.197
G1 X0.800 Y0.188
G1 X0.800 Y0.170
G1 X0.800 Y0.146
G1 X0.800 Y0.116
G1 X0.800 Y0.080
G1 X0.800 Y0.040
G1 X0.800 Y-0.003
G1 X0.800 Y-0.046
G1 X0.800 Y-0.090
G1 X0.800 Y-0.131
G1 X0.800 Y-0.168
G1 X0.800 Y-0.201
G1 X0.800 Y-0.228
G1 X0.800 Y-0.249
G1 X0.800 Y-0.262
G1 X0.800 Y-0.270
G1 X0.800 Y-0.271
G1 X0.800 Y-0.267
G1 X0.800 Y-0.258
G1 X0.800 Y-0.245
G1 X0.800 Y-0.228
G1 X0.800 Y-0.210
G1 X0.800 Y-0.189
G1 X0.800 Y-0.168
G1 X0.800 Y-0.146
G1 X0.800 Y-0.123
G1 X0.800 Y-0.102
G1 X0.800 Y-0.080
G1 X0.800 Y-0.059
G1 X0.800 Y-0.039
G1 X0.800 Y-0.019
G1 X0.800 Y-0.001
G1 X0.800 Y0.018
G1 X0.800 Y0.036
G1 X0.800 Y0.052
G1 X0.800 Y0.069
G1 X0.800 Y0.083
G1 X0.800 Y0.099
G1 X0.800 Y0.111
G1 X0.800 Y0.124
G1 X0.800 Y0.135
G1 X0.800 Y0.144
G1 X0.800 Y0.153
G1 X0.800 Y0.159
G1 X0.800 Y0.163
G1 X0.800 Y0.166
G1 X0.800 Y0.166
G1 X0.800 Y0.166
G1 X0.800 Y0.163
G1 X0.800 Y0.158
G1 X0.800 Y0.152
G1 X0.800 Y0.145
G1 X0.800 Y0.137
G1 X0.800 Y0.127
G1 X0.800 Y0.117
G1 X0.800 Y0.106
G1 X0.800 Y0.096
G1 X0.800 Y0.084
G1 X0.800 Y0.074
G1 X0.800 Y0.062
G1 X0.800 Y0.052
G1 X0.800 Y0.042
G1 X0.800 Y0.031
G1 X0.800 Y0.021
G1 X0.800 Y0.011
G1 X0.800 Y0.001
G1 X0.800 Y-0.009
G1 X0.800 Y-0.020
G1 X0.800 Y-0.032
G1 X0.800 Y-0.045
G1 X0.800 Y-0.057
G1 X0.800 Y-0.073
G1 X0.800 Y-0.089
G1 X0.800 Y-0.106
G1 X0.800 Y-0.125
G1 X0.800 Y-0.145
G1 X0.800 Y-0.167
G1 X0.800 Y-0.189
G1 X0.800 Y-0.211
G1 X0.800 Y-0.235
G1 X0.800 Y-0.257
G1 X0.800 Y-0.278
G1 X0.800 Y-0.297
G1 X0.800 Y-0.313
G1 X0.800 Y-0.325
G1 X0.800 Y-0.332
G1 X0.800 Y-0.334
G1 X0.800 Y-0.329
G1 X0.800 Y-0.320
G1 X0.800 Y-0.302
G1 X0.800 Y-0.278
G1 X0.800 Y-0.249
G1 X0.800 Y-0.214
G1 X0.800 Y-0.174
G1 X0.800 Y-0.131
G1 X0.800 Y-0.086
G1 X0.800 Y-0.040
G1 X0.800 Y0.004
G1 X0.800 Y0.047
G1 X0.800 Y0.085
G1 X0.800 Y0.120
G1 X0.800 Y0.148
G1 X0.800 Y0.171
G1 X0.800 Y0.188
G1 X0.800 Y0.197
G1 X0.800 Y0.200
G1 X0.800 Y0.198
G1 X0.800 Y0.190
G1 X0.800 Y0.177
G1 X0.800 Y0.160
G1 X0.800 Y0.140
G1 X0.800 Y0.117
G1 X0.800 Y0.092
G1 X0.800 Y0.065
G1 X0.800 Y0.035
G1 X0.800 Y0.007
G1 X0.800 Y-0.023
G1 X0.800 Y-0.053
G1 X0.800 Y-0.083
G1 X0.800 Y-0.112
G1 X0.800 Y-0.139
G1 X0.800 Y-0.164
G1 X0.800 Y-0.186
G1 X0.800 Y-0.203
G1 X0.800 Y-0.215
G1 X0.800 Y-0.221
G1 X0.800 Y-0.217
G1 X0.800 Y-0.207
G1 X0.800 Y-0.185
G1 X0.800 Y-0.154
G1 X0.000 Y11.838
G1 X-0.800 Y0.165
G1 X-0.800 Y0.127
G1 X-0.800 Y0.087
G1 X-0.800 Y0.045
G1 X-0.800 Y0.004
G1 X-0.800 Y-0.038
G1 X-0.800 Y-0.077
G1 X-0.800 Y-0.115
G1 X-0.800 Y-0.151
G1 X-0.800 Y-0.183
G1 X-0.800 Y-0.210
G1 X-0.800 Y-0.231
G1 X-0.800 Y-0.244
G1 X-0.800 Y-0.248
G1 X-0.800 Y-0.243
G1 X-0.800 Y-0.225
G1 X-0.800 Y-0.195
G1 X-0.800 Y-0.153
G1 X-0.800 Y-0.100
G1 X-0.800 Y-0.036
G1 X-0.800 Y0.036
G1 X-0.800 Y0.112
G1 X-0.800 Y0.192
G1 X-0.800 Y0.268
G1 X-0.800 Y0.341
G1 X-0.800 Y0.404
G1 X-0.800 Y0.455
G1 X-0.800 Y0.493
G1 X-0.800 Y0.515
G1 X-0.800 Y0.521
G1 X-0.800 Y0.511
G1 X-0.800 Y0.486
G1 X-0.800 Y0.450
G1 X-0.800 Y0.403
G1 X-0.800 Y0.348
G1 X-0.800 Y0.289
G1 X-0.800 Y0.229
G1 X-0.800 Y0.168
G1 X-0.800 Y0.110
G1 X-0.800 Y0.057
G1 X-0.800 Y0.010
G1 X-0.800 Y-0.030
G1 X-0.800 Y-0.064
G1 X-0.800 Y-0.090
G1 X-0.800 Y-0.109
G1 X-0.800 Y-0.122
G1 X-0.800 Y-0.129
G1 X-0.800 Y-0.129
G1 X-0.800 Y-0.127
G1 X-0.800 Y-0.119
G1 X-0.800 Y-0.109
G1 X-0.800 Y-0.096
G1 X-0.800 Y-0.082
G1 X-0.800 Y-0.065
G1 X-0.800 Y-0.047
G1 X-0.800 Y-0.030
G1 X-0.800 Y-0.012
G1 X-0.800 Y0.007
G1 X-0.800 Y0.024
G1 X-0.800 Y0.040
G1 X-0.800 Y0.057
G1 X-0.800 Y0.071
G1 X-0.800 Y0.084
G1 X-0.800 Y0.096
G1 X-0.800 Y0.104
G1 X-0.800 Y0.111
G1 X-0.800 Y0.114
G1 X-0.800 Y0.116
G1 X-0.800 Y0.113
G1 X-0.800 Y0.107
G1 X-0.800 Y0.097
G1 X-0.800 Y0.084
G1 X-0.800 Y0.067
G1 X-0.800 Y0.046
G1 X-0.800 Y0.022
G1 X-0.800 Y-0.004
G1 X-0.800 Y-0.034
G1 X-0.800 Y-0.065
G1 X-0.800 Y-0.098
G1 X-0.800 Y-0.132
G1 X-0.800 Y-0.164
G1 X-0.800 Y-0.197
G1 X-0.800 Y-0.228
G1 X-0.800 Y-0.255
G1 X-0.800 Y-0.280
G1 X-0.800 Y-0.300
G1 X-0.800 Y-0.317
G1 X-0.800 Y-0.328
G1 X-0.800 Y-0.334
G1 X-0.800 Y-0.335
G1 X-0.800 Y-0.332
G1 X-0.800 Y-0.324
G1 X-0.800 Y-0.311
G1 X-0.800 Y-0.295
G1 X-0.800 Y-0.275
G1 X-0.800 Y-0.254
G1 X-0.800 Y-0.230
G1 X-0.800 Y-0.206
G1 X-0.800 Y-0.182
G1 X-0.800 Y-0.157
G1 X-0.800 Y-0.135
G1 X-0.800 Y-0.113
G1 X-0.800 Y-0.093
G1 X-0.800 Y-0.075
G1 X-0.800 Y-0.059
G1 X-0.800 Y-0.046
G1 X-0.800 Y-0.033
G1 X-0.800 Y-0.023
G1 X-0.800 Y-0.014
G1 X-0.800 Y-0.005
G1 X-0.800 Y0.004
G1 X-0.800 Y0.012
G1 X-0.800 Y0.023
G1 X-0.800 Y0.033
G1 X-0.800 Y0.048
G1 X-0.800 Y0.065
G1 X-0.800 Y0.084
G1 X-0.800 Y0.107
G1 X-0.800 Y0.133
G1 X-0.800 Y0.164
G1 X-0.800 Y0.196
G1 X-0.800 Y0.230
G1 X-0.800 Y0.266
G1 X-0.800 Y0.300
G1 X-0.800 Y0.333
G1 X-0.800 Y0.361
G1 X-0.800 Y0.385
G1 X-0.800 Y0.399
G1 X-0.800 Y0.407
G1 X-0.800 Y0.404
G1 X-0.800 Y0.391
G1 X-0.800 Y0.369
G1 X-0.800 Y0.339
G1 X-0.800 Y0.300
G1 X-0.800 Y0.257
G1 X-0.800 Y0.212
G1 X-0.800 Y0.164
G1 X-0.800 Y0.119
G1 X-0.800 Y0.078
G1 X-0.800 Y0.041
G1 X-0.800 Y0.011
G1 X-0.800 Y-0.012
G1 X-0.800 Y-0.027
G1 X-0.800 Y-0.036
G1 X-0.800 Y-0.038
G1 X-0.800 Y-0.035
G1 X-0.800 Y-0.027
G1 X-0.800 Y-0.016
G1 X-0.800 Y-0.003
G1 X-0.800 Y0.010
G1 X-0.800 Y0.022
G1 X-0.800 Y0.032
G1 X-0.800 Y0.037
G1 X-0.800 Y0.038
G1 X-0.800 Y0.032
G1 X-0.800 Y0.020
G1 X-0.800 Y0.000
G1 X-0.800 Y-0.027
G1 X-0.800 Y-0.062
G1 X-0.800 Y-0.101
G1 X-0.800 Y-0.145
G1 X-0.800 Y-0.190
G1 X-0.800 Y-0.235
G1 X-0.800 Y-0.276
G1 X-0.800 Y-0.313
G1 X-0.800 Y-0.341
G1 X-0.800 Y-0.360
G1 X-0.800 Y-0.369
G1 X-0.800 Y-0.369
G1 X-0.800 Y-0.358
G1 X-0.800 Y-0.339
G1 X-0.800 Y-0.314
G1 X-0.800 Y-0.283
G1 X-0.800 Y-0.250
G1 X-0.800 Y-0.214
G1 X-0.800 Y-0.178
G1 X-0.800 Y-0.144
G1 X-0.800 Y-0.109
G1 X-0.800 Y-0.077
G1 X-0.800 Y-0.046
G1 X-0.800 Y-0.017
G1 X-0.800 Y0.012
G1 X-0.800 Y0.041
G1 X-0.800 Y0.069
G1 X-0.800 Y0.097
G1 X-0.800 Y0.125
G1 X-0.800 Y0.152
G1 X-0.800 Y0.179
G1 X-0.800 Y0.203
G1 X-0.800 Y0.226
G1 X-0.800 Y0.243
G1 X-0.800 Y0.257
G1 X-0.800 Y0.265
G1 X-0.800 Y0.266
G1 X-0.800 Y0.264
G1 X-0.800 Y0.253
G1 X-0.800 Y0.239
G1 X-0.800 Y0.219
G1 X-0.800 Y0.196
G1 X-0.800 Y0.171
G1 X-0.800 Y0.143
G1 X-0.800 Y0.116
G1 X-0.800 Y0.086
G1 X-0.800 Y0.058
G1 X-0.800 Y0.029
G1 X-0.800 Y-0.001
G1 X-0.800 Y-0.032
G1 X-0.800 Y-0.064
G1 X-0.800 Y-0.098
G1 X-0.800 Y-0.135
G1 X-0.800 Y-0.174
G1 X-0.800 Y-0.215
G1 X-0.800 Y-0.257
G1 X-0.800 Y-0.298
G1 X-0.800 Y-0.338
G1 X-0.800 Y-0.372
G1 X-0.800 Y-0.399
G1 X-0.800 Y-0.416
G1 X-0.800 Y-0.421
G1 X-0.800 Y-0.410
G1 X-0.800 Y-0.387
G1 X-0.800 Y-0.347
G1 X-0.800 Y-0.297
G1 X-0.800 Y-0.235
G1 X-0.800 Y-0.167
G1 X0.000 Y15.596
G1 X0.800 Y0.352
G1 X0.800 Y0.221
G1 X0.800 Y0.098
G1 X0.800 Y-0.012
G1 X0.800 Y-0.098
G1 X0.800 Y-0.160
G1 X0.800 Y-0.196
G1 X0.800 Y-0.208
G1 X0.800 Y-0.201
G1 X0.800 Y-0.178
G1 X0.800 Y-0.142
G1 X0.800 Y-0.098
G1 X0.800 Y-0.051
G1 X0.800 Y-0.002
G1 X0.800 Y0.046
G1 X0.800 Y0.092
G1 X0.800 Y0.130
G1 X0.800 Y0.161
G1 X0.800 Y0.182
G1 X0.800 Y0.189
G1 X0.800 Y0.183
G1 X0.800 Y0.161
G1 X0.800 Y0.123
G1 X0.800 Y0.072
G1 X0.800 Y0.009
G1 X0.800 Y-0.062
G1 X0.800 Y-0.136
G1 X0.800 Y-0.208
G1 X0.800 Y-0.274
G1 X0.800 Y-0.328
G1 X0.800 Y-0.369
G1 X0.800 Y-0.393
G1 X0.800 Y-0.401
G1 X0.800 Y-0.395
G1 X0.800 Y-0.374
G1 X0.800 Y-0.345
G1 X0.800 Y-0.308
G1 X0.800 Y-0.265
G1 X0.800 Y-0.222
G1 X0.800 Y-0.177
G1 X0.800 Y-0.133
G1 X0.800 Y-0.090
G1 X0.800 Y-0.050
G1 X0.800 Y-0.009
G1 X0.800 Y0.028
G1 X0.800 Y0.065
G1 X0.800 Y0.102
G1 X0.800 Y0.137
G1 X0.800 Y0.170
G1 X0.800 Y0.202
G1 X0.800 Y0.229
G1 X0.800 Y0.253
G1 X0.800 Y0.272
G1 X0.800 Y0.284
G1 X0.800 Y0.289
G1 X0.800 Y0.288
G1 X0.800 Y0.279
G1 X0.800 Y0.264
G1 X0.800 Y0.244
G1 X0.800 Y0.220
G1 X0.800 Y0.193
G1 X0.800 Y0.166
G1 X0.800 Y0.138
G1 X0.800 Y0.112
G1 X0.800 Y0.087
G1 X0.800 Y0.065
G1 X0.800 Y0.045
G1 X0.800 Y0.026
G1 X0.800 Y0.008
G1 X0.800 Y-0.008
G1 X0.800 Y-0.027
G1 X0.800 Y-0.046
G1 X0.800 Y-0.068
G1 X0.800 Y-0.092
G1 X0.800 Y-0.120
G1 X0.800 Y-0.150
G1 X0.800 Y-0.183
G1 X0.800 Y-0.218
G1 X0.800 Y-0.254
G1 X0.800 Y-0.287
G1 X0.800 Y-0.319
G1 X0.800 Y-0.345
G1 X0.800 Y-0.367
G1 X0.800 Y-0.379
G1 X0.800 Y-0.383
G1 X0.800 Y-0.380
G1 X0.800 Y-0.367
G1 X0.800 Y-0.346
G1 X0.800 Y-0.318
G1 X0.800 Y-0.286
G1 X0.800 Y-0.251
G1 X0.800 Y-0.213
G1 X0.800 Y-0.175
G1 X0.800 Y-0.140
G1 X0.800 Y-0.108
G1 X0.800 Y-0.078
G1 X0.800 Y-0.054
G1 X0.800 Y-0.034
G1 X0.800 Y-0.019
G1 X0.800 Y-0.007
G1 X0.800 Y0.001
G1 X0.800 Y0.005
G1 X0.800 Y0.007
G1 X0.800 Y0.007
G1 X0.800 Y0.005
G1 X0.800 Y0.002
G1 X0.800 Y0.000
G1 X0.800 Y-0.002
G1 X0.800 Y-0.005
G1 X0.800 Y-0.006
G1 X0.800 Y-0.006
G1 X0.800 Y-0.005
G1 X0.800 Y-0.003
G1 X0.800 Y0.001
G1 X0.800 Y0.006
G1 X0.800 Y0.012
G1 X0.800 Y0.020
G1 X0.800 Y0.028
G1 X0.800 Y0.037
G1 X0.800 Y0.047
G1 X0.800 Y0.057
G1 X0.800 Y0.068
G1 X0.800 Y0.079
G1 X0.800 Y0.090
G1 X0.800 Y0.101
G1 X0.800 Y0.113
G1 X0.800 Y0.124
G1 X0.800 Y0.136
G1 X0.800 Y0.146
G1 X0.800 Y0.158
G1 X0.800 Y0.169
G1 X0.800 Y0.179
G1 X0.800 Y0.189
G1 X0.800 Y0.200
G1 X0.800 Y0.210
G1 X0.800 Y0.219
G1 X0.800 Y0.228
G1 X0.800 Y0.235
G1 X0.800 Y0.242
G1 X0.800 Y0.248
G1 X0.800 Y0.252
G1 X0.800 Y0.255
G1 X0.800 Y0.255
G1 X0.800 Y0.254
G1 X0.800 Y0.250
G1 X0.800 Y0.243
G1 X0.800 Y0.234
G1 X0.800 Y0.222
G1 X0.800 Y0.207
G1 X0.800 Y0.191
G1 X0.800 Y0.170
G1 X0.800 Y0.149
G1 X0.800 Y0.126
G1 X0.800 Y0.100
G1 X0.800 Y0.076
G1 X0.800 Y0.049
G1 X0.800 Y0.023
G1 X0.800 Y-0.002
G1 X0.800 Y-0.026
G1 X0.800 Y-0.047
G1 X0.800 Y-0.068
G1 X0.800 Y-0.085
G1 X0.800 Y-0.099
G1 X0.800 Y-0.111
G1 X0.800 Y-0.120
G1 X0.800 Y-0.125
G1 X0.800 Y-0.128
G1 X0.800 Y-0.128
G1 X0.800 Y-0.124
G1 X0.800 Y-0.119
G1 X0.800 Y-0.111
G1 X0.800 Y-0.101
G1 X0.800 Y-0.090
G1 X0.800 Y-0.076
G1 X0.800 Y-0.062
G1 X0.800 Y-0.046
G1 X0.800 Y-0.030
G1 X0.800 Y-0.013
G1 X0.800 Y0.005
G1 X0.800 Y0.022
G1 X0.800 Y0.041
G1 X0.800 Y0.058
G1 X0.800 Y0.076
G1 X0.800 Y0.093
G1 X0.800 Y0.107
G1 X0.800 Y0.122
G1 X0.800 Y0.133
G1 X0.800 Y0.143
G1 X0.800 Y0.148
G1 X0.800 Y0.150
G1 X0.800 Y0.147
G1 X0.800 Y0.138
G1 X0.800 Y0.123
G1 X0.800 Y0.101
G1 X0.800 Y0.071
G1 X0.800 Y0.033
G1 X0.800 Y-0.011
G1 X0.800 Y-0.064
G1 X0.800 Y-0.122
G1 X0.800 Y-0.185
G1 X0.800 Y-0.251
G1 X0.800 Y-0.316
G1 X0.800 Y-0.380
G1 X0.800 Y-0.436
G1 X0.800 Y-0.483
G1 X0.800 Y-0.518
G1 X0.800 Y-0.538
G1 X0.800 Y-0.540
G1 X0.800 Y-0.524
G1 X0.800 Y-0.491
G1 X0.800 Y-0.440
G1 X0.800 Y-0.377
G1 X0.800 Y-0.302
G1 X0.800 Y-0.221
G1 X0.800 Y-0.138
G1 X0.800 Y-0.058
G1 X0.800 Y0.015
G1 X0.800 Y0.080
G1 X0.800 Y0.131
G1 X0.800 Y0.170
G1 X0.800 Y0.194
G1 X0.800 Y0.205
G1 X0.800 Y0.203
G1 X0.800 Y0.190
G1 X0.800 Y0.167
G1 X0.000 Y8.643
G1 X-0.800 Y0.040
G1 X-0.800 Y0.107
G1 X-0.800 Y0.177
G1 X-0.800 Y0.247
G1 X-0.800 Y0.312
G1 X-0.800 Y0.369
G1 X-0.800 Y0.415
G1 X-0.800 Y0.448
G1 X-0.800 Y0.465
G1 X-0.800 Y0.470
G1 X-0.800 Y0.460
G1 X-0.800 Y0.438
G1 X-0.800 Y0.409
G1 X-0.800 Y0.371
G1 X-0.800 Y0.331
G1 X-0.800 Y0.287
G1 X-0.800 Y0.245
G1 X-0.800 Y0.203
G1 X-0.800 Y0.166
G1 X-0.800 Y0.131
G1 X-0.800 Y0.101
G1 X-0.800 Y0.076
G1 X-0.800 Y0.054
G1 X-0.800 Y0.037
G1 X-0.800 Y0.023
G1 X-0.800 Y0.012
G1 X-0.800 Y0.005
G1 X-0.800 Y-0.001
G1 X-0.800 Y-0.005
G1 X-0.800 Y-0.007
G1 X-0.800 Y-0.007
G1 X-0.800 Y-0.008
G1 X-0.800 Y-0.007
G1 X-0.800 Y-0.005
G1 X-0.800 Y-0.004
G1 X-0.800 Y-0.002
G1 X-0.800 Y0.000
G1 X-0.800 Y0.002
G1 X-0.800 Y0.004
G1 X-0.800 Y0.006
G1 X-0.800 Y0.007
G1 X-0.800 Y0.007
G1 X-0.800 Y0.008
G1 X-0.800 Y0.006
G1 X-0.800 Y0.005
G1 X-0.800 Y0.001
G1 X-0.800 Y-0.004
G1 X-0.800 Y-0.011
G1 X-0.800 Y-0.020
G1 X-0.800 Y-0.032
G1 X-0.800 Y-0.046
G1 X-0.800 Y-0.064
G1 X-0.800 Y-0.084
G1 X-0.800 Y-0.107
G1 X-0.800 Y-0.134
G1 X-0.800 Y-0.162
G1 X-0.800 Y-0.194
G1 X-0.800 Y-0.225
G1 X-0.800 Y-0.259
G1 X-0.800 Y-0.291
G1 X-0.800 Y-0.321
G1 X-0.800 Y-0.349
G1 X-0.800 Y-0.371
G1 X-0.800 Y-0.387
G1 X-0.800 Y-0.398
G1 X-0.800 Y-0.399
G1 X-0.800 Y-0.392
G1 X-0.800 Y-0.377
G1 X-0.800 Y-0.354
G1 X-0.800 Y-0.323
G1 X-0.800 Y-0.287
G1 X-0.800 Y-0.244
G1 X-0.800 Y-0.200
G1 X-0.800 Y-0.155
G1 X-0.800 Y-0.110
G1 X-0.800 Y-0.068
G1 X-0.800 Y-0.030
G1 X-0.800 Y0.004
G1 X-0.800 Y0.031
G1 X-0.800 Y0.052
G1 X-0.800 Y0.067
G1 X-0.800 Y0.075
G1 X-0.800 Y0.079
G1 X-0.800 Y0.077
G1 X-0.800 Y0.071
G1 X-0.800 Y0.062
G1 X-0.800 Y0.050
G1 X-0.800 Y0.037
G1 X-0.800 Y0.022
G1 X-0.800 Y0.007
G1 X-0.800 Y-0.008
G1 X-0.800 Y-0.020
G1 X-0.800 Y-0.033
G1 X-0.800 Y-0.042
G1 X-0.800 Y-0.051
G1 X-0.800 Y-0.056
G1 X-0.800 Y-0.059
G1 X-0.800 Y-0.059
G1 X-0.800 Y-0.058
G1 X-0.800 Y-0.055
G1 X-0.800 Y-0.049
G1 X-0.800 Y-0.042
G1 X-0.800 Y-0.036
G1 X-0.800 Y-0.027
G1 X-0.800 Y-0.020
G1 X-0.800 Y-0.013
G1 X-0.800 Y-0.007
G1 X-0.800 Y-0.001
G1 X-0.800 Y0.003
G1 X-0.800 Y0.006
G1 X-0.800 Y0.008
G1 X-0.800 Y0.009
G1 X-0.800 Y0.008
G1 X-0.800 Y0.008
G1 X-0.800 Y0.006
G1 X-0.800 Y0.005
G1 X-0.800 Y0.002
G1 X-0.800 Y0.001
G1 X-0.800 Y0.000
G1 X-0.800 Y-0.002
G1 X-0.800 Y-0.003
G1 X-0.800 Y-0.003
G1 X-0.800 Y-0.003
G1 X-0.800 Y-0.003
G1 X-0.800 Y-0.002
G1 X-0.800 Y-0.002
G1 X-0.800 Y0.000
G1 X-0.800 Y0.001
G1 X-0.800 Y0.003
G1 X-0.800 Y0.006
G1 X-0.800 Y0.009
G1 X-0.800 Y0.013
G1 X-0.800 Y0.019
G1 X-0.800 Y0.026
G1 X-0.800 Y0.036
G1 X-0.800 Y0.047
G1 X-0.800 Y0.063
G1 X-0.800 Y0.080
G1 X-0.800 Y0.101
G1 X-0.800 Y0.125
G1 X-0.800 Y0.150
G1 X-0.800 Y0.177
G1 X-0.800 Y0.204
G1 X-0.800 Y0.231
G1 X-0.800 Y0.256
G1 X-0.800 Y0.277
G1 X-0.800 Y0.293
G1 X-0.800 Y0.305
G1 X-0.800 Y0.309
G1 X-0.800 Y0.308
G1 X-0.800 Y0.300
G1 X-0.800 Y0.285
G1 X-0.800 Y0.267
G1 X-0.800 Y0.243
G1 X-0.800 Y0.217
G1 X-0.800 Y0.188
G1 X-0.800 Y0.159
G1 X-0.800 Y0.130
G1 X-0.800 Y0.102
G1 X-0.800 Y0.073
G1 X-0.800 Y0.047
G1 X-0.800 Y0.020
G1 X-0.800 Y-0.005
G1 X-0.800 Y-0.029
G1 X-0.800 Y-0.054
G1 X-0.800 Y-0.078
G1 X-0.800 Y-0.101
G1 X-0.800 Y-0.123
G1 X-0.800 Y-0.143
G1 X-0.800 Y-0.160
G1 X-0.800 Y-0.176
G1 X-0.800 Y-0.186
G1 X-0.800 Y-0.193
G1 X-0.800 Y-0.194
G1 X-0.800 Y-0.190
G1 X-0.800 Y-0.180
G1 X-0.800 Y-0.165
G1 X-0.800 Y-0.145
G1 X-0.800 Y-0.121
G1 X-0.800 Y-0.092
G1 X-0.800 Y-0.060
G1 X-0.800 Y-0.024
G1 X-0.800 Y0.014
G1 X-0.800 Y0.056
G1 X-0.800 Y0.099
G1 X-0.800 Y0.144
G1 X-0.800 Y0.192
G1 X-0.800 Y0.239
G1 X-0.800 Y0.284
G1 X-0.800 Y0.324
G1 X-0.800 Y0.357
G1 X-0.800 Y0.378
G1 X-0.800 Y0.382
G1 X-0.800 Y0.369
G1 X-0.800 Y0.331
G1 X-0.800 Y0.269
G1 X-0.800 Y0.187
G1 X-0.800 Y0.083
G1 X-0.800 Y-0.033
G1 X-0.800 Y-0.154
G1 X-0.800 Y-0.271
G1 X-0.800 Y-0.376
G1 X-0.800 Y-0.459
G1 X-0.800 Y-0.516
G1 X-0.800 Y-0.544
G1 X-0.800 Y-0.545
G1 X-0.800 Y-0.520
G1 X-0.800 Y-0.476
G1 X-0.800 Y-0.419
G1 X-0.800 Y-0.353
G1 X-0.800 Y-0.285
G1 X-0.800 Y-0.220
G1 X-0.800 Y-0.158
G1 X-0.800 Y-0.098
G1 X-0.800 Y-0.040
G1 X-0.800 Y0.019
G1 X-0.800 Y0.088
G1 X-0.800 Y0.172
G1 X-0.800 Y0.277
G1 X-0.800 Y0.400
G1 X-0.800 Y0.530
G1 X-0.800 Y0.646
G1 X-0.800 Y0.730
G1 X-0.800 Y0.757
G1 X-0.800 Y0.714
G1 X0.000 Y11.103
G1 X0.800 Y-0.193
G1 X0.800 Y-0.318
G1 X0.800 Y-0.389
G1 X0.800 Y-0.408
G1 X0.800 Y-0.386
G1 X0.800 Y-0.334
G1 X0.800 Y-0.264
G1 X0.800 Y-0.182
G1 X0.800 Y-0.099
G1 X0.800 Y-0.015
G1 X0.800 Y0.064
G1 X0.800 Y0.137
G1 X0.800 Y0.204
G1 X0.800 Y0.258
G1 X0.800 Y0.300
G1 X0.800 Y0.326
G1 X0.800 Y0.332
G1 X0.800 Y0.316
G1 X0.800 Y0.277
G1 X0.800 Y0.218
G1 X0.800 Y0.140
G1 X0.800 Y0.050
G1 X0.800 Y-0.047
G1 X0.800 Y-0.141
G1 X0.800 Y-0.228
G1 X0.800 Y-0.300
G1 X0.800 Y-0.354
G1 X0.800 Y-0.388
G1 X0.800 Y-0.401
G1 X0.800 Y-0.397
G1 X0.800 Y-0.377
G1 X0.800 Y-0.345
G1 X0.800 Y-0.305
G1 X0.800 Y-0.261
G1 X0.800 Y-0.214
G1 X0.800 Y-0.168
G1 X0.800 Y-0.122
G1 X0.800 Y-0.079
G1 X0.800 Y-0.038
G1 X0.800 Y0.000
G1 X0.800 Y0.035
G1 X0.800 Y0.069
G1 X0.800 Y0.099
G1 X0.800 Y0.126
G1 X0.800 Y0.148
G1 X0.800 Y0.168
G1 X0.800 Y0.182
G1 X0.800 Y0.190
G1 X0.800 Y0.194
G1 X0.800 Y0.192
G1 X0.800 Y0.185
G1 X0.800 Y0.173
G1 X0.800 Y0.157
G1 X0.800 Y0.138
G1 X0.800 Y0.116
G1 X0.800 Y0.093
G1 X0.800 Y0.067
G1 X0.800 Y0.041
G1 X0.800 Y0.015
G1 X0.800 Y-0.012
G1 X0.800 Y-0.041
G1 X0.800 Y-0.068
G1 X0.800 Y-0.096
G1 X0.800 Y-0.124
G1 X0.800 Y-0.150
G1 X0.800 Y-0.176
G1 X0.800 Y-0.198
G1 X0.800 Y-0.218
G1 X0.800 Y-0.234
G1 X0.800 Y-0.245
G1 X0.800 Y-0.250
G1 X0.800 Y-0.250
G1 X0.800 Y-0.244
G1 X0.800 Y-0.233
G1 X0.800 Y-0.218
G1 X0.800 Y-0.197
G1 X0.800 Y-0.176
G1 X0.800 Y-0.152
G1 X0.800 Y-0.127
G1 X0.800 Y-0.102
G1 X0.800 Y-0.077
G1 X0.800 Y-0.055
G1 X0.800 Y-0.031
G1 X0.800 Y-0.009
G1 X0.800 Y0.013
G1 X0.800 Y0.034
G1 X0.800 Y0.054
G1 X0.800 Y0.074
G1 X0.800 Y0.092
G1 X0.800 Y0.108
G1 X0.800 Y0.120
G1 X0.800 Y0.127
G1 X0.800 Y0.128
G1 X0.800 Y0.123
G1 X0.800 Y0.108
G1 X0.800 Y0.086
G1 X0.800 Y0.060
G1 X0.800 Y0.027
G1 X0.800 Y-0.006
G1 X0.800 Y-0.041
G1 X0.800 Y-0.075
G1 X0.800 Y-0.108
G1 X0.800 Y-0.137
G1 X0.800 Y-0.163
G1 X0.800 Y-0.186
G1 X0.800 Y-0.204
G1 X0.800 Y-0.214
G1 X0.800 Y-0.218
G1 X0.800 Y-0.209
G1 X0.800 Y-0.192
G1 X0.800 Y-0.160
G1 X0.800 Y-0.116
G1 X0.800 Y-0.060
G1 X0.800 Y0.009
G1 X0.800 Y0.084
G1 X0.800 Y0.166
G1 X0.800 Y0.247
G1 X0.800 Y0.324
G1 X0.800 Y0.390
G1 X0.800 Y0.442
G1 X0.800 Y0.477
G1 X0.800 Y0.493
G1 X0.800 Y0.490
G1 X0.800 Y0.469
G1 X0.800 Y0.435
G1 X0.800 Y0.390
G1 X0.800 Y0.339
G1 X0.800 Y0.284
G1 X0.800 Y0.231
G1 X0.800 Y0.181
G1 X0.800 Y0.134
G1 X0.800 Y0.093
G1 X0.800 Y0.055
G1 X0.800 Y0.020
G1 X0.800 Y-0.015
G1 X0.800 Y-0.050
G1 X0.800 Y-0.089
G1 X0.800 Y-0.133
G1 X0.800 Y-0.182
G1 X0.800 Y-0.239
G1 X0.800 Y-0.300
G1 X0.800 Y-0.363
G1 X0.800 Y-0.427
G1 X0.800 Y-0.483
G1 X0.800 Y-0.528
G1 X0.800 Y-0.555
G1 X0.800 Y-0.558
G1 X0.800 Y-0.531
G1 X0.800 Y-0.476
G1 X0.800 Y-0.389
G1 X0.800 Y-0.277
G1 X0.800 Y-0.144
G1 X0.800 Y-0.001
G1 X0.800 Y0.143
G1 X0.800 Y0.278
G1 X0.800 Y0.396
G1 X0.800 Y0.490
G1 X0.800 Y0.553
G1 X0.800 Y0.588
G1 X0.800 Y0.594
G1 X0.800 Y0.573
G1 X0.800 Y0.533
G1 X0.800 Y0.479
G1 X0.800 Y0.415
G1 X0.800 Y0.348
G1 X0.800 Y0.282
G1 X0.800 Y0.221
G1 X0.800 Y0.167
G1 X0.800 Y0.121
G1 X0.800 Y0.083
G1 X0.800 Y0.054
G1 X0.800 Y0.033
G1 X0.800 Y0.018
G1 X0.800 Y0.009
G1 X0.800 Y0.003
G1 X0.800 Y0.001
G1 X0.800 Y0.000
G1 X0.800 Y0.000
G1 X0.800 Y0.000
G1 X0.800 Y-0.001
G1 X0.800 Y-0.002
G1 X0.800 Y-0.006
G1 X0.800 Y-0.010
G1 X0.800 Y-0.015
G1 X0.800 Y-0.020
G1 X0.800 Y-0.028
G1 X0.800 Y-0.033
G1 X0.800 Y-0.040
G1 X0.800 Y-0.045
G1 X0.800 Y-0.049
G1 X0.800 Y-0.052
G1 X0.800 Y-0.053
G1 X0.800 Y-0.054
G1 X0.800 Y-0.052
G1 X0.800 Y-0.050
G1 X0.800 Y-0.047
G1 X0.800 Y-0.044
G1 X0.800 Y-0.039
G1 X0.800 Y-0.036
G1 X0.800 Y-0.033
G1 X0.800 Y-0.030
G1 X0.800 Y-0.029
G1 X0.800 Y-0.029
G1 X0.800 Y-0.031
G1 X0.800 Y-0.034
G1 X0.800 Y-0.039
G1 X0.800 Y-0.046
G1 X0.800 Y-0.057
G1 X0.800 Y-0.069
G1 X0.800 Y-0.084
G1 X0.800 Y-0.102
G1 X0.800 Y-0.122
G1 X0.800 Y-0.147
G1 X0.800 Y-0.174
G1 X0.800 Y-0.203
G1 X0.800 Y-0.234
G1 X0.800 Y-0.267
G1 X0.800 Y-0.299
G1 X0.800 Y-0.329
G1 X0.800 Y-0.355
G1 X0.800 Y-0.375
G1 X0.800 Y-0.387
G1 X0.800 Y-0.388
G1 X0.800 Y-0.378
G1 X0.800 Y-0.355
G1 X0.000 Y11.035
G1 X-0.800 Y0.322
G1 X-0.800 Y0.302
G1 X-0.800 Y0.276
G1 X-0.800 Y0.247
G1 X-0.800 Y0.214
G1 X-0.800 Y0.182
G1 X-0.800 Y0.151
G1 X-0.800 Y0.122
G1 X-0.800 Y0.094
G1 X-0.800 Y0.070
G1 X-0.800 Y0.050
G1 X-0.800 Y0.033
G1 X-0.800 Y0.020
G1 X-0.800 Y0.010
G1 X-0.800 Y0.006
G1 X-0.800 Y0.005
G1 X-0.800 Y0.009
G1 X-0.800 Y0.017
G1 X-0.800 Y0.028
G1 X-0.800 Y0.045
G1 X-0.800 Y0.064
G1 X-0.800 Y0.085
G1 X-0.800 Y0.108
G1 X-0.800 Y0.133
G1 X-0.800 Y0.156
G1 X-0.800 Y0.178
G1 X-0.800 Y0.194
G1 X-0.800 Y0.206
G1 X-0.800 Y0.208
G1 X-0.800 Y0.202
G1 X-0.800 Y0.182
G1 X-0.800 Y0.152
G1 X-0.800 Y0.108
G1 X-0.800 Y0.054
G1 X-0.800 Y-0.009
G1 X-0.800 Y-0.077
G1 X-0.800 Y-0.146
G1 X-0.800 Y-0.210
G1 X-0.800 Y-0.266
G1 X-0.800 Y-0.310
G1 X-0.800 Y-0.338
G1 X-0.800 Y-0.351
G1 X-0.800 Y-0.348
G1 X-0.800 Y-0.330
G1 X-0.800 Y-0.300
G1 X-0.800 Y-0.262
G1 X-0.800 Y-0.214
G1 X-0.800 Y-0.164
G1 X-0.800 Y-0.111
G1 X-0.800 Y-0.055
G1 X-0.800 Y0.002
G1 X-0.800 Y0.057
G1 X-0.800 Y0.114
G1 X-0.800 Y0.169
G1 X-0.800 Y0.222
G1 X-0.800 Y0.271
G1 X-0.800 Y0.314
G1 X-0.800 Y0.349
G1 X-0.800 Y0.371
G1 X-0.800 Y0.378
G1 X-0.800 Y0.367
G1 X-0.800 Y0.333
G1 X-0.800 Y0.275
G1 X-0.800 Y0.191
G1 X-0.800 Y0.081
G1 X-0.800 Y-0.053
G1 X-0.800 Y-0.206
G1 X-0.800 Y-0.371
G1 X-0.800 Y-0.534
G1 X-0.800 Y-0.682
G1 X-0.800 Y-0.797
G1 X-0.800 Y-0.861
G1 X-0.800 Y-0.860
G1 X-0.800 Y-0.786
G1 X-0.800 Y-0.639
G1 X-0.800 Y-0.430
G1 X-0.800 Y-0.177
G1 X-0.800 Y0.093
G1 X-0.800 Y0.349
G1 X-0.800 Y0.564
G1 X-0.800 Y0.718
G1 X-0.800 Y0.800
G1 X-0.800 Y0.811
G1 X-0.800 Y0.761
G1 X-0.800 Y0.666
G1 X-0.800 Y0.544
G1 X-0.800 Y0.415
G1 X-0.800 Y0.294
G1 X-0.800 Y0.191
G1 X-0.800 Y0.110
G1 X-0.800 Y0.055
G1 X-0.800 Y0.021
G1 X-0.800 Y0.005
G1 X-0.800 Y0.000
G1 X-0.800 Y0.000
G1 X-0.800 Y-0.001
G1 X-0.800 Y-0.008
G1 X-0.800 Y-0.028
G1 X-0.800 Y-0.066
G1 X-0.800 Y-0.122
G1 X-0.800 Y-0.199
G1 X-0.800 Y-0.293
G1 X-0.800 Y-0.398
G1 X-0.800 Y-0.505
G1 X-0.800 Y-0.602
G1 X-0.800 Y-0.676
G1 X-0.800 Y-0.716
G1 X-0.800 Y-0.713
G1 X-0.800 Y-0.663
G1 X-0.800 Y-0.569
G1 X-0.800 Y-0.439
G1 X-0.800 Y-0.282
G1 X-0.800 Y-0.116
G1 X-0.800 Y0.045
G1 X-0.800 Y0.189
G1 X-0.800 Y0.307
G1 X-0.800 Y0.393
G1 X-0.800 Y0.447
G1 X-0.800 Y0.469
G1 X-0.800 Y0.467
G1 X-0.800 Y0.442
G1 X-0.800 Y0.404
G1 X-0.800 Y0.354
G1 X-0.800 Y0.299
G1 X-0.800 Y0.239
G1 X-0.800 Y0.176
G1 X-0.800 Y0.110
G1 X-0.800 Y0.041
G1 X-0.800 Y-0.030
G1 X-0.800 Y-0.097
G1 X-0.800 Y-0.156
G1 X-0.800 Y-0.204
G1 X-0.800 Y-0.238
G1 X-0.800 Y-0.260
G1 X-0.800 Y-0.269
G1 X-0.800 Y-0.267
G1 X-0.800 Y-0.256
G1 X-0.800 Y-0.237
G1 X-0.800 Y-0.212
G1 X-0.800 Y-0.183
G1 X-0.800 Y-0.153
G1 X-0.800 Y-0.120
G1 X-0.800 Y-0.088
G1 X-0.800 Y-0.056
G1 X-0.800 Y-0.025
G1 X-0.800 Y0.005
G1 X-0.800 Y0.036
G1 X-0.800 Y0.065
G1 X-0.800 Y0.094
G1 X-0.800 Y0.122
G1 X-0.800 Y0.148
G1 X-0.800 Y0.171
G1 X-0.800 Y0.193
G1 X-0.800 Y0.209
G1 X-0.800 Y0.221
G1 X-0.800 Y0.227
G1 X-0.800 Y0.229
G1 X-0.800 Y0.223
G1 X-0.800 Y0.213
G1 X-0.800 Y0.196
G1 X-0.800 Y0.177
G1 X-0.800 Y0.154
G1 X-0.800 Y0.127
G1 X-0.800 Y0.099
G1 X-0.800 Y0.070
G1 X-0.800 Y0.040
G1 X-0.800 Y0.009
G1 X-0.800 Y-0.023
G1 X-0.800 Y-0.055
G1 X-0.800 Y-0.087
G1 X-0.800 Y-0.119
G1 X-0.800 Y-0.152
G1 X-0.800 Y-0.182
G1 X-0.800 Y-0.212
G1 X-0.800 Y-0.237
G1 X-0.800 Y-0.258
G1 X-0.800 Y-0.274
G1 X-0.800 Y-0.284
G1 X-0.800 Y-0.285
G1 X-0.800 Y-0.281
G1 X-0.800 Y-0.268
G1 X-0.800 Y-0.251
G1 X-0.800 Y-0.227
G1 X-0.800 Y-0.200
G1 X-0.800 Y-0.172
G1 X-0.800 Y-0.143
G1 X-0.800 Y-0.114
G1 X-0.800 Y-0.087
G1 X-0.800 Y-0.062
G1 X-0.800 Y-0.037
G1 X-0.800 Y-0.014
G1 X-0.800 Y0.009
G1 X-0.800 Y0.033
G1 X-0.800 Y0.059
G1 X-0.800 Y0.086
G1 X-0.800 Y0.118
G1 X-0.800 Y0.151
G1 X-0.800 Y0.187
G1 X-0.800 Y0.224
G1 X-0.800 Y0.261
G1 X-0.800 Y0.294
G1 X-0.800 Y0.324
G1 X-0.800 Y0.344
G1 X-0.800 Y0.357
G1 X-0.800 Y0.360
G1 X-0.800 Y0.350
G1 X-0.800 Y0.333
G1 X-0.800 Y0.305
G1 X-0.800 Y0.271
G1 X-0.800 Y0.232
G1 X-0.800 Y0.192
G1 X-0.800 Y0.149
G1 X-0.800 Y0.107
G1 X-0.800 Y0.066
G1 X-0.800 Y0.025
G1 X-0.800 Y-0.018
G1 X-0.800 Y-0.062
G1 X-0.800 Y-0.113
G1 X-0.800 Y-0.167
G1 X-0.800 Y-0.229
G1 X-0.800 Y-0.297
G1 X-0.800 Y-0.368
G1 X-0.800 Y-0.440
G1 X-0.800 Y-0.503
G1 X-0.800 Y-0.554
G1 X0.000 Y7.534
G1 X0.800 Y0.150
G1 X0.800 Y0.175
G1 X0.800 Y0.184
G1 X0.800 Y0.179
G1 X0.800 Y0.163
G1 X0.800 Y0.137
G1 X0.800 Y0.106
G1 X0.800 Y0.071
G1 X0.800 Y0.035
G1 X0.800 Y-0.002
G1 X0.800 Y-0.035
G1 X0.800 Y-0.066
G1 X0.800 Y-0.092
G1 X0.800 Y-0.113
G1 X0.800 Y-0.127
G1 X0.800 Y-0.135
G1 X0.800 Y-0.137
G1 X0.800 Y-0.131
G1 X0.800 Y-0.120
G1 X0.800 Y-0.107
G1 X0.800 Y-0.089
G1 X0.800 Y-0.070
G1 X0.800 Y-0.053
G1 X0.800 Y-0.037
G1 X0.800 Y-0.023
G1 X0.800 Y-0.013
G1 X0.800 Y-0.006
G1 X0.800 Y-0.002
G1 X0.800 Y-0.001
G1 X0.800 Y0.000
G1 X0.800 Y0.001
G1 X0.800 Y0.004
G1 X0.800 Y0.010
G1 X0.800 Y0.022
G1 X0.800 Y0.038
G1 X0.800 Y0.062
G1 X0.800 Y0.093
G1 X0.800 Y0.130
G1 X0.800 Y0.172
G1 X0.800 Y0.217
G1 X0.800 Y0.262
G1 X0.800 Y0.305
G1 X0.800 Y0.342
G1 X0.800 Y0.370
G1 X0.800 Y0.389
G1 X0.800 Y0.395
G1 X0.800 Y0.390
G1 X0.800 Y0.375
G1 X0.800 Y0.348
G1 X0.800 Y0.317
G1 X0.800 Y0.278
G1 X0.800 Y0.239
G1 X0.800 Y0.199
G1 X0.800 Y0.159
G1 X0.800 Y0.121
G1 X0.800 Y0.086
G1 X0.800 Y0.054
G1 X0.800 Y0.023
G1 X0.800 Y-0.007
G1 X0.800 Y-0.036
G1 X0.800 Y-0.064
G1 X0.800 Y-0.093
G1 X0.800 Y-0.121
G1 X0.800 Y-0.149
G1 X0.800 Y-0.175
G1 X0.800 Y-0.199
G1 X0.800 Y-0.220
G1 X0.800 Y-0.236
G1 X0.800 Y-0.247
G1 X0.800 Y-0.252
G1 X0.800 Y-0.250
G1 X0.800 Y-0.242
G1 X0.800 Y-0.229
G1 X0.800 Y-0.209
G1 X0.800 Y-0.186
G1 X0.800 Y-0.161
G1 X0.800 Y-0.133
G1 X0.800 Y-0.103
G1 X0.800 Y-0.074
G1 X0.800 Y-0.044
G1 X0.800 Y-0.015
G1 X0.800 Y0.013
G1 X0.800 Y0.040
G1 X0.800 Y0.066
G1 X0.800 Y0.090
G1 X0.800 Y0.110
G1 X0.800 Y0.128
G1 X0.800 Y0.141
G1 X0.800 Y0.149
G1 X0.800 Y0.151
G1 X0.800 Y0.148
G1 X0.800 Y0.139
G1 X0.800 Y0.122
G1 X0.800 Y0.100
G1 X0.800 Y0.072
G1 X0.800 Y0.038
G1 X0.800 Y0.000
G1 X0.800 Y-0.043
G1 X0.800 Y-0.089
G1 X0.800 Y-0.141
G1 X0.800 Y-0.192
G1 X0.800 Y-0.246
G1 X0.800 Y-0.298
G1 X0.800 Y-0.343
G1 X0.800 Y-0.378
G1 X0.800 Y-0.398
G1 X0.800 Y-0.394
G1 X0.800 Y-0.363
G1 X0.800 Y-0.300
G1 X0.800 Y-0.202
G1 X0.800 Y-0.076
G1 X0.800 Y0.074
G1 X0.800 Y0.236
G1 X0.800 Y0.392
G1 X0.800 Y0.531
G1 X0.800 Y0.635
G1 X0.800 Y0.697
G1 X0.800 Y0.712
G1 X0.800 Y0.681
G1 X0.800 Y0.614
G1 X0.800 Y0.522
G1 X0.800 Y0.419
G1 X0.800 Y0.316
G1 X0.800 Y0.223
G1 X0.800 Y0.146
G1 X0.800 Y0.088
G1 X0.800 Y0.048
G1 X0.800 Y0.022
G1 X0.800 Y0.005
G1 X0.800 Y-0.010
G1 X0.800 Y-0.029
G1 X0.800 Y-0.061
G1 X0.800 Y-0.111
G1 X0.800 Y-0.185
G1 X0.800 Y-0.284
G1 X0.800 Y-0.403
G1 X0.800 Y-0.535
G1 X0.800 Y-0.665
G1 X0.800 Y-0.769
G1 X0.800 Y-0.829
G1 X0.800 Y-0.820
G1 X0.800 Y-0.730
G1 X0.800 Y-0.559
G1 X0.800 Y-0.316
G1 X0.800 Y-0.032
G1 X0.800 Y0.260
G1 X0.800 Y0.524
G1 X0.800 Y0.724
G1 X0.800 Y0.846
G1 X0.800 Y0.879
G1 X0.800 Y0.836
G1 X0.800 Y0.732
G1 X0.800 Y0.594
G1 X0.800 Y0.441
G1 X0.800 Y0.295
G1 X0.800 Y0.170
G1 X0.800 Y0.069
G1 X0.800 Y-0.001
G1 X0.800 Y-0.045
G1 X0.800 Y-0.069
G1 X0.800 Y-0.077
G1 X0.800 Y-0.077
G1 X0.800 Y-0.086
G1 X0.800 Y-0.137
G1 X0.800 Y-0.295
G1 X0.800 Y-0.514
G1 X0.800 Y-0.659
G1 X0.800 Y-0.707
G1 X0.800 Y-0.681
G1 X0.800 Y-0.607
G1 X0.800 Y-0.508
G1 X0.800 Y-0.401
G1 X0.800 Y-0.299
G1 X0.800 Y-0.208
G1 X0.800 Y-0.130
G1 X0.800 Y-0.062
G1 X0.800 Y-0.002
G1 X0.800 Y0.058
G1 X0.800 Y0.119
G1 X0.800 Y0.186
G1 X0.800 Y0.258
G1 X0.800 Y0.335
G1 X0.800 Y0.412
G1 X0.800 Y0.483
G1 X0.800 Y0.541
G1 X0.800 Y0.575
G1 X0.800 Y0.583
G1 X0.800 Y0.557
G1 X0.800 Y0.498
G1 X0.800 Y0.412
G1 X0.800 Y0.305
G1 X0.800 Y0.185
G1 X0.800 Y0.065
G1 X0.800 Y-0.046
G1 X0.800 Y-0.141
G1 X0.800 Y-0.214
G1 X0.800 Y-0.264
G1 X0.800 Y-0.291
G1 X0.800 Y-0.299
G1 X0.800 Y-0.289
G1 X0.800 Y-0.268
G1 X0.800 Y-0.239
G1 X0.800 Y-0.204
G1 X0.800 Y-0.168
G1 X0.800 Y-0.132
G1 X0.800 Y-0.097
G1 X0.800 Y-0.067
G1 X0.800 Y-0.040
G1 X0.800 Y-0.018
G1 X0.800 Y-0.002
G1 X0.800 Y0.011
G1 X0.800 Y0.016
G1 X0.800 Y0.017
G1 X0.800 Y0.013
G1 X0.800 Y0.003
G1 X0.800 Y-0.012
G1 X0.800 Y-0.031
G1 X0.800 Y-0.054
G1 X0.800 Y-0.081
G1 X0.800 Y-0.110
G1 X0.800 Y-0.143
G1 X0.800 Y-0.176
G1 X0.800 Y-0.209
G1 X0.800 Y-0.241
G1 X0.800 Y-0.269
G1 X0.000 Y9.747
G1 X-0.800 Y0.306
G1 X-0.800 Y0.283
G1 X-0.800 Y0.254
G1 X-0.800 Y0.222
G1 X-0.800 Y0.189
G1 X-0.800 Y0.155
G1 X-0.800 Y0.124
G1 X-0.800 Y0.093
G1 X-0.800 Y0.067
G1 X-0.800 Y0.044
G1 X-0.800 Y0.023
G1 X-0.800 Y0.009
G1 X-0.800 Y-0.003
G1 X-0.800 Y-0.009
G1 X-0.800 Y-0.010
G1 X-0.800 Y-0.007
G1 X-0.800 Y0.001
G1 X-0.800 Y0.015
G1 X-0.800 Y0.032
G1 X-0.800 Y0.055
G1 X-0.800 Y0.080
G1 X-0.800 Y0.109
G1 X-0.800 Y0.139
G1 X-0.800 Y0.171
G1 X-0.800 Y0.200
G1 X-0.800 Y0.227
G1 X-0.800 Y0.248
G1 X-0.800 Y0.260
G1 X-0.800 Y0.260
G1 X-0.800 Y0.246
G1 X-0.800 Y0.216
G1 X-0.800 Y0.169
G1 X-0.800 Y0.104
G1 X-0.800 Y0.024
G1 X-0.800 Y-0.065
G1 X-0.800 Y-0.159
G1 X-0.800 Y-0.251
G1 X-0.800 Y-0.333
G1 X-0.800 Y-0.400
G1 X-0.800 Y-0.447
G1 X-0.800 Y-0.470
G1 X-0.800 Y-0.471
G1 X-0.800 Y-0.453
G1 X-0.800 Y-0.416
G1 X-0.800 Y-0.370
G1 X-0.800 Y-0.313
G1 X-0.800 Y-0.256
G1 X-0.800 Y-0.197
G1 X-0.800 Y-0.139
G1 X-0.800 Y-0.085
G1 X-0.800 Y-0.032
G1 X-0.800 Y0.019
G1 X-0.800 Y0.069
G1 X-0.800 Y0.119
G1 X-0.800 Y0.168
G1 X-0.800 Y0.218
G1 X-0.800 Y0.264
G1 X-0.800 Y0.309
G1 X-0.800 Y0.348
G1 X-0.800 Y0.381
G1 X-0.800 Y0.404
G1 X-0.800 Y0.420
G1 X-0.800 Y0.424
G1 X-0.800 Y0.415
G1 X-0.800 Y0.391
G1 X-0.800 Y0.349
G1 X-0.800 Y0.284
G1 X-0.800 Y0.196
G1 X-0.800 Y0.080
G1 X-0.800 Y-0.060
G1 X-0.800 Y-0.220
G1 X-0.800 Y-0.391
G1 X-0.800 Y-0.560
G1 X-0.800 Y-0.706
G1 X-0.800 Y-0.815
G1 X-0.800 Y-0.865
G1 X-0.800 Y-0.848
G1 X-0.800 Y-0.760
G1 X-0.800 Y-0.604
G1 X-0.800 Y-0.399
G1 X-0.800 Y-0.166
G1 X-0.800 Y0.067
G1 X-0.800 Y0.277
G1 X-0.800 Y0.444
G1 X-0.800 Y0.558
G1 X-0.800 Y0.615
G1 X-0.800 Y0.622
G1 X-0.800 Y0.587
G1 X-0.800 Y0.523
G1 X-0.800 Y0.444
G1 X-0.800 Y0.358
G1 X-0.800 Y0.274
G1 X-0.800 Y0.194
G1 X-0.800 Y0.123
G1 X-0.800 Y0.056
G1 X-0.800 Y-0.007
G1 X-0.800 Y-0.069
G1 X-0.800 Y-0.132
G1 X-0.800 Y-0.199
G1 X-0.800 Y-0.268
G1 X-0.800 Y-0.339
G1 X-0.800 Y-0.407
G1 X-0.800 Y-0.466
G1 X-0.800 Y-0.512
G1 X-0.800 Y-0.537
G1 X-0.800 Y-0.534
G1 X-0.800 Y-0.502
G1 X-0.800 Y-0.439
G1 X-0.800 Y-0.352
G1 X-0.800 Y-0.243
G1 X-0.800 Y-0.124
G1 X-0.800 Y-0.005
G1 X-0.800 Y0.107
G1 X-0.800 Y0.202
G1 X-0.800 Y0.274
G1 X-0.800 Y0.324
G1 X-0.800 Y0.350
G1 X-0.800 Y0.354
G1 X-0.800 Y0.341
G1 X-0.800 Y0.315
G1 X-0.800 Y0.279
G1 X-0.800 Y0.238
G1 X-0.800 Y0.195
G1 X-0.800 Y0.150
G1 X-0.800 Y0.108
G1 X-0.800 Y0.069
G1 X-0.800 Y0.032
G1 X-0.800 Y-0.001
G1 X-0.800 Y-0.029
G1 X-0.800 Y-0.053
G1 X-0.800 Y-0.072
G1 X-0.800 Y-0.085
G1 X-0.800 Y-0.094
G1 X-0.800 Y-0.097
G1 X-0.800 Y-0.095
G1 X-0.800 Y-0.088
G1 X-0.800 Y-0.076
G1 X-0.800 Y-0.060
G1 X-0.800 Y-0.042
G1 X-0.800 Y-0.018
G1 X-0.800 Y0.007
G1 X-0.800 Y0.034
G1 X-0.800 Y0.064
G1 X-0.800 Y0.095
G1 X-0.800 Y0.127
G1 X-0.800 Y0.157
G1 X-0.800 Y0.189
G1 X-0.800 Y0.216
G1 X-0.800 Y0.242
G1 X-0.800 Y0.261
G1 X-0.800 Y0.276
G1 X-0.800 Y0.282
G1 X-0.800 Y0.282
G1 X-0.800 Y0.273
G1 X-0.800 Y0.256
G1 X-0.800 Y0.233
G1 X-0.800 Y0.206
G1 X-0.800 Y0.173
G1 X-0.800 Y0.142
G1 X-0.800 Y0.111
G1 X-0.800 Y0.082
G1 X-0.800 Y0.057
G1 X-0.800 Y0.038
G1 X-0.800 Y0.023
G1 X-0.800 Y0.013
G1 X-0.800 Y0.006
G1 X-0.800 Y0.001
G1 X-0.800 Y-0.003
G1 X-0.800 Y-0.009
G1 X-0.800 Y-0.019
G1 X-0.800 Y-0.032
G1 X-0.800 Y-0.053
G1 X-0.800 Y-0.082
G1 X-0.800 Y-0.116
G1 X-0.800 Y-0.159
G1 X-0.800 Y-0.207
G1 X-0.800 Y-0.258
G1 X-0.800 Y-0.308
G1 X-0.800 Y-0.355
G1 X-0.800 Y-0.395
G1 X-0.800 Y-0.424
G1 X-0.800 Y-0.442
G1 X-0.800 Y-0.445
G1 X-0.800 Y-0.433
G1 X-0.800 Y-0.411
G1 X-0.800 Y-0.377
G1 X-0.800 Y-0.337
G1 X-0.800 Y-0.291
G1 X-0.800 Y-0.245
G1 X-0.800 Y-0.200
G1 X-0.800 Y-0.158
G1 X-0.800 Y-0.122
G1 X-0.800 Y-0.090
G1 X-0.800 Y-0.064
G1 X-0.800 Y-0.041
G1 X-0.800 Y-0.021
G1 X-0.800 Y-0.005
G1 X-0.800 Y0.011
G1 X-0.800 Y0.026
G1 X-0.800 Y0.043
G1 X-0.800 Y0.060
G1 X-0.800 Y0.078
G1 X-0.800 Y0.096
G1 X-0.800 Y0.115
G1 X-0.800 Y0.132
G1 X-0.800 Y0.147
G1 X-0.800 Y0.159
G1 X-0.800 Y0.167
G1 X-0.800 Y0.168
G1 X-0.800 Y0.164
G1 X-0.800 Y0.155
G1 X-0.800 Y0.140
G1 X-0.800 Y0.120
G1 X-0.800 Y0.094
G1 X-0.800 Y0.064
G1 X-0.800 Y0.032
G1 X-0.800 Y-0.003
G1 X-0.800 Y-0.040
G1 X-0.800 Y-0.076
G1 X-0.800 Y-0.113
G1 X-0.800 Y-0.147
G1 X-0.800 Y-0.178
G1 X-0.800 Y-0.204
G1 X-0.800 Y-0.222
G1 X-0.800 Y-0.233
G1 X0.000 Y14.658
G1 X0.800 Y0.159
G1 X0.800 Y0.127
G1 X0.800 Y0.098
G1 X0.800 Y0.072
G1 X0.800 Y0.052
G1 X0.800 Y0.035
G1 X0.800 Y0.021
G1 X0.800 Y0.009
G1 X0.800 Y-0.002
G1 X0.800 Y-0.013
G1 X0.800 Y-0.024
G1 X0.800 Y-0.037
G1 X0.800 Y-0.054
G1 X0.800 Y-0.071
G1 X0.800 Y-0.091
G1 X0.800 Y-0.113
G1 X0.800 Y-0.135
G1 X0.800 Y-0.157
G1 X0.800 Y-0.176
G1 X0.800 Y-0.192
G1 X0.800 Y-0.203
G1 X0.800 Y-0.209
G1 X0.800 Y-0.208
G1 X0.800 Y-0.201
G1 X0.800 Y-0.188
G1 X0.800 Y-0.168
G1 X0.800 Y-0.144
G1 X0.800 Y-0.114
G1 X0.800 Y-0.082
G1 X0.800 Y-0.046
G1 X0.800 Y-0.009
G1 X0.800 Y0.030
G1 X0.800 Y0.069
G1 X0.800 Y0.107
G1 X0.800 Y0.145
G1 X0.800 Y0.180
G1 X0.800 Y0.210
G1 X0.800 Y0.234
G1 X0.800 Y0.253
G1 X0.800 Y0.260
G1 X0.800 Y0.260
G1 X0.800 Y0.248
G1 X0.800 Y0.226
G1 X0.800 Y0.194
G1 X0.800 Y0.156
G1 X0.800 Y0.111
G1 X0.800 Y0.065
G1 X0.800 Y0.019
G1 X0.800 Y-0.023
G1 X0.800 Y-0.057
G1 X0.800 Y-0.085
G1 X0.800 Y-0.102
G1 X0.800 Y-0.109
G1 X0.800 Y-0.108
G1 X0.800 Y-0.097
G1 X0.800 Y-0.079
G1 X0.800 Y-0.056
G1 X0.800 Y-0.029
G1 X0.800 Y-0.001
G1 X0.800 Y0.029
G1 X0.800 Y0.057
G1 X0.800 Y0.079
G1 X0.800 Y0.098
G1 X0.800 Y0.108
G1 X0.800 Y0.110
G1 X0.800 Y0.103
G1 X0.800 Y0.084
G1 X0.800 Y0.057
G1 X0.800 Y0.021
G1 X0.800 Y-0.023
G1 X0.800 Y-0.071
G1 X0.800 Y-0.121
G1 X0.800 Y-0.169
G1 X0.800 Y-0.212
G1 X0.800 Y-0.248
G1 X0.800 Y-0.275
G1 X0.800 Y-0.292
G1 X0.800 Y-0.297
G1 X0.800 Y-0.294
G1 X0.800 Y-0.280
G1 X0.800 Y-0.260
G1 X0.800 Y-0.234
G1 X0.800 Y-0.205
G1 X0.800 Y-0.172
G1 X0.800 Y-0.139
G1 X0.800 Y-0.105
G1 X0.800 Y-0.074
G1 X0.800 Y-0.043
G1 X0.800 Y-0.014
G1 X0.800 Y0.012
G1 X0.800 Y0.035
G1 X0.800 Y0.055
G1 X0.800 Y0.071
G1 X0.800 Y0.083
G1 X0.800 Y0.091
G1 X0.800 Y0.095
G1 X0.800 Y0.094
G1 X0.800 Y0.089
G1 X0.800 Y0.079
G1 X0.800 Y0.064
G1 X0.800 Y0.048
G1 X0.800 Y0.025
G1 X0.800 Y0.001
G1 X0.800 Y-0.026
G1 X0.800 Y-0.056
G1 X0.800 Y-0.089
G1 X0.800 Y-0.122
G1 X0.800 Y-0.158
G1 X0.800 Y-0.192
G1 X0.800 Y-0.226
G1 X0.800 Y-0.257
G1 X0.800 Y-0.285
G1 X0.800 Y-0.304
G1 X0.800 Y-0.317
G1 X0.800 Y-0.318
G1 X0.800 Y-0.309
G1 X0.800 Y-0.287
G1 X0.800 Y-0.253
G1 X0.800 Y-0.210
G1 X0.800 Y-0.158
G1 X0.800 Y-0.101
G1 X0.800 Y-0.044
G1 X0.800 Y0.011
G1 X0.800 Y0.060
G1 X0.800 Y0.099
G1 X0.800 Y0.128
G1 X0.800 Y0.145
G1 X0.800 Y0.150
G1 X0.800 Y0.142
G1 X0.800 Y0.126
G1 X0.800 Y0.101
G1 X0.800 Y0.069
G1 X0.800 Y0.033
G1 X0.800 Y-0.005
G1 X0.800 Y-0.044
G1 X0.800 Y-0.081
G1 X0.800 Y-0.113
G1 X0.800 Y-0.139
G1 X0.800 Y-0.155
G1 X0.800 Y-0.159
G1 X0.800 Y-0.148
G1 X0.800 Y-0.123
G1 X0.800 Y-0.078
G1 X0.800 Y-0.019
G1 X0.800 Y0.056
G1 X0.800 Y0.143
G1 X0.800 Y0.235
G1 X0.800 Y0.328
G1 X0.800 Y0.415
G1 X0.800 Y0.489
G1 X0.800 Y0.545
G1 X0.800 Y0.579
G1 X0.800 Y0.589
G1 X0.800 Y0.575
G1 X0.800 Y0.539
G1 X0.800 Y0.485
G1 X0.800 Y0.418
G1 X0.800 Y0.344
G1 X0.800 Y0.266
G1 X0.800 Y0.192
G1 X0.800 Y0.123
G1 X0.800 Y0.063
G1 X0.800 Y0.013
G1 X0.800 Y-0.024
G1 X0.800 Y-0.051
G1 X0.800 Y-0.067
G1 X0.800 Y-0.073
G1 X0.800 Y-0.073
G1 X0.800 Y-0.064
G1 X0.800 Y-0.052
G1 X0.800 Y-0.035
G1 X0.800 Y-0.017
G1 X0.800 Y0.001
G1 X0.800 Y0.019
G1 X0.800 Y0.035
G1 X0.800 Y0.049
G1 X0.800 Y0.058
G1 X0.800 Y0.063
G1 X0.800 Y0.064
G1 X0.800 Y0.060
G1 X0.800 Y0.050
G1 X0.800 Y0.036
G1 X0.800 Y0.020
G1 X0.800 Y-0.001
G1 X0.800 Y-0.022
G1 X0.800 Y-0.044
G1 X0.800 Y-0.064
G1 X0.800 Y-0.083
G1 X0.800 Y-0.099
G1 X0.800 Y-0.110
G1 X0.800 Y-0.118
G1 X0.800 Y-0.121
G1 X0.800 Y-0.121
G1 X0.800 Y-0.116
G1 X0.800 Y-0.109
G1 X0.800 Y-0.099
G1 X0.800 Y-0.087
G1 X0.800 Y-0.075
G1 X0.800 Y-0.062
G1 X0.800 Y-0.049
G1 X0.800 Y-0.038
G1 X0.800 Y-0.028
G1 X0.800 Y-0.021
G1 X0.800 Y-0.014
G1 X0.800 Y-0.012
G1 X0.800 Y-0.011
G1 X0.800 Y-0.014
G1 X0.800 Y-0.020
G1 X0.800 Y-0.029
G1 X0.800 Y-0.041
G1 X0.800 Y-0.055
G1 X0.800 Y-0.074
G1 X0.800 Y-0.096
G1 X0.800 Y-0.120
G1 X0.800 Y-0.148
G1 X0.800 Y-0.178
G1 X0.800 Y-0.210
G1 X0.800 Y-0.244
G1 X0.800 Y-0.278
G1 X0.800 Y-0.309
G1 X0.800 Y-0.337
G1 X0.800 Y-0.359
G1 X0.800 Y-0.373
G1 X0.800 Y-0.374
G1 X0.800 Y-0.365
G1 X0.000 Y8.830
G1 X-0.800 Y0.160
G1 X-0.800 Y0.232
G1 X-0.800 Y0.298
G1 X-0.800 Y0.354
G1 X-0.800 Y0.398
G1 X-0.800 Y0.426
G1 X-0.800 Y0.440
G1 X-0.800 Y0.440
G1 X-0.800 Y0.428
G1 X-0.800 Y0.406
G1 X-0.800 Y0.376
G1 X-0.800 Y0.341
G1 X-0.800 Y0.304
G1 X-0.800 Y0.267
G1 X-0.800 Y0.229
G1 X-0.800 Y0.195
G1 X-0.800 Y0.163
G1 X-0.800 Y0.135
G1 X-0.800 Y0.111
G1 X-0.800 Y0.091
G1 X-0.800 Y0.073
G1 X-0.800 Y0.058
G1 X-0.800 Y0.046
G1 X-0.800 Y0.037
G1 X-0.800 Y0.029
G1 X-0.800 Y0.022
G1 X-0.800 Y0.017
G1 X-0.800 Y0.014
G1 X-0.800 Y0.010
G1 X-0.800 Y0.007
G1 X-0.800 Y0.006
G1 X-0.800 Y0.005
G1 X-0.800 Y0.003
G1 X-0.800 Y0.003
G1 X-0.800 Y0.002
G1 X-0.800 Y0.002
G1 X-0.800 Y0.001
G1 X-0.800 Y0.002
G1 X-0.800 Y0.001
G1 X-0.800 Y0.001
G1 X-0.800 Y0.000
G1 X-0.800 Y0.000
G1 X-0.800 Y-0.001
G1 X-0.800 Y-0.002
G1 X-0.800 Y-0.003
G1 X-0.800 Y-0.005
G1 X-0.800 Y-0.007
G1 X-0.800 Y-0.010
G1 X-0.800 Y-0.013
G1 X-0.800 Y-0.016
G1 X-0.800 Y-0.020
G1 X-0.800 Y-0.026
G1 X-0.800 Y-0.031
G1 X-0.800 Y-0.038
G1 X-0.800 Y-0.046
G1 X-0.800 Y-0.055
G1 X-0.800 Y-0.065
G1 X-0.800 Y-0.076
G1 X-0.800 Y-0.088
G1 X-0.800 Y-0.101
G1 X-0.800 Y-0.115
G1 X-0.800 Y-0.129
G1 X-0.800 Y-0.144
G1 X-0.800 Y-0.158
G1 X-0.800 Y-0.172
G1 X-0.800 Y-0.184
G1 X-0.800 Y-0.195
G1 X-0.800 Y-0.203
G1 X-0.800 Y-0.211
G1 X-0.800 Y-0.214
G1 X-0.800 Y-0.216
G1 X-0.800 Y-0.214
G1 X-0.800 Y-0.208
G1 X-0.800 Y-0.201
G1 X-0.800 Y-0.190
G1 X-0.800 Y-0.177
G1 X-0.800 Y-0.163
G1 X-0.800 Y-0.145
G1 X-0.800 Y-0.128
G1 X-0.800 Y-0.109
G1 X-0.800 Y-0.089
G1 X-0.800 Y-0.070
G1 X-0.800 Y-0.049
G1 X-0.800 Y-0.028
G1 X-0.800 Y-0.009
G1 X-0.800 Y0.012
G1 X-0.800 Y0.033
G1 X-0.800 Y0.052
G1 X-0.800 Y0.072
G1 X-0.800 Y0.091
G1 X-0.800 Y0.109
G1 X-0.800 Y0.127
G1 X-0.800 Y0.142
G1 X-0.800 Y0.157
G1 X-0.800 Y0.168
G1 X-0.800 Y0.177
G1 X-0.800 Y0.183
G1 X-0.800 Y0.185
G1 X-0.800 Y0.185
G1 X-0.800 Y0.181
G1 X-0.800 Y0.174
G1 X-0.800 Y0.164
G1 X-0.800 Y0.152
G1 X-0.800 Y0.137
G1 X-0.800 Y0.120
G1 X-0.800 Y0.103
G1 X-0.800 Y0.085
G1 X-0.800 Y0.066
G1 X-0.800 Y0.046
G1 X-0.800 Y0.027
G1 X-0.800 Y0.007
G1 X-0.800 Y-0.012
G1 X-0.800 Y-0.032
G1 X-0.800 Y-0.050
G1 X-0.800 Y-0.070
G1 X-0.800 Y-0.088
G1 X-0.800 Y-0.105
G1 X-0.800 Y-0.121
G1 X-0.800 Y-0.134
G1 X-0.800 Y-0.147
G1 X-0.800 Y-0.156
G1 X-0.800 Y-0.162
G1 X-0.800 Y-0.163
G1 X-0.800 Y-0.162
G1 X-0.800 Y-0.157
G1 X-0.800 Y-0.147
G1 X-0.800 Y-0.133
G1 X-0.800 Y-0.117
G1 X-0.800 Y-0.096
G1 X-0.800 Y-0.073
G1 X-0.800 Y-0.048
G1 X-0.800 Y-0.020
G1 X-0.800 Y0.010
G1 X-0.800 Y0.041
G1 X-0.800 Y0.075
G1 X-0.800 Y0.108
G1 X-0.800 Y0.144
G1 X-0.800 Y0.178
G1 X-0.800 Y0.212
G1 X-0.800 Y0.244
G1 X-0.800 Y0.272
G1 X-0.800 Y0.294
G1 X-0.800 Y0.309
G1 X-0.800 Y0.315
G1 X-0.800 Y0.311
G1 X-0.800 Y0.296
G1 X-0.800 Y0.269
G1 X-0.800 Y0.231
G1 X-0.800 Y0.186
G1 X-0.800 Y0.134
G1 X-0.800 Y0.078
G1 X-0.800 Y0.022
G1 X-0.800 Y-0.031
G1 X-0.800 Y-0.077
G1 X-0.800 Y-0.115
G1 X-0.800 Y-0.144
G1 X-0.800 Y-0.160
G1 X-0.800 Y-0.168
G1 X-0.800 Y-0.164
G1 X-0.800 Y-0.153
G1 X-0.800 Y-0.133
G1 X-0.800 Y-0.108
G1 X-0.800 Y-0.078
G1 X-0.800 Y-0.047
G1 X-0.800 Y-0.013
G1 X-0.800 Y0.019
G1 X-0.800 Y0.051
G1 X-0.800 Y0.080
G1 X-0.800 Y0.104
G1 X-0.800 Y0.124
G1 X-0.800 Y0.137
G1 X-0.800 Y0.146
G1 X-0.800 Y0.146
G1 X-0.800 Y0.140
G1 X-0.800 Y0.127
G1 X-0.800 Y0.110
G1 X-0.800 Y0.088
G1 X-0.800 Y0.064
G1 X-0.800 Y0.039
G1 X-0.800 Y0.016
G1 X-0.800 Y-0.006
G1 X-0.800 Y-0.023
G1 X-0.800 Y-0.035
G1 X-0.800 Y-0.041
G1 X-0.800 Y-0.043
G1 X-0.800 Y-0.039
G1 X-0.800 Y-0.030
G1 X-0.800 Y-0.020
G1 X-0.800 Y-0.005
G1 X-0.800 Y0.008
G1 X-0.800 Y0.022
G1 X-0.800 Y0.033
G1 X-0.800 Y0.041
G1 X-0.800 Y0.044
G1 X-0.800 Y0.042
G1 X-0.800 Y0.033
G1 X-0.800 Y0.018
G1 X-0.800 Y-0.004
G1 X-0.800 Y-0.031
G1 X-0.800 Y-0.062
G1 X-0.800 Y-0.096
G1 X-0.800 Y-0.129
G1 X-0.800 Y-0.160
G1 X-0.800 Y-0.188
G1 X-0.800 Y-0.210
G1 X-0.800 Y-0.224
G1 X-0.800 Y-0.230
G1 X-0.800 Y-0.228
G1 X-0.800 Y-0.219
G1 X-0.800 Y-0.201
G1 X-0.800 Y-0.178
G1 X-0.800 Y-0.149
G1 X-0.800 Y-0.116
G1 X-0.800 Y-0.080
G1 X-0.800 Y-0.042
G1 X-0.800 Y-0.004
G1 X-0.800 Y0.036
G1 X-0.800 Y0.074
G1 X-0.800 Y0.111
G1 X-0.800 Y0.145
G1 X-0.800 Y0.176
G1 X-0.800 Y0.201
G1 X-0.800 Y0.221
G1 X-0.800 Y0.234
G1 X-0.800 Y0.237
G1 X0.000 Y8.947
G1 X0.800 Y-0.342
G1 X0.800 Y-0.334
G1 X0.800 Y-0.317
G1 X0.800 Y-0.292
G1 X0.800 Y-0.263
G1 X0.800 Y-0.228
G1 X0.800 Y-0.191
G1 X0.800 Y-0.153
G1 X0.800 Y-0.114
G1 X0.800 Y-0.074
G1 X0.800 Y-0.035
G1 X0.800 Y0.004
G1 X0.800 Y0.043
G1 X0.800 Y0.084
G1 X0.800 Y0.125
G1 X0.800 Y0.166
G1 X0.800 Y0.206
G1 X0.800 Y0.246
G1 X0.800 Y0.284
G1 X0.800 Y0.315
G1 X0.800 Y0.342
G1 X0.800 Y0.360
G1 X0.800 Y0.366
G1 X0.800 Y0.363
G1 X0.800 Y0.346
G1 X0.800 Y0.319
G1 X0.800 Y0.281
G1 X0.800 Y0.235
G1 X0.800 Y0.184
G1 X0.800 Y0.132
G1 X0.800 Y0.079
G1 X0.800 Y0.032
G1 X0.800 Y-0.010
G1 X0.800 Y-0.042
G1 X0.800 Y-0.067
G1 X0.800 Y-0.082
G1 X0.800 Y-0.088
G1 X0.800 Y-0.086
G1 X0.800 Y-0.078
G1 X0.800 Y-0.064
G1 X0.800 Y-0.046
G1 X0.800 Y-0.027
G1 X0.800 Y-0.006
G1 X0.800 Y0.014
G1 X0.800 Y0.033
G1 X0.800 Y0.048
G1 X0.800 Y0.061
G1 X0.800 Y0.069
G1 X0.800 Y0.073
G1 X0.800 Y0.072
G1 X0.800 Y0.068
G1 X0.800 Y0.058
G1 X0.800 Y0.047
G1 X0.800 Y0.032
G1 X0.800 Y0.018
G1 X0.800 Y0.004
G1 X0.800 Y-0.010
G1 X0.800 Y-0.021
G1 X0.800 Y-0.029
G1 X0.800 Y-0.033
G1 X0.800 Y-0.034
G1 X0.800 Y-0.031
G1 X0.800 Y-0.025
G1 X0.800 Y-0.017
G1 X0.800 Y-0.006
G1 X0.800 Y0.005
G1 X0.800 Y0.017
G1 X0.800 Y0.026
G1 X0.800 Y0.033
G1 X0.800 Y0.037
G1 X0.800 Y0.036
G1 X0.800 Y0.030
G1 X0.800 Y0.019
G1 X0.800 Y0.001
G1 X0.800 Y-0.023
G1 X0.800 Y-0.051
G1 X0.800 Y-0.084
G1 X0.800 Y-0.119
G1 X0.800 Y-0.154
G1 X0.800 Y-0.190
G1 X0.800 Y-0.222
G1 X0.800 Y-0.249
G1 X0.800 Y-0.271
G1 X0.800 Y-0.285
G1 X0.800 Y-0.291
G1 X0.800 Y-0.291
G1 X0.800 Y-0.284
G1 X0.800 Y-0.269
G1 X0.800 Y-0.249
G1 X0.800 Y-0.226
G1 X0.800 Y-0.199
G1 X0.800 Y-0.170
G1 X0.800 Y-0.140
G1 X0.800 Y-0.109
G1 X0.800 Y-0.079
G1 X0.800 Y-0.048
G1 X0.800 Y-0.017
G1 X0.800 Y0.011
G1 X0.800 Y0.040
G1 X0.800 Y0.068
G1 X0.800 Y0.095
G1 X0.800 Y0.121
G1 X0.800 Y0.146
G1 X0.800 Y0.167
G1 X0.800 Y0.188
G1 X0.800 Y0.204
G1 X0.800 Y0.219
G1 X0.800 Y0.229
G1 X0.800 Y0.234
G1 X0.800 Y0.237
G1 X0.800 Y0.234
G1 X0.800 Y0.228
G1 X0.800 Y0.218
G1 X0.800 Y0.204
G1 X0.800 Y0.189
G1 X0.800 Y0.172
G1 X0.800 Y0.152
G1 X0.800 Y0.134
G1 X0.800 Y0.115
G1 X0.800 Y0.097
G1 X0.800 Y0.080
G1 X0.800 Y0.065
G1 X0.800 Y0.051
G1 X0.800 Y0.039
G1 X0.800 Y0.030
G1 X0.800 Y0.021
G1 X0.800 Y0.015
G1 X0.800 Y0.009
G1 X0.800 Y0.006
G1 X0.800 Y0.003
G1 X0.800 Y0.001
G1 X0.800 Y0.000
G1 X0.800 Y-0.001
G1 X0.800 Y-0.001
G1 X0.800 Y-0.002
G1 X0.800 Y-0.001
G1 X0.800 Y-0.001
G1 X0.800 Y-0.001
G1 X0.800 Y-0.001
G1 X0.800 Y-0.001
G1 X0.800 Y0.000
G1 X0.800 Y-0.001
G1 X0.800 Y-0.001
G1 X0.800 Y0.000
G1 X0.800 Y-0.001
G1 X0.800 Y-0.002
G1 X0.800 Y-0.001
G1 X0.800 Y-0.002
G1 X0.800 Y-0.002
G1 X0.800 Y-0.003
G1 X0.800 Y-0.003
G1 X0.800 Y-0.004
G1 X0.800 Y-0.005
G1 X0.800 Y-0.005
G1 X0.800 Y-0.007
G1 X0.800 Y-0.008
G1 X0.800 Y-0.008
G1 X0.800 Y-0.010
G1 X0.800 Y-0.011
G1 X0.800 Y-0.012
G1 X0.800 Y-0.012
G1 X0.800 Y-0.014
G1 X0.800 Y-0.015
G1 X0.800 Y-0.016
G1 X0.800 Y-0.016
G1 X0.800 Y-0.016
G1 X0.800 Y-0.017
G1 X0.800 Y-0.017
G1 X0.800 Y-0.016
G1 X0.800 Y-0.016
G1 X0.800 Y-0.015
G1 X0.800 Y-0.014
G1 X0.800 Y-0.013
G1 X0.800 Y-0.011
G1 X0.800 Y-0.010
G1 X0.800 Y-0.007
G1 X0.800 Y-0.005
G1 X0.800 Y-0.002
G1 X0.800 Y0.001
G1 X0.800 Y0.004
G1 X0.800 Y0.007
G1 X0.800 Y0.011
G1 X0.800 Y0.014
G1 X0.800 Y0.018
G1 X0.800 Y0.021
G1 X0.800 Y0.025
G1 X0.800 Y0.027
G1 X0.800 Y0.029
G1 X0.800 Y0.031
G1 X0.800 Y0.032
G1 X0.800 Y0.030
G1 X0.800 Y0.029
G1 X0.800 Y0.024
G1 X0.800 Y0.017
G1 X0.800 Y0.007
G1 X0.800 Y-0.006
G1 X0.800 Y-0.022
G1 X0.800 Y-0.043
G1 X0.800 Y-0.067
G1 X0.800 Y-0.097
G1 X0.800 Y-0.130
G1 X0.800 Y-0.168
G1 X0.800 Y-0.208
G1 X0.800 Y-0.252
G1 X0.800 Y-0.295
G1 X0.800 Y-0.339
G1 X0.800 Y-0.379
G1 X0.800 Y-0.415
G1 X0.800 Y-0.444
G1 X0.800 Y-0.463
G1 X0.800 Y-0.471
G1 X0.800 Y-0.465
G1 X0.800 Y-0.447
G1 X0.800 Y-0.415
G1 X0.800 Y-0.370
G1 X0.800 Y-0.315
G1 X0.800 Y-0.251
G1 X0.800 Y-0.182
G1 X0.800 Y-0.112
G1 X0.800 Y-0.043
G1 X0.800 Y0.020
G1 X0.800 Y0.074
G1 X0.800 Y0.119
G1 X0.800 Y0.153
G1 X0.800 Y0.173
G1 X0.000 Y5.502
G1 X-0.800 Y-0.128
G1 X-0.800 Y-0.144
G1 X-0.800 Y-0.153
G1 X-0.800 Y-0.154
G1 X-0.800 Y-0.147
G1 X-0.800 Y-0.129
G1 X-0.800 Y-0.101
G1 X-0.800 Y-0.066
G1 X-0.800 Y-0.020
G1 X-0.800 Y0.032
G1 X-0.800 Y0.090
G1 X-0.800 Y0.150
G1 X-0.800 Y0.211
G1 X-0.800 Y0.269
G1 X-0.800 Y0.322
G1 X-0.800 Y0.368
G1 X-0.800 Y0.405
G1 X-0.800 Y0.430
G1 X-0.800 Y0.445
G1 X-0.800 Y0.449
G1 X-0.800 Y0.441
G1 X-0.800 Y0.424
G1 X-0.800 Y0.399
G1 X-0.800 Y0.367
G1 X-0.800 Y0.330
G1 X-0.800 Y0.291
G1 X-0.800 Y0.250
G1 X-0.800 Y0.208
G1 X-0.800 Y0.169
G1 X-0.800 Y0.132
G1 X-0.800 Y0.097
G1 X-0.800 Y0.066
G1 X-0.800 Y0.039
G1 X-0.800 Y0.015
G1 X-0.800 Y-0.004
G1 X-0.800 Y-0.020
G1 X-0.800 Y-0.033
G1 X-0.800 Y-0.043
G1 X-0.800 Y-0.051
G1 X-0.800 Y-0.054
G1 X-0.800 Y-0.058
G1 X-0.800 Y-0.059
G1 X-0.800 Y-0.058
G1 X-0.800 Y-0.057
G1 X-0.800 Y-0.055
G1 X-0.800 Y-0.052
G1 X-0.800 Y-0.048
G1 X-0.800 Y-0.045
G1 X-0.800 Y-0.040
G1 X-0.800 Y-0.036
G1 X-0.800 Y-0.032
G1 X-0.800 Y-0.028
G1 X-0.800 Y-0.024
G1 X-0.800 Y-0.020
G1 X-0.800 Y-0.016
G1 X-0.800 Y-0.013
G1 X-0.800 Y-0.009
G1 X-0.800 Y-0.006
G1 X-0.800 Y-0.004
G1 X-0.800 Y-0.001
G1 X-0.800 Y0.002
G1 X-0.800 Y0.004
G1 X-0.800 Y0.005
G1 X-0.800 Y0.008
G1 X-0.800 Y0.009
G1 X-0.800 Y0.010
G1 X-0.800 Y0.012
G1 X-0.800 Y0.013
G1 X-0.800 Y0.015
G1 X-0.800 Y0.015
G1 X-0.800 Y0.017
G1 X-0.800 Y0.018
G1 X-0.800 Y0.018
G1 X-0.800 Y0.020
G1 X-0.800 Y0.022
G1 X-0.800 Y0.023
G1 X-0.800 Y0.024
G1 X-0.800 Y0.026
G1 X-0.800 Y0.027
G1 X-0.800 Y0.029
G1 X-0.800 Y0.032
G1 X-0.800 Y0.033
G1 X-0.800 Y0.035
G1 X-0.800 Y0.037
G1 X-0.800 Y0.038
G1 X-0.800 Y0.040
G1 X-0.800 Y0.041
G1 X-0.800 Y0.042
G1 X-0.800 Y0.042
G1 X-0.800 Y0.042
G1 X-0.800 Y0.039
G1 X-0.800 Y0.037
G1 X-0.800 Y0.033
G1 X-0.800 Y0.027
G1 X-0.800 Y0.020
G1 X-0.800 Y0.011
G1 X-0.800 Y-0.001
G1 X-0.800 Y-0.013
G1 X-0.800 Y-0.027
G1 X-0.800 Y-0.045
G1 X-0.800 Y-0.062
G1 X-0.800 Y-0.082
G1 X-0.800 Y-0.102
G1 X-0.800 Y-0.123
G1 X-0.800 Y-0.144
G1 X-0.800 Y-0.163
G1 X-0.800 Y-0.182
G1 X-0.800 Y-0.198
G1 X-0.800 Y-0.212
G1 X-0.800 Y-0.222
G1 X-0.800 Y-0.230
G1 X-0.800 Y-0.233
G1 X-0.800 Y-0.232
G1 X-0.800 Y-0.228
G1 X-0.800 Y-0.220
G1 X-0.800 Y-0.208
G1 X-0.800 Y-0.193
G1 X-0.800 Y-0.176
G1 X-0.800 Y-0.157
G1 X-0.800 Y-0.135
G1 X-0.800 Y-0.112
G1 X-0.800 Y-0.089
G1 X-0.800 Y-0.064
G1 X-0.800 Y-0.039
G1 X-0.800 Y-0.014
G1 X-0.800 Y0.012
G1 X-0.800 Y0.038
G1 X-0.800 Y0.065
G1 X-0.800 Y0.089
G1 X-0.800 Y0.116
G1 X-0.800 Y0.140
G1 X-0.800 Y0.163
G1 X-0.800 Y0.185
G1 X-0.800 Y0.204
G1 X-0.800 Y0.221
G1 X-0.800 Y0.232
G1 X-0.800 Y0.241
G1 X-0.800 Y0.244
G1 X-0.800 Y0.242
G1 X-0.800 Y0.236
G1 X-0.800 Y0.225
G1 X-0.800 Y0.209
G1 X-0.800 Y0.190
G1 X-0.800 Y0.169
G1 X-0.800 Y0.147
G1 X-0.800 Y0.124
G1 X-0.800 Y0.102
G1 X-0.800 Y0.081
G1 X-0.800 Y0.063
G1 X-0.800 Y0.046
G1 X-0.800 Y0.034
G1 X-0.800 Y0.023
G1 X-0.800 Y0.015
G1 X-0.800 Y0.008
G1 X-0.800 Y0.004
G1 X-0.800 Y-0.002
G1 X-0.800 Y-0.006
G1 X-0.800 Y-0.012
G1 X-0.800 Y-0.018
G1 X-0.800 Y-0.028
G1 X-0.800 Y-0.039
G1 X-0.800 Y-0.052
G1 X-0.800 Y-0.068
G1 X-0.800 Y-0.084
G1 X-0.800 Y-0.102
G1 X-0.800 Y-0.119
G1 X-0.800 Y-0.135
G1 X-0.800 Y-0.150
G1 X-0.800 Y-0.161
G1 X-0.800 Y-0.169
G1 X-0.800 Y-0.171
G1 X-0.800 Y-0.169
G1 X-0.800 Y-0.161
G1 X-0.800 Y-0.149
G1 X-0.800 Y-0.130
G1 X-0.800 Y-0.109
G1 X-0.800 Y-0.083
G1 X-0.800 Y-0.054
G1 X-0.800 Y-0.022
G1 X-0.800 Y0.012
G1 X-0.800 Y0.047
G1 X-0.800 Y0.082
G1 X-0.800 Y0.117
G1 X-0.800 Y0.149
G1 X-0.800 Y0.179
G1 X-0.800 Y0.204
G1 X-0.800 Y0.222
G1 X-0.800 Y0.232
G1 X-0.800 Y0.231
G1 X-0.800 Y0.221
G1 X-0.800 Y0.197
G1 X-0.800 Y0.162
G1 X-0.800 Y0.114
G1 X-0.800 Y0.057
G1 X-0.800 Y-0.005
G1 X-0.800 Y-0.073
G1 X-0.800 Y-0.139
G1 X-0.800 Y-0.201
G1 X-0.800 Y-0.254
G1 X-0.800 Y-0.298
G1 X-0.800 Y-0.327
G1 X-0.800 Y-0.344
G1 X-0.800 Y-0.347
G1 X-0.800 Y-0.337
G1 X-0.800 Y-0.318
G1 X-0.800 Y-0.289
G1 X-0.800 Y-0.254
G1 X-0.800 Y-0.215
G1 X-0.800 Y-0.174
G1 X-0.800 Y-0.132
G1 X-0.800 Y-0.087
G1 X-0.800 Y-0.045
G1 X-0.800 Y-0.002
G1 X-0.800 Y0.039
G1 X-0.800 Y0.082
G1 X-0.800 Y0.122
G1 X-0.800 Y0.160
G1 X-0.800 Y0.198
G1 X-0.800 Y0.232
G1 X-0.800 Y0.262
G1 X-0.800 Y0.285
G1 X-0.800 Y0.302
G1 X-0.800 Y0.311
G1 X-0.800 Y0.310
G1 X-0.800 Y0.300
G1 X0.000 Y-10.893
G1 X0.800 Y-0.316
G1 X0.800 Y-0.304
G1 X0.800 Y-0.284
G1 X0.800 Y-0.257
G1 X0.800 Y-0.225
G1 X0.800 Y-0.190
G1 X0.800 Y-0.153
G1 X0.800 Y-0.114
G1 X0.800 Y-0.074
G1 X0.800 Y-0.034
G1 X0.800 Y0.007
G1 X0.800 Y0.046
G1 X0.800 Y0.086
G1 X0.800 Y0.127
G1 X0.800 Y0.165
G1 X0.800 Y0.204
G1 X0.800 Y0.238
G1 X0.800 Y0.269
G1 X0.800 Y0.296
G1 X0.800 Y0.313
G1 X0.800 Y0.324
G1 X0.800 Y0.324
G1 X0.800 Y0.314
G1 X0.800 Y0.296
G1 X0.800 Y0.268
G1 X0.800 Y0.233
G1 X0.800 Y0.194
G1 X0.800 Y0.152
G1 X0.800 Y0.111
G1 X0.800 Y0.072
G1 X0.800 Y0.039
G1 X0.800 Y0.010
G1 X0.800 Y-0.011
G1 X0.800 Y-0.024
G1 X0.800 Y-0.032
G1 X0.800 Y-0.032
G1 X0.800 Y-0.028
G1 X0.800 Y-0.021
G1 X0.800 Y-0.010
G1 X0.800 Y0.001
G1 X0.800 Y0.011
G1 X0.800 Y0.021
G1 X0.800 Y0.027
G1 X0.800 Y0.030
G1 X0.800 Y0.029
G1 X0.800 Y0.023
G1 X0.800 Y0.014
G1 X0.800 Y0.000
G1 X0.800 Y-0.015
G1 X0.800 Y-0.032
G1 X0.800 Y-0.051
G1 X0.800 Y-0.067
G1 X0.800 Y-0.082
G1 X0.800 Y-0.093
G1 X0.800 Y-0.099
G1 X0.800 Y-0.101
G1 X0.800 Y-0.097
G1 X0.800 Y-0.088
G1 X0.800 Y-0.075
G1 X0.800 Y-0.056
G1 X0.800 Y-0.035
G1 X0.800 Y-0.011
G1 X0.800 Y0.013
G1 X0.800 Y0.039
G1 X0.800 Y0.063
G1 X0.800 Y0.083
G1 X0.800 Y0.101
G1 X0.800 Y0.113
G1 X0.800 Y0.117
G1 X0.800 Y0.115
G1 X0.800 Y0.104
G1 X0.800 Y0.084
G1 X0.800 Y0.054
G1 X0.800 Y0.018
G1 X0.800 Y-0.025
G1 X0.800 Y-0.073
G1 X0.800 Y-0.121
G1 X0.800 Y-0.169
G1 X0.800 Y-0.214
G1 X0.800 Y-0.251
G1 X0.800 Y-0.282
G1 X0.800 Y-0.302
G1 X0.800 Y-0.312
G1 X0.800 Y-0.314
G1 X0.800 Y-0.305
G1 X0.800 Y-0.289
G1 X0.800 Y-0.266
G1 X0.800 Y-0.239
G1 X0.800 Y-0.208
G1 X0.800 Y-0.176
G1 X0.800 Y-0.141
G1 X0.800 Y-0.108
G1 X0.800 Y-0.074
G1 X0.800 Y-0.041
G1 X0.800 Y-0.010
G1 X0.800 Y0.021
G1 X0.800 Y0.050
G1 X0.800 Y0.078
G1 X0.800 Y0.104
G1 X0.800 Y0.128
G1 X0.800 Y0.150
G1 X0.800 Y0.168
G1 X0.800 Y0.184
G1 X0.800 Y0.196
G1 X0.800 Y0.204
G1 X0.800 Y0.208
G1 X0.800 Y0.208
G1 X0.800 Y0.204
G1 X0.800 Y0.196
G1 X0.800 Y0.187
G1 X0.800 Y0.173
G1 X0.800 Y0.159
G1 X0.800 Y0.144
G1 X0.800 Y0.127
G1 X0.800 Y0.110
G1 X0.800 Y0.095
G1 X0.800 Y0.080
G1 X0.800 Y0.066
G1 X0.800 Y0.052
G1 X0.800 Y0.040
G1 X0.800 Y0.029
G1 X0.800 Y0.019
G1 X0.800 Y0.010
G1 X0.800 Y0.000
G1 X0.800 Y-0.007
G1 X0.800 Y-0.014
G1 X0.800 Y-0.021
G1 X0.800 Y-0.028
G1 X0.800 Y-0.033
G1 X0.800 Y-0.038
G1 X0.800 Y-0.042
G1 X0.800 Y-0.045
G1 X0.800 Y-0.048
G1 X0.800 Y-0.048
G1 X0.800 Y-0.049
G1 X0.800 Y-0.047
G1 X0.800 Y-0.045
G1 X0.800 Y-0.041
G1 X0.800 Y-0.037
G1 X0.800 Y-0.031
G1 X0.800 Y-0.024
G1 X0.800 Y-0.017
G1 X0.800 Y-0.009
G1 X0.800 Y-0.001
G1 X0.800 Y0.008
G1 X0.800 Y0.016
G1 X0.800 Y0.024
G1 X0.800 Y0.031
G1 X0.800 Y0.039
G1 X0.800 Y0.045
G1 X0.800 Y0.051
G1 X0.800 Y0.056
G1 X0.800 Y0.059
G1 X0.800 Y0.061
G1 X0.800 Y0.064
G1 X0.800 Y0.064
G1 X0.800 Y0.063
G1 X0.800 Y0.062
G1 X0.800 Y0.060
G1 X0.800 Y0.057
G1 X0.800 Y0.053
G1 X0.800 Y0.050
G1 X0.800 Y0.046
G1 X0.800 Y0.041
G1 X0.800 Y0.036
G1 X0.800 Y0.033
G1 X0.800 Y0.028
G1 X0.800 Y0.024
G1 X0.800 Y0.020
G1 X0.800 Y0.016
G1 X0.800 Y0.014
G1 X0.800 Y0.010
G1 X0.800 Y0.008
G1 X0.800 Y0.007
G1 X0.800 Y0.004
G1 X0.800 Y0.003
G1 X0.800 Y0.001
G1 X0.800 Y0.001
G1 X0.800 Y0.000
G1 X0.800 Y-0.001
G1 X0.800 Y0.000
G1 X0.800 Y-0.001
G1 X0.800 Y-0.001
G1 X0.800 Y-0.001
G1 X0.800 Y-0.001
G1 X0.800 Y0.000
G1 X0.800 Y0.000
G1 X0.800 Y0.000
G1 X0.800 Y0.001
G1 X0.800 Y0.001
G1 X0.800 Y0.001
G1 X0.800 Y0.001
G1 X0.800 Y0.001
G1 X0.800 Y-0.001
G1 X0.800 Y-0.002
G1 X0.800 Y-0.005
G1 X0.800 Y-0.010
G1 X0.800 Y-0.016
G1 X0.800 Y-0.024
G1 X0.800 Y-0.034
G1 X0.800 Y-0.048
G1 X0.800 Y-0.066
G1 X0.800 Y-0.086
G1 X0.800 Y-0.112
G1 X0.800 Y-0.140
G1 X0.800 Y-0.174
G1 X0.800 Y-0.210
G1 X0.800 Y-0.250
G1 X0.800 Y-0.292
G1 X0.800 Y-0.333
G1 X0.800 Y-0.373
G1 X0.800 Y-0.408
G1 X0.800 Y-0.438
G1 X0.800 Y-0.457
G1 X0.800 Y-0.465
G1 X0.800 Y-0.461
G1 X0.800 Y-0.441
G1 X0.800 Y-0.407
G1 X0.800 Y-0.359
G1 X0.800 Y-0.300
G1 X0.800 Y-0.231
G1 X0.800 Y-0.158
G1 X0.800 Y-0.083
G1 X0.800 Y-0.012
G1 X0.800 Y0.052
G1 X0.000 Y-9.430
G1 X-0.800 Y0.316
G1 X-0.800 Y0.359
G1 X-0.800 Y0.391
G1 X-0.800 Y0.405
G1 X-0.800 Y0.409
G1 X-0.800 Y0.398
G1 X-0.800 Y0.379
G1 X-0.800 Y0.352
G1 X-0.800 Y0.320
G1 X-0.800 Y0.286
G1 X-0.800 Y0.250
G1 X-0.800 Y0.216
G1 X-0.800 Y0.184
G1 X-0.800 Y0.155
G1 X-0.800 Y0.128
G1 X-0.800 Y0.105
G1 X-0.800 Y0.084
G1 X-0.800 Y0.068
G1 X-0.800 Y0.053
G1 X-0.800 Y0.041
G1 X-0.800 Y0.032
G1 X-0.800 Y0.025
G1 X-0.800 Y0.019
G1 X-0.800 Y0.015
G1 X-0.800 Y0.014
G1 X-0.800 Y0.013
G1 X-0.800 Y0.014
G1 X-0.800 Y0.016
G1 X-0.800 Y0.019
G1 X-0.800 Y0.022
G1 X-0.800 Y0.027
G1 X-0.800 Y0.031
G1 X-0.800 Y0.035
G1 X-0.800 Y0.039
G1 X-0.800 Y0.042
G1 X-0.800 Y0.044
G1 X-0.800 Y0.046
G1 X-0.800 Y0.047
G1 X-0.800 Y0.046
G1 X-0.800 Y0.044
G1 X-0.800 Y0.041
G1 X-0.800 Y0.038
G1 X-0.800 Y0.034
G1 X-0.800 Y0.030
G1 X-0.800 Y0.025
G1 X-0.800 Y0.020
G1 X-0.800 Y0.016
G1 X-0.800 Y0.011
G1 X-0.800 Y0.008
G1 X-0.800 Y0.004
G1 X-0.800 Y0.000
G1 X-0.800 Y-0.003
G1 X-0.800 Y-0.008
G1 X-0.800 Y-0.014
G1 X-0.800 Y-0.021
G1 X-0.800 Y-0.030
G1 X-0.800 Y-0.042
G1 X-0.800 Y-0.057
G1 X-0.800 Y-0.075
G1 X-0.800 Y-0.096
G1 X-0.800 Y-0.122
G1 X-0.800 Y-0.151
G1 X-0.800 Y-0.182
G1 X-0.800 Y-0.216
G1 X-0.800 Y-0.250
G1 X-0.800 Y-0.284
G1 X-0.800 Y-0.315
G1 X-0.800 Y-0.344
G1 X-0.800 Y-0.366
G1 X-0.800 Y-0.382
G1 X-0.800 Y-0.389
G1 X-0.800 Y-0.389
G1 X-0.800 Y-0.378
G1 X-0.800 Y-0.361
G1 X-0.800 Y-0.335
G1 X-0.800 Y-0.304
G1 X-0.800 Y-0.267
G1 X-0.800 Y-0.230
G1 X-0.800 Y-0.190
G1 X-0.800 Y-0.154
G1 X-0.800 Y-0.119
G1 X-0.800 Y-0.089
G1 X-0.800 Y-0.064
G1 X-0.800 Y-0.043
G1 X-0.800 Y-0.028
G1 X-0.800 Y-0.017
G1 X-0.800 Y-0.009
G1 X-0.800 Y-0.004
G1 X-0.800 Y0.000
G1 X-0.800 Y0.003
G1 X-0.800 Y0.008
G1 X-0.800 Y0.015
G1 X-0.800 Y0.024
G1 X-0.800 Y0.038
G1 X-0.800 Y0.055
G1 X-0.800 Y0.076
G1 X-0.800 Y0.102
G1 X-0.800 Y0.128
G1 X-0.800 Y0.157
G1 X-0.800 Y0.186
G1 X-0.800 Y0.213
G1 X-0.800 Y0.238
G1 X-0.800 Y0.256
G1 X-0.800 Y0.271
G1 X-0.800 Y0.277
G1 X-0.800 Y0.278
G1 X-0.800 Y0.272
G1 X-0.800 Y0.261
G1 X-0.800 Y0.242
G1 X-0.800 Y0.221
G1 X-0.800 Y0.197
G1 X-0.800 Y0.169
G1 X-0.800 Y0.141
G1 X-0.800 Y0.112
G1 X-0.800 Y0.084
G1 X-0.800 Y0.056
G1 X-0.800 Y0.029
G1 X-0.800 Y0.003
G1 X-0.800 Y-0.021
G1 X-0.800 Y-0.043
G1 X-0.800 Y-0.063
G1 X-0.800 Y-0.082
G1 X-0.800 Y-0.096
G1 X-0.800 Y-0.108
G1 X-0.800 Y-0.117
G1 X-0.800 Y-0.121
G1 X-0.800 Y-0.121
G1 X-0.800 Y-0.118
G1 X-0.800 Y-0.110
G1 X-0.800 Y-0.097
G1 X-0.800 Y-0.082
G1 X-0.800 Y-0.063
G1 X-0.800 Y-0.040
G1 X-0.800 Y-0.015
G1 X-0.800 Y0.013
G1 X-0.800 Y0.043
G1 X-0.800 Y0.075
G1 X-0.800 Y0.109
G1 X-0.800 Y0.143
G1 X-0.800 Y0.177
G1 X-0.800 Y0.211
G1 X-0.800 Y0.241
G1 X-0.800 Y0.268
G1 X-0.800 Y0.289
G1 X-0.800 Y0.303
G1 X-0.800 Y0.306
G1 X-0.800 Y0.300
G1 X-0.800 Y0.283
G1 X-0.800 Y0.253
G1 X-0.800 Y0.213
G1 X-0.800 Y0.167
G1 X-0.800 Y0.112
G1 X-0.800 Y0.057
G1 X-0.800 Y0.002
G1 X-0.800 Y-0.048
G1 X-0.800 Y-0.092
G1 X-0.800 Y-0.126
G1 X-0.800 Y-0.149
G1 X-0.800 Y-0.161
G1 X-0.800 Y-0.163
G1 X-0.800 Y-0.154
G1 X-0.800 Y-0.137
G1 X-0.800 Y-0.113
G1 X-0.800 Y-0.083
G1 X-0.800 Y-0.051
G1 X-0.800 Y-0.016
G1 X-0.800 Y0.019
G1 X-0.800 Y0.052
G1 X-0.800 Y0.084
G1 X-0.800 Y0.110
G1 X-0.800 Y0.131
G1 X-0.800 Y0.145
G1 X-0.800 Y0.152
G1 X-0.800 Y0.151
G1 X-0.800 Y0.140
G1 X-0.800 Y0.121
G1 X-0.800 Y0.096
G1 X-0.800 Y0.065
G1 X-0.800 Y0.031
G1 X-0.800 Y-0.005
G1 X-0.800 Y-0.038
G1 X-0.800 Y-0.069
G1 X-0.800 Y-0.093
G1 X-0.800 Y-0.110
G1 X-0.800 Y-0.121
G1 X-0.800 Y-0.122
G1 X-0.800 Y-0.116
G1 X-0.800 Y-0.105
G1 X-0.800 Y-0.086
G1 X-0.800 Y-0.063
G1 X-0.800 Y-0.038
G1 X-0.800 Y-0.010
G1 X-0.800 Y0.017
G1 X-0.800 Y0.043
G1 X-0.800 Y0.068
G1 X-0.800 Y0.088
G1 X-0.800 Y0.103
G1 X-0.800 Y0.113
G1 X-0.800 Y0.117
G1 X-0.800 Y0.113
G1 X-0.800 Y0.103
G1 X-0.800 Y0.087
G1 X-0.800 Y0.067
G1 X-0.800 Y0.042
G1 X-0.800 Y0.017
G1 X-0.800 Y-0.010
G1 X-0.800 Y-0.033
G1 X-0.800 Y-0.053
G1 X-0.800 Y-0.069
G1 X-0.800 Y-0.078
G1 X-0.800 Y-0.082
G1 X-0.800 Y-0.078
G1 X-0.800 Y-0.069
G1 X-0.800 Y-0.056
G1 X-0.800 Y-0.037
G1 X-0.800 Y-0.018
G1 X-0.800 Y0.005
G1 X-0.800 Y0.026
G1 X-0.800 Y0.047
G1 X-0.800 Y0.063
G1 X-0.800 Y0.077
G1 X-0.800 Y0.084
G1 X-0.800 Y0.084
G1 X-0.800 Y0.078
G1 X-0.800 Y0.063
G1 X0.000 Y-13.128
G1 X0.800 Y0.276
G1 X0.800 Y0.245
G1 X0.800 Y0.210
G1 X0.800 Y0.173
G1 X0.800 Y0.137
G1 X0.800 Y0.099
G1 X0.800 Y0.063
G1 X0.800 Y0.027
G1 X0.800 Y-0.006
G1 X0.800 Y-0.040
G1 X0.800 Y-0.072
G1 X0.800 Y-0.102
G1 X0.800 Y-0.131
G1 X0.800 Y-0.158
G1 X0.800 Y-0.181
G1 X0.800 Y-0.200
G1 X0.800 Y-0.215
G1 X0.800 Y-0.224
G1 X0.800 Y-0.227
G1 X0.800 Y-0.225
G1 X0.800 Y-0.217
G1 X0.800 Y-0.203
G1 X0.800 Y-0.184
G1 X0.800 Y-0.162
G1 X0.800 Y-0.136
G1 X0.800 Y-0.109
G1 X0.800 Y-0.080
G1 X0.800 Y-0.050
G1 X0.800 Y-0.018
G1 X0.800 Y0.015
G1 X0.800 Y0.049
G1 X0.800 Y0.086
G1 X0.800 Y0.122
G1 X0.800 Y0.163
G1 X0.800 Y0.203
G1 X0.800 Y0.244
G1 X0.800 Y0.283
G1 X0.800 Y0.320
G1 X0.800 Y0.351
G1 X0.800 Y0.373
G1 X0.800 Y0.385
G1 X0.800 Y0.387
G1 X0.800 Y0.374
G1 X0.800 Y0.350
G1 X0.800 Y0.315
G1 X0.800 Y0.270
G1 X0.800 Y0.220
G1 X0.800 Y0.167
G1 X0.800 Y0.116
G1 X0.800 Y0.069
G1 X0.800 Y0.029
G1 X0.800 Y-0.001
G1 X0.800 Y-0.023
G1 X0.800 Y-0.035
G1 X0.800 Y-0.039
G1 X0.800 Y-0.034
G1 X0.800 Y-0.025
G1 X0.800 Y-0.011
G1 X0.800 Y0.003
G1 X0.800 Y0.018
G1 X0.800 Y0.029
G1 X0.800 Y0.035
G1 X0.800 Y0.037
G1 X0.800 Y0.031
G1 X0.800 Y0.017
G1 X0.800 Y-0.005
G1 X0.800 Y-0.035
G1 X0.800 Y-0.069
G1 X0.800 Y-0.108
G1 X0.800 Y-0.149
G1 X0.800 Y-0.189
G1 X0.800 Y-0.223
G1 X0.800 Y-0.254
G1 X0.800 Y-0.274
G1 X0.800 Y-0.288
G1 X0.800 Y-0.290
G1 X0.800 Y-0.285
G1 X0.800 Y-0.271
G1 X0.800 Y-0.251
G1 X0.800 Y-0.226
G1 X0.800 Y-0.196
G1 X0.800 Y-0.165
G1 X0.800 Y-0.132
G1 X0.800 Y-0.100
G1 X0.800 Y-0.069
G1 X0.800 Y-0.039
G1 X0.800 Y-0.012
G1 X0.800 Y0.014
G1 X0.800 Y0.036
G1 X0.800 Y0.054
G1 X0.800 Y0.070
G1 X0.800 Y0.080
G1 X0.800 Y0.086
G1 X0.800 Y0.087
G1 X0.800 Y0.084
G1 X0.800 Y0.076
G1 X0.800 Y0.062
G1 X0.800 Y0.044
G1 X0.800 Y0.023
G1 X0.800 Y-0.004
G1 X0.800 Y-0.034
G1 X0.800 Y-0.067
G1 X0.800 Y-0.103
G1 X0.800 Y-0.142
G1 X0.800 Y-0.181
G1 X0.800 Y-0.221
G1 X0.800 Y-0.258
G1 X0.800 Y-0.292
G1 X0.800 Y-0.319
G1 X0.800 Y-0.336
G1 X0.800 Y-0.340
G1 X0.800 Y-0.327
G1 X0.800 Y-0.298
G1 X0.800 Y-0.250
G1 X0.800 Y-0.185
G1 X0.800 Y-0.106
G1 X0.800 Y-0.018
G1 X0.800 Y0.073
G1 X0.800 Y0.161
G1 X0.800 Y0.239
G1 X0.800 Y0.301
G1 X0.800 Y0.344
G1 X0.800 Y0.367
G1 X0.800 Y0.370
G1 X0.800 Y0.353
G1 X0.800 Y0.321
G1 X0.800 Y0.278
G1 X0.800 Y0.225
G1 X0.800 Y0.166
G1 X0.800 Y0.105
G1 X0.800 Y0.039
G1 X0.800 Y-0.027
G1 X0.800 Y-0.094
G1 X0.800 Y-0.162
G1 X0.800 Y-0.228
G1 X0.800 Y-0.290
G1 X0.800 Y-0.345
G1 X0.800 Y-0.387
G1 X0.800 Y-0.412
G1 X0.800 Y-0.410
G1 X0.800 Y-0.380
G1 X0.800 Y-0.315
G1 X0.800 Y-0.214
G1 X0.800 Y-0.082
G1 X0.800 Y0.074
G1 X0.800 Y0.242
G1 X0.800 Y0.407
G1 X0.800 Y0.554
G1 X0.800 Y0.669
G1 X0.800 Y0.742
G1 X0.800 Y0.766
G1 X0.800 Y0.741
G1 X0.800 Y0.672
G1 X0.800 Y0.570
G1 X0.800 Y0.443
G1 X0.800 Y0.307
G1 X0.800 Y0.170
G1 X0.800 Y0.042
G1 X0.800 Y-0.069
G1 X0.800 Y-0.159
G1 X0.800 Y-0.228
G1 X0.800 Y-0.274
G1 X0.800 Y-0.300
G1 X0.800 Y-0.309
G1 X0.800 Y-0.301
G1 X0.800 Y-0.282
G1 X0.800 Y-0.254
G1 X0.800 Y-0.219
G1 X0.800 Y-0.178
G1 X0.800 Y-0.134
G1 X0.800 Y-0.089
G1 X0.800 Y-0.042
G1 X0.800 Y0.006
G1 X0.800 Y0.052
G1 X0.800 Y0.099
G1 X0.800 Y0.142
G1 X0.800 Y0.183
G1 X0.800 Y0.220
G1 X0.800 Y0.249
G1 X0.800 Y0.271
G1 X0.800 Y0.282
G1 X0.800 Y0.282
G1 X0.800 Y0.270
G1 X0.800 Y0.245
G1 X0.800 Y0.209
G1 X0.800 Y0.162
G1 X0.800 Y0.109
G1 X0.800 Y0.053
G1 X0.800 Y-0.004
G1 X0.800 Y-0.058
G1 X0.800 Y-0.105
G1 X0.800 Y-0.143
G1 X0.800 Y-0.172
G1 X0.800 Y-0.190
G1 X0.800 Y-0.199
G1 X0.800 Y-0.198
G1 X0.800 Y-0.190
G1 X0.800 Y-0.176
G1 X0.800 Y-0.157
G1 X0.800 Y-0.136
G1 X0.800 Y-0.113
G1 X0.800 Y-0.091
G1 X0.800 Y-0.069
G1 X0.800 Y-0.049
G1 X0.800 Y-0.033
G1 X0.800 Y-0.019
G1 X0.800 Y-0.009
G1 X0.800 Y-0.003
G1 X0.800 Y-0.001
G1 X0.800 Y-0.002
G1 X0.800 Y-0.009
G1 X0.800 Y-0.019
G1 X0.800 Y-0.033
G1 X0.800 Y-0.050
G1 X0.800 Y-0.073
G1 X0.800 Y-0.097
G1 X0.800 Y-0.124
G1 X0.800 Y-0.156
G1 X0.800 Y-0.187
G1 X0.800 Y-0.221
G1 X0.800 Y-0.254
G1 X0.800 Y-0.286
G1 X0.800 Y-0.312
G1 X0.800 Y-0.333
G1 X0.800 Y-0.344
G1 X0.000 Y-9.501
G1 X-0.800 Y0.277
G1 X-0.800 Y0.249
G1 X-0.800 Y0.218
G1 X-0.800 Y0.184
G1 X-0.800 Y0.151
G1 X-0.800 Y0.118
G1 X-0.800 Y0.088
G1 X-0.800 Y0.060
G1 X-0.800 Y0.037
G1 X-0.800 Y0.016
G1 X-0.800 Y0.000
G1 X-0.800 Y-0.010
G1 X-0.800 Y-0.016
G1 X-0.800 Y-0.018
G1 X-0.800 Y-0.012
G1 X-0.800 Y-0.002
G1 X-0.800 Y0.013
G1 X-0.800 Y0.033
G1 X-0.800 Y0.059
G1 X-0.800 Y0.088
G1 X-0.800 Y0.121
G1 X-0.800 Y0.157
G1 X-0.800 Y0.192
G1 X-0.800 Y0.227
G1 X-0.800 Y0.259
G1 X-0.800 Y0.282
G1 X-0.800 Y0.295
G1 X-0.800 Y0.293
G1 X-0.800 Y0.274
G1 X-0.800 Y0.232
G1 X-0.800 Y0.168
G1 X-0.800 Y0.083
G1 X-0.800 Y-0.021
G1 X-0.800 Y-0.135
G1 X-0.800 Y-0.253
G1 X-0.800 Y-0.363
G1 X-0.800 Y-0.456
G1 X-0.800 Y-0.525
G1 X-0.800 Y-0.562
G1 X-0.800 Y-0.570
G1 X-0.800 Y-0.547
G1 X-0.800 Y-0.501
G1 X-0.800 Y-0.438
G1 X-0.800 Y-0.366
G1 X-0.800 Y-0.292
G1 X-0.800 Y-0.220
G1 X-0.800 Y-0.154
G1 X-0.800 Y-0.092
G1 X-0.800 Y-0.035
G1 X-0.800 Y0.020
G1 X-0.800 Y0.077
G1 X-0.800 Y0.140
G1 X-0.800 Y0.208
G1 X-0.800 Y0.283
G1 X-0.800 Y0.360
G1 X-0.800 Y0.431
G1 X-0.800 Y0.486
G1 X-0.800 Y0.515
G1 X-0.800 Y0.509
G1 X-0.800 Y0.469
G1 X-0.800 Y0.409
G1 X-0.800 Y0.346
G1 X-0.800 Y0.293
G1 X-0.800 Y0.255
G1 X-0.800 Y0.225
G1 X-0.800 Y0.199
G1 X-0.800 Y0.162
G1 X-0.800 Y0.111
G1 X-0.800 Y0.037
G1 X-0.800 Y-0.066
G1 X-0.800 Y-0.194
G1 X-0.800 Y-0.346
G1 X-0.800 Y-0.509
G1 X-0.800 Y-0.666
G1 X-0.800 Y-0.795
G1 X-0.800 Y-0.875
G1 X-0.800 Y-0.884
G1 X-0.800 Y-0.811
G1 X-0.800 Y-0.656
G1 X-0.800 Y-0.432
G1 X-0.800 Y-0.165
G1 X-0.800 Y0.112
G1 X-0.800 Y0.365
G1 X-0.800 Y0.567
G1 X-0.800 Y0.700
G1 X-0.800 Y0.758
G1 X-0.800 Y0.749
G1 X-0.800 Y0.689
G1 X-0.800 Y0.593
G1 X-0.800 Y0.483
G1 X-0.800 Y0.373
G1 X-0.800 Y0.273
G1 X-0.800 Y0.188
G1 X-0.800 Y0.121
G1 X-0.800 Y0.068
G1 X-0.800 Y0.024
G1 X-0.800 Y-0.015
G1 X-0.800 Y-0.055
G1 X-0.800 Y-0.101
G1 X-0.800 Y-0.159
G1 X-0.800 Y-0.227
G1 X-0.800 Y-0.307
G1 X-0.800 Y-0.393
G1 X-0.800 Y-0.480
G1 X-0.800 Y-0.557
G1 X-0.800 Y-0.616
G1 X-0.800 Y-0.645
G1 X-0.800 Y-0.639
G1 X-0.800 Y-0.592
G1 X-0.800 Y-0.509
G1 X-0.800 Y-0.393
G1 X-0.800 Y-0.257
G1 X-0.800 Y-0.113
G1 X-0.800 Y0.026
G1 X-0.800 Y0.148
G1 X-0.800 Y0.247
G1 X-0.800 Y0.316
G1 X-0.800 Y0.358
G1 X-0.800 Y0.372
G1 X-0.800 Y0.364
G1 X-0.800 Y0.339
G1 X-0.800 Y0.302
G1 X-0.800 Y0.258
G1 X-0.800 Y0.211
G1 X-0.800 Y0.162
G1 X-0.800 Y0.115
G1 X-0.800 Y0.071
G1 X-0.800 Y0.031
G1 X-0.800 Y-0.006
G1 X-0.800 Y-0.039
G1 X-0.800 Y-0.065
G1 X-0.800 Y-0.087
G1 X-0.800 Y-0.103
G1 X-0.800 Y-0.114
G1 X-0.800 Y-0.118
G1 X-0.800 Y-0.118
G1 X-0.800 Y-0.112
G1 X-0.800 Y-0.101
G1 X-0.800 Y-0.086
G1 X-0.800 Y-0.067
G1 X-0.800 Y-0.046
G1 X-0.800 Y-0.020
G1 X-0.800 Y0.006
G1 X-0.800 Y0.034
G1 X-0.800 Y0.064
G1 X-0.800 Y0.094
G1 X-0.800 Y0.124
G1 X-0.800 Y0.155
G1 X-0.800 Y0.184
G1 X-0.800 Y0.210
G1 X-0.800 Y0.233
G1 X-0.800 Y0.252
G1 X-0.800 Y0.263
G1 X-0.800 Y0.270
G1 X-0.800 Y0.269
G1 X-0.800 Y0.260
G1 X-0.800 Y0.247
G1 X-0.800 Y0.226
G1 X-0.800 Y0.202
G1 X-0.800 Y0.176
G1 X-0.800 Y0.147
G1 X-0.800 Y0.121
G1 X-0.800 Y0.093
G1 X-0.800 Y0.070
G1 X-0.800 Y0.046
G1 X-0.800 Y0.025
G1 X-0.800 Y0.005
G1 X-0.800 Y-0.015
G1 X-0.800 Y-0.038
G1 X-0.800 Y-0.062
G1 X-0.800 Y-0.091
G1 X-0.800 Y-0.125
G1 X-0.800 Y-0.162
G1 X-0.800 Y-0.204
G1 X-0.800 Y-0.249
G1 X-0.800 Y-0.295
G1 X-0.800 Y-0.338
G1 X-0.800 Y-0.378
G1 X-0.800 Y-0.409
G1 X-0.800 Y-0.430
G1 X-0.800 Y-0.439
G1 X-0.800 Y-0.433
G1 X-0.800 Y-0.414
G1 X-0.800 Y-0.384
G1 X-0.800 Y-0.344
G1 X-0.800 Y-0.297
G1 X-0.800 Y-0.248
G1 X-0.800 Y-0.199
G1 X-0.800 Y-0.153
G1 X-0.800 Y-0.112
G1 X-0.800 Y-0.078
G1 X-0.800 Y-0.052
G1 X-0.800 Y-0.031
G1 X-0.800 Y-0.018
G1 X-0.800 Y-0.009
G1 X-0.800 Y-0.004
G1 X-0.800 Y-0.001
G1 X-0.800 Y0.002
G1 X-0.800 Y0.006
G1 X-0.800 Y0.011
G1 X-0.800 Y0.019
G1 X-0.800 Y0.029
G1 X-0.800 Y0.042
G1 X-0.800 Y0.057
G1 X-0.800 Y0.073
G1 X-0.800 Y0.088
G1 X-0.800 Y0.101
G1 X-0.800 Y0.112
G1 X-0.800 Y0.118
G1 X-0.800 Y0.120
G1 X-0.800 Y0.115
G1 X-0.800 Y0.105
G1 X-0.800 Y0.089
G1 X-0.800 Y0.068
G1 X-0.800 Y0.044
G1 X-0.800 Y0.014
G1 X-0.800 Y-0.017
G1 X-0.800 Y-0.048
G1 X-0.800 Y-0.079
G1 X-0.800 Y-0.108
G1 X-0.800 Y-0.132
G1 X-0.800 Y-0.150
G1 X-0.800 Y-0.160
G1 X-0.800 Y-0.158
G1 X-0.800 Y-0.145
G1 X0.000 Y-9.526
G1 X0.800 Y0.324
G1 X0.800 Y0.335
G1 X0.800 Y0.326
G1 X0.800 Y0.300
G1 X0.800 Y0.262
G1 X0.800 Y0.218
G1 X0.800 Y0.167
G1 X0.800 Y0.116
G1 X0.800 Y0.064
G1 X0.800 Y0.013
G1 X0.800 Y-0.035
G1 X0.800 Y-0.081
G1 X0.800 Y-0.121
G1 X0.800 Y-0.158
G1 X0.800 Y-0.188
G1 X0.800 Y-0.210
G1 X0.800 Y-0.227
G1 X0.800 Y-0.233
G1 X0.800 Y-0.231
G1 X0.800 Y-0.223
G1 X0.800 Y-0.206
G1 X0.800 Y-0.186
G1 X0.800 Y-0.161
G1 X0.800 Y-0.134
G1 X0.800 Y-0.108
G1 X0.800 Y-0.084
G1 X0.800 Y-0.062
G1 X0.800 Y-0.044
G1 X0.800 Y-0.029
G1 X0.800 Y-0.017
G1 X0.800 Y-0.007
G1 X0.800 Y0.002
G1 X0.800 Y0.012
G1 X0.800 Y0.023
G1 X0.800 Y0.038
G1 X0.800 Y0.056
G1 X0.800 Y0.079
G1 X0.800 Y0.106
G1 X0.800 Y0.139
G1 X0.800 Y0.174
G1 X0.800 Y0.210
G1 X0.800 Y0.246
G1 X0.800 Y0.278
G1 X0.800 Y0.306
G1 X0.800 Y0.327
G1 X0.800 Y0.338
G1 X0.800 Y0.340
G1 X0.800 Y0.334
G1 X0.800 Y0.318
G1 X0.800 Y0.295
G1 X0.800 Y0.266
G1 X0.800 Y0.234
G1 X0.800 Y0.199
G1 X0.800 Y0.162
G1 X0.800 Y0.127
G1 X0.800 Y0.091
G1 X0.800 Y0.057
G1 X0.800 Y0.024
G1 X0.800 Y-0.009
G1 X0.800 Y-0.040
G1 X0.800 Y-0.070
G1 X0.800 Y-0.100
G1 X0.800 Y-0.129
G1 X0.800 Y-0.156
G1 X0.800 Y-0.180
G1 X0.800 Y-0.201
G1 X0.800 Y-0.217
G1 X0.800 Y-0.229
G1 X0.800 Y-0.235
G1 X0.800 Y-0.235
G1 X0.800 Y-0.229
G1 X0.800 Y-0.216
G1 X0.800 Y-0.200
G1 X0.800 Y-0.179
G1 X0.800 Y-0.155
G1 X0.800 Y-0.129
G1 X0.800 Y-0.100
G1 X0.800 Y-0.071
G1 X0.800 Y-0.042
G1 X0.800 Y-0.012
G1 X0.800 Y0.017
G1 X0.800 Y0.047
G1 X0.800 Y0.075
G1 X0.800 Y0.102
G1 X0.800 Y0.129
G1 X0.800 Y0.152
G1 X0.800 Y0.171
G1 X0.800 Y0.187
G1 X0.800 Y0.196
G1 X0.800 Y0.198
G1 X0.800 Y0.192
G1 X0.800 Y0.180
G1 X0.800 Y0.159
G1 X0.800 Y0.130
G1 X0.800 Y0.096
G1 X0.800 Y0.057
G1 X0.800 Y0.010
G1 X0.800 Y-0.038
G1 X0.800 Y-0.092
G1 X0.800 Y-0.149
G1 X0.800 Y-0.207
G1 X0.800 Y-0.266
G1 X0.800 Y-0.324
G1 X0.800 Y-0.374
G1 X0.800 Y-0.414
G1 X0.800 Y-0.437
G1 X0.800 Y-0.436
G1 X0.800 Y-0.404
G1 X0.800 Y-0.339
G1 X0.800 Y-0.237
G1 X0.800 Y-0.104
G1 X0.800 Y0.056
G1 X0.800 Y0.227
G1 X0.800 Y0.395
G1 X0.800 Y0.542
G1 X0.800 Y0.656
G1 X0.800 Y0.722
G1 X0.800 Y0.739
G1 X0.800 Y0.706
G1 X0.800 Y0.636
G1 X0.800 Y0.536
G1 X0.800 Y0.424
G1 X0.800 Y0.312
G1 X0.800 Y0.211
G1 X0.800 Y0.129
G1 X0.800 Y0.069
G1 X0.800 Y0.029
G1 X0.800 Y0.008
G1 X0.800 Y0.001
G1 X0.800 Y0.000
G1 X0.800 Y-0.001
G1 X0.800 Y-0.009
G1 X0.800 Y-0.033
G1 X0.800 Y-0.077
G1 X0.800 Y-0.147
G1 X0.800 Y-0.245
G1 X0.800 Y-0.368
G1 X0.800 Y-0.505
G1 X0.800 Y-0.643
G1 X0.800 Y-0.761
G1 X0.800 Y-0.836
G1 X0.800 Y-0.846
G1 X0.800 Y-0.778
G1 X0.800 Y-0.626
G1 X0.800 Y-0.400
G1 X0.800 Y-0.124
G1 X0.800 Y0.168
G1 X0.800 Y0.442
G1 X0.800 Y0.666
G1 X0.800 Y0.816
G1 X0.800 Y0.882
G1 X0.800 Y0.869
G1 X0.800 Y0.789
G1 X0.800 Y0.661
G1 X0.800 Y0.508
G1 X0.800 Y0.347
G1 X0.800 Y0.194
G1 X0.800 Y0.057
G1 X0.800 Y-0.060
G1 X0.800 Y-0.156
G1 X0.800 Y-0.235
G1 X0.800 Y-0.300
G1 X0.800 Y-0.356
G1 X0.800 Y-0.403
G1 X0.800 Y-0.438
G1 X0.800 Y-0.462
G1 X0.800 Y-0.467
G1 X0.800 Y-0.455
G1 X0.800 Y-0.422
G1 X0.800 Y-0.375
G1 X0.800 Y-0.318
G1 X0.800 Y-0.254
G1 X0.800 Y-0.189
G1 X0.800 Y-0.127
G1 X0.800 Y-0.066
G1 X0.800 Y-0.008
G1 X0.800 Y0.051
G1 X0.800 Y0.111
G1 X0.800 Y0.174
G1 X0.800 Y0.239
G1 X0.800 Y0.306
G1 X0.800 Y0.370
G1 X0.800 Y0.430
G1 X0.800 Y0.477
G1 X0.800 Y0.507
G1 X0.800 Y0.514
G1 X0.800 Y0.495
G1 X0.800 Y0.450
G1 X0.800 Y0.382
G1 X0.800 Y0.293
G1 X0.800 Y0.193
G1 X0.800 Y0.091
G1 X0.800 Y-0.008
G1 X0.800 Y-0.096
G1 X0.800 Y-0.166
G1 X0.800 Y-0.219
G1 X0.800 Y-0.252
G1 X0.800 Y-0.266
G1 X0.800 Y-0.266
G1 X0.800 Y-0.253
G1 X0.800 Y-0.230
G1 X0.800 Y-0.202
G1 X0.800 Y-0.171
G1 X0.800 Y-0.139
G1 X0.800 Y-0.107
G1 X0.800 Y-0.078
G1 X0.800 Y-0.052
G1 X0.800 Y-0.031
G1 X0.800 Y-0.012
G1 X0.800 Y0.000
G1 X0.800 Y0.007
G1 X0.800 Y0.010
G1 X0.800 Y0.007
G1 X0.800 Y0.000
G1 X0.800 Y-0.013
G1 X0.800 Y-0.029
G1 X0.800 Y-0.050
G1 X0.800 Y-0.074
G1 X0.800 Y-0.101
G1 X0.800 Y-0.132
G1 X0.800 Y-0.164
G1 X0.800 Y-0.197
G1 X0.800 Y-0.230
G1 X0.800 Y-0.260
G1 X0.800 Y-0.286
G1 X0.000 Y-10.560
G1 X-0.800 Y0.358
G1 X-0.800 Y0.353
G1 X-0.800 Y0.339
G1 X-0.800 Y0.318
G1 X-0.800 Y0.290
G1 X-0.800 Y0.260
G1 X-0.800 Y0.228
G1 X-0.800 Y0.197
G1 X-0.800 Y0.167
G1 X-0.800 Y0.138
G1 X-0.800 Y0.112
G1 X-0.800 Y0.090
G1 X-0.800 Y0.071
G1 X-0.800 Y0.054
G1 X-0.800 Y0.041
G1 X-0.800 Y0.032
G1 X-0.800 Y0.025
G1 X-0.800 Y0.023
G1 X-0.800 Y0.022
G1 X-0.800 Y0.025
G1 X-0.800 Y0.031
G1 X-0.800 Y0.040
G1 X-0.800 Y0.050
G1 X-0.800 Y0.062
G1 X-0.800 Y0.076
G1 X-0.800 Y0.089
G1 X-0.800 Y0.103
G1 X-0.800 Y0.114
G1 X-0.800 Y0.123
G1 X-0.800 Y0.129
G1 X-0.800 Y0.131
G1 X-0.800 Y0.128
G1 X-0.800 Y0.119
G1 X-0.800 Y0.105
G1 X-0.800 Y0.085
G1 X-0.800 Y0.061
G1 X-0.800 Y0.033
G1 X-0.800 Y0.004
G1 X-0.800 Y-0.027
G1 X-0.800 Y-0.055
G1 X-0.800 Y-0.081
G1 X-0.800 Y-0.100
G1 X-0.800 Y-0.114
G1 X-0.800 Y-0.121
G1 X-0.800 Y-0.120
G1 X-0.800 Y-0.112
G1 X-0.800 Y-0.097
G1 X-0.800 Y-0.077
G1 X-0.800 Y-0.050
G1 X-0.800 Y-0.021
G1 X-0.800 Y0.010
G1 X-0.800 Y0.043
G1 X-0.800 Y0.075
G1 X-0.800 Y0.102
G1 X-0.800 Y0.125
G1 X-0.800 Y0.141
G1 X-0.800 Y0.145
G1 X-0.800 Y0.137
G1 X-0.800 Y0.113
G1 X-0.800 Y0.071
G1 X-0.800 Y0.010
G1 X-0.800 Y-0.070
G1 X-0.800 Y-0.169
G1 X-0.800 Y-0.280
G1 X-0.800 Y-0.401
G1 X-0.800 Y-0.518
G1 X-0.800 Y-0.626
G1 X-0.800 Y-0.709
G1 X-0.800 Y-0.757
G1 X-0.800 Y-0.759
G1 X-0.800 Y-0.711
G1 X-0.800 Y-0.608
G1 X-0.800 Y-0.456
G1 X-0.800 Y-0.268
G1 X-0.800 Y-0.057
G1 X-0.800 Y0.158
G1 X-0.800 Y0.355
G1 X-0.800 Y0.519
G1 X-0.800 Y0.638
G1 X-0.800 Y0.703
G1 X-0.800 Y0.718
G1 X-0.800 Y0.686
G1 X-0.800 Y0.620
G1 X-0.800 Y0.531
G1 X-0.800 Y0.432
G1 X-0.800 Y0.334
G1 X-0.800 Y0.245
G1 X-0.800 Y0.170
G1 X-0.800 Y0.110
G1 X-0.800 Y0.067
G1 X-0.800 Y0.037
G1 X-0.800 Y0.017
G1 X-0.800 Y0.003
G1 X-0.800 Y-0.010
G1 X-0.800 Y-0.027
G1 X-0.800 Y-0.050
G1 X-0.800 Y-0.085
G1 X-0.800 Y-0.133
G1 X-0.800 Y-0.193
G1 X-0.800 Y-0.266
G1 X-0.800 Y-0.348
G1 X-0.800 Y-0.432
G1 X-0.800 Y-0.512
G1 X-0.800 Y-0.578
G1 X-0.800 Y-0.624
G1 X-0.800 Y-0.640
G1 X-0.800 Y-0.622
G1 X-0.800 Y-0.572
G1 X-0.800 Y-0.488
G1 X-0.800 Y-0.380
G1 X-0.800 Y-0.255
G1 X-0.800 Y-0.122
G1 X-0.800 Y0.008
G1 X-0.800 Y0.125
G1 X-0.800 Y0.225
G1 X-0.800 Y0.302
G1 X-0.800 Y0.358
G1 X-0.800 Y0.390
G1 X-0.800 Y0.404
G1 X-0.800 Y0.400
G1 X-0.800 Y0.384
G1 X-0.800 Y0.361
G1 X-0.800 Y0.330
G1 X-0.800 Y0.298
G1 X-0.800 Y0.264
G1 X-0.800 Y0.226
G1 X-0.800 Y0.181
G1 X-0.800 Y0.103
G1 X-0.800 Y-0.042
G1 X-0.800 Y-0.198
G1 X-0.800 Y-0.275
G1 X-0.800 Y-0.305
G1 X-0.800 Y-0.314
G1 X-0.800 Y-0.309
G1 X-0.800 Y-0.294
G1 X-0.800 Y-0.273
G1 X-0.800 Y-0.245
G1 X-0.800 Y-0.214
G1 X-0.800 Y-0.181
G1 X-0.800 Y-0.147
G1 X-0.800 Y-0.115
G1 X-0.800 Y-0.082
G1 X-0.800 Y-0.050
G1 X-0.800 Y-0.021
G1 X-0.800 Y0.009
G1 X-0.800 Y0.037
G1 X-0.800 Y0.066
G1 X-0.800 Y0.093
G1 X-0.800 Y0.120
G1 X-0.800 Y0.146
G1 X-0.800 Y0.170
G1 X-0.800 Y0.191
G1 X-0.800 Y0.210
G1 X-0.800 Y0.223
G1 X-0.800 Y0.231
G1 X-0.800 Y0.234
G1 X-0.800 Y0.231
G1 X-0.800 Y0.223
G1 X-0.800 Y0.209
G1 X-0.800 Y0.191
G1 X-0.800 Y0.169
G1 X-0.800 Y0.145
G1 X-0.800 Y0.118
G1 X-0.800 Y0.091
G1 X-0.800 Y0.061
G1 X-0.800 Y0.033
G1 X-0.800 Y0.003
G1 X-0.800 Y-0.027
G1 X-0.800 Y-0.055
G1 X-0.800 Y-0.085
G1 X-0.800 Y-0.113
G1 X-0.800 Y-0.140
G1 X-0.800 Y-0.165
G1 X-0.800 Y-0.188
G1 X-0.800 Y-0.206
G1 X-0.800 Y-0.221
G1 X-0.800 Y-0.230
G1 X-0.800 Y-0.234
G1 X-0.800 Y-0.232
G1 X-0.800 Y-0.223
G1 X-0.800 Y-0.209
G1 X-0.800 Y-0.191
G1 X-0.800 Y-0.169
G1 X-0.800 Y-0.143
G1 X-0.800 Y-0.115
G1 X-0.800 Y-0.085
G1 X-0.800 Y-0.055
G1 X-0.800 Y-0.023
G1 X-0.800 Y0.010
G1 X-0.800 Y0.045
G1 X-0.800 Y0.082
G1 X-0.800 Y0.121
G1 X-0.800 Y0.163
G1 X-0.800 Y0.207
G1 X-0.800 Y0.251
G1 X-0.800 Y0.294
G1 X-0.800 Y0.336
G1 X-0.800 Y0.370
G1 X-0.800 Y0.397
G1 X-0.800 Y0.411
G1 X-0.800 Y0.413
G1 X-0.800 Y0.398
G1 X-0.800 Y0.369
G1 X-0.800 Y0.327
G1 X-0.800 Y0.274
G1 X-0.800 Y0.216
G1 X-0.800 Y0.156
G1 X-0.800 Y0.099
G1 X-0.800 Y0.049
G1 X-0.800 Y0.010
G1 X-0.800 Y-0.016
G1 X-0.800 Y-0.031
G1 X-0.800 Y-0.033
G1 X-0.800 Y-0.025
G1 X-0.800 Y-0.011
G1 X-0.800 Y0.008
G1 X-0.800 Y0.024
G1 X-0.800 Y0.035
G1 X-0.800 Y0.034
G1 X-0.800 Y0.016
G1 X-0.800 Y-0.023
G1 X-0.800 Y-0.087
G1 X-0.800 Y-0.177
G1 X-0.800 Y-0.291
G1 X-0.800 Y-0.420
G1 X0.000 Y-10.057
G1 X0.800 Y-0.716
G1 X0.800 Y-0.769
G1 X0.800 Y-0.751
G1 X0.800 Y-0.671
G1 X0.800 Y-0.547
G1 X0.800 Y-0.391
G1 X0.800 Y-0.235
G1 X0.800 Y-0.112
G1 X0.800 Y-0.023
G1 X0.800 Y0.045
G1 X0.800 Y0.107
G1 X0.800 Y0.169
G1 X0.800 Y0.234
G1 X0.800 Y0.299
G1 X0.800 Y0.365
G1 X0.800 Y0.427
G1 X0.800 Y0.480
G1 X0.800 Y0.516
G1 X0.800 Y0.532
G1 X0.800 Y0.523
G1 X0.800 Y0.486
G1 X0.800 Y0.420
G1 X0.800 Y0.331
G1 X0.800 Y0.223
G1 X0.800 Y0.104
G1 X0.800 Y-0.013
G1 X0.800 Y-0.125
G1 X0.800 Y-0.220
G1 X0.800 Y-0.295
G1 X0.800 Y-0.347
G1 X0.800 Y-0.376
G1 X0.800 Y-0.382
G1 X0.800 Y-0.371
G1 X0.800 Y-0.346
G1 X0.800 Y-0.310
G1 X0.800 Y-0.267
G1 X0.800 Y-0.222
G1 X0.800 Y-0.175
G1 X0.800 Y-0.128
G1 X0.800 Y-0.085
G1 X0.800 Y-0.042
G1 X0.800 Y-0.003
G1 X0.800 Y0.034
G1 X0.800 Y0.066
G1 X0.800 Y0.097
G1 X0.800 Y0.122
G1 X0.800 Y0.143
G1 X0.800 Y0.160
G1 X0.800 Y0.171
G1 X0.800 Y0.178
G1 X0.800 Y0.179
G1 X0.800 Y0.174
G1 X0.800 Y0.166
G1 X0.800 Y0.153
G1 X0.800 Y0.136
G1 X0.800 Y0.117
G1 X0.800 Y0.096
G1 X0.800 Y0.073
G1 X0.800 Y0.049
G1 X0.800 Y0.024
G1 X0.800 Y-0.002
G1 X0.800 Y-0.028
G1 X0.800 Y-0.054
G1 X0.800 Y-0.083
G1 X0.800 Y-0.110
G1 X0.800 Y-0.137
G1 X0.800 Y-0.166
G1 X0.800 Y-0.192
G1 X0.800 Y-0.216
G1 X0.800 Y-0.237
G1 X0.800 Y-0.256
G1 X0.800 Y-0.267
G1 X0.800 Y-0.276
G1 X0.800 Y-0.276
G1 X0.800 Y-0.272
G1 X0.800 Y-0.262
G1 X0.800 Y-0.248
G1 X0.800 Y-0.228
G1 X0.800 Y-0.206
G1 X0.800 Y-0.183
G1 X0.800 Y-0.158
G1 X0.800 Y-0.135
G1 X0.800 Y-0.112
G1 X0.800 Y-0.090
G1 X0.800 Y-0.072
G1 X0.800 Y-0.055
G1 X0.800 Y-0.039
G1 X0.800 Y-0.027
G1 X0.800 Y-0.016
G1 X0.800 Y-0.005
G1 X0.800 Y0.003
G1 X0.800 Y0.009
G1 X0.800 Y0.016
G1 X0.800 Y0.020
G1 X0.800 Y0.023
G1 X0.800 Y0.023
G1 X0.800 Y0.023
G1 X0.800 Y0.021
G1 X0.800 Y0.016
G1 X0.800 Y0.009
G1 X0.800 Y0.003
G1 X0.800 Y-0.007
G1 X0.800 Y-0.017
G1 X0.800 Y-0.027
G1 X0.800 Y-0.038
G1 X0.800 Y-0.047
G1 X0.800 Y-0.056
G1 X0.800 Y-0.063
G1 X0.800 Y-0.067
G1 X0.800 Y-0.067
G1 X0.800 Y-0.065
G1 X0.800 Y-0.056
G1 X0.800 Y-0.042
G1 X0.800 Y-0.025
G1 X0.800 Y0.000
G1 X0.800 Y0.029
G1 X0.800 Y0.061
G1 X0.800 Y0.097
G1 X0.800 Y0.134
G1 X0.800 Y0.170
G1 X0.800 Y0.204
G1 X0.800 Y0.234
G1 X0.800 Y0.259
G1 X0.800 Y0.275
G1 X0.800 Y0.284
G1 X0.800 Y0.286
G1 X0.800 Y0.279
G1 X0.800 Y0.265
G1 X0.800 Y0.244
G1 X0.800 Y0.217
G1 X0.800 Y0.188
G1 X0.800 Y0.154
G1 X0.800 Y0.117
G1 X0.800 Y0.080
G1 X0.800 Y0.040
G1 X0.800 Y0.001
G1 X0.800 Y-0.041
G1 X0.800 Y-0.082
G1 X0.800 Y-0.123
G1 X0.800 Y-0.165
G1 X0.800 Y-0.205
G1 X0.800 Y-0.244
G1 X0.800 Y-0.277
G1 X0.800 Y-0.306
G1 X0.800 Y-0.326
G1 X0.800 Y-0.336
G1 X0.800 Y-0.335
G1 X0.800 Y-0.319
G1 X0.800 Y-0.289
G1 X0.800 Y-0.243
G1 X0.800 Y-0.184
G1 X0.800 Y-0.113
G1 X0.800 Y-0.032
G1 X0.800 Y0.052
G1 X0.800 Y0.139
G1 X0.800 Y0.220
G1 X0.800 Y0.295
G1 X0.800 Y0.358
G1 X0.800 Y0.406
G1 X0.800 Y0.441
G1 X0.800 Y0.458
G1 X0.800 Y0.461
G1 X0.800 Y0.452
G1 X0.800 Y0.430
G1 X0.800 Y0.401
G1 X0.800 Y0.364
G1 X0.800 Y0.325
G1 X0.800 Y0.285
G1 X0.800 Y0.245
G1 X0.800 Y0.206
G1 X0.800 Y0.172
G1 X0.800 Y0.141
G1 X0.800 Y0.114
G1 X0.800 Y0.090
G1 X0.800 Y0.071
G1 X0.800 Y0.055
G1 X0.800 Y0.042
G1 X0.800 Y0.032
G1 X0.800 Y0.024
G1 X0.800 Y0.017
G1 X0.800 Y0.012
G1 X0.800 Y0.009
G1 X0.800 Y0.005
G1 X0.800 Y0.003
G1 X0.800 Y0.001
G1 X0.800 Y0.000
G1 X0.800 Y-0.002
G1 X0.800 Y-0.004
G1 X0.800 Y-0.004
G1 X0.800 Y-0.005
G1 X0.800 Y-0.006
G1 X0.800 Y-0.007
G1 X0.800 Y-0.008
G1 X0.800 Y-0.009
G1 X0.800 Y-0.010
G1 X0.800 Y-0.012
G1 X0.800 Y-0.013
G1 X0.800 Y-0.015
G1 X0.800 Y-0.019
G1 X0.800 Y-0.022
G1 X0.800 Y-0.027
G1 X0.800 Y-0.033
G1 X0.800 Y-0.040
G1 X0.800 Y-0.049
G1 X0.800 Y-0.061
G1 X0.800 Y-0.074
G1 X0.800 Y-0.091
G1 X0.800 Y-0.110
G1 X0.800 Y-0.133
G1 X0.800 Y-0.160
G1 X0.800 Y-0.189
G1 X0.800 Y-0.221
G1 X0.800 Y-0.256
G1 X0.800 Y-0.291
G1 X0.800 Y-0.327
G1 X0.800 Y-0.360
G1 X0.800 Y-0.389
G1 X0.800 Y-0.411
G1 X0.800 Y-0.424
G1 X0.800 Y-0.427
G1 X0.800 Y-0.416
G1 X0.800 Y-0.393
G1 X0.800 Y-0.358
G1 X0.800 Y-0.309
G1 X0.800 Y-0.253
G1 X0.000 Y-9.994
G1 X-0.800 Y-0.155
G1 X-0.800 Y-0.127
G1 X-0.800 Y-0.084
G1 X-0.800 Y-0.029
G1 X-0.800 Y0.036
G1 X-0.800 Y0.109
G1 X-0.800 Y0.186
G1 X-0.800 Y0.263
G1 X-0.800 Y0.334
G1 X-0.800 Y0.398
G1 X-0.800 Y0.448
G1 X-0.800 Y0.486
G1 X-0.800 Y0.506
G1 X-0.800 Y0.510
G1 X-0.800 Y0.499
G1 X-0.800 Y0.474
G1 X-0.800 Y0.438
G1 X-0.800 Y0.392
G1 X-0.800 Y0.341
G1 X-0.800 Y0.287
G1 X-0.800 Y0.233
G1 X-0.800 Y0.180
G1 X-0.800 Y0.131
G1 X-0.800 Y0.087
G1 X-0.800 Y0.047
G1 X-0.800 Y0.015
G1 X-0.800 Y-0.012
G1 X-0.800 Y-0.034
G1 X-0.800 Y-0.049
G1 X-0.800 Y-0.060
G1 X-0.800 Y-0.067
G1 X-0.800 Y-0.069
G1 X-0.800 Y-0.069
G1 X-0.800 Y-0.066
G1 X-0.800 Y-0.060
G1 X-0.800 Y-0.053
G1 X-0.800 Y-0.045
G1 X-0.800 Y-0.035
G1 X-0.800 Y-0.025
G1 X-0.800 Y-0.015
G1 X-0.800 Y-0.003
G1 X-0.800 Y0.007
G1 X-0.800 Y0.018
G1 X-0.800 Y0.027
G1 X-0.800 Y0.037
G1 X-0.800 Y0.046
G1 X-0.800 Y0.052
G1 X-0.800 Y0.058
G1 X-0.800 Y0.063
G1 X-0.800 Y0.064
G1 X-0.800 Y0.064
G1 X-0.800 Y0.061
G1 X-0.800 Y0.056
G1 X-0.800 Y0.048
G1 X-0.800 Y0.035
G1 X-0.800 Y0.022
G1 X-0.800 Y0.003
G1 X-0.800 Y-0.017
G1 X-0.800 Y-0.042
G1 X-0.800 Y-0.067
G1 X-0.800 Y-0.095
G1 X-0.800 Y-0.124
G1 X-0.800 Y-0.153
G1 X-0.800 Y-0.184
G1 X-0.800 Y-0.211
G1 X-0.800 Y-0.238
G1 X-0.800 Y-0.261
G1 X-0.800 Y-0.282
G1 X-0.800 Y-0.298
G1 X-0.800 Y-0.309
G1 X-0.800 Y-0.316
G1 X-0.800 Y-0.317
G1 X-0.800 Y-0.315
G1 X-0.800 Y-0.307
G1 X-0.800 Y-0.297
G1 X-0.800 Y-0.281
G1 X-0.800 Y-0.265
G1 X-0.800 Y-0.245
G1 X-0.800 Y-0.224
G1 X-0.800 Y-0.204
G1 X-0.800 Y-0.182
G1 X-0.800 Y-0.161
G1 X-0.800 Y-0.142
G1 X-0.800 Y-0.124
G1 X-0.800 Y-0.106
G1 X-0.800 Y-0.091
G1 X-0.800 Y-0.077
G1 X-0.800 Y-0.065
G1 X-0.800 Y-0.055
G1 X-0.800 Y-0.045
G1 X-0.800 Y-0.038
G1 X-0.800 Y-0.032
G1 X-0.800 Y-0.026
G1 X-0.800 Y-0.023
G1 X-0.800 Y-0.018
G1 X-0.800 Y-0.016
G1 X-0.800 Y-0.014
G1 X-0.800 Y-0.012
G1 X-0.800 Y-0.010
G1 X-0.800 Y-0.010
G1 X-0.800 Y-0.010
G1 X-0.800 Y-0.009
G1 X-0.800 Y-0.009
G1 X-0.800 Y-0.009
G1 X-0.800 Y-0.008
G1 X-0.800 Y-0.009
G1 X-0.800 Y-0.008
G1 X-0.800 Y-0.008
G1 X-0.800 Y-0.008
G1 X-0.800 Y-0.006
G1 X-0.800 Y-0.006
G1 X-0.800 Y-0.004
G1 X-0.800 Y-0.004
G1 X-0.800 Y-0.001
G1 X-0.800 Y-0.001
G1 X-0.800 Y0.001
G1 X-0.800 Y0.001
G1 X-0.800 Y0.003
G1 X-0.800 Y0.002
G1 X-0.800 Y0.002
G1 X-0.800 Y0.002
G1 X-0.800 Y0.001
G1 X-0.800 Y0.000
G1 X-0.800 Y-0.002
G1 X-0.800 Y-0.003
G1 X-0.800 Y-0.003
G1 X-0.800 Y-0.003
G1 X-0.800 Y-0.001
G1 X-0.800 Y0.003
G1 X-0.800 Y0.009
G1 X-0.800 Y0.018
G1 X-0.800 Y0.030
G1 X-0.800 Y0.047
G1 X-0.800 Y0.067
G1 X-0.800 Y0.090
G1 X-0.800 Y0.118
G1 X-0.800 Y0.148
G1 X-0.800 Y0.181
G1 X-0.800 Y0.213
G1 X-0.800 Y0.245
G1 X-0.800 Y0.276
G1 X-0.800 Y0.302
G1 X-0.800 Y0.323
G1 X-0.800 Y0.339
G1 X-0.800 Y0.346
G1 X-0.800 Y0.346
G1 X-0.800 Y0.338
G1 X-0.800 Y0.325
G1 X-0.800 Y0.304
G1 X-0.800 Y0.278
G1 X-0.800 Y0.250
G1 X-0.800 Y0.219
G1 X-0.800 Y0.188
G1 X-0.800 Y0.156
G1 X-0.800 Y0.127
G1 X-0.800 Y0.097
G1 X-0.800 Y0.070
G1 X-0.800 Y0.045
G1 X-0.800 Y0.020
G1 X-0.800 Y-0.003
G1 X-0.800 Y-0.027
G1 X-0.800 Y-0.049
G1 X-0.800 Y-0.073
G1 X-0.800 Y-0.098
G1 X-0.800 Y-0.121
G1 X-0.800 Y-0.145
G1 X-0.800 Y-0.168
G1 X-0.800 Y-0.188
G1 X-0.800 Y-0.207
G1 X-0.800 Y-0.222
G1 X-0.800 Y-0.230
G1 X-0.800 Y-0.235
G1 X-0.800 Y-0.233
G1 X-0.800 Y-0.226
G1 X-0.800 Y-0.211
G1 X-0.800 Y-0.193
G1 X-0.800 Y-0.168
G1 X-0.800 Y-0.141
G1 X-0.800 Y-0.110
G1 X-0.800 Y-0.076
G1 X-0.800 Y-0.039
G1 X-0.800 Y0.000
G1 X-0.800 Y0.041
G1 X-0.800 Y0.084
G1 X-0.800 Y0.129
G1 X-0.800 Y0.175
G1 X-0.800 Y0.223
G1 X-0.800 Y0.270
G1 X-0.800 Y0.312
G1 X-0.800 Y0.351
G1 X-0.800 Y0.380
G1 X-0.800 Y0.396
G1 X-0.800 Y0.395
G1 X-0.800 Y0.376
G1 X-0.800 Y0.336
G1 X-0.800 Y0.273
G1 X-0.800 Y0.194
G1 X-0.800 Y0.099
G1 X-0.800 Y-0.004
G1 X-0.800 Y-0.109
G1 X-0.800 Y-0.208
G1 X-0.800 Y-0.291
G1 X-0.800 Y-0.358
G1 X-0.800 Y-0.402
G1 X-0.800 Y-0.422
G1 X-0.800 Y-0.421
G1 X-0.800 Y-0.399
G1 X-0.800 Y-0.362
G1 X-0.800 Y-0.313
G1 X-0.800 Y-0.256
G1 X-0.800 Y-0.193
G1 X-0.800 Y-0.128
G1 X-0.800 Y-0.061
G1 X-0.800 Y0.009
G1 X-0.800 Y0.082
G1 X-0.800 Y0.157
G1 X-0.800 Y0.235
G1 X-0.800 Y0.312
G1 X-0.800 Y0.387
G1 X-0.800 Y0.451
G1 X-0.800 Y0.494
G1 X-0.800 Y0.509
G1 X-0.800 Y0.483
G1 X-0.800 Y0.409
G1 X-0.800 Y0.288
G1 X0.000 Y-13.691
G1 X0.800 Y0.574
G1 X0.800 Y0.564
G1 X0.800 Y0.532
G1 X0.800 Y0.483
G1 X0.800 Y0.421
G1 X0.800 Y0.352
G1 X0.800 Y0.282
G1 X0.800 Y0.214
G1 X0.800 Y0.155
G1 X0.800 Y0.106
G1 X0.800 Y0.065
G1 X0.800 Y0.038
G1 X0.800 Y0.018
G1 X0.800 Y0.007
G1 X0.800 Y0.002
G1 X0.800 Y0.000
G1 X0.800 Y0.000
G1 X0.800 Y-0.002
G1 X0.800 Y-0.006
G1 X0.800 Y-0.015
G1 X0.800 Y-0.031
G1 X0.800 Y-0.052
G1 X0.800 Y-0.080
G1 X0.800 Y-0.114
G1 X0.800 Y-0.154
G1 X0.800 Y-0.194
G1 X0.800 Y-0.237
G1 X0.800 Y-0.276
G1 X0.800 Y-0.310
G1 X0.800 Y-0.337
G1 X0.800 Y-0.355
G1 X0.800 Y-0.362
G1 X0.800 Y-0.360
G1 X0.800 Y-0.348
G1 X0.800 Y-0.326
G1 X0.800 Y-0.300
G1 X0.800 Y-0.266
G1 X0.800 Y-0.231
G1 X0.800 Y-0.193
G1 X0.800 Y-0.156
G1 X0.800 Y-0.118
G1 X0.800 Y-0.082
G1 X0.800 Y-0.047
G1 X0.800 Y-0.013
G1 X0.800 Y0.022
G1 X0.800 Y0.056
G1 X0.800 Y0.090
G1 X0.800 Y0.126
G1 X0.800 Y0.161
G1 X0.800 Y0.196
G1 X0.800 Y0.230
G1 X0.800 Y0.263
G1 X0.800 Y0.291
G1 X0.800 Y0.314
G1 X0.800 Y0.331
G1 X0.800 Y0.339
G1 X0.800 Y0.341
G1 X0.800 Y0.331
G1 X0.800 Y0.316
G1 X0.800 Y0.291
G1 X0.800 Y0.263
G1 X0.800 Y0.228
G1 X0.800 Y0.194
G1 X0.800 Y0.158
G1 X0.800 Y0.125
G1 X0.800 Y0.095
G1 X0.800 Y0.069
G1 X0.800 Y0.048
G1 X0.800 Y0.031
G1 X0.800 Y0.019
G1 X0.800 Y0.011
G1 X0.800 Y0.005
G1 X0.800 Y0.000
G1 X0.800 Y-0.004
G1 X0.800 Y-0.010
G1 X0.800 Y-0.018
G1 X0.800 Y-0.030
G1 X0.800 Y-0.047
G1 X0.800 Y-0.068
G1 X0.800 Y-0.094
G1 X0.800 Y-0.127
G1 X0.800 Y-0.162
G1 X0.800 Y-0.201
G1 X0.800 Y-0.243
G1 X0.800 Y-0.282
G1 X0.800 Y-0.320
G1 X0.800 Y-0.353
G1 X0.800 Y-0.381
G1 X0.800 Y-0.398
G1 X0.800 Y-0.408
G1 X0.800 Y-0.408
G1 X0.800 Y-0.397
G1 X0.800 Y-0.379
G1 X0.800 Y-0.353
G1 X0.800 Y-0.321
G1 X0.800 Y-0.284
G1 X0.800 Y-0.247
G1 X0.800 Y-0.207
G1 X0.800 Y-0.171
G1 X0.800 Y-0.136
G1 X0.800 Y-0.105
G1 X0.800 Y-0.079
G1 X0.800 Y-0.056
G1 X0.800 Y-0.038
G1 X0.800 Y-0.024
G1 X0.800 Y-0.014
G1 X0.800 Y-0.008
G1 X0.800 Y-0.004
G1 X0.800 Y-0.001
G1 X0.800 Y-0.001
G1 X0.800 Y0.000
G1 X0.800 Y0.001
G1 X0.800 Y0.001
G1 X0.800 Y0.004
G1 X0.800 Y0.008
G1 X0.800 Y0.012
G1 X0.800 Y0.021
G1 X0.800 Y0.030
G1 X0.800 Y0.042
G1 X0.800 Y0.057
G1 X0.800 Y0.072
G1 X0.800 Y0.092
G1 X0.800 Y0.111
G1 X0.800 Y0.132
G1 X0.800 Y0.155
G1 X0.800 Y0.177
G1 X0.800 Y0.200
G1 X0.800 Y0.221
G1 X0.800 Y0.242
G1 X0.800 Y0.262
G1 X0.800 Y0.279
G1 X0.800 Y0.293
G1 X0.800 Y0.305
G1 X0.800 Y0.314
G1 X0.800 Y0.319
G1 X0.800 Y0.320
G1 X0.800 Y0.317
G1 X0.800 Y0.311
G1 X0.800 Y0.301
G1 X0.800 Y0.287
G1 X0.800 Y0.270
G1 X0.800 Y0.249
G1 X0.800 Y0.225
G1 X0.800 Y0.199
G1 X0.800 Y0.171
G1 X0.800 Y0.142
G1 X0.800 Y0.111
G1 X0.800 Y0.079
G1 X0.800 Y0.049
G1 X0.800 Y0.019
G1 X0.800 Y-0.011
G1 X0.800 Y-0.037
G1 X0.800 Y-0.063
G1 X0.800 Y-0.085
G1 X0.800 Y-0.105
G1 X0.800 Y-0.121
G1 X0.800 Y-0.135
G1 X0.800 Y-0.144
G1 X0.800 Y-0.152
G1 X0.800 Y-0.154
G1 X0.800 Y-0.156
G1 X0.800 Y-0.152
G1 X0.800 Y-0.148
G1 X0.800 Y-0.139
G1 X0.800 Y-0.130
G1 X0.800 Y-0.117
G1 X0.800 Y-0.104
G1 X0.800 Y-0.089
G1 X0.800 Y-0.073
G1 X0.800 Y-0.055
G1 X0.800 Y-0.036
G1 X0.800 Y-0.017
G1 X0.800 Y0.002
G1 X0.800 Y0.023
G1 X0.800 Y0.043
G1 X0.800 Y0.063
G1 X0.800 Y0.084
G1 X0.800 Y0.103
G1 X0.800 Y0.122
G1 X0.800 Y0.140
G1 X0.800 Y0.155
G1 X0.800 Y0.168
G1 X0.800 Y0.179
G1 X0.800 Y0.184
G1 X0.800 Y0.186
G1 X0.800 Y0.181
G1 X0.800 Y0.170
G1 X0.800 Y0.152
G1 X0.800 Y0.126
G1 X0.800 Y0.090
G1 X0.800 Y0.047
G1 X0.800 Y-0.004
G1 X0.800 Y-0.064
G1 X0.800 Y-0.128
G1 X0.800 Y-0.197
G1 X0.800 Y-0.267
G1 X0.800 Y-0.336
G1 X0.800 Y-0.401
G1 X0.800 Y-0.458
G1 X0.800 Y-0.503
G1 X0.800 Y-0.533
G1 X0.800 Y-0.548
G1 X0.800 Y-0.545
G1 X0.800 Y-0.522
G1 X0.800 Y-0.483
G1 X0.800 Y-0.427
G1 X0.800 Y-0.358
G1 X0.800 Y-0.280
G1 X0.800 Y-0.197
G1 X0.800 Y-0.112
G1 X0.800 Y-0.032
G1 X0.800 Y0.043
G1 X0.800 Y0.106
G1 X0.800 Y0.158
G1 X0.800 Y0.197
G1 X0.800 Y0.221
G1 X0.800 Y0.233
G1 X0.800 Y0.232
G1 X0.800 Y0.221
G1 X0.800 Y0.200
G1 X0.800 Y0.172
G1 X0.800 Y0.139
G1 X0.800 Y0.100
G1 X0.800 Y0.060
G1 X0.800 Y0.016
G1 X0.000 Y-10.964
G1 X-0.800 Y0.257
G1 X-0.800 Y0.247
G1 X-0.800 Y0.227
G1 X-0.800 Y0.203
G1 X-0.800 Y0.173
G1 X-0.800 Y0.140
G1 X-0.800 Y0.105
G1 X-0.800 Y0.069
G1 X-0.800 Y0.032
G1 X-0.800 Y-0.004
G1 X-0.800 Y-0.040
G1 X-0.800 Y-0.075
G1 X-0.800 Y-0.109
G1 X-0.800 Y-0.141
G1 X-0.800 Y-0.169
G1 X-0.800 Y-0.194
G1 X-0.800 Y-0.215
G1 X-0.800 Y-0.230
G1 X-0.800 Y-0.238
G1 X-0.800 Y-0.238
G1 X-0.800 Y-0.230
G1 X-0.800 Y-0.213
G1 X-0.800 Y-0.185
G1 X-0.800 Y-0.149
G1 X-0.800 Y-0.103
G1 X-0.800 Y-0.050
G1 X-0.800 Y0.009
G1 X-0.800 Y0.072
G1 X-0.800 Y0.136
G1 X-0.800 Y0.201
G1 X-0.800 Y0.261
G1 X-0.800 Y0.316
G1 X-0.800 Y0.362
G1 X-0.800 Y0.400
G1 X-0.800 Y0.427
G1 X-0.800 Y0.442
G1 X-0.800 Y0.446
G1 X-0.800 Y0.440
G1 X-0.800 Y0.423
G1 X-0.800 Y0.400
G1 X-0.800 Y0.368
G1 X-0.800 Y0.333
G1 X-0.800 Y0.294
G1 X-0.800 Y0.253
G1 X-0.800 Y0.214
G1 X-0.800 Y0.175
G1 X-0.800 Y0.139
G1 X-0.800 Y0.106
G1 X-0.800 Y0.077
G1 X-0.800 Y0.052
G1 X-0.800 Y0.031
G1 X-0.800 Y0.016
G1 X-0.800 Y0.003
G1 X-0.800 Y-0.006
G1 X-0.800 Y-0.011
G1 X-0.800 Y-0.013
G1 X-0.800 Y-0.014
G1 X-0.800 Y-0.011
G1 X-0.800 Y-0.009
G1 X-0.800 Y-0.005
G1 X-0.800 Y-0.001
G1 X-0.800 Y0.004
G1 X-0.800 Y0.008
G1 X-0.800 Y0.010
G1 X-0.800 Y0.013
G1 X-0.800 Y0.013
G1 X-0.800 Y0.012
G1 X-0.800 Y0.008
G1 X-0.800 Y0.002
G1 X-0.800 Y-0.006
G1 X-0.800 Y-0.016
G1 X-0.800 Y-0.029
G1 X-0.800 Y-0.045
G1 X-0.800 Y-0.061
G1 X-0.800 Y-0.081
G1 X-0.800 Y-0.102
G1 X-0.800 Y-0.123
G1 X-0.800 Y-0.145
G1 X-0.800 Y-0.168
G1 X-0.800 Y-0.189
G1 X-0.800 Y-0.209
G1 X-0.800 Y-0.228
G1 X-0.800 Y-0.244
G1 X-0.800 Y-0.257
G1 X-0.800 Y-0.267
G1 X-0.800 Y-0.274
G1 X-0.800 Y-0.278
G1 X-0.800 Y-0.276
G1 X-0.800 Y-0.272
G1 X-0.800 Y-0.265
G1 X-0.800 Y-0.254
G1 X-0.800 Y-0.241
G1 X-0.800 Y-0.225
G1 X-0.800 Y-0.208
G1 X-0.800 Y-0.190
G1 X-0.800 Y-0.170
G1 X-0.800 Y-0.151
G1 X-0.800 Y-0.131
G1 X-0.800 Y-0.112
G1 X-0.800 Y-0.093
G1 X-0.800 Y-0.074
G1 X-0.800 Y-0.057
G1 X-0.800 Y-0.040
G1 X-0.800 Y-0.023
G1 X-0.800 Y-0.006
G1 X-0.800 Y0.012
G1 X-0.800 Y0.029
G1 X-0.800 Y0.048
G1 X-0.800 Y0.069
G1 X-0.800 Y0.089
G1 X-0.800 Y0.113
G1 X-0.800 Y0.138
G1 X-0.800 Y0.165
G1 X-0.800 Y0.193
G1 X-0.800 Y0.221
G1 X-0.800 Y0.251
G1 X-0.800 Y0.278
G1 X-0.800 Y0.305
G1 X-0.800 Y0.327
G1 X-0.800 Y0.346
G1 X-0.800 Y0.357
G1 X-0.800 Y0.362
G1 X-0.800 Y0.360
G1 X-0.800 Y0.347
G1 X-0.800 Y0.327
G1 X-0.800 Y0.298
G1 X-0.800 Y0.261
G1 X-0.800 Y0.219
G1 X-0.800 Y0.171
G1 X-0.800 Y0.123
G1 X-0.800 Y0.074
G1 X-0.800 Y0.027
G1 X-0.800 Y-0.016
G1 X-0.800 Y-0.054
G1 X-0.800 Y-0.083
G1 X-0.800 Y-0.106
G1 X-0.800 Y-0.120
G1 X-0.800 Y-0.127
G1 X-0.800 Y-0.126
G1 X-0.800 Y-0.118
G1 X-0.800 Y-0.104
G1 X-0.800 Y-0.086
G1 X-0.800 Y-0.063
G1 X-0.800 Y-0.038
G1 X-0.800 Y-0.011
G1 X-0.800 Y0.016
G1 X-0.800 Y0.043
G1 X-0.800 Y0.069
G1 X-0.800 Y0.091
G1 X-0.800 Y0.110
G1 X-0.800 Y0.122
G1 X-0.800 Y0.130
G1 X-0.800 Y0.129
G1 X-0.800 Y0.119
G1 X-0.800 Y0.103
G1 X-0.800 Y0.075
G1 X-0.800 Y0.040
G1 X-0.800 Y-0.002
G1 X-0.800 Y-0.050
G1 X-0.800 Y-0.102
G1 X-0.800 Y-0.154
G1 X-0.800 Y-0.206
G1 X-0.800 Y-0.252
G1 X-0.800 Y-0.292
G1 X-0.800 Y-0.324
G1 X-0.800 Y-0.345
G1 X-0.800 Y-0.357
G1 X-0.800 Y-0.359
G1 X-0.800 Y-0.350
G1 X-0.800 Y-0.334
G1 X-0.800 Y-0.312
G1 X-0.800 Y-0.284
G1 X-0.800 Y-0.254
G1 X-0.800 Y-0.220
G1 X-0.800 Y-0.188
G1 X-0.800 Y-0.155
G1 X-0.800 Y-0.124
G1 X-0.800 Y-0.094
G1 X-0.800 Y-0.066
G1 X-0.800 Y-0.039
G1 X-0.800 Y-0.014
G1 X-0.800 Y0.009
G1 X-0.800 Y0.032
G1 X-0.800 Y0.053
G1 X-0.800 Y0.071
G1 X-0.800 Y0.090
G1 X-0.800 Y0.106
G1 X-0.800 Y0.119
G1 X-0.800 Y0.130
G1 X-0.800 Y0.138
G1 X-0.800 Y0.143
G1 X-0.800 Y0.143
G1 X-0.800 Y0.141
G1 X-0.800 Y0.134
G1 X-0.800 Y0.124
G1 X-0.800 Y0.109
G1 X-0.800 Y0.093
G1 X-0.800 Y0.072
G1 X-0.800 Y0.050
G1 X-0.800 Y0.025
G1 X-0.800 Y-0.003
G1 X-0.800 Y-0.032
G1 X-0.800 Y-0.062
G1 X-0.800 Y-0.093
G1 X-0.800 Y-0.124
G1 X-0.800 Y-0.157
G1 X-0.800 Y-0.186
G1 X-0.800 Y-0.215
G1 X-0.800 Y-0.240
G1 X-0.800 Y-0.261
G1 X-0.800 Y-0.274
G1 X-0.800 Y-0.282
G1 X-0.800 Y-0.278
G1 X-0.800 Y-0.267
G1 X-0.800 Y-0.244
G1 X-0.800 Y-0.211
G1 X-0.800 Y-0.170
G1 X-0.800 Y-0.121
G1 X-0.800 Y-0.067
G1 X-0.800 Y-0.010
G1 X-0.800 Y0.045
G1 X-0.800 Y0.098
G1 X-0.800 Y0.144
G1 X-0.800 Y0.183
G1 X-0.800 Y0.212
G1 X0.000 Y-7.046
G1 X0.800 Y-0.128
G1 X0.800 Y-0.162
G1 X0.800 Y-0.197
G1 X0.800 Y-0.228
G1 X0.800 Y-0.256
G1 X0.800 Y-0.280
G1 X0.800 Y-0.297
G1 X0.800 Y-0.309
G1 X0.800 Y-0.310
G1 X0.800 Y-0.303
G1 X0.800 Y-0.286
G1 X0.800 Y-0.259
G1 X0.800 Y-0.223
G1 X0.800 Y-0.178
G1 X0.800 Y-0.128
G1 X0.800 Y-0.075
G1 X0.800 Y-0.019
G1 X0.800 Y0.034
G1 X0.800 Y0.086
G1 X0.800 Y0.130
G1 X0.800 Y0.169
G1 X0.800 Y0.199
G1 X0.800 Y0.222
G1 X0.800 Y0.236
G1 X0.800 Y0.242
G1 X0.800 Y0.242
G1 X0.800 Y0.236
G1 X0.800 Y0.225
G1 X0.800 Y0.211
G1 X0.800 Y0.194
G1 X0.800 Y0.175
G1 X0.800 Y0.157
G1 X0.800 Y0.137
G1 X0.800 Y0.119
G1 X0.800 Y0.101
G1 X0.800 Y0.086
G1 X0.800 Y0.072
G1 X0.800 Y0.060
G1 X0.800 Y0.049
G1 X0.800 Y0.042
G1 X0.800 Y0.037
G1 X0.800 Y0.033
G1 X0.800 Y0.032
G1 X0.800 Y0.034
G1 X0.800 Y0.038
G1 X0.800 Y0.043
G1 X0.800 Y0.051
G1 X0.800 Y0.061
G1 X0.800 Y0.073
G1 X0.800 Y0.085
G1 X0.800 Y0.099
G1 X0.800 Y0.114
G1 X0.800 Y0.129
G1 X0.800 Y0.144
G1 X0.800 Y0.157
G1 X0.800 Y0.171
G1 X0.800 Y0.180
G1 X0.800 Y0.189
G1 X0.800 Y0.193
G1 X0.800 Y0.192
G1 X0.800 Y0.188
G1 X0.800 Y0.177
G1 X0.800 Y0.162
G1 X0.800 Y0.140
G1 X0.800 Y0.113
G1 X0.800 Y0.083
G1 X0.800 Y0.046
G1 X0.800 Y0.010
G1 X0.800 Y-0.030
G1 X0.800 Y-0.070
G1 X0.800 Y-0.106
G1 X0.800 Y-0.141
G1 X0.800 Y-0.172
G1 X0.800 Y-0.196
G1 X0.800 Y-0.215
G1 X0.800 Y-0.228
G1 X0.800 Y-0.234
G1 X0.800 Y-0.234
G1 X0.800 Y-0.228
G1 X0.800 Y-0.217
G1 X0.800 Y-0.202
G1 X0.800 Y-0.182
G1 X0.800 Y-0.161
G1 X0.800 Y-0.136
G1 X0.800 Y-0.111
G1 X0.800 Y-0.084
G1 X0.800 Y-0.057
G1 X0.800 Y-0.028
G1 X0.800 Y-0.001
G1 X0.800 Y0.026
G1 X0.800 Y0.053
G1 X0.800 Y0.080
G1 X0.800 Y0.105
G1 X0.800 Y0.129
G1 X0.800 Y0.151
G1 X0.800 Y0.171
G1 X0.800 Y0.188
G1 X0.800 Y0.202
G1 X0.800 Y0.212
G1 X0.800 Y0.218
G1 X0.800 Y0.219
G1 X0.800 Y0.216
G1 X0.800 Y0.206
G1 X0.800 Y0.193
G1 X0.800 Y0.175
G1 X0.800 Y0.152
G1 X0.800 Y0.127
G1 X0.800 Y0.098
G1 X0.800 Y0.068
G1 X0.800 Y0.037
G1 X0.800 Y0.007
G1 X0.800 Y-0.023
G1 X0.800 Y-0.051
G1 X0.800 Y-0.076
G1 X0.800 Y-0.098
G1 X0.800 Y-0.116
G1 X0.800 Y-0.130
G1 X0.800 Y-0.142
G1 X0.800 Y-0.148
G1 X0.800 Y-0.151
G1 X0.800 Y-0.152
G1 X0.800 Y-0.149
G1 X0.800 Y-0.144
G1 X0.800 Y-0.136
G1 X0.800 Y-0.128
G1 X0.800 Y-0.117
G1 X0.800 Y-0.105
G1 X0.800 Y-0.094
G1 X0.800 Y-0.081
G1 X0.800 Y-0.068
G1 X0.800 Y-0.056
G1 X0.800 Y-0.044
G1 X0.800 Y-0.033
G1 X0.800 Y-0.021
G1 X0.800 Y-0.011
G1 X0.800 Y-0.001
G1 X0.800 Y0.007
G1 X0.800 Y0.015
G1 X0.800 Y0.022
G1 X0.800 Y0.027
G1 X0.800 Y0.032
G1 X0.800 Y0.036
G1 X0.800 Y0.038
G1 X0.800 Y0.039
G1 X0.800 Y0.040
G1 X0.800 Y0.039
G1 X0.800 Y0.038
G1 X0.800 Y0.035
G1 X0.800 Y0.031
G1 X0.800 Y0.028
G1 X0.800 Y0.021
G1 X0.800 Y0.016
G1 X0.800 Y0.009
G1 X0.800 Y0.002
G1 X0.800 Y-0.006
G1 X0.800 Y-0.016
G1 X0.800 Y-0.025
G1 X0.800 Y-0.035
G1 X0.800 Y-0.046
G1 X0.800 Y-0.058
G1 X0.800 Y-0.070
G1 X0.800 Y-0.083
G1 X0.800 Y-0.096
G1 X0.800 Y-0.110
G1 X0.800 Y-0.125
G1 X0.800 Y-0.139
G1 X0.800 Y-0.154
G1 X0.800 Y-0.168
G1 X0.800 Y-0.182
G1 X0.800 Y-0.196
G1 X0.800 Y-0.208
G1 X0.800 Y-0.218
G1 X0.800 Y-0.228
G1 X0.800 Y-0.234
G1 X0.800 Y-0.238
G1 X0.800 Y-0.239
G1 X0.800 Y-0.236
G1 X0.800 Y-0.231
G1 X0.800 Y-0.221
G1 X0.800 Y-0.207
G1 X0.800 Y-0.191
G1 X0.800 Y-0.170
G1 X0.800 Y-0.147
G1 X0.800 Y-0.121
G1 X0.800 Y-0.093
G1 X0.800 Y-0.065
G1 X0.800 Y-0.035
G1 X0.800 Y-0.007
G1 X0.800 Y0.021
G1 X0.800 Y0.048
G1 X0.800 Y0.070
G1 X0.800 Y0.092
G1 X0.800 Y0.108
G1 X0.800 Y0.121
G1 X0.800 Y0.130
G1 X0.800 Y0.136
G1 X0.800 Y0.136
G1 X0.800 Y0.134
G1 X0.800 Y0.128
G1 X0.800 Y0.119
G1 X0.800 Y0.106
G1 X0.800 Y0.092
G1 X0.800 Y0.075
G1 X0.800 Y0.057
G1 X0.800 Y0.037
G1 X0.800 Y0.016
G1 X0.800 Y-0.006
G1 X0.800 Y-0.027
G1 X0.800 Y-0.048
G1 X0.800 Y-0.069
G1 X0.800 Y-0.089
G1 X0.800 Y-0.107
G1 X0.800 Y-0.123
G1 X0.800 Y-0.135
G1 X0.800 Y-0.145
G1 X0.800 Y-0.150
G1 X0.800 Y-0.150
G1 X0.800 Y-0.145
G1 X0.800 Y-0.134
G1 X0.800 Y-0.117
G1 X0.800 Y-0.092
G1 X0.800 Y-0.063
G1 X0.800 Y-0.026
G1 X0.800 Y0.013
G1 X0.800 Y0.059
G1 X0.000 Y-9.366
G1 X-0.800 Y-0.127
G1 X-0.800 Y-0.114
G1 X-0.800 Y-0.101
G1 X-0.800 Y-0.087
G1 X-0.800 Y-0.075
G1 X-0.800 Y-0.061
G1 X-0.800 Y-0.049
G1 X-0.800 Y-0.038
G1 X-0.800 Y-0.027
G1 X-0.800 Y-0.017
G1 X-0.800 Y-0.009
G1 X-0.800 Y-0.002
G1 X-0.800 Y0.004
G1 X-0.800 Y0.007
G1 X-0.800 Y0.011
G1 X-0.800 Y0.012
G1 X-0.800 Y0.013
G1 X-0.800 Y0.012
G1 X-0.800 Y0.010
G1 X-0.800 Y0.008
G1 X-0.800 Y0.005
G1 X-0.800 Y0.002
G1 X-0.800 Y-0.002
G1 X-0.800 Y-0.005
G1 X-0.800 Y-0.007
G1 X-0.800 Y-0.011
G1 X-0.800 Y-0.011
G1 X-0.800 Y-0.013
G1 X-0.800 Y-0.013
G1 X-0.800 Y-0.010
G1 X-0.800 Y-0.008
G1 X-0.800 Y-0.004
G1 X-0.800 Y0.002
G1 X-0.800 Y0.010
G1 X-0.800 Y0.019
G1 X-0.800 Y0.030
G1 X-0.800 Y0.042
G1 X-0.800 Y0.055
G1 X-0.800 Y0.070
G1 X-0.800 Y0.085
G1 X-0.800 Y0.101
G1 X-0.800 Y0.117
G1 X-0.800 Y0.133
G1 X-0.800 Y0.150
G1 X-0.800 Y0.165
G1 X-0.800 Y0.179
G1 X-0.800 Y0.192
G1 X-0.800 Y0.204
G1 X-0.800 Y0.215
G1 X-0.800 Y0.222
G1 X-0.800 Y0.229
G1 X-0.800 Y0.233
G1 X-0.800 Y0.236
G1 X-0.800 Y0.236
G1 X-0.800 Y0.235
G1 X-0.800 Y0.231
G1 X-0.800 Y0.227
G1 X-0.800 Y0.220
G1 X-0.800 Y0.213
G1 X-0.800 Y0.204
G1 X-0.800 Y0.194
G1 X-0.800 Y0.185
G1 X-0.800 Y0.174
G1 X-0.800 Y0.163
G1 X-0.800 Y0.152
G1 X-0.800 Y0.141
G1 X-0.800 Y0.131
G1 X-0.800 Y0.120
G1 X-0.800 Y0.111
G1 X-0.800 Y0.100
G1 X-0.800 Y0.092
G1 X-0.800 Y0.083
G1 X-0.800 Y0.074
G1 X-0.800 Y0.068
G1 X-0.800 Y0.060
G1 X-0.800 Y0.053
G1 X-0.800 Y0.047
G1 X-0.800 Y0.042
G1 X-0.800 Y0.036
G1 X-0.800 Y0.030
G1 X-0.800 Y0.026
G1 X-0.800 Y0.022
G1 X-0.800 Y0.017
G1 X-0.800 Y0.012
G1 X-0.800 Y0.008
G1 X-0.800 Y0.004
G1 X-0.800 Y-0.001
G1 X-0.800 Y-0.005
G1 X-0.800 Y-0.010
G1 X-0.800 Y-0.015
G1 X-0.800 Y-0.019
G1 X-0.800 Y-0.025
G1 X-0.800 Y-0.030
G1 X-0.800 Y-0.036
G1 X-0.800 Y-0.041
G1 X-0.800 Y-0.048
G1 X-0.800 Y-0.053
G1 X-0.800 Y-0.060
G1 X-0.800 Y-0.066
G1 X-0.800 Y-0.072
G1 X-0.800 Y-0.077
G1 X-0.800 Y-0.084
G1 X-0.800 Y-0.089
G1 X-0.800 Y-0.094
G1 X-0.800 Y-0.099
G1 X-0.800 Y-0.102
G1 X-0.800 Y-0.105
G1 X-0.800 Y-0.108
G1 X-0.800 Y-0.109
G1 X-0.800 Y-0.110
G1 X-0.800 Y-0.108
G1 X-0.800 Y-0.108
G1 X-0.800 Y-0.104
G1 X-0.800 Y-0.101
G1 X-0.800 Y-0.095
G1 X-0.800 Y-0.090
G1 X-0.800 Y-0.083
G1 X-0.800 Y-0.075
G1 X-0.800 Y-0.066
G1 X-0.800 Y-0.057
G1 X-0.800 Y-0.046
G1 X-0.800 Y-0.036
G1 X-0.800 Y-0.024
G1 X-0.800 Y-0.013
G1 X-0.800 Y0.000
G1 X-0.800 Y0.012
G1 X-0.800 Y0.025
G1 X-0.800 Y0.037
G1 X-0.800 Y0.049
G1 X-0.800 Y0.062
G1 X-0.800 Y0.073
G1 X-0.800 Y0.084
G1 X-0.800 Y0.094
G1 X-0.800 Y0.103
G1 X-0.800 Y0.112
G1 X-0.800 Y0.119
G1 X-0.800 Y0.124
G1 X-0.800 Y0.128
G1 X-0.800 Y0.130
G1 X-0.800 Y0.131
G1 X-0.800 Y0.130
G1 X-0.800 Y0.127
G1 X-0.800 Y0.123
G1 X-0.800 Y0.116
G1 X-0.800 Y0.109
G1 X-0.800 Y0.101
G1 X-0.800 Y0.091
G1 X-0.800 Y0.082
G1 X-0.800 Y0.071
G1 X-0.800 Y0.060
G1 X-0.800 Y0.050
G1 X-0.800 Y0.041
G1 X-0.800 Y0.031
G1 X-0.800 Y0.022
G1 X-0.800 Y0.015
G1 X-0.800 Y0.009
G1 X-0.800 Y0.003
G1 X-0.800 Y-0.002
G1 X-0.800 Y-0.005
G1 X-0.800 Y-0.007
G1 X-0.800 Y-0.010
G1 X-0.800 Y-0.011
G1 X-0.800 Y-0.011
G1 X-0.800 Y-0.012
G1 X-0.800 Y-0.012
G1 X-0.800 Y-0.011
G1 X-0.800 Y-0.011
G1 X-0.800 Y-0.011
G1 X-0.800 Y-0.012
G1 X-0.800 Y-0.011
G1 X-0.800 Y-0.013
G1 X-0.800 Y-0.014
G1 X-0.800 Y-0.015
G1 X-0.800 Y-0.019
G1 X-0.800 Y-0.022
G1 X-0.800 Y-0.026
G1 X-0.800 Y-0.032
G1 X-0.800 Y-0.039
G1 X-0.800 Y-0.048
G1 X-0.800 Y-0.059
G1 X-0.800 Y-0.071
G1 X-0.800 Y-0.087
G1 X-0.800 Y-0.104
G1 X-0.800 Y-0.125
G1 X-0.800 Y-0.149
G1 X-0.800 Y-0.174
G1 X-0.800 Y-0.203
G1 X-0.800 Y-0.233
G1 X-0.800 Y-0.265
G1 X-0.800 Y-0.297
G1 X-0.800 Y-0.328
G1 X-0.800 Y-0.355
G1 X-0.800 Y-0.379
G1 X-0.800 Y-0.397
G1 X-0.800 Y-0.407
G1 X-0.800 Y-0.406
G1 X-0.800 Y-0.397
G1 X-0.800 Y-0.374
G1 X-0.800 Y-0.341
G1 X-0.800 Y-0.297
G1 X-0.800 Y-0.244
G1 X-0.800 Y-0.183
G1 X-0.800 Y-0.118
G1 X-0.800 Y-0.051
G1 X-0.800 Y0.016
G1 X-0.800 Y0.077
G1 X-0.800 Y0.133
G1 X-0.800 Y0.179
G1 X-0.800 Y0.216
G1 X-0.800 Y0.242
G1 X-0.800 Y0.256
G1 X-0.800 Y0.262
G1 X-0.800 Y0.256
G1 X-0.800 Y0.244
G1 X-0.800 Y0.225
G1 X-0.800 Y0.199
G1 X-0.800 Y0.172
G1 X-0.800 Y0.139
G1 X-0.800 Y0.107
G1 X-0.800 Y0.072
G1 X-0.800 Y0.037
G1 X-0.800 Y0.003
G1 X-0.800 Y-0.032
G1 X-0.800 Y-0.064
G1 X-0.800 Y-0.096
G1 X0.000 Y-12.625
G1 X0.800 Y0.034
G1 X0.800 Y0.047
G1 X0.800 Y0.054
G1 X0.800 Y0.059
G1 X0.800 Y0.060
G1 X0.800 Y0.056
G1 X0.800 Y0.049
G1 X0.800 Y0.039
G1 X0.800 Y0.027
G1 X0.800 Y0.013
G1 X0.800 Y-0.003
G1 X0.800 Y-0.018
G1 X0.800 Y-0.033
G1 X0.800 Y-0.046
G1 X0.800 Y-0.056
G1 X0.800 Y-0.064
G1 X0.800 Y-0.066
G1 X0.800 Y-0.064
G1 X0.800 Y-0.054
G1 X0.800 Y-0.038
G1 X0.800 Y-0.016
G1 X0.800 Y0.015
G1 X0.800 Y0.051
G1 X0.800 Y0.094
G1 X0.800 Y0.141
G1 X0.800 Y0.192
G1 X0.800 Y0.242
G1 X0.800 Y0.292
G1 X0.800 Y0.338
G1 X0.800 Y0.377
G1 X0.800 Y0.408
G1 X0.800 Y0.430
G1 X0.800 Y0.442
G1 X0.800 Y0.442
G1 X0.800 Y0.431
G1 X0.800 Y0.412
G1 X0.800 Y0.383
G1 X0.800 Y0.348
G1 X0.800 Y0.308
G1 X0.800 Y0.265
G1 X0.800 Y0.222
G1 X0.800 Y0.180
G1 X0.800 Y0.140
G1 X0.800 Y0.104
G1 X0.800 Y0.071
G1 X0.800 Y0.045
G1 X0.800 Y0.022
G1 X0.800 Y0.005
G1 X0.800 Y-0.008
G1 X0.800 Y-0.017
G1 X0.800 Y-0.022
G1 X0.800 Y-0.023
G1 X0.800 Y-0.023
G1 X0.800 Y-0.021
G1 X0.800 Y-0.017
G1 X0.800 Y-0.013
G1 X0.800 Y-0.007
G1 X0.800 Y-0.003
G1 X0.800 Y0.003
G1 X0.800 Y0.007
G1 X0.800 Y0.011
G1 X0.800 Y0.013
G1 X0.800 Y0.016
G1 X0.800 Y0.016
G1 X0.800 Y0.017
G1 X0.800 Y0.016
G1 X0.800 Y0.015
G1 X0.800 Y0.013
G1 X0.800 Y0.011
G1 X0.800 Y0.008
G1 X0.800 Y0.005
G1 X0.800 Y0.003
G1 X0.800 Y-0.001
G1 X0.800 Y-0.002
G1 X0.800 Y-0.006
G1 X0.800 Y-0.007
G1 X0.800 Y-0.008
G1 X0.800 Y-0.009
G1 X0.800 Y-0.010
G1 X0.800 Y-0.009
G1 X0.800 Y-0.009
G1 X0.800 Y-0.008
G1 X0.800 Y-0.007
G1 X0.800 Y-0.006
G1 X0.800 Y-0.003
G1 X0.800 Y-0.002
G1 X0.800 Y0.000
G1 X0.800 Y0.001
G1 X0.800 Y0.004
G1 X0.800 Y0.005
G1 X0.800 Y0.006
G1 X0.800 Y0.007
G1 X0.800 Y0.008
G1 X0.800 Y0.009
G1 X0.800 Y0.009
G1 X0.800 Y0.008
G1 X0.800 Y0.008
G1 X0.800 Y0.007
G1 X0.800 Y0.006
G1 X0.800 Y0.005
G1 X0.800 Y0.003
G1 X0.800 Y0.001
G1 X0.800 Y-0.001
G1 X0.800 Y-0.003
G1 X0.800 Y-0.005
G1 X0.800 Y-0.007
G1 X0.800 Y-0.009
G1 X0.800 Y-0.011
G1 X0.800 Y-0.013
G1 X0.800 Y-0.015
G1 X0.800 Y-0.016
G1 X0.800 Y-0.018
G1 X0.800 Y-0.019
G1 X0.800 Y-0.020
G1 X0.800 Y-0.020
G1 X0.800 Y-0.021
G1 X0.800 Y-0.020
G1 X0.800 Y-0.021
G1 X0.800 Y-0.020
G1 X0.800 Y-0.019
G1 X0.800 Y-0.019
G1 X0.800 Y-0.017
G1 X0.800 Y-0.016
G1 X0.800 Y-0.014
G1 X0.800 Y-0.012
G1 X0.800 Y-0.010
G1 X0.800 Y-0.008
G1 X0.800 Y-0.006
G1 X0.800 Y-0.003
G1 X0.800 Y-0.001
G1 X0.800 Y0.002
G1 X0.800 Y0.005
G1 X0.800 Y0.007
G1 X0.800 Y0.010
G1 X0.800 Y0.013
G1 X0.800 Y0.015
G1 X0.800 Y0.018
G1 X0.800 Y0.019
G1 X0.800 Y0.022
G1 X0.800 Y0.023
G1 X0.800 Y0.025
G1 X0.800 Y0.026
G1 X0.800 Y0.026
G1 X0.800 Y0.026
G1 X0.800 Y0.026
G1 X0.800 Y0.024
G1 X0.800 Y0.023
G1 X0.800 Y0.019
G1 X0.800 Y0.017
G1 X0.800 Y0.011
G1 X0.800 Y0.006
G1 X0.800 Y0.000
G1 X0.800 Y-0.008
G1 X0.800 Y-0.016
G1 X0.800 Y-0.026
G1 X0.800 Y-0.037
G1 X0.800 Y-0.049
G1 X0.800 Y-0.061
G1 X0.800 Y-0.075
G1 X0.800 Y-0.089
G1 X0.800 Y-0.104
G1 X0.800 Y-0.120
G1 X0.800 Y-0.135
G1 X0.800 Y-0.151
G1 X0.800 Y-0.166
G1 X0.800 Y-0.182
G1 X0.800 Y-0.197
G1 X0.800 Y-0.210
G1 X0.800 Y-0.222
G1 X0.800 Y-0.234
G1 X0.800 Y-0.243
G1 X0.800 Y-0.251
G1 X0.800 Y-0.256
G1 X0.800 Y-0.260
G1 X0.800 Y-0.261
G1 X0.800 Y-0.260
G1 X0.800 Y-0.256
G1 X0.800 Y-0.252
G1 X0.800 Y-0.243
G1 X0.800 Y-0.234
G1 X0.800 Y-0.223
G1 X0.800 Y-0.210
G1 X0.800 Y-0.195
G1 X0.800 Y-0.181
G1 X0.800 Y-0.165
G1 X0.800 Y-0.148
G1 X0.800 Y-0.132
G1 X0.800 Y-0.116
G1 X0.800 Y-0.100
G1 X0.800 Y-0.084
G1 X0.800 Y-0.070
G1 X0.800 Y-0.056
G1 X0.800 Y-0.044
G1 X0.800 Y-0.033
G1 X0.800 Y-0.022
G1 X0.800 Y-0.014
G1 X0.800 Y-0.007
G1 X0.800 Y-0.001
G1 X0.800 Y0.005
G1 X0.800 Y0.008
G1 X0.800 Y0.010
G1 X0.800 Y0.012
G1 X0.800 Y0.012
G1 X0.800 Y0.013
G1 X0.800 Y0.011
G1 X0.800 Y0.010
G1 X0.800 Y0.008
G1 X0.800 Y0.005
G1 X0.800 Y0.003
G1 X0.800 Y0.000
G1 X0.800 Y-0.002
G1 X0.800 Y-0.005
G1 X0.800 Y-0.007
G1 X0.800 Y-0.010
G1 X0.800 Y-0.010
G1 X0.800 Y-0.012
G1 X0.800 Y-0.012
G1 X0.800 Y-0.012
G1 X0.800 Y-0.011
G1 X0.800 Y-0.008
G1 X0.800 Y-0.006
G1 X0.800 Y-0.002
G1 X0.800 Y0.003
G1 X0.800 Y0.010
G1 X0.800 Y0.017
G1 X0.000 Y-10.029
G1 X-0.800 Y0.020
G1 X-0.800 Y0.045
G1 X-0.800 Y0.064
G1 X-0.800 Y0.082
G1 X-0.800 Y0.094
G1 X-0.800 Y0.104
G1 X-0.800 Y0.109
G1 X-0.800 Y0.113
G1 X-0.800 Y0.113
G1 X-0.800 Y0.111
G1 X-0.800 Y0.107
G1 X-0.800 Y0.100
G1 X-0.800 Y0.093
G1 X-0.800 Y0.083
G1 X-0.800 Y0.074
G1 X-0.800 Y0.063
G1 X-0.800 Y0.051
G1 X-0.800 Y0.039
G1 X-0.800 Y0.027
G1 X-0.800 Y0.015
G1 X-0.800 Y0.003
G1 X-0.800 Y-0.009
G1 X-0.800 Y-0.022
G1 X-0.800 Y-0.032
G1 X-0.800 Y-0.044
G1 X-0.800 Y-0.054
G1 X-0.800 Y-0.063
G1 X-0.800 Y-0.072
G1 X-0.800 Y-0.080
G1 X-0.800 Y-0.086
G1 X-0.800 Y-0.092
G1 X-0.800 Y-0.095
G1 X-0.800 Y-0.098
G1 X-0.800 Y-0.099
G1 X-0.800 Y-0.098
G1 X-0.800 Y-0.096
G1 X-0.800 Y-0.091
G1 X-0.800 Y-0.085
G1 X-0.800 Y-0.078
G1 X-0.800 Y-0.068
G1 X-0.800 Y-0.057
G1 X-0.800 Y-0.045
G1 X-0.800 Y-0.030
G1 X-0.800 Y-0.015
G1 X-0.800 Y0.001
G1 X-0.800 Y0.017
G1 X-0.800 Y0.035
G1 X-0.800 Y0.053
G1 X-0.800 Y0.070
G1 X-0.800 Y0.088
G1 X-0.800 Y0.103
G1 X-0.800 Y0.120
G1 X-0.800 Y0.134
G1 X-0.800 Y0.147
G1 X-0.800 Y0.158
G1 X-0.800 Y0.169
G1 X-0.800 Y0.177
G1 X-0.800 Y0.184
G1 X-0.800 Y0.189
G1 X-0.800 Y0.191
G1 X-0.800 Y0.193
G1 X-0.800 Y0.192
G1 X-0.800 Y0.190
G1 X-0.800 Y0.187
G1 X-0.800 Y0.183
G1 X-0.800 Y0.176
G1 X-0.800 Y0.170
G1 X-0.800 Y0.162
G1 X-0.800 Y0.153
G1 X-0.800 Y0.145
G1 X-0.800 Y0.136
G1 X-0.800 Y0.126
G1 X-0.800 Y0.116
G1 X-0.800 Y0.107
G1 X-0.800 Y0.097
G1 X-0.800 Y0.088
G1 X-0.800 Y0.078
G1 X-0.800 Y0.069
G1 X-0.800 Y0.060
G1 X-0.800 Y0.051
G1 X-0.800 Y0.043
G1 X-0.800 Y0.035
G1 X-0.800 Y0.026
G1 X-0.800 Y0.019
G1 X-0.800 Y0.012
G1 X-0.800 Y0.005
G1 X-0.800 Y-0.002
G1 X-0.800 Y-0.009
G1 X-0.800 Y-0.015
G1 X-0.800 Y-0.022
G1 X-0.800 Y-0.026
G1 X-0.800 Y-0.033
G1 X-0.800 Y-0.038
G1 X-0.800 Y-0.042
G1 X-0.800 Y-0.047
G1 X-0.800 Y-0.051
G1 X-0.800 Y-0.055
G1 X-0.800 Y-0.059
G1 X-0.800 Y-0.061
G1 X-0.800 Y-0.063
G1 X-0.800 Y-0.066
G1 X-0.800 Y-0.067
G1 X-0.800 Y-0.067
G1 X-0.800 Y-0.068
G1 X-0.800 Y-0.067
G1 X-0.800 Y-0.066
G1 X-0.800 Y-0.065
G1 X-0.800 Y-0.062
G1 X-0.800 Y-0.060
G1 X-0.800 Y-0.056
G1 X-0.800 Y-0.051
G1 X-0.800 Y-0.048
G1 X-0.800 Y-0.042
G1 X-0.800 Y-0.036
G1 X-0.800 Y-0.030
G1 X-0.800 Y-0.024
G1 X-0.800 Y-0.016
G1 X-0.800 Y-0.009
G1 X-0.800 Y0.000
G1 X-0.800 Y0.007
G1 X-0.800 Y0.016
G1 X-0.800 Y0.025
G1 X-0.800 Y0.034
G1 X-0.800 Y0.044
G1 X-0.800 Y0.052
G1 X-0.800 Y0.062
G1 X-0.800 Y0.072
G1 X-0.800 Y0.080
G1 X-0.800 Y0.090
G1 X-0.800 Y0.098
G1 X-0.800 Y0.106
G1 X-0.800 Y0.114
G1 X-0.800 Y0.121
G1 X-0.800 Y0.127
G1 X-0.800 Y0.132
G1 X-0.800 Y0.136
G1 X-0.800 Y0.138
G1 X-0.800 Y0.140
G1 X-0.800 Y0.140
G1 X-0.800 Y0.139
G1 X-0.800 Y0.135
G1 X-0.800 Y0.132
G1 X-0.800 Y0.126
G1 X-0.800 Y0.119
G1 X-0.800 Y0.112
G1 X-0.800 Y0.103
G1 X-0.800 Y0.094
G1 X-0.800 Y0.084
G1 X-0.800 Y0.074
G1 X-0.800 Y0.064
G1 X-0.800 Y0.055
G1 X-0.800 Y0.045
G1 X-0.800 Y0.037
G1 X-0.800 Y0.029
G1 X-0.800 Y0.023
G1 X-0.800 Y0.017
G1 X-0.800 Y0.012
G1 X-0.800 Y0.009
G1 X-0.800 Y0.006
G1 X-0.800 Y0.003
G1 X-0.800 Y0.001
G1 X-0.800 Y0.000
G1 X-0.800 Y-0.002
G1 X-0.800 Y-0.004
G1 X-0.800 Y-0.007
G1 X-0.800 Y-0.012
G1 X-0.800 Y-0.016
G1 X-0.800 Y-0.025
G1 X-0.800 Y-0.033
G1 X-0.800 Y-0.046
G1 X-0.800 Y-0.060
G1 X-0.800 Y-0.076
G1 X-0.800 Y-0.096
G1 X-0.800 Y-0.118
G1 X-0.800 Y-0.141
G1 X-0.800 Y-0.167
G1 X-0.800 Y-0.192
G1 X-0.800 Y-0.218
G1 X-0.800 Y-0.242
G1 X-0.800 Y-0.267
G1 X-0.800 Y-0.286
G1 X-0.800 Y-0.304
G1 X-0.800 Y-0.317
G1 X-0.800 Y-0.325
G1 X-0.800 Y-0.328
G1 X-0.800 Y-0.325
G1 X-0.800 Y-0.317
G1 X-0.800 Y-0.305
G1 X-0.800 Y-0.289
G1 X-0.800 Y-0.267
G1 X-0.800 Y-0.245
G1 X-0.800 Y-0.220
G1 X-0.800 Y-0.194
G1 X-0.800 Y-0.169
G1 X-0.800 Y-0.144
G1 X-0.800 Y-0.120
G1 X-0.800 Y-0.099
G1 X-0.800 Y-0.079
G1 X-0.800 Y-0.063
G1 X-0.800 Y-0.048
G1 X-0.800 Y-0.036
G1 X-0.800 Y-0.026
G1 X-0.800 Y-0.016
G1 X-0.800 Y-0.009
G1 X-0.800 Y-0.002
G1 X-0.800 Y0.005
G1 X-0.800 Y0.011
G1 X-0.800 Y0.019
G1 X-0.800 Y0.028
G1 X-0.800 Y0.037
G1 X-0.800 Y0.048
G1 X-0.800 Y0.060
G1 X-0.800 Y0.074
G1 X-0.800 Y0.088
G1 X-0.800 Y0.104
G1 X-0.800 Y0.119
G1 X-0.800 Y0.135
G1 X-0.800 Y0.150
G1 X-0.800 Y0.165
G1 X-0.800 Y0.176
G1 X-0.800 Y0.187
G1 X-0.800 Y0.195
G1 X-0.800 Y0.200
G1 X-0.800 Y0.202
G1 X-0.800 Y0.203
G1 X0.000 Y-7.663
G1 X0.800 Y-0.080
G1 X0.800 Y-0.095
G1 X0.800 Y-0.109
G1 X0.800 Y-0.125
G1 X0.800 Y-0.139
G1 X0.800 Y-0.154
G1 X0.800 Y-0.169
G1 X0.800 Y-0.182
G1 X0.800 Y-0.194
G1 X0.800 Y-0.204
G1 X0.800 Y-0.213
G1 X0.800 Y-0.219
G1 X0.800 Y-0.223
G1 X0.800 Y-0.224
G1 X0.800 Y-0.222
G1 X0.800 Y-0.217
G1 X0.800 Y-0.211
G1 X0.800 Y-0.200
G1 X0.800 Y-0.190
G1 X0.800 Y-0.175
G1 X0.800 Y-0.161
G1 X0.800 Y-0.146
G1 X0.800 Y-0.130
G1 X0.800 Y-0.113
G1 X0.800 Y-0.099
G1 X0.800 Y-0.083
G1 X0.800 Y-0.070
G1 X0.800 Y-0.058
G1 X0.800 Y-0.047
G1 X0.800 Y-0.037
G1 X0.800 Y-0.028
G1 X0.800 Y-0.022
G1 X0.800 Y-0.015
G1 X0.800 Y-0.009
G1 X0.800 Y-0.005
G1 X0.800 Y0.000
G1 X0.800 Y0.005
G1 X0.800 Y0.009
G1 X0.800 Y0.014
G1 X0.800 Y0.020
G1 X0.800 Y0.027
G1 X0.800 Y0.033
G1 X0.800 Y0.042
G1 X0.800 Y0.051
G1 X0.800 Y0.061
G1 X0.800 Y0.071
G1 X0.800 Y0.083
G1 X0.800 Y0.094
G1 X0.800 Y0.105
G1 X0.800 Y0.116
G1 X0.800 Y0.128
G1 X0.800 Y0.137
G1 X0.800 Y0.146
G1 X0.800 Y0.154
G1 X0.800 Y0.160
G1 X0.800 Y0.164
G1 X0.800 Y0.167
G1 X0.800 Y0.169
G1 X0.800 Y0.167
G1 X0.800 Y0.166
G1 X0.800 Y0.161
G1 X0.800 Y0.155
G1 X0.800 Y0.149
G1 X0.800 Y0.141
G1 X0.800 Y0.131
G1 X0.800 Y0.122
G1 X0.800 Y0.111
G1 X0.800 Y0.100
G1 X0.800 Y0.089
G1 X0.800 Y0.078
G1 X0.800 Y0.065
G1 X0.800 Y0.055
G1 X0.800 Y0.042
G1 X0.800 Y0.032
G1 X0.800 Y0.021
G1 X0.800 Y0.009
G1 X0.800 Y0.000
G1 X0.800 Y-0.011
G1 X0.800 Y-0.021
G1 X0.800 Y-0.029
G1 X0.800 Y-0.039
G1 X0.800 Y-0.047
G1 X0.800 Y-0.055
G1 X0.800 Y-0.063
G1 X0.800 Y-0.069
G1 X0.800 Y-0.075
G1 X0.800 Y-0.081
G1 X0.800 Y-0.085
G1 X0.800 Y-0.090
G1 X0.800 Y-0.093
G1 X0.800 Y-0.095
G1 X0.800 Y-0.098
G1 X0.800 Y-0.099
G1 X0.800 Y-0.099
G1 X0.800 Y-0.100
G1 X0.800 Y-0.098
G1 X0.800 Y-0.097
G1 X0.800 Y-0.095
G1 X0.800 Y-0.093
G1 X0.800 Y-0.089
G1 X0.800 Y-0.087
G1 X0.800 Y-0.083
G1 X0.800 Y-0.079
G1 X0.800 Y-0.075
G1 X0.800 Y-0.071
G1 X0.800 Y-0.066
G1 X0.800 Y-0.062
G1 X0.800 Y-0.059
G1 X0.800 Y-0.053
G1 X0.800 Y-0.050
G1 X0.800 Y-0.046
G1 X0.800 Y-0.041
G1 X0.800 Y-0.039
G1 X0.800 Y-0.034
G1 X0.800 Y-0.031
G1 X0.800 Y-0.028
G1 X0.800 Y-0.026
G1 X0.800 Y-0.022
G1 X0.800 Y-0.021
G1 X0.800 Y-0.018
G1 X0.800 Y-0.016
G1 X0.800 Y-0.015
G1 X0.800 Y-0.014
G1 X0.800 Y-0.013
G1 X0.800 Y-0.011
G1 X0.800 Y-0.012
G1 X0.800 Y-0.011
G1 X0.800 Y-0.012
G1 X0.800 Y-0.011
G1 X0.800 Y-0.013
G1 X0.800 Y-0.013
G1 X0.800 Y-0.015
G1 X0.800 Y-0.016
G1 X0.800 Y-0.017
G1 X0.800 Y-0.019
G1 X0.800 Y-0.022
G1 X0.800 Y-0.023
G1 X0.800 Y-0.026
G1 X0.800 Y-0.028
G1 X0.800 Y-0.030
G1 X0.800 Y-0.033
G1 X0.800 Y-0.035
G1 X0.800 Y-0.038
G1 X0.800 Y-0.039
G1 X0.800 Y-0.042
G1 X0.800 Y-0.043
G1 X0.800 Y-0.045
G1 X0.800 Y-0.046
G1 X0.800 Y-0.047
G1 X0.800 Y-0.047
G1 X0.800 Y-0.047
G1 X0.800 Y-0.046
G1 X0.800 Y-0.045
G1 X0.800 Y-0.043
G1 X0.800 Y-0.041
G1 X0.800 Y-0.038
G1 X0.800 Y-0.034
G1 X0.800 Y-0.031
G1 X0.800 Y-0.025
G1 X0.800 Y-0.020
G1 X0.800 Y-0.014
G1 X0.800 Y-0.008
G1 X0.800 Y-0.001
G1 X0.800 Y0.007
G1 X0.800 Y0.013
G1 X0.800 Y0.021
G1 X0.800 Y0.028
G1 X0.800 Y0.036
G1 X0.800 Y0.043
G1 X0.800 Y0.050
G1 X0.800 Y0.057
G1 X0.800 Y0.062
G1 X0.800 Y0.068
G1 X0.800 Y0.072
G1 X0.800 Y0.076
G1 X0.800 Y0.079
G1 X0.800 Y0.082
G1 X0.800 Y0.082
G1 X0.800 Y0.082
G1 X0.800 Y0.082
G1 X0.800 Y0.080
G1 X0.800 Y0.076
G1 X0.800 Y0.073
G1 X0.800 Y0.069
G1 X0.800 Y0.062
G1 X0.800 Y0.057
G1 X0.800 Y0.048
G1 X0.800 Y0.041
G1 X0.800 Y0.033
G1 X0.800 Y0.023
G1 X0.800 Y0.013
G1 X0.800 Y0.004
G1 X0.800 Y-0.007
G1 X0.800 Y-0.018
G1 X0.800 Y-0.028
G1 X0.800 Y-0.039
G1 X0.800 Y-0.050
G1 X0.800 Y-0.060
G1 X0.800 Y-0.069
G1 X0.800 Y-0.079
G1 X0.800 Y-0.088
G1 X0.800 Y-0.095
G1 X0.800 Y-0.101
G1 X0.800 Y-0.105
G1 X0.800 Y-0.108
G1 X0.800 Y-0.109
G1 X0.800 Y-0.107
G1 X0.800 Y-0.103
G1 X0.800 Y-0.095
G1 X0.800 Y-0.085
G1 X0.800 Y-0.072
G1 X0.800 Y-0.055
G1 X0.800 Y-0.035
G1 X0.800 Y-0.011
G1 X0.800 Y0.015
G1 X0.800 Y0.045
G1 X0.800 Y0.076
G1 X0.800 Y0.109
G1 X0.800 Y0.144
G1 X0.800 Y0.179
G1 X0.800 Y0.214
G1 X0.800 Y0.247
G1 X0.800 Y0.278
G1 X0.800 Y0.305
G1 X0.800 Y0.330
G1 X0.000 Y-6.201
G1 X-0.800 Y-0.122
G1 X-0.800 Y-0.136
G1 X-0.800 Y-0.150
G1 X-0.800 Y-0.163
G1 X-0.800 Y-0.175
G1 X-0.800 Y-0.188
G1 X-0.800 Y-0.197
G1 X-0.800 Y-0.207
G1 X-0.800 Y-0.215
G1 X-0.800 Y-0.221
G1 X-0.800 Y-0.224
G1 X-0.800 Y-0.228
G1 X-0.800 Y-0.227
G1 X-0.800 Y-0.227
G1 X-0.800 Y-0.223
G1 X-0.800 Y-0.218
G1 X-0.800 Y-0.212
G1 X-0.800 Y-0.205
G1 X-0.800 Y-0.195
G1 X-0.800 Y-0.186
G1 X-0.800 Y-0.175
G1 X-0.800 Y-0.164
G1 X-0.800 Y-0.152
G1 X-0.800 Y-0.141
G1 X-0.800 Y-0.129
G1 X-0.800 Y-0.118
G1 X-0.800 Y-0.106
G1 X-0.800 Y-0.096
G1 X-0.800 Y-0.085
G1 X-0.800 Y-0.076
G1 X-0.800 Y-0.067
G1 X-0.800 Y-0.058
G1 X-0.800 Y-0.051
G1 X-0.800 Y-0.043
G1 X-0.800 Y-0.038
G1 X-0.800 Y-0.031
G1 X-0.800 Y-0.027
G1 X-0.800 Y-0.022
G1 X-0.800 Y-0.017
G1 X-0.800 Y-0.014
G1 X-0.800 Y-0.010
G1 X-0.800 Y-0.007
G1 X-0.800 Y-0.005
G1 X-0.800 Y-0.001
G1 X-0.800 Y0.001
G1 X-0.800 Y0.004
G1 X-0.800 Y0.006
G1 X-0.800 Y0.009
G1 X-0.800 Y0.012
G1 X-0.800 Y0.014
G1 X-0.800 Y0.017
G1 X-0.800 Y0.020
G1 X-0.800 Y0.023
G1 X-0.800 Y0.026
G1 X-0.800 Y0.029
G1 X-0.800 Y0.032
G1 X-0.800 Y0.036
G1 X-0.800 Y0.039
G1 X-0.800 Y0.042
G1 X-0.800 Y0.045
G1 X-0.800 Y0.048
G1 X-0.800 Y0.052
G1 X-0.800 Y0.054
G1 X-0.800 Y0.057
G1 X-0.800 Y0.060
G1 X-0.800 Y0.062
G1 X-0.800 Y0.064
G1 X-0.800 Y0.066
G1 X-0.800 Y0.068
G1 X-0.800 Y0.068
G1 X-0.800 Y0.070
G1 X-0.800 Y0.070
G1 X-0.800 Y0.071
G1 X-0.800 Y0.070
G1 X-0.800 Y0.070
G1 X-0.800 Y0.070
G1 X-0.800 Y0.068
G1 X-0.800 Y0.067
G1 X-0.800 Y0.066
G1 X-0.800 Y0.064
G1 X-0.800 Y0.061
G1 X-0.800 Y0.060
G1 X-0.800 Y0.057
G1 X-0.800 Y0.054
G1 X-0.800 Y0.052
G1 X-0.800 Y0.049
G1 X-0.800 Y0.046
G1 X-0.800 Y0.042
G1 X-0.800 Y0.040
G1 X-0.800 Y0.036
G1 X-0.800 Y0.033
G1 X-0.800 Y0.030
G1 X-0.800 Y0.026
G1 X-0.800 Y0.023
G1 X-0.800 Y0.020
G1 X-0.800 Y0.016
G1 X-0.800 Y0.013
G1 X-0.800 Y0.009
G1 X-0.800 Y0.007
G1 X-0.800 Y0.003
G1 X-0.800 Y0.000
G1 X-0.800 Y-0.003
G1 X-0.800 Y-0.007
G1 X-0.800 Y-0.009
G1 X-0.800 Y-0.013
G1 X-0.800 Y-0.016
G1 X-0.800 Y-0.018
G1 X-0.800 Y-0.022
G1 X-0.800 Y-0.025
G1 X-0.800 Y-0.028
G1 X-0.800 Y-0.031
G1 X-0.800 Y-0.033
G1 X-0.800 Y-0.037
G1 X-0.800 Y-0.040
G1 X-0.800 Y-0.043
G1 X-0.800 Y-0.045
G1 X-0.800 Y-0.049
G1 X-0.800 Y-0.052
G1 X-0.800 Y-0.054
G1 X-0.800 Y-0.058
G1 X-0.800 Y-0.060
G1 X-0.800 Y-0.063
G1 X-0.800 Y-0.066
G1 X-0.800 Y-0.069
G1 X-0.800 Y-0.071
G1 X-0.800 Y-0.074
G1 X-0.800 Y-0.076
G1 X-0.800 Y-0.078
G1 X-0.800 Y-0.080
G1 X-0.800 Y-0.081
G1 X-0.800 Y-0.083
G1 X-0.800 Y-0.084
G1 X-0.800 Y-0.084
G1 X-0.800 Y-0.084
G1 X-0.800 Y-0.084
G1 X-0.800 Y-0.083
G1 X-0.800 Y-0.081
G1 X-0.800 Y-0.078
G1 X-0.800 Y-0.076
G1 X-0.800 Y-0.073
G1 X-0.800 Y-0.068
G1 X-0.800 Y-0.064
G1 X-0.800 Y-0.057
G1 X-0.800 Y-0.052
G1 X-0.800 Y-0.045
G1 X-0.800 Y-0.038
G1 X-0.800 Y-0.030
G1 X-0.800 Y-0.022
G1 X-0.800 Y-0.014
G1 X-0.800 Y-0.005
G1 X-0.800 Y0.003
G1 X-0.800 Y0.012
G1 X-0.800 Y0.019
G1 X-0.800 Y0.027
G1 X-0.800 Y0.034
G1 X-0.800 Y0.040
G1 X-0.800 Y0.046
G1 X-0.800 Y0.050
G1 X-0.800 Y0.054
G1 X-0.800 Y0.056
G1 X-0.800 Y0.058
G1 X-0.800 Y0.057
G1 X-0.800 Y0.056
G1 X-0.800 Y0.054
G1 X-0.800 Y0.050
G1 X-0.800 Y0.045
G1 X-0.800 Y0.039
G1 X-0.800 Y0.033
G1 X-0.800 Y0.025
G1 X-0.800 Y0.017
G1 X-0.800 Y0.008
G1 X-0.800 Y-0.001
G1 X-0.800 Y-0.011
G1 X-0.800 Y-0.020
G1 X-0.800 Y-0.029
G1 X-0.800 Y-0.039
G1 X-0.800 Y-0.046
G1 X-0.800 Y-0.054
G1 X-0.800 Y-0.060
G1 X-0.800 Y-0.065
G1 X-0.800 Y-0.068
G1 X-0.800 Y-0.069
G1 X-0.800 Y-0.068
G1 X-0.800 Y-0.065
G1 X-0.800 Y-0.059
G1 X-0.800 Y-0.051
G1 X-0.800 Y-0.040
G1 X-0.800 Y-0.027
G1 X-0.800 Y-0.011
G1 X-0.800 Y0.007
G1 X-0.800 Y0.027
G1 X-0.800 Y0.047
G1 X-0.800 Y0.070
G1 X-0.800 Y0.091
G1 X-0.800 Y0.114
G1 X-0.800 Y0.135
G1 X-0.800 Y0.155
G1 X-0.800 Y0.174
G1 X-0.800 Y0.189
G1 X-0.800 Y0.202
G1 X-0.800 Y0.212
G1 X-0.800 Y0.219
G1 X-0.800 Y0.223
G1 X-0.800 Y0.224
G1 X-0.800 Y0.222
G1 X-0.800 Y0.217
G1 X-0.800 Y0.209
G1 X-0.800 Y0.200
G1 X-0.800 Y0.189
G1 X-0.800 Y0.176
G1 X-0.800 Y0.162
G1 X-0.800 Y0.149
G1 X-0.800 Y0.133
G1 X-0.800 Y0.119
G1 X-0.800 Y0.105
G1 X-0.800 Y0.090
G1 X-0.800 Y0.076
G1 X-0.800 Y0.064
G1 X-0.800 Y0.050
G1 X-0.800 Y0.039
G1 X-0.800 Y0.028
G1 X-0.800 Y0.018
G1 X-0.800 Y0.009
G1 X-0.800 Y0.001
G1 X-0.800 Y-0.006
G1 X0.000 Y-6.139
