; Interference field - dense serpentine scan warped by a wave field.
; ONE continuous stroke. NO pen lifts, NO Z words, NO M2/M5.
;
; Layer 2 of 2.  seed=11 spacing=1.20 amp=3.40 step=0.80 F500
; 240 rows over 144 mm, effective line pitch 0.60 mm.
; Path length 47.3 m, about 95 minutes at F500.
;
; >>> START POINT: 0.0 mm right of, and 2.8 mm up from, the
;     bottom-left corner of the drawn area.  Put the pen there. <<<
; The stroke returns to that exact point when it finishes.  For the next
; colour, swap the pen in the holder WITHOUT MOVING THE CARRIAGE and run
; the next layer - that is the whole registration method.
;
; Drawn area: 144.0 x 150.2 mm  (x 0.0..144.0, y -2.8..147.4 from the start)
G21
G90
G94
G91
G1 F500 X0.000 Y-2.792
G1 X0.800 Y0.079
G1 X0.800 Y0.328
G1 X0.800 Y0.495
G1 X0.800 Y0.586
G1 X0.800 Y0.609
G1 X0.800 Y0.575
G1 X0.800 Y0.497
G1 X0.800 Y0.386
G1 X0.800 Y0.248
G1 X0.800 Y0.090
G1 X0.800 Y-0.091
G1 X0.800 Y-0.295
G1 X0.800 Y-0.519
G1 X0.800 Y-0.735
G1 X0.800 Y-0.877
G1 X0.800 Y-0.838
G1 X0.800 Y-0.507
G1 X0.800 Y0.138
G1 X0.800 Y0.941
G1 X0.800 Y1.581
G1 X0.800 Y1.753
G1 X0.800 Y1.398
G1 X0.800 Y0.762
G1 X0.800 Y0.188
G1 X0.800 Y-0.111
G1 X0.800 Y-0.123
G1 X0.800 Y0.022
G1 X0.800 Y0.145
G1 X0.800 Y0.054
G1 X0.800 Y-0.386
G1 X0.800 Y-1.111
G1 X0.800 Y-1.752
G1 X0.800 Y-1.850
G1 X0.800 Y-1.277
G1 X0.800 Y-0.411
G1 X0.800 Y0.237
G1 X0.800 Y0.428
G1 X0.800 Y0.252
G1 X0.800 Y-0.080
G1 X0.800 Y-0.358
G1 X0.800 Y-0.387
G1 X0.800 Y-0.045
G1 X0.800 Y0.579
G1 X0.800 Y1.151
G1 X0.800 Y1.339
G1 X0.800 Y1.097
G1 X0.800 Y0.631
G1 X0.800 Y0.123
G1 X0.800 Y-0.408
G1 X0.800 Y-1.004
G1 X0.800 Y-1.515
G1 X0.800 Y-1.487
G1 X0.800 Y-0.541
G1 X0.800 Y0.949
G1 X0.800 Y1.965
G1 X0.800 Y1.910
G1 X0.800 Y1.179
G1 X0.800 Y0.483
G1 X0.800 Y0.091
G1 X0.800 Y-0.190
G1 X0.800 Y-0.691
G1 X0.800 Y-1.496
G1 X0.800 Y-2.120
G1 X0.800 Y-1.738
G1 X0.800 Y-0.225
G1 X0.800 Y1.370
G1 X0.800 Y1.959
G1 X0.800 Y1.551
G1 X0.800 Y0.839
G1 X0.800 Y0.288
G1 X0.800 Y-0.091
G1 X0.800 Y-0.472
G1 X0.800 Y-0.923
G1 X0.800 Y-1.288
G1 X0.800 Y-1.335
G1 X0.800 Y-1.021
G1 X0.800 Y-0.565
G1 X0.800 Y-0.207
G1 X0.800 Y0.025
G1 X0.800 Y0.312
G1 X0.800 Y0.862
G1 X0.800 Y1.619
G1 X0.800 Y2.050
G1 X0.800 Y1.486
G1 X0.800 Y0.010
G1 X0.800 Y-1.368
G1 X0.800 Y-1.796
G1 X0.800 Y-1.385
G1 X0.800 Y-0.727
G1 X0.800 Y-0.175
G1 X0.800 Y0.300
G1 X0.800 Y0.816
G1 X0.800 Y1.318
G1 X0.800 Y1.525
G1 X0.800 Y1.198
G1 X0.800 Y0.486
G1 X0.800 Y-0.164
G1 X0.800 Y-0.427
G1 X0.800 Y-0.300
G1 X0.800 Y0.022
G1 X0.800 Y0.322
G1 X0.800 Y0.403
G1 X0.800 Y0.147
G1 X0.800 Y-0.363
G1 X0.800 Y-0.837
G1 X0.800 Y-0.990
G1 X0.800 Y-0.769
G1 X0.800 Y-0.311
G1 X0.800 Y0.249
G1 X0.800 Y0.813
G1 X0.800 Y1.175
G1 X0.800 Y0.933
G1 X0.800 Y-0.167
G1 X0.800 Y-1.640
G1 X0.800 Y-2.393
G1 X0.800 Y-1.859
G1 X0.800 Y-0.633
G1 X0.800 Y0.329
G1 X0.800 Y0.634
G1 X0.800 Y0.453
G1 X0.800 Y0.093
G1 X0.800 Y-0.239
G1 X0.800 Y-0.427
G1 X0.800 Y-0.425
G1 X0.800 Y-0.282
G1 X0.800 Y-0.115
G1 X0.800 Y-0.021
G1 X0.800 Y0.003
G1 X0.800 Y0.063
G1 X0.800 Y0.317
G1 X0.800 Y0.836
G1 X0.800 Y1.465
G1 X0.800 Y1.796
G1 X0.800 Y1.511
G1 X0.800 Y0.741
G1 X0.800 Y-0.019
G1 X0.800 Y-0.383
G1 X0.800 Y-0.314
G1 X0.800 Y-0.006
G1 X0.800 Y0.303
G1 X0.800 Y0.385
G1 X0.800 Y0.054
G1 X0.800 Y-0.660
G1 X0.800 Y-1.403
G1 X0.800 Y-1.721
G1 X0.800 Y-1.471
G1 X0.800 Y-0.914
G1 X0.800 Y-0.412
G1 X0.800 Y-0.126
G1 X0.800 Y-0.019
G1 X0.800 Y0.033
G1 X0.800 Y0.119
G1 X0.800 Y0.246
G1 X0.800 Y0.346
G1 X0.800 Y0.336
G1 X0.800 Y0.186
G1 X0.800 Y-0.076
G1 X0.800 Y-0.357
G1 X0.800 Y-0.509
G1 X0.800 Y-0.342
G1 X0.800 Y0.264
G1 X0.800 Y1.140
G1 X0.800 Y1.807
G1 X0.800 Y1.829
G1 X0.800 Y1.239
G1 X0.800 Y0.482
G1 X0.800 Y-0.024
G1 X0.800 Y-0.166
G1 X0.800 Y-0.067
G1 X0.800 Y0.087
G1 X0.800 Y0.149
G1 X0.800 Y0.043
G1 X0.800 Y-0.200
G1 X0.800 Y-0.453
G1 X0.800 Y-0.575
G1 X0.800 Y-0.508
G1 X0.800 Y-0.284
G1 X0.800 Y0.019
G1 X0.800 Y0.319
G1 X0.800 Y0.534
G1 X0.000 Y0.460
G1 X-0.800 Y-0.699
G1 X-0.800 Y-0.426
G1 X-0.800 Y-0.087
G1 X-0.800 Y0.250
G1 X-0.800 Y0.529
G1 X-0.800 Y0.689
G1 X-0.800 Y0.677
G1 X-0.800 Y0.511
G1 X-0.800 Y0.286
G1 X-0.800 Y0.110
G1 X-0.800 Y0.016
G1 X-0.800 Y-0.065
G1 X-0.800 Y-0.268
G1 X-0.800 Y-0.706
G1 X-0.800 Y-1.321
G1 X-0.800 Y-1.780
G1 X-0.800 Y-1.668
G1 X-0.800 Y-0.889
G1 X-0.800 Y0.136
G1 X-0.800 Y0.848
G1 X-0.800 Y1.019
G1 X-0.800 Y0.786
G1 X-0.800 Y0.393
G1 X-0.800 Y-0.005
G1 X-0.800 Y-0.338
G1 X-0.800 Y-0.556
G1 X-0.800 Y-0.622
G1 X-0.800 Y-0.536
G1 X-0.800 Y-0.352
G1 X-0.800 Y-0.143
G1 X-0.800 Y0.080
G1 X-0.800 Y0.364
G1 X-0.800 Y0.765
G1 X-0.800 Y1.222
G1 X-0.800 Y1.507
G1 X-0.800 Y1.354
G1 X-0.800 Y0.737
G1 X-0.800 Y-0.013
G1 X-0.800 Y-0.488
G1 X-0.800 Y-0.527
G1 X-0.800 Y-0.238
G1 X-0.800 Y0.179
G1 X-0.800 Y0.513
G1 X-0.800 Y0.532
G1 X-0.800 Y0.047
G1 X-0.800 Y-0.848
G1 X-0.800 Y-1.655
G1 X-0.800 Y-1.854
G1 X-0.800 Y-1.404
G1 X-0.800 Y-0.722
G1 X-0.800 Y-0.223
G1 X-0.800 Y-0.020
G1 X-0.800 Y0.001
G1 X-0.800 Y0.005
G1 X-0.800 Y0.092
G1 X-0.800 Y0.252
G1 X-0.800 Y0.379
G1 X-0.800 Y0.361
G1 X-0.800 Y0.162
G1 X-0.800 Y-0.159
G1 X-0.800 Y-0.463
G1 X-0.800 Y-0.513
G1 X-0.800 Y-0.029
G1 X-0.800 Y1.027
G1 X-0.800 Y2.089
G1 X-0.800 Y2.250
G1 X-0.800 Y1.249
G1 X-0.800 Y-0.135
G1 X-0.800 Y-0.960
G1 X-0.800 Y-0.994
G1 X-0.800 Y-0.559
G1 X-0.800 Y0.009
G1 X-0.800 Y0.537
G1 X-0.800 Y0.882
G1 X-0.800 Y0.868
G1 X-0.800 Y0.437
G1 X-0.800 Y-0.193
G1 X-0.800 Y-0.642
G1 X-0.800 Y-0.694
G1 X-0.800 Y-0.407
G1 X-0.800 Y0.045
G1 X-0.800 Y0.489
G1 X-0.800 Y0.738
G1 X-0.800 Y0.587
G1 X-0.800 Y-0.017
G1 X-0.800 Y-0.783
G1 X-0.800 Y-1.250
G1 X-0.800 Y-1.196
G1 X-0.800 Y-0.767
G1 X-0.800 Y-0.207
G1 X-0.800 Y0.387
G1 X-0.800 Y0.995
G1 X-0.800 Y1.423
G1 X-0.800 Y1.230
G1 X-0.800 Y0.169
G1 X-0.800 Y-1.244
G1 X-0.800 Y-2.027
G1 X-0.800 Y-1.791
G1 X-0.800 Y-1.034
G1 X-0.800 Y-0.401
G1 X-0.800 Y-0.082
G1 X-0.800 Y0.098
G1 X-0.800 Y0.393
G1 X-0.800 Y0.886
G1 X-0.800 Y1.380
G1 X-0.800 Y1.531
G1 X-0.800 Y1.221
G1 X-0.800 Y0.692
G1 X-0.800 Y0.263
G1 X-0.800 Y0.008
G1 X-0.800 Y-0.259
G1 X-0.800 Y-0.796
G1 X-0.800 Y-1.597
G1 X-0.800 Y-2.118
G1 X-0.800 Y-1.586
G1 X-0.800 Y-0.019
G1 X-0.800 Y1.464
G1 X-0.800 Y1.891
G1 X-0.800 Y1.401
G1 X-0.800 Y0.686
G1 X-0.800 Y0.105
G1 X-0.800 Y-0.425
G1 X-0.800 Y-1.071
G1 X-0.800 Y-1.687
G1 X-0.800 Y-1.737
G1 X-0.800 Y-0.835
G1 X-0.800 Y0.578
G1 X-0.800 Y1.542
G1 X-0.800 Y1.605
G1 X-0.800 Y1.093
G1 X-0.800 Y0.488
G1 X-0.800 Y-0.028
G1 X-0.800 Y-0.517
G1 X-0.800 Y-1.018
G1 X-0.800 Y-1.376
G1 X-0.800 Y-1.333
G1 X-0.800 Y-0.841
G1 X-0.800 Y-0.192
G1 X-0.800 Y0.229
G1 X-0.800 Y0.270
G1 X-0.800 Y0.036
G1 X-0.800 Y-0.238
G1 X-0.800 Y-0.281
G1 X-0.800 Y0.164
G1 X-0.800 Y1.085
G1 X-0.800 Y1.979
G1 X-0.800 Y2.108
G1 X-0.800 Y1.268
G1 X-0.800 Y0.068
G1 X-0.800 Y-0.727
G1 X-0.800 Y-0.859
G1 X-0.800 Y-0.536
G1 X-0.800 Y-0.033
G1 X-0.800 Y0.470
G1 X-0.800 Y0.814
G1 X-0.800 Y0.772
G1 X-0.800 Y0.149
G1 X-0.800 Y-0.929
G1 X-0.800 Y-1.900
G1 X-0.800 Y-2.125
G1 X-0.800 Y-1.448
G1 X-0.800 Y-0.315
G1 X-0.800 Y0.662
G1 X-0.800 Y1.151
G1 X-0.800 Y1.184
G1 X-0.800 Y0.961
G1 X-0.800 Y0.668
G1 X-0.800 Y0.401
G1 X-0.800 Y0.190
G1 X-0.800 Y0.023
G1 X-0.800 Y-0.112
G1 X-0.800 Y-0.230
G1 X-0.800 Y-0.336
G1 X-0.800 Y-0.430
G1 X-0.800 Y-0.508
G1 X-0.800 Y-0.571
G1 X-0.800 Y-0.614
G1 X-0.800 Y-0.635
G1 X-0.800 Y-0.623
G1 X-0.800 Y-0.565
G1 X0.000 Y1.978
G1 X0.800 Y0.430
G1 X0.800 Y0.406
G1 X0.800 Y0.389
G1 X0.800 Y0.382
G1 X0.800 Y0.379
G1 X0.800 Y0.373
G1 X0.800 Y0.358
G1 X0.800 Y0.325
G1 X0.800 Y0.271
G1 X0.800 Y0.194
G1 X0.800 Y0.091
G1 X0.800 Y-0.042
G1 X0.800 Y-0.215
G1 X0.800 Y-0.443
G1 X0.800 Y-0.728
G1 X0.800 Y-1.027
G1 X0.800 Y-1.209
G1 X0.800 Y-1.035
G1 X0.800 Y-0.290
G1 X0.800 Y0.949
G1 X0.800 Y2.089
G1 X0.800 Y2.309
G1 X0.800 Y1.324
G1 X0.800 Y-0.204
G1 X0.800 Y-1.283
G1 X0.800 Y-1.484
G1 X0.800 Y-1.072
G1 X0.800 Y-0.474
G1 X0.800 Y0.122
G1 X0.800 Y0.741
G1 X0.800 Y1.332
G1 X0.800 Y1.544
G1 X0.800 Y0.866
G1 X0.800 Y-0.668
G1 X0.800 Y-2.071
G1 X0.800 Y-2.294
G1 X0.800 Y-1.407
G1 X0.800 Y-0.349
G1 X0.800 Y0.187
G1 X0.800 Y0.178
G1 X0.800 Y-0.070
G1 X0.800 Y-0.225
G1 X0.800 Y-0.034
G1 X0.800 Y0.550
G1 X0.800 Y1.237
G1 X0.800 Y1.573
G1 X0.800 Y1.372
G1 X0.800 Y0.863
G1 X0.800 Y0.360
G1 X0.800 Y-0.050
G1 X0.800 Y-0.503
G1 X0.800 Y-1.114
G1 X0.800 Y-1.701
G1 X0.800 Y-1.734
G1 X0.800 Y-0.873
G1 X0.800 Y0.440
G1 X0.800 Y1.317
G1 X0.800 Y1.358
G1 X0.800 Y0.850
G1 X0.800 Y0.185
G1 X0.800 Y-0.496
G1 X0.800 Y-1.148
G1 X0.800 Y-1.482
G1 X0.800 Y-0.988
G1 X0.800 Y0.392
G1 X0.800 Y1.782
G1 X0.800 Y2.162
G1 X0.800 Y1.530
G1 X0.800 Y0.676
G1 X0.800 Y0.170
G1 X0.800 Y0.007
G1 X0.800 Y-0.120
G1 X0.800 Y-0.489
G1 X0.800 Y-1.115
G1 X0.800 Y-1.649
G1 X0.800 Y-1.666
G1 X0.800 Y-1.142
G1 X0.800 Y-0.490
G1 X0.800 Y-0.099
G1 X0.800 Y-0.002
G1 X0.800 Y0.042
G1 X0.800 Y0.347
G1 X0.800 Y1.059
G1 X0.800 Y1.860
G1 X0.800 Y2.053
G1 X0.800 Y1.273
G1 X0.800 Y0.039
G1 X0.800 Y-0.799
G1 X0.800 Y-0.909
G1 X0.800 Y-0.524
G1 X0.800 Y0.032
G1 X0.800 Y0.552
G1 X0.800 Y0.853
G1 X0.800 Y0.733
G1 X0.800 Y0.158
G1 X0.800 Y-0.572
G1 X0.800 Y-1.016
G1 X0.800 Y-0.985
G1 X0.800 Y-0.608
G1 X0.800 Y-0.092
G1 X0.800 Y0.440
G1 X0.800 Y0.885
G1 X0.800 Y1.059
G1 X0.800 Y0.773
G1 X0.800 Y0.089
G1 X0.800 Y-0.602
G1 X0.800 Y-0.903
G1 X0.800 Y-0.735
G1 X0.800 Y-0.273
G1 X0.800 Y0.296
G1 X0.800 Y0.804
G1 X0.800 Y0.983
G1 X0.800 Y0.488
G1 X0.800 Y-0.699
G1 X0.800 Y-1.897
G1 X0.800 Y-2.214
G1 X0.800 Y-1.510
G1 X0.800 Y-0.478
G1 X0.800 Y0.190
G1 X0.800 Y0.336
G1 X0.800 Y0.161
G1 X0.800 Y-0.090
G1 X0.800 Y-0.248
G1 X0.800 Y-0.241
G1 X0.800 Y-0.108
G1 X0.800 Y0.035
G1 X0.800 Y0.078
G1 X0.800 Y0.006
G1 X0.800 Y-0.085
G1 X0.800 Y-0.014
G1 X0.800 Y0.395
G1 X0.800 Y1.128
G1 X0.800 Y1.818
G1 X0.800 Y1.919
G1 X0.800 Y1.247
G1 X0.800 Y0.247
G1 X0.800 Y-0.454
G1 X0.800 Y-0.605
G1 X0.800 Y-0.343
G1 X0.800 Y0.078
G1 X0.800 Y0.449
G1 X0.800 Y0.578
G1 X0.800 Y0.319
G1 X0.800 Y-0.290
G1 X0.800 Y-0.946
G1 X0.800 Y-1.292
G1 X0.800 Y-1.214
G1 X0.800 Y-0.863
G1 X0.800 Y-0.451
G1 X0.800 Y-0.087
G1 X0.800 Y0.231
G1 X0.800 Y0.507
G1 X0.800 Y0.708
G1 X0.800 Y0.766
G1 X0.800 Y0.657
G1 X0.800 Y0.420
G1 X0.800 Y0.116
G1 X0.800 Y-0.238
G1 X0.800 Y-0.661
G1 X0.800 Y-1.114
G1 X0.800 Y-1.400
G1 X0.800 Y-1.215
G1 X0.800 Y-0.427
G1 X0.800 Y0.644
G1 X0.800 Y1.417
G1 X0.800 Y1.559
G1 X0.800 Y1.211
G1 X0.800 Y0.720
G1 X0.800 Y0.309
G1 X0.800 Y0.006
G1 X0.800 Y-0.253
G1 X0.800 Y-0.502
G1 X0.800 Y-0.705
G1 X0.800 Y-0.785
G1 X0.800 Y-0.701
G1 X0.800 Y-0.484
G1 X0.800 Y-0.194
G1 X0.800 Y0.131
G1 X0.800 Y0.479
G1 X0.800 Y0.817
G1 X0.000 Y-0.359
G1 X-0.800 Y-0.754
G1 X-0.800 Y-0.397
G1 X-0.800 Y-0.111
G1 X-0.800 Y0.125
G1 X-0.800 Y0.357
G1 X-0.800 Y0.576
G1 X-0.800 Y0.721
G1 X-0.800 Y0.724
G1 X-0.800 Y0.565
G1 X-0.800 Y0.287
G1 X-0.800 Y-0.065
G1 X-0.800 Y-0.474
G1 X-0.800 Y-0.898
G1 X-0.800 Y-1.194
G1 X-0.800 Y-1.108
G1 X-0.800 Y-0.469
G1 X-0.800 Y0.530
G1 X-0.800 Y1.366
G1 X-0.800 Y1.619
G1 X-0.800 Y1.327
G1 X-0.800 Y0.823
G1 X-0.800 Y0.383
G1 X-0.800 Y0.073
G1 X-0.800 Y-0.174
G1 X-0.800 Y-0.429
G1 X-0.800 Y-0.675
G1 X-0.800 Y-0.828
G1 X-0.800 Y-0.804
G1 X-0.800 Y-0.608
G1 X-0.800 Y-0.306
G1 X-0.800 Y0.049
G1 X-0.800 Y0.438
G1 X-0.800 Y0.830
G1 X-0.800 Y1.119
G1 X-0.800 Y1.124
G1 X-0.800 Y0.757
G1 X-0.800 Y0.175
G1 X-0.800 Y-0.306
G1 X-0.800 Y-0.456
G1 X-0.800 Y-0.278
G1 X-0.800 Y0.077
G1 X-0.800 Y0.407
G1 X-0.800 Y0.465
G1 X-0.800 Y0.017
G1 X-0.800 Y-0.913
G1 X-0.800 Y-1.825
G1 X-0.800 Y-2.050
G1 X-0.800 Y-1.433
G1 X-0.800 Y-0.489
G1 X-0.800 Y0.176
G1 X-0.800 Y0.362
G1 X-0.800 Y0.212
G1 X-0.800 Y-0.046
G1 X-0.800 Y-0.241
G1 X-0.800 Y-0.279
G1 X-0.800 Y-0.167
G1 X-0.800 Y-0.009
G1 X-0.800 Y0.072
G1 X-0.800 Y0.026
G1 X-0.800 Y-0.068
G1 X-0.800 Y-0.032
G1 X-0.800 Y0.343
G1 X-0.800 Y1.108
G1 X-0.800 Y1.901
G1 X-0.800 Y2.049
G1 X-0.800 Y1.242
G1 X-0.800 Y-0.003
G1 X-0.800 Y-0.857
G1 X-0.800 Y-0.980
G1 X-0.800 Y-0.596
G1 X-0.800 Y-0.024
G1 X-0.800 Y0.537
G1 X-0.800 Y0.914
G1 X-0.800 Y0.869
G1 X-0.800 Y0.271
G1 X-0.800 Y-0.619
G1 X-0.800 Y-1.259
G1 X-0.800 Y-1.328
G1 X-0.800 Y-0.954
G1 X-0.800 Y-0.430
G1 X-0.800 Y0.090
G1 X-0.800 Y0.599
G1 X-0.800 Y1.056
G1 X-0.800 Y1.276
G1 X-0.800 Y1.066
G1 X-0.800 Y0.494
G1 X-0.800 Y-0.088
G1 X-0.800 Y-0.347
G1 X-0.800 Y-0.228
G1 X-0.800 Y0.092
G1 X-0.800 Y0.351
G1 X-0.800 Y0.244
G1 X-0.800 Y-0.432
G1 X-0.800 Y-1.449
G1 X-0.800 Y-2.089
G1 X-0.800 Y-1.814
G1 X-0.800 Y-0.897
G1 X-0.800 Y-0.088
G1 X-0.800 Y0.200
G1 X-0.800 Y0.064
G1 X-0.800 Y-0.163
G1 X-0.800 Y-0.130
G1 X-0.800 Y0.390
G1 X-0.800 Y1.255
G1 X-0.800 Y1.884
G1 X-0.800 Y1.772
G1 X-0.800 Y1.073
G1 X-0.800 Y0.377
G1 X-0.800 Y0.047
G1 X-0.800 Y-0.001
G1 X-0.800 Y-0.096
G1 X-0.800 Y-0.562
G1 X-0.800 Y-1.412
G1 X-0.800 Y-2.095
G1 X-0.800 Y-1.878
G1 X-0.800 Y-0.753
G1 X-0.800 Y0.427
G1 X-0.800 Y0.916
G1 X-0.800 Y0.699
G1 X-0.800 Y0.134
G1 X-0.800 Y-0.477
G1 X-0.800 Y-0.880
G1 X-0.800 Y-0.736
G1 X-0.800 Y0.132
G1 X-0.800 Y1.311
G1 X-0.800 Y1.966
G1 X-0.800 Y1.720
G1 X-0.800 Y0.997
G1 X-0.800 Y0.383
G1 X-0.800 Y0.070
G1 X-0.800 Y-0.134
G1 X-0.800 Y-0.500
G1 X-0.800 Y-1.106
G1 X-0.800 Y-1.670
G1 X-0.800 Y-1.724
G1 X-0.800 Y-1.152
G1 X-0.800 Y-0.375
G1 X-0.800 Y0.096
G1 X-0.800 Y0.123
G1 X-0.800 Y-0.080
G1 X-0.800 Y-0.142
G1 X-0.800 Y0.321
G1 X-0.800 Y1.394
G1 X-0.800 Y2.390
G1 X-0.800 Y2.149
G1 X-0.800 Y0.465
G1 X-0.800 Y-1.351
G1 X-0.800 Y-2.008
G1 X-0.800 Y-1.560
G1 X-0.800 Y-0.805
G1 X-0.800 Y-0.220
G1 X-0.800 Y0.243
G1 X-0.800 Y0.812
G1 X-0.800 Y1.510
G1 X-0.800 Y1.916
G1 X-0.800 Y1.387
G1 X-0.800 Y-0.161
G1 X-0.800 Y-1.803
G1 X-0.800 Y-2.402
G1 X-0.800 Y-1.740
G1 X-0.800 Y-0.538
G1 X-0.800 Y0.415
G1 X-0.800 Y0.828
G1 X-0.800 Y0.820
G1 X-0.800 Y0.612
G1 X-0.800 Y0.358
G1 X-0.800 Y0.131
G1 X-0.800 Y-0.048
G1 X-0.800 Y-0.177
G1 X-0.800 Y-0.255
G1 X-0.800 Y-0.289
G1 X-0.800 Y-0.288
G1 X-0.800 Y-0.260
G1 X-0.800 Y-0.216
G1 X-0.800 Y-0.165
G1 X-0.800 Y-0.117
G1 X-0.800 Y-0.075
G1 X-0.800 Y-0.048
G1 X-0.800 Y-0.039
G1 X-0.800 Y-0.055
G1 X0.000 Y0.261
G1 X0.800 Y-0.106
G1 X0.800 Y-0.061
G1 X0.800 Y-0.023
G1 X0.800 Y-0.002
G1 X0.800 Y0.003
G1 X0.800 Y-0.001
G1 X0.800 Y-0.003
G1 X0.800 Y0.004
G1 X0.800 Y0.024
G1 X0.800 Y0.061
G1 X0.800 Y0.109
G1 X0.800 Y0.149
G1 X0.800 Y0.167
G1 X0.800 Y0.139
G1 X0.800 Y0.053
G1 X0.800 Y-0.082
G1 X0.800 Y-0.223
G1 X0.800 Y-0.282
G1 X0.800 Y-0.110
G1 X0.800 Y0.443
G1 X0.800 Y1.346
G1 X0.800 Y2.146
G1 X0.800 Y2.072
G1 X0.800 Y0.779
G1 X0.800 Y-1.006
G1 X0.800 Y-2.048
G1 X0.800 Y-1.892
G1 X0.800 Y-1.114
G1 X0.800 Y-0.432
G1 X0.800 Y-0.053
G1 X0.800 Y0.270
G1 X0.800 Y0.879
G1 X0.800 Y1.779
G1 X0.800 Y2.258
G1 X0.800 Y1.336
G1 X0.800 Y-0.779
G1 X0.800 Y-2.374
G1 X0.800 Y-2.272
G1 X0.800 Y-1.137
G1 X0.800 Y-0.208
G1 X0.800 Y0.074
G1 X0.800 Y-0.022
G1 X0.800 Y-0.049
G1 X0.800 Y0.344
G1 X0.800 Y1.154
G1 X0.800 Y1.875
G1 X0.800 Y1.884
G1 X0.800 Y1.175
G1 X0.800 Y0.357
G1 X0.800 Y-0.056
G1 X0.800 Y-0.047
G1 X0.800 Y0.084
G1 X0.800 Y-0.038
G1 X0.800 Y-0.650
G1 X0.800 Y-1.565
G1 X0.800 Y-2.095
G1 X0.800 Y-1.705
G1 X0.800 Y-0.699
G1 X0.800 Y0.134
G1 X0.800 Y0.367
G1 X0.800 Y0.129
G1 X0.800 Y-0.234
G1 X0.800 Y-0.356
G1 X0.800 Y0.057
G1 X0.800 Y0.983
G1 X0.800 Y1.842
G1 X0.800 Y1.954
G1 X0.800 Y1.306
G1 X0.800 Y0.516
G1 X0.800 Y0.079
G1 X0.800 Y-0.001
G1 X0.800 Y-0.038
G1 X0.800 Y-0.387
G1 X0.800 Y-1.157
G1 X0.800 Y-1.938
G1 X0.800 Y-2.007
G1 X0.800 Y-1.144
G1 X0.800 Y-0.010
G1 X0.800 Y0.619
G1 X0.800 Y0.568
G1 X0.800 Y0.119
G1 X0.800 Y-0.395
G1 X0.800 Y-0.664
G1 X0.800 Y-0.365
G1 X0.800 Y0.571
G1 X0.800 Y1.632
G1 X0.800 Y2.037
G1 X0.800 Y1.575
G1 X0.800 Y0.771
G1 X0.800 Y0.202
G1 X0.800 Y0.011
G1 X0.800 Y-0.001
G1 X0.800 Y-0.102
G1 X0.800 Y-0.444
G1 X0.800 Y-0.943
G1 X0.800 Y-1.305
G1 X0.800 Y-1.293
G1 X0.800 Y-0.947
G1 X0.800 Y-0.488
G1 X0.800 Y-0.053
G1 X0.800 Y0.393
G1 X0.800 Y0.930
G1 X0.800 Y1.455
G1 X0.800 Y1.600
G1 X0.800 Y1.054
G1 X0.800 Y0.019
G1 X0.800 Y-0.856
G1 X0.800 Y-1.111
G1 X0.800 Y-0.813
G1 X0.800 Y-0.258
G1 X0.800 Y0.354
G1 X0.800 Y0.896
G1 X0.800 Y1.131
G1 X0.800 Y0.742
G1 X0.800 Y-0.293
G1 X0.800 Y-1.411
G1 X0.800 Y-1.893
G1 X0.800 Y-1.589
G1 X0.800 Y-0.937
G1 X0.800 Y-0.398
G1 X0.800 Y-0.113
G1 X0.800 Y0.025
G1 X0.800 Y0.160
G1 X0.800 Y0.347
G1 X0.800 Y0.524
G1 X0.800 Y0.576
G1 X0.800 Y0.437
G1 X0.800 Y0.125
G1 X0.800 Y-0.283
G1 X0.800 Y-0.677
G1 X0.800 Y-0.846
G1 X0.800 Y-0.506
G1 X0.800 Y0.442
G1 X0.800 Y1.580
G1 X0.800 Y2.134
G1 X0.800 Y1.737
G1 X0.800 Y0.810
G1 X0.800 Y0.046
G1 X0.800 Y-0.234
G1 X0.800 Y-0.131
G1 X0.800 Y0.098
G1 X0.800 Y0.221
G1 X0.800 Y0.080
G1 X0.800 Y-0.327
G1 X0.800 Y-0.807
G1 X0.800 Y-1.094
G1 X0.800 Y-1.053
G1 X0.800 Y-0.765
G1 X0.800 Y-0.379
G1 X0.800 Y0.008
G1 X0.800 Y0.373
G1 X0.800 Y0.690
G1 X0.800 Y0.891
G1 X0.800 Y0.894
G1 X0.800 Y0.705
G1 X0.800 Y0.430
G1 X0.800 Y0.188
G1 X0.800 Y0.015
G1 X0.800 Y-0.169
G1 X0.800 Y-0.486
G1 X0.800 Y-0.985
G1 X0.800 Y-1.501
G1 X0.800 Y-1.688
G1 X0.800 Y-1.287
G1 X0.800 Y-0.443
G1 X0.800 Y0.373
G1 X0.800 Y0.785
G1 X0.800 Y0.754
G1 X0.800 Y0.459
G1 X0.800 Y0.081
G1 X0.800 Y-0.263
G1 X0.800 Y-0.502
G1 X0.800 Y-0.584
G1 X0.800 Y-0.505
G1 X0.800 Y-0.331
G1 X0.800 Y-0.157
G1 X0.800 Y-0.044
G1 X0.800 Y0.033
G1 X0.800 Y0.167
G1 X0.800 Y0.447
G1 X0.000 Y0.512
G1 X-0.800 Y0.005
G1 X-0.800 Y0.102
G1 X-0.800 Y0.032
G1 X-0.800 Y-0.068
G1 X-0.800 Y-0.085
G1 X-0.800 Y0.021
G1 X-0.800 Y0.206
G1 X-0.800 Y0.356
G1 X-0.800 Y0.369
G1 X-0.800 Y0.217
G1 X-0.800 Y-0.050
G1 X-0.800 Y-0.329
G1 X-0.800 Y-0.475
G1 X-0.800 Y-0.316
G1 X-0.800 Y0.227
G1 X-0.800 Y0.989
G1 X-0.800 Y1.566
G1 X-0.800 Y1.632
G1 X-0.800 Y1.232
G1 X-0.800 Y0.688
G1 X-0.800 Y0.280
G1 X-0.800 Y0.068
G1 X-0.800 Y-0.056
G1 X-0.800 Y-0.226
G1 X-0.800 Y-0.505
G1 X-0.800 Y-0.821
G1 X-0.800 Y-1.022
G1 X-0.800 Y-0.993
G1 X-0.800 Y-0.757
G1 X-0.800 Y-0.421
G1 X-0.800 Y-0.064
G1 X-0.800 Y0.297
G1 X-0.800 Y0.671
G1 X-0.800 Y0.993
G1 X-0.800 Y1.130
G1 X-0.800 Y0.982
G1 X-0.800 Y0.617
G1 X-0.800 Y0.245
G1 X-0.800 Y0.038
G1 X-0.800 Y0.000
G1 X-0.800 Y-0.026
G1 X-0.800 Y-0.268
G1 X-0.800 Y-0.879
G1 X-0.800 Y-1.682
G1 X-0.800 Y-2.085
G1 X-0.800 Y-1.541
G1 X-0.800 Y-0.243
G1 X-0.800 Y0.955
G1 X-0.800 Y1.419
G1 X-0.800 Y1.209
G1 X-0.800 Y0.719
G1 X-0.800 Y0.231
G1 X-0.800 Y-0.183
G1 X-0.800 Y-0.520
G1 X-0.800 Y-0.742
G1 X-0.800 Y-0.785
G1 X-0.800 Y-0.639
G1 X-0.800 Y-0.376
G1 X-0.800 Y-0.064
G1 X-0.800 Y0.297
G1 X-0.800 Y0.756
G1 X-0.800 Y1.264
G1 X-0.800 Y1.557
G1 X-0.800 Y1.265
G1 X-0.800 Y0.337
G1 X-0.800 Y-0.722
G1 X-0.800 Y-1.288
G1 X-0.800 Y-1.186
G1 X-0.800 Y-0.692
G1 X-0.800 Y-0.089
G1 X-0.800 Y0.529
G1 X-0.800 Y1.097
G1 X-0.800 Y1.358
G1 X-0.800 Y0.934
G1 X-0.800 Y-0.188
G1 X-0.800 Y-1.354
G1 X-0.800 Y-1.820
G1 X-0.800 Y-1.499
G1 X-0.800 Y-0.870
G1 X-0.800 Y-0.345
G1 X-0.800 Y0.013
G1 X-0.800 Y0.346
G1 X-0.800 Y0.749
G1 X-0.800 Y1.134
G1 X-0.800 Y1.284
G1 X-0.800 Y1.097
G1 X-0.800 Y0.698
G1 X-0.800 Y0.307
G1 X-0.800 Y-0.003
G1 X-0.800 Y-0.346
G1 X-0.800 Y-0.875
G1 X-0.800 Y-1.526
G1 X-0.800 Y-1.857
G1 X-0.800 Y-1.379
G1 X-0.800 Y-0.210
G1 X-0.800 Y0.864
G1 X-0.800 Y1.217
G1 X-0.800 Y0.895
G1 X-0.800 Y0.272
G1 X-0.800 Y-0.416
G1 X-0.800 Y-1.028
G1 X-0.800 Y-1.245
G1 X-0.800 Y-0.632
G1 X-0.800 Y0.744
G1 X-0.800 Y1.960
G1 X-0.800 Y2.113
G1 X-0.800 Y1.358
G1 X-0.800 Y0.521
G1 X-0.800 Y0.097
G1 X-0.800 Y-0.004
G1 X-0.800 Y-0.125
G1 X-0.800 Y-0.551
G1 X-0.800 Y-1.250
G1 X-0.800 Y-1.784
G1 X-0.800 Y-1.689
G1 X-0.800 Y-1.032
G1 X-0.800 Y-0.339
G1 X-0.800 Y-0.004
G1 X-0.800 Y0.004
G1 X-0.800 Y-0.010
G1 X-0.800 Y0.306
G1 X-0.800 Y1.079
G1 X-0.800 Y1.917
G1 X-0.800 Y2.064
G1 X-0.800 Y1.245
G1 X-0.800 Y0.103
G1 X-0.800 Y-0.547
G1 X-0.800 Y-0.507
G1 X-0.800 Y-0.062
G1 X-0.800 Y0.427
G1 X-0.800 Y0.594
G1 X-0.800 Y0.107
G1 X-0.800 Y-0.991
G1 X-0.800 Y-1.967
G1 X-0.800 Y-2.032
G1 X-0.800 Y-1.265
G1 X-0.800 Y-0.434
G1 X-0.800 Y-0.046
G1 X-0.800 Y0.001
G1 X-0.800 Y0.139
G1 X-0.800 Y0.798
G1 X-0.800 Y1.911
G1 X-0.800 Y2.497
G1 X-0.800 Y1.427
G1 X-0.800 Y-0.793
G1 X-0.800 Y-2.261
G1 X-0.800 Y-2.089
G1 X-0.800 Y-1.120
G1 X-0.800 Y-0.367
G1 X-0.800 Y-0.039
G1 X-0.800 Y0.192
G1 X-0.800 Y0.708
G1 X-0.800 Y1.548
G1 X-0.800 Y2.155
G1 X-0.800 Y1.734
G1 X-0.800 Y0.241
G1 X-0.800 Y-1.326
G1 X-0.800 Y-1.980
G1 X-0.800 Y-1.676
G1 X-0.800 Y-1.000
G1 X-0.800 Y-0.449
G1 X-0.800 Y-0.151
G1 X-0.800 Y-0.026
G1 X-0.800 Y0.041
G1 X-0.800 Y0.124
G1 X-0.800 Y0.230
G1 X-0.800 Y0.333
G1 X-0.800 Y0.399
G1 X-0.800 Y0.407
G1 X-0.800 Y0.363
G1 X-0.800 Y0.280
G1 X-0.800 Y0.175
G1 X-0.800 Y0.062
G1 X-0.800 Y-0.054
G1 X-0.800 Y-0.169
G1 X-0.800 Y-0.282
G1 X-0.800 Y-0.381
G1 X-0.800 Y-0.449
G1 X-0.800 Y-0.460
G1 X-0.800 Y-0.392
G1 X0.000 Y3.265
G1 X0.800 Y0.991
G1 X0.800 Y0.849
G1 X0.800 Y0.659
G1 X0.800 Y0.483
G1 X0.800 Y0.341
G1 X0.800 Y0.233
G1 X0.800 Y0.150
G1 X0.800 Y0.078
G1 X0.800 Y0.008
G1 X0.800 Y-0.078
G1 X0.800 Y-0.189
G1 X0.800 Y-0.341
G1 X0.800 Y-0.528
G1 X0.800 Y-0.718
G1 X0.800 Y-0.847
G1 X0.800 Y-0.851
G1 X0.800 Y-0.710
G1 X0.800 Y-0.468
G1 X0.800 Y-0.180
G1 X0.800 Y0.145
G1 X0.800 Y0.561
G1 X0.800 Y1.098
G1 X0.800 Y1.582
G1 X0.800 Y1.552
G1 X0.800 Y0.608
G1 X0.800 Y-0.928
G1 X0.800 Y-2.020
G1 X0.800 Y-1.989
G1 X0.800 Y-1.208
G1 X0.800 Y-0.463
G1 X0.800 Y-0.085
G1 X0.800 Y0.140
G1 X0.800 Y0.630
G1 X0.800 Y1.554
G1 X0.800 Y2.333
G1 X0.800 Y1.824
G1 X0.800 Y-0.153
G1 X0.800 Y-2.011
G1 X0.800 Y-2.302
G1 X0.800 Y-1.416
G1 X0.800 Y-0.520
G1 X0.800 Y-0.092
G1 X0.800 Y0.132
G1 X0.800 Y0.598
G1 X0.800 Y1.445
G1 X0.800 Y2.147
G1 X0.800 Y1.852
G1 X0.800 Y0.516
G1 X0.800 Y-0.818
G1 X0.800 Y-1.271
G1 X0.800 Y-0.917
G1 X0.800 Y-0.233
G1 X0.800 Y0.496
G1 X0.800 Y1.095
G1 X0.800 Y1.209
G1 X0.800 Y0.445
G1 X0.800 Y-0.948
G1 X0.800 Y-1.974
G1 X0.800 Y-1.943
G1 X0.800 Y-1.202
G1 X0.800 Y-0.487
G1 X0.800 Y-0.110
G1 X0.800 Y0.088
G1 X0.800 Y0.394
G1 X0.800 Y0.926
G1 X0.800 Y1.462
G1 X0.800 Y1.609
G1 X0.800 Y1.235
G1 X0.800 Y0.647
G1 X0.800 Y0.214
G1 X0.800 Y0.004
G1 X0.800 Y-0.214
G1 X0.800 Y-0.747
G1 X0.800 Y-1.608
G1 X0.800 Y-2.196
G1 X0.800 Y-1.668
G1 X0.800 Y-0.081
G1 X0.800 Y1.379
G1 X0.800 Y1.765
G1 X0.800 Y1.278
G1 X0.800 Y0.569
G1 X0.800 Y-0.066
G1 X0.800 Y-0.698
G1 X0.800 Y-1.348
G1 X0.800 Y-1.681
G1 X0.800 Y-1.212
G1 X0.800 Y0.004
G1 X0.800 Y1.182
G1 X0.800 Y1.604
G1 X0.800 Y1.298
G1 X0.800 Y0.722
G1 X0.800 Y0.188
G1 X0.800 Y-0.270
G1 X0.800 Y-0.696
G1 X0.800 Y-1.027
G1 X0.800 Y-1.121
G1 X0.800 Y-0.921
G1 X0.800 Y-0.562
G1 X0.800 Y-0.232
G1 X0.800 Y0.014
G1 X0.800 Y0.307
G1 X0.800 Y0.822
G1 X0.800 Y1.525
G1 X0.800 Y1.963
G1 X0.800 Y1.521
G1 X0.800 Y0.205
G1 X0.800 Y-1.128
G1 X0.800 Y-1.647
G1 X0.800 Y-1.348
G1 X0.800 Y-0.731
G1 X0.800 Y-0.139
G1 X0.800 Y0.412
G1 X0.800 Y0.982
G1 X0.800 Y1.432
G1 X0.800 Y1.430
G1 X0.800 Y0.791
G1 X0.800 Y-0.173
G1 X0.800 Y-0.891
G1 X0.800 Y-1.060
G1 X0.800 Y-0.796
G1 X0.800 Y-0.358
G1 X0.800 Y0.084
G1 X0.800 Y0.455
G1 X0.800 Y0.686
G1 X0.800 Y0.723
G1 X0.800 Y0.575
G1 X0.800 Y0.340
G1 X0.800 Y0.121
G1 X0.800 Y-0.084
G1 X0.800 Y-0.385
G1 X0.800 Y-0.903
G1 X0.800 Y-1.557
G1 X0.800 Y-1.907
G1 X0.800 Y-1.400
G1 X0.800 Y-0.050
G1 X0.800 Y1.321
G1 X0.800 Y1.874
G1 X0.800 Y1.563
G1 X0.800 Y0.921
G1 X0.800 Y0.392
G1 X0.800 Y0.057
G1 X0.800 Y-0.211
G1 X0.800 Y-0.524
G1 X0.800 Y-0.867
G1 X0.800 Y-1.096
G1 X0.800 Y-1.086
G1 X0.800 Y-0.847
G1 X0.800 Y-0.512
G1 X0.800 Y-0.194
G1 X0.800 Y0.094
G1 X0.800 Y0.404
G1 X0.800 Y0.752
G1 X0.800 Y1.062
G1 X0.800 Y1.182
G1 X0.800 Y1.033
G1 X0.800 Y0.696
G1 X0.800 Y0.351
G1 X0.800 Y0.119
G1 X0.800 Y-0.024
G1 X0.800 Y-0.205
G1 X0.800 Y-0.543
G1 X0.800 Y-1.041
G1 X0.800 Y-1.486
G1 X0.800 Y-1.576
G1 X0.800 Y-1.190
G1 X0.800 Y-0.542
G1 X0.800 Y0.007
G1 X0.800 Y0.247
G1 X0.800 Y0.200
G1 X0.800 Y0.010
G1 X0.800 Y-0.168
G1 X0.800 Y-0.225
G1 X0.800 Y-0.118
G1 X0.800 Y0.094
G1 X0.800 Y0.285
G1 X0.800 Y0.335
G1 X0.800 Y0.217
G1 X0.800 Y-0.020
G1 X0.800 Y-0.269
G1 X0.800 Y-0.391
G1 X0.000 Y2.042
G1 X-0.800 Y0.574
G1 X-0.800 Y0.283
G1 X-0.800 Y-0.071
G1 X-0.800 Y-0.382
G1 X-0.800 Y-0.557
G1 X-0.800 Y-0.537
G1 X-0.800 Y-0.333
G1 X-0.800 Y-0.065
G1 X-0.800 Y0.119
G1 X-0.800 Y0.136
G1 X-0.800 Y0.016
G1 X-0.800 Y-0.126
G1 X-0.800 Y-0.142
G1 X-0.800 Y0.102
G1 X-0.800 Y0.608
G1 X-0.800 Y1.178
G1 X-0.800 Y1.490
G1 X-0.800 Y1.381
G1 X-0.800 Y0.970
G1 X-0.800 Y0.520
G1 X-0.800 Y0.194
G1 X-0.800 Y-0.025
G1 X-0.800 Y-0.251
G1 X-0.800 Y-0.578
G1 X-0.800 Y-0.967
G1 X-0.800 Y-1.249
G1 X-0.800 Y-1.258
G1 X-0.800 Y-0.983
G1 X-0.800 Y-0.595
G1 X-0.800 Y-0.270
G1 X-0.800 Y-0.068
G1 X-0.800 Y0.081
G1 X-0.800 Y0.277
G1 X-0.800 Y0.559
G1 X-0.800 Y0.848
G1 X-0.800 Y0.997
G1 X-0.800 Y0.909
G1 X-0.800 Y0.621
G1 X-0.800 Y0.229
G1 X-0.800 Y-0.218
G1 X-0.800 Y-0.736
G1 X-0.800 Y-1.259
G1 X-0.800 Y-1.485
G1 X-0.800 Y-0.971
G1 X-0.800 Y0.337
G1 X-0.800 Y1.710
G1 X-0.800 Y2.204
G1 X-0.800 Y1.658
G1 X-0.800 Y0.732
G1 X-0.800 Y0.085
G1 X-0.800 Y-0.111
G1 X-0.800 Y-0.033
G1 X-0.800 Y0.082
G1 X-0.800 Y0.075
G1 X-0.800 Y-0.085
G1 X-0.800 Y-0.300
G1 X-0.800 Y-0.413
G1 X-0.800 Y-0.330
G1 X-0.800 Y-0.074
G1 X-0.800 Y0.252
G1 X-0.800 Y0.483
G1 X-0.800 Y0.417
G1 X-0.800 Y-0.081
G1 X-0.800 Y-0.870
G1 X-0.800 Y-1.501
G1 X-0.800 Y-1.589
G1 X-0.800 Y-1.180
G1 X-0.800 Y-0.624
G1 X-0.800 Y-0.162
G1 X-0.800 Y0.251
G1 X-0.800 Y0.804
G1 X-0.800 Y1.505
G1 X-0.800 Y1.923
G1 X-0.800 Y1.402
G1 X-0.800 Y-0.093
G1 X-0.800 Y-1.579
G1 X-0.800 Y-2.057
G1 X-0.800 Y-1.563
G1 X-0.800 Y-0.808
G1 X-0.800 Y-0.289
G1 X-0.800 Y-0.030
G1 X-0.800 Y0.164
G1 X-0.800 Y0.433
G1 X-0.800 Y0.745
G1 X-0.800 Y0.938
G1 X-0.800 Y0.871
G1 X-0.800 Y0.565
G1 X-0.800 Y0.116
G1 X-0.800 Y-0.409
G1 X-0.800 Y-0.961
G1 X-0.800 Y-1.334
G1 X-0.800 Y-1.117
G1 X-0.800 Y-0.091
G1 X-0.800 Y1.249
G1 X-0.800 Y1.970
G1 X-0.800 Y1.713
G1 X-0.800 Y0.977
G1 X-0.800 Y0.358
G1 X-0.800 Y-0.034
G1 X-0.800 Y-0.469
G1 X-0.800 Y-1.197
G1 X-0.800 Y-1.984
G1 X-0.800 Y-2.000
G1 X-0.800 Y-0.693
G1 X-0.800 Y1.144
G1 X-0.800 Y2.095
G1 X-0.800 Y1.795
G1 X-0.800 Y0.989
G1 X-0.800 Y0.362
G1 X-0.800 Y0.002
G1 X-0.800 Y-0.317
G1 X-0.800 Y-0.761
G1 X-0.800 Y-1.229
G1 X-0.800 Y-1.427
G1 X-0.800 Y-1.201
G1 X-0.800 Y-0.727
G1 X-0.800 Y-0.289
G1 X-0.800 Y0.043
G1 X-0.800 Y0.442
G1 X-0.800 Y1.100
G1 X-0.800 Y1.840
G1 X-0.800 Y1.975
G1 X-0.800 Y0.942
G1 X-0.800 Y-0.710
G1 X-0.800 Y-1.736
G1 X-0.800 Y-1.644
G1 X-0.800 Y-0.958
G1 X-0.800 Y-0.244
G1 X-0.800 Y0.422
G1 X-0.800 Y1.170
G1 X-0.800 Y1.787
G1 X-0.800 Y1.582
G1 X-0.800 Y0.193
G1 X-0.800 Y-1.488
G1 X-0.800 Y-2.138
G1 X-0.800 Y-1.616
G1 X-0.800 Y-0.772
G1 X-0.800 Y-0.178
G1 X-0.800 Y0.271
G1 X-0.800 Y0.938
G1 X-0.800 Y1.827
G1 X-0.800 Y2.181
G1 X-0.800 Y1.113
G1 X-0.800 Y-0.905
G1 X-0.800 Y-2.199
G1 X-0.800 Y-2.000
G1 X-0.800 Y-1.082
G1 X-0.800 Y-0.366
G1 X-0.800 Y-0.004
G1 X-0.800 Y0.339
G1 X-0.800 Y0.976
G1 X-0.800 Y1.775
G1 X-0.800 Y2.062
G1 X-0.800 Y1.290
G1 X-0.800 Y-0.137
G1 X-0.800 Y-1.204
G1 X-0.800 Y-1.407
G1 X-0.800 Y-1.010
G1 X-0.800 Y-0.448
G1 X-0.800 Y0.078
G1 X-0.800 Y0.544
G1 X-0.800 Y0.912
G1 X-0.800 Y1.070
G1 X-0.800 Y0.938
G1 X-0.800 Y0.583
G1 X-0.800 Y0.196
G1 X-0.800 Y-0.057
G1 X-0.800 Y-0.132
G1 X-0.800 Y-0.083
G1 X-0.800 Y0.005
G1 X-0.800 Y0.073
G1 X-0.800 Y0.094
G1 X-0.800 Y0.074
G1 X-0.800 Y0.029
G1 X-0.800 Y-0.024
G1 X-0.800 Y-0.085
G1 X-0.800 Y-0.175
G1 X-0.800 Y-0.322
G1 X-0.800 Y-0.554
G1 X-0.800 Y-0.874
G1 X0.000 Y2.440
G1 X0.800 Y0.457
G1 X0.800 Y0.208
G1 X0.800 Y0.089
G1 X0.800 Y0.035
G1 X0.800 Y0.000
G1 X0.800 Y-0.058
G1 X0.800 Y-0.166
G1 X0.800 Y-0.325
G1 X0.800 Y-0.479
G1 X0.800 Y-0.544
G1 X0.800 Y-0.451
G1 X0.800 Y-0.201
G1 X0.800 Y0.153
G1 X0.800 Y0.517
G1 X0.800 Y0.745
G1 X0.800 Y0.647
G1 X0.800 Y0.132
G1 X0.800 Y-0.599
G1 X0.800 Y-1.122
G1 X0.800 Y-1.160
G1 X0.800 Y-0.788
G1 X0.800 Y-0.231
G1 X0.800 Y0.385
G1 X0.800 Y0.999
G1 X0.800 Y1.371
G1 X0.800 Y1.052
G1 X0.800 Y-0.118
G1 X0.800 Y-1.466
G1 X0.800 Y-2.011
G1 X0.800 Y-1.579
G1 X0.800 Y-0.811
G1 X0.800 Y-0.234
G1 X0.800 Y0.180
G1 X0.800 Y0.751
G1 X0.800 Y1.586
G1 X0.800 Y2.141
G1 X0.800 Y1.533
G1 X0.800 Y-0.184
G1 X0.800 Y-1.665
G1 X0.800 Y-1.900
G1 X0.800 Y-1.242
G1 X0.800 Y-0.469
G1 X0.800 Y0.179
G1 X0.800 Y0.896
G1 X0.800 Y1.690
G1 X0.800 Y1.943
G1 X0.800 Y0.908
G1 X0.800 Y-0.978
G1 X0.800 Y-2.173
G1 X0.800 Y-1.948
G1 X0.800 Y-1.047
G1 X0.800 Y-0.340
G1 X0.800 Y0.058
G1 X0.800 Y0.525
G1 X0.800 Y1.336
G1 X0.800 Y2.129
G1 X0.800 Y1.944
G1 X0.800 Y0.408
G1 X0.800 Y-1.373
G1 X0.800 Y-2.052
G1 X0.800 Y-1.597
G1 X0.800 Y-0.827
G1 X0.800 Y-0.260
G1 X0.800 Y0.118
G1 X0.800 Y0.501
G1 X0.800 Y0.933
G1 X0.800 Y1.231
G1 X0.800 Y1.198
G1 X0.800 Y0.855
G1 X0.800 Y0.413
G1 X0.800 Y-0.006
G1 X0.800 Y-0.486
G1 X0.800 Y-1.159
G1 X0.800 Y-1.832
G1 X0.800 Y-1.805
G1 X0.800 Y-0.515
G1 X0.800 Y1.371
G1 X0.800 Y2.350
G1 X0.800 Y1.902
G1 X0.800 Y0.890
G1 X0.800 Y0.216
G1 X0.800 Y0.014
G1 X0.800 Y-0.080
G1 X0.800 Y-0.483
G1 X0.800 Y-1.311
G1 X0.800 Y-2.077
G1 X0.800 Y-1.977
G1 X0.800 Y-0.859
G1 X0.800 Y0.458
G1 X0.800 Y1.125
G1 X0.800 Y1.038
G1 X0.800 Y0.572
G1 X0.800 Y0.042
G1 X0.800 Y-0.418
G1 X0.800 Y-0.725
G1 X0.800 Y-0.799
G1 X0.800 Y-0.637
G1 X0.800 Y-0.365
G1 X0.800 Y-0.132
G1 X0.800 Y0.037
G1 X0.800 Y0.288
G1 X0.800 Y0.817
G1 X0.800 Y1.603
G1 X0.800 Y2.114
G1 X0.800 Y1.570
G1 X0.800 Y-0.068
G1 X0.800 Y-1.669
G1 X0.800 Y-2.131
G1 X0.800 Y-1.549
G1 X0.800 Y-0.747
G1 X0.800 Y-0.233
G1 X0.800 Y0.025
G1 X0.800 Y0.289
G1 X0.800 Y0.749
G1 X0.800 Y1.312
G1 X0.800 Y1.635
G1 X0.800 Y1.446
G1 X0.800 Y0.863
G1 X0.800 Y0.276
G1 X0.800 Y-0.038
G1 X0.800 Y-0.066
G1 X0.800 Y0.028
G1 X0.800 Y0.074
G1 X0.800 Y-0.031
G1 X0.800 Y-0.258
G1 X0.800 Y-0.467
G1 X0.800 Y-0.502
G1 X0.800 Y-0.313
G1 X0.800 Y0.042
G1 X0.800 Y0.437
G1 X0.800 Y0.666
G1 X0.800 Y0.430
G1 X0.800 Y-0.457
G1 X0.800 Y-1.672
G1 X0.800 Y-2.328
G1 X0.800 Y-1.811
G1 X0.800 Y-0.520
G1 X0.800 Y0.583
G1 X0.800 Y0.970
G1 X0.800 Y0.771
G1 X0.800 Y0.324
G1 X0.800 Y-0.142
G1 X0.800 Y-0.515
G1 X0.800 Y-0.707
G1 X0.800 Y-0.665
G1 X0.800 Y-0.438
G1 X0.800 Y-0.172
G1 X0.800 Y-0.010
G1 X0.800 Y0.016
G1 X0.800 Y-0.018
G1 X0.800 Y0.026
G1 X0.800 Y0.259
G1 X0.800 Y0.680
G1 X0.800 Y1.115
G1 X0.800 Y1.324
G1 X0.800 Y1.196
G1 X0.800 Y0.837
G1 X0.800 Y0.442
G1 X0.800 Y0.112
G1 X0.800 Y-0.191
G1 X0.800 Y-0.548
G1 X0.800 Y-0.970
G1 X0.800 Y-1.314
G1 X0.800 Y-1.364
G1 X0.800 Y-1.036
G1 X0.800 Y-0.503
G1 X0.800 Y-0.049
G1 X0.800 Y0.148
G1 X0.800 Y0.107
G1 X0.800 Y-0.041
G1 X0.800 Y-0.144
G1 X0.800 Y-0.090
G1 X0.800 Y0.149
G1 X0.800 Y0.474
G1 X0.800 Y0.709
G1 X0.800 Y0.733
G1 X0.800 Y0.537
G1 X0.800 Y0.201
G1 X0.800 Y-0.192
G1 X0.800 Y-0.567
G1 X0.000 Y1.880
G1 X-0.800 Y0.463
G1 X-0.800 Y0.064
G1 X-0.800 Y-0.335
G1 X-0.800 Y-0.671
G1 X-0.800 Y-0.853
G1 X-0.800 Y-0.789
G1 X-0.800 Y-0.490
G1 X-0.800 Y-0.107
G1 X-0.800 Y0.162
G1 X-0.800 Y0.212
G1 X-0.800 Y0.079
G1 X-0.800 Y-0.119
G1 X-0.800 Y-0.228
G1 X-0.800 Y-0.110
G1 X-0.800 Y0.279
G1 X-0.800 Y0.799
G1 X-0.800 Y1.183
G1 X-0.800 Y1.234
G1 X-0.800 Y0.973
G1 X-0.800 Y0.574
G1 X-0.800 Y0.172
G1 X-0.800 Y-0.215
G1 X-0.800 Y-0.621
G1 X-0.800 Y-1.017
G1 X-0.800 Y-1.254
G1 X-0.800 Y-1.161
G1 X-0.800 Y-0.739
G1 X-0.800 Y-0.208
G1 X-0.800 Y0.160
G1 X-0.800 Y0.252
G1 X-0.800 Y0.123
G1 X-0.800 Y-0.081
G1 X-0.800 Y-0.221
G1 X-0.800 Y-0.198
G1 X-0.800 Y-0.010
G1 X-0.800 Y0.235
G1 X-0.800 Y0.373
G1 X-0.800 Y0.305
G1 X-0.800 Y0.051
G1 X-0.800 Y-0.273
G1 X-0.800 Y-0.464
G1 X-0.800 Y-0.251
G1 X-0.800 Y0.555
G1 X-0.800 Y1.685
G1 X-0.800 Y2.318
G1 X-0.800 Y1.788
G1 X-0.800 Y0.421
G1 X-0.800 Y-0.781
G1 X-0.800 Y-1.205
G1 X-0.800 Y-0.977
G1 X-0.800 Y-0.487
G1 X-0.800 Y0.019
G1 X-0.800 Y0.453
G1 X-0.800 Y0.752
G1 X-0.800 Y0.836
G1 X-0.800 Y0.692
G1 X-0.800 Y0.424
G1 X-0.800 Y0.182
G1 X-0.800 Y0.037
G1 X-0.800 Y-0.077
G1 X-0.800 Y-0.299
G1 X-0.800 Y-0.719
G1 X-0.800 Y-1.239
G1 X-0.800 Y-1.557
G1 X-0.800 Y-1.424
G1 X-0.800 Y-0.917
G1 X-0.800 Y-0.383
G1 X-0.800 Y-0.085
G1 X-0.800 Y0.007
G1 X-0.800 Y0.152
G1 X-0.800 Y0.652
G1 X-0.800 Y1.548
G1 X-0.800 Y2.255
G1 X-0.800 Y1.836
G1 X-0.800 Y0.157
G1 X-0.800 Y-1.574
G1 X-0.800 Y-2.144
G1 X-0.800 Y-1.615
G1 X-0.800 Y-0.813
G1 X-0.800 Y-0.283
G1 X-0.800 Y-0.037
G1 X-0.800 Y0.124
G1 X-0.800 Y0.340
G1 X-0.800 Y0.588
G1 X-0.800 Y0.723
G1 X-0.800 Y0.629
G1 X-0.800 Y0.311
G1 X-0.800 Y-0.156
G1 X-0.800 Y-0.668
G1 X-0.800 Y-1.032
G1 X-0.800 Y-0.882
G1 X-0.800 Y0.067
G1 X-0.800 Y1.450
G1 X-0.800 Y2.258
G1 X-0.800 Y1.892
G1 X-0.800 Y0.878
G1 X-0.800 Y0.111
G1 X-0.800 Y-0.081
G1 X-0.800 Y0.045
G1 X-0.800 Y0.025
G1 X-0.800 Y-0.567
G1 X-0.800 Y-1.688
G1 X-0.800 Y-2.452
G1 X-0.800 Y-1.814
G1 X-0.800 Y-0.035
G1 X-0.800 Y1.428
G1 X-0.800 Y1.720
G1 X-0.800 Y1.204
G1 X-0.800 Y0.539
G1 X-0.800 Y-0.016
G1 X-0.800 Y-0.497
G1 X-0.800 Y-0.911
G1 X-0.800 Y-1.127
G1 X-0.800 Y-1.026
G1 X-0.800 Y-0.681
G1 X-0.800 Y-0.299
G1 X-0.800 Y0.034
G1 X-0.800 Y0.454
G1 X-0.800 Y1.141
G1 X-0.800 Y1.929
G1 X-0.800 Y2.006
G1 X-0.800 Y0.639
G1 X-0.800 Y-1.459
G1 X-0.800 Y-2.501
G1 X-0.800 Y-1.907
G1 X-0.800 Y-0.772
G1 X-0.800 Y-0.119
G1 X-0.800 Y0.000
G1 X-0.800 Y0.091
G1 X-0.800 Y0.678
G1 X-0.800 Y1.777
G1 X-0.800 Y2.465
G1 X-0.800 Y1.651
G1 X-0.800 Y-0.239
G1 X-0.800 Y-1.578
G1 X-0.800 Y-1.622
G1 X-0.800 Y-0.933
G1 X-0.800 Y-0.148
G1 X-0.800 Y0.613
G1 X-0.800 Y1.347
G1 X-0.800 Y1.674
G1 X-0.800 Y0.997
G1 X-0.800 Y-0.533
G1 X-0.800 Y-1.773
G1 X-0.800 Y-1.887
G1 X-0.800 Y-1.217
G1 X-0.800 Y-0.490
G1 X-0.800 Y0.062
G1 X-0.800 Y0.638
G1 X-0.800 Y1.376
G1 X-0.800 Y1.914
G1 X-0.800 Y1.577
G1 X-0.800 Y0.283
G1 X-0.800 Y-1.043
G1 X-0.800 Y-1.513
G1 X-0.800 Y-1.156
G1 X-0.800 Y-0.487
G1 X-0.800 Y0.199
G1 X-0.800 Y0.861
G1 X-0.800 Y1.360
G1 X-0.800 Y1.321
G1 X-0.800 Y0.535
G1 X-0.800 Y-0.582
G1 X-0.800 Y-1.279
G1 X-0.800 Y-1.260
G1 X-0.800 Y-0.786
G1 X-0.800 Y-0.202
G1 X-0.800 Y0.357
G1 X-0.800 Y0.838
G1 X-0.800 Y1.113
G1 X-0.800 Y1.023
G1 X-0.800 Y0.616
G1 X-0.800 Y0.162
G1 X-0.800 Y-0.095
G1 X-0.800 Y-0.127
G1 X-0.800 Y-0.054
G1 X-0.800 Y0.007
G1 X-0.800 Y0.008
G1 X-0.800 Y-0.057
G1 X-0.800 Y-0.213
G1 X0.000 Y0.858
G1 X0.800 Y-0.059
G1 X0.800 Y-0.326
G1 X0.800 Y-0.500
G1 X0.800 Y-0.479
G1 X0.800 Y-0.197
G1 X0.800 Y0.293
G1 X0.800 Y0.806
G1 X0.800 Y0.959
G1 X0.800 Y0.363
G1 X0.800 Y-0.780
G1 X0.800 Y-1.597
G1 X0.800 Y-1.548
G1 X0.800 Y-0.937
G1 X0.800 Y-0.244
G1 X0.800 Y0.427
G1 X0.800 Y1.154
G1 X0.800 Y1.713
G1 X0.800 Y1.487
G1 X0.800 Y0.241
G1 X0.800 Y-1.198
G1 X0.800 Y-1.766
G1 X0.800 Y-1.379
G1 X0.800 Y-0.651
G1 X0.800 Y0.044
G1 X0.800 Y0.747
G1 X0.800 Y1.469
G1 X0.800 Y1.766
G1 X0.800 Y1.035
G1 X0.800 Y-0.500
G1 X0.800 Y-1.676
G1 X0.800 Y-1.758
G1 X0.800 Y-1.118
G1 X0.800 Y-0.398
G1 X0.800 Y0.228
G1 X0.800 Y0.905
G1 X0.800 Y1.586
G1 X0.800 Y1.764
G1 X0.800 Y0.967
G1 X0.800 Y-0.395
G1 X0.800 Y-1.298
G1 X0.800 Y-1.276
G1 X0.800 Y-0.670
G1 X0.800 Y0.103
G1 X0.800 Y0.888
G1 X0.800 Y1.440
G1 X0.800 Y1.144
G1 X0.800 Y-0.357
G1 X0.800 Y-2.094
G1 X0.800 Y-2.496
G1 X0.800 Y-1.462
G1 X0.800 Y-0.293
G1 X0.800 Y0.147
G1 X0.800 Y0.000
G1 X0.800 Y-0.147
G1 X0.800 Y0.310
G1 X0.800 Y1.554
G1 X0.800 Y2.646
G1 X0.800 Y2.052
G1 X0.800 Y-0.151
G1 X0.800 Y-1.966
G1 X0.800 Y-2.145
G1 X0.800 Y-1.330
G1 X0.800 Y-0.548
G1 X0.800 Y-0.115
G1 X0.800 Y0.153
G1 X0.800 Y0.468
G1 X0.800 Y0.824
G1 X0.800 Y1.029
G1 X0.800 Y0.935
G1 X0.800 Y0.575
G1 X0.800 Y0.077
G1 X0.800 Y-0.506
G1 X0.800 Y-1.139
G1 X0.800 Y-1.535
G1 X0.800 Y-1.112
G1 X0.800 Y0.369
G1 X0.800 Y2.000
G1 X0.800 Y2.432
G1 X0.800 Y1.531
G1 X0.800 Y0.388
G1 X0.800 Y-0.149
G1 X0.800 Y-0.087
G1 X0.800 Y0.145
G1 X0.800 Y0.069
G1 X0.800 Y-0.630
G1 X0.800 Y-1.726
G1 X0.800 Y-2.323
G1 X0.800 Y-1.715
G1 X0.800 Y-0.341
G1 X0.800 Y0.740
G1 X0.800 Y1.017
G1 X0.800 Y0.714
G1 X0.800 Y0.213
G1 X0.800 Y-0.260
G1 X0.800 Y-0.592
G1 X0.800 Y-0.701
G1 X0.800 Y-0.578
G1 X0.800 Y-0.338
G1 X0.800 Y-0.125
G1 X0.800 Y0.024
G1 X0.800 Y0.248
G1 X0.800 Y0.753
G1 X0.800 Y1.561
G1 X0.800 Y2.161
G1 X0.800 Y1.682
G1 X0.800 Y-0.041
G1 X0.800 Y-1.818
G1 X0.800 Y-2.324
G1 X0.800 Y-1.607
G1 X0.800 Y-0.652
G1 X0.800 Y-0.119
G1 X0.800 Y0.000
G1 X0.800 Y0.013
G1 X0.800 Y0.203
G1 X0.800 Y0.661
G1 X0.800 Y1.197
G1 X0.800 Y1.470
G1 X0.800 Y1.316
G1 X0.800 Y0.886
G1 X0.800 Y0.449
G1 X0.800 Y0.135
G1 X0.800 Y-0.101
G1 X0.800 Y-0.361
G1 X0.800 Y-0.669
G1 X0.800 Y-0.929
G1 X0.800 Y-1.000
G1 X0.800 Y-0.828
G1 X0.800 Y-0.491
G1 X0.800 Y-0.083
G1 X0.800 Y0.384
G1 X0.800 Y0.931
G1 X0.800 Y1.436
G1 X0.800 Y1.495
G1 X0.800 Y0.685
G1 X0.800 Y-0.802
G1 X0.800 Y-2.015
G1 X0.800 Y-2.142
G1 X0.800 Y-1.362
G1 X0.800 Y-0.461
G1 X0.800 Y0.039
G1 X0.800 Y0.115
G1 X0.800 Y-0.007
G1 X0.800 Y-0.107
G1 X0.800 Y-0.057
G1 X0.800 Y0.140
G1 X0.800 Y0.363
G1 X0.800 Y0.463
G1 X0.800 Y0.371
G1 X0.800 Y0.118
G1 X0.800 Y-0.201
G1 X0.800 Y-0.463
G1 X0.800 Y-0.522
G1 X0.800 Y-0.269
G1 X0.800 Y0.260
G1 X0.800 Y0.818
G1 X0.800 Y1.116
G1 X0.800 Y1.047
G1 X0.800 Y0.717
G1 X0.800 Y0.291
G1 X0.800 Y-0.148
G1 X0.800 Y-0.576
G1 X0.800 Y-0.940
G1 X0.800 Y-1.105
G1 X0.800 Y-0.941
G1 X0.800 Y-0.491
G1 X0.800 Y0.015
G1 X0.800 Y0.323
G1 X0.800 Y0.343
G1 X0.800 Y0.144
G1 X0.800 Y-0.129
G1 X0.800 Y-0.329
G1 X0.800 Y-0.328
G1 X0.800 Y-0.067
G1 X0.800 Y0.363
G1 X0.800 Y0.750
G1 X0.800 Y0.898
G1 X0.800 Y0.771
G1 X0.800 Y0.455
G1 X0.800 Y0.063
G1 X0.800 Y-0.337
G1 X0.000 Y1.038
G1 X-0.800 Y0.222
G1 X-0.800 Y-0.169
G1 X-0.800 Y-0.541
G1 X-0.800 Y-0.804
G1 X-0.800 Y-0.836
G1 X-0.800 Y-0.571
G1 X-0.800 Y-0.101
G1 X-0.800 Y0.338
G1 X-0.800 Y0.539
G1 X-0.800 Y0.453
G1 X-0.800 Y0.171
G1 X-0.800 Y-0.180
G1 X-0.800 Y-0.465
G1 X-0.800 Y-0.545
G1 X-0.800 Y-0.321
G1 X-0.800 Y0.159
G1 X-0.800 Y0.668
G1 X-0.800 Y0.940
G1 X-0.800 Y0.874
G1 X-0.800 Y0.561
G1 X-0.800 Y0.134
G1 X-0.800 Y-0.314
G1 X-0.800 Y-0.718
G1 X-0.800 Y-0.960
G1 X-0.800 Y-0.885
G1 X-0.800 Y-0.452
G1 X-0.800 Y0.151
G1 X-0.800 Y0.615
G1 X-0.800 Y0.748
G1 X-0.800 Y0.574
G1 X-0.800 Y0.236
G1 X-0.800 Y-0.136
G1 X-0.800 Y-0.447
G1 X-0.800 Y-0.609
G1 X-0.800 Y-0.577
G1 X-0.800 Y-0.385
G1 X-0.800 Y-0.161
G1 X-0.800 Y-0.028
G1 X-0.800 Y0.000
G1 X-0.800 Y0.040
G1 X-0.800 Y0.297
G1 X-0.800 Y0.916
G1 X-0.800 Y1.730
G1 X-0.800 Y2.123
G1 X-0.800 Y1.486
G1 X-0.800 Y0.014
G1 X-0.800 Y-1.306
G1 X-0.800 Y-1.731
G1 X-0.800 Y-1.377
G1 X-0.800 Y-0.779
G1 X-0.800 Y-0.269
G1 X-0.800 Y0.129
G1 X-0.800 Y0.500
G1 X-0.800 Y0.853
G1 X-0.800 Y1.073
G1 X-0.800 Y1.046
G1 X-0.800 Y0.791
G1 X-0.800 Y0.455
G1 X-0.800 Y0.152
G1 X-0.800 Y-0.122
G1 X-0.800 Y-0.452
G1 X-0.800 Y-0.876
G1 X-0.800 Y-1.272
G1 X-0.800 Y-1.400
G1 X-0.800 Y-1.134
G1 X-0.800 Y-0.638
G1 X-0.800 Y-0.215
G1 X-0.800 Y-0.031
G1 X-0.800 Y0.022
G1 X-0.800 Y0.221
G1 X-0.800 Y0.841
G1 X-0.800 Y1.789
G1 X-0.800 Y2.313
G1 X-0.800 Y1.512
G1 X-0.800 Y-0.389
G1 X-0.800 Y-1.940
G1 X-0.800 Y-2.142
G1 X-0.800 Y-1.396
G1 X-0.800 Y-0.598
G1 X-0.800 Y-0.164
G1 X-0.800 Y-0.003
G1 X-0.800 Y0.116
G1 X-0.800 Y0.330
G1 X-0.800 Y0.585
G1 X-0.800 Y0.719
G1 X-0.800 Y0.610
G1 X-0.800 Y0.271
G1 X-0.800 Y-0.210
G1 X-0.800 Y-0.715
G1 X-0.800 Y-1.015
G1 X-0.800 Y-0.723
G1 X-0.800 Y0.370
G1 X-0.800 Y1.736
G1 X-0.800 Y2.317
G1 X-0.800 Y1.703
G1 X-0.800 Y0.615
G1 X-0.800 Y-0.065
G1 X-0.800 Y-0.134
G1 X-0.800 Y0.089
G1 X-0.800 Y0.132
G1 X-0.800 Y-0.419
G1 X-0.800 Y-1.538
G1 X-0.800 Y-2.394
G1 X-0.800 Y-1.969
G1 X-0.800 Y-0.428
G1 X-0.800 Y0.962
G1 X-0.800 Y1.376
G1 X-0.800 Y1.018
G1 X-0.800 Y0.411
G1 X-0.800 Y-0.174
G1 X-0.800 Y-0.660
G1 X-0.800 Y-0.948
G1 X-0.800 Y-0.932
G1 X-0.800 Y-0.643
G1 X-0.800 Y-0.297
G1 X-0.800 Y-0.068
G1 X-0.800 Y0.106
G1 X-0.800 Y0.504
G1 X-0.800 Y1.352
G1 X-0.800 Y2.282
G1 X-0.800 Y2.088
G1 X-0.800 Y0.074
G1 X-0.800 Y-2.252
G1 X-0.800 Y-2.700
G1 X-0.800 Y-1.393
G1 X-0.800 Y-0.099
G1 X-0.800 Y0.272
G1 X-0.800 Y0.002
G1 X-0.800 Y-0.267
G1 X-0.800 Y0.061
G1 X-0.800 Y1.209
G1 X-0.800 Y2.406
G1 X-0.800 Y2.295
G1 X-0.800 Y0.757
G1 X-0.800 Y-0.772
G1 X-0.800 Y-1.226
G1 X-0.800 Y-0.798
G1 X-0.800 Y-0.060
G1 X-0.800 Y0.663
G1 X-0.800 Y1.123
G1 X-0.800 Y0.935
G1 X-0.800 Y-0.024
G1 X-0.800 Y-1.158
G1 X-0.800 Y-1.636
G1 X-0.800 Y-1.310
G1 X-0.800 Y-0.636
G1 X-0.800 Y0.052
G1 X-0.800 Y0.770
G1 X-0.800 Y1.493
G1 X-0.800 Y1.732
G1 X-0.800 Y0.857
G1 X-0.800 Y-0.826
G1 X-0.800 Y-1.988
G1 X-0.800 Y-1.883
G1 X-0.800 Y-1.079
G1 X-0.800 Y-0.353
G1 X-0.800 Y0.185
G1 X-0.800 Y0.850
G1 X-0.800 Y1.721
G1 X-0.800 Y2.136
G1 X-0.800 Y1.214
G1 X-0.800 Y-0.653
G1 X-0.800 Y-1.880
G1 X-0.800 Y-1.751
G1 X-0.800 Y-0.937
G1 X-0.800 Y-0.137
G1 X-0.800 Y0.642
G1 X-0.800 Y1.544
G1 X-0.800 Y2.057
G1 X-0.800 Y1.135
G1 X-0.800 Y-1.004
G1 X-0.800 Y-2.343
G1 X-0.800 Y-1.882
G1 X-0.800 Y-0.794
G1 X-0.800 Y-0.055
G1 X-0.800 Y0.476
G1 X-0.800 Y0.974
G1 X-0.800 Y1.218
G1 X-0.800 Y1.039
G1 X-0.800 Y0.575
G1 X0.000 Y0.020
G1 X0.800 Y-1.003
G1 X0.800 Y-1.394
G1 X0.800 Y-1.124
G1 X0.800 Y-0.284
G1 X0.800 Y0.375
G1 X0.800 Y0.179
G1 X0.800 Y-0.479
G1 X0.800 Y0.389
G1 X0.800 Y2.740
G1 X0.800 Y3.010
G1 X0.800 Y0.321
G1 X0.800 Y-1.926
G1 X0.800 Y-1.955
G1 X0.800 Y-0.966
G1 X0.800 Y-0.025
G1 X0.800 Y0.871
G1 X0.800 Y1.765
G1 X0.800 Y1.913
G1 X0.800 Y0.488
G1 X0.800 Y-1.635
G1 X0.800 Y-2.492
G1 X0.800 Y-1.740
G1 X0.800 Y-0.671
G1 X0.800 Y-0.125
G1 X0.800 Y0.086
G1 X0.800 Y0.535
G1 X0.800 Y1.486
G1 X0.800 Y2.328
G1 X0.800 Y1.932
G1 X0.800 Y0.250
G1 X0.800 Y-1.283
G1 X0.800 Y-1.624
G1 X0.800 Y-1.077
G1 X0.800 Y-0.316
G1 X0.800 Y0.412
G1 X0.800 Y1.086
G1 X0.800 Y1.475
G1 X0.800 Y1.181
G1 X0.800 Y0.232
G1 X0.800 Y-0.698
G1 X0.800 Y-0.989
G1 X0.800 Y-0.637
G1 X0.800 Y0.026
G1 X0.800 Y0.710
G1 X0.800 Y1.067
G1 X0.800 Y0.565
G1 X0.800 Y-0.907
G1 X0.800 Y-2.307
G1 X0.800 Y-2.329
G1 X0.800 Y-1.143
G1 X0.800 Y-0.046
G1 X0.800 Y0.251
G1 X0.800 Y-0.021
G1 X0.800 Y-0.259
G1 X0.800 Y0.179
G1 X0.800 Y1.538
G1 X0.800 Y2.786
G1 X0.800 Y2.096
G1 X0.800 Y-0.438
G1 X0.800 Y-2.371
G1 X0.800 Y-2.290
G1 X0.800 Y-1.176
G1 X0.800 Y-0.327
G1 X0.800 Y-0.033
G1 X0.800 Y0.016
G1 X0.800 Y0.160
G1 X0.800 Y0.500
G1 X0.800 Y0.863
G1 X0.800 Y0.984
G1 X0.800 Y0.762
G1 X0.800 Y0.297
G1 X0.800 Y-0.283
G1 X0.800 Y-0.892
G1 X0.800 Y-1.292
G1 X0.800 Y-1.012
G1 X0.800 Y0.214
G1 X0.800 Y1.736
G1 X0.800 Y2.345
G1 X0.800 Y1.704
G1 X0.800 Y0.646
G1 X0.800 Y0.023
G1 X0.800 Y-0.050
G1 X0.800 Y0.065
G1 X0.800 Y-0.088
G1 X0.800 Y-0.791
G1 X0.800 Y-1.794
G1 X0.800 Y-2.253
G1 X0.800 Y-1.569
G1 X0.800 Y-0.220
G1 X0.800 Y0.785
G1 X0.800 Y0.999
G1 X0.800 Y0.662
G1 X0.800 Y0.143
G1 X0.800 Y-0.344
G1 X0.800 Y-0.673
G1 X0.800 Y-0.750
G1 X0.800 Y-0.565
G1 X0.800 Y-0.269
G1 X0.800 Y-0.060
G1 X0.800 Y-0.001
G1 X0.800 Y0.036
G1 X0.800 Y0.317
G1 X0.800 Y1.045
G1 X0.800 Y1.980
G1 X0.800 Y2.259
G1 X0.800 Y1.153
G1 X0.800 Y-0.775
G1 X0.800 Y-2.047
G1 X0.800 Y-1.988
G1 X0.800 Y-1.200
G1 X0.800 Y-0.489
G1 X0.800 Y-0.114
G1 X0.800 Y0.096
G1 X0.800 Y0.381
G1 X0.800 Y0.810
G1 X0.800 Y1.226
G1 X0.800 Y1.366
G1 X0.800 Y1.147
G1 X0.800 Y0.732
G1 X0.800 Y0.345
G1 X0.800 Y0.067
G1 X0.800 Y-0.169
G1 X0.800 Y-0.465
G1 X0.800 Y-0.823
G1 X0.800 Y-1.109
G1 X0.800 Y-1.153
G1 X0.800 Y-0.925
G1 X0.800 Y-0.554
G1 X0.800 Y-0.180
G1 X0.800 Y0.194
G1 X0.800 Y0.672
G1 X0.800 Y1.279
G1 X0.800 Y1.742
G1 X0.800 Y1.522
G1 X0.800 Y0.369
G1 X0.800 Y-1.135
G1 X0.800 Y-1.993
G1 X0.800 Y-1.830
G1 X0.800 Y-1.118
G1 X0.800 Y-0.473
G1 X0.800 Y-0.133
G1 X0.800 Y-0.003
G1 X0.800 Y0.097
G1 X0.800 Y0.275
G1 X0.800 Y0.509
G1 X0.800 Y0.677
G1 X0.800 Y0.671
G1 X0.800 Y0.474
G1 X0.800 Y0.144
G1 X0.800 Y-0.244
G1 X0.800 Y-0.614
G1 X0.800 Y-0.848
G1 X0.800 Y-0.797
G1 X0.800 Y-0.397
G1 X0.800 Y0.202
G1 X0.800 Y0.692
G1 X0.800 Y0.850
G1 X0.800 Y0.673
G1 X0.800 Y0.299
G1 X0.800 Y-0.142
G1 X0.800 Y-0.548
G1 X0.800 Y-0.809
G1 X0.800 Y-0.785
G1 X0.800 Y-0.421
G1 X0.800 Y0.132
G1 X0.800 Y0.589
G1 X0.800 Y0.738
G1 X0.800 Y0.577
G1 X0.800 Y0.228
G1 X0.800 Y-0.176
G1 X0.800 Y-0.532
G1 X0.800 Y-0.718
G1 X0.800 Y-0.622
G1 X0.800 Y-0.236
G1 X0.800 Y0.273
G1 X0.800 Y0.647
G1 X0.800 Y0.735
G1 X0.800 Y0.559
G1 X0.800 Y0.233
G1 X0.800 Y-0.132
G1 X0.000 Y0.497
G1 X-0.800 Y0.081
G1 X-0.800 Y-0.235
G1 X-0.800 Y-0.490
G1 X-0.800 Y-0.564
G1 X-0.800 Y-0.369
G1 X-0.800 Y0.064
G1 X-0.800 Y0.545
G1 X-0.800 Y0.830
G1 X-0.800 Y0.809
G1 X-0.800 Y0.538
G1 X-0.800 Y0.140
G1 X-0.800 Y-0.291
G1 X-0.800 Y-0.673
G1 X-0.800 Y-0.885
G1 X-0.800 Y-0.780
G1 X-0.800 Y-0.331
G1 X-0.800 Y0.264
G1 X-0.800 Y0.698
G1 X-0.800 Y0.783
G1 X-0.800 Y0.559
G1 X-0.800 Y0.165
G1 X-0.800 Y-0.269
G1 X-0.800 Y-0.635
G1 X-0.800 Y-0.796
G1 X-0.800 Y-0.620
G1 X-0.800 Y-0.123
G1 X-0.800 Y0.465
G1 X-0.800 Y0.843
G1 X-0.800 Y0.872
G1 X-0.800 Y0.622
G1 X-0.800 Y0.247
G1 X-0.800 Y-0.143
G1 X-0.800 Y-0.477
G1 X-0.800 Y-0.683
G1 X-0.800 Y-0.701
G1 X-0.800 Y-0.543
G1 X-0.800 Y-0.309
G1 X-0.800 Y-0.117
G1 X-0.800 Y0.003
G1 X-0.800 Y0.157
G1 X-0.800 Y0.512
G1 X-0.800 Y1.149
G1 X-0.800 Y1.824
G1 X-0.800 Y1.938
G1 X-0.800 Y1.071
G1 X-0.800 Y-0.386
G1 X-0.800 Y-1.480
G1 X-0.800 Y-1.676
G1 X-0.800 Y-1.227
G1 X-0.800 Y-0.635
G1 X-0.800 Y-0.147
G1 X-0.800 Y0.265
G1 X-0.800 Y0.680
G1 X-0.800 Y1.057
G1 X-0.800 Y1.235
G1 X-0.800 Y1.095
G1 X-0.800 Y0.726
G1 X-0.800 Y0.347
G1 X-0.800 Y0.109
G1 X-0.800 Y-0.010
G1 X-0.800 Y-0.146
G1 X-0.800 Y-0.425
G1 X-0.800 Y-0.836
G1 X-0.800 Y-1.195
G1 X-0.800 Y-1.271
G1 X-0.800 Y-1.018
G1 X-0.800 Y-0.597
G1 X-0.800 Y-0.172
G1 X-0.800 Y0.262
G1 X-0.800 Y0.825
G1 X-0.800 Y1.503
G1 X-0.800 Y1.865
G1 X-0.800 Y1.227
G1 X-0.800 Y-0.451
G1 X-0.800 Y-2.039
G1 X-0.800 Y-2.335
G1 X-0.800 Y-1.463
G1 X-0.800 Y-0.437
G1 X-0.800 Y0.075
G1 X-0.800 Y0.097
G1 X-0.800 Y-0.060
G1 X-0.800 Y-0.111
G1 X-0.800 Y0.081
G1 X-0.800 Y0.445
G1 X-0.800 Y0.739
G1 X-0.800 Y0.752
G1 X-0.800 Y0.464
G1 X-0.800 Y-0.013
G1 X-0.800 Y-0.543
G1 X-0.800 Y-0.932
G1 X-0.800 Y-0.845
G1 X-0.800 Y-0.015
G1 X-0.800 Y1.260
G1 X-0.800 Y2.085
G1 X-0.800 Y1.887
G1 X-0.800 Y1.050
G1 X-0.800 Y0.332
G1 X-0.800 Y0.041
G1 X-0.800 Y-0.030
G1 X-0.800 Y-0.290
G1 X-0.800 Y-1.006
G1 X-0.800 Y-1.921
G1 X-0.800 Y-2.195
G1 X-0.800 Y-1.272
G1 X-0.800 Y0.240
G1 X-0.800 Y1.222
G1 X-0.800 Y1.272
G1 X-0.800 Y0.772
G1 X-0.800 Y0.146
G1 X-0.800 Y-0.438
G1 X-0.800 Y-0.895
G1 X-0.800 Y-1.075
G1 X-0.800 Y-0.863
G1 X-0.800 Y-0.410
G1 X-0.800 Y-0.044
G1 X-0.800 Y0.041
G1 X-0.800 Y-0.040
G1 X-0.800 Y0.079
G1 X-0.800 Y0.811
G1 X-0.800 Y2.073
G1 X-0.800 Y2.653
G1 X-0.800 Y1.168
G1 X-0.800 Y-1.514
G1 X-0.800 Y-2.790
G1 X-0.800 Y-1.934
G1 X-0.800 Y-0.551
G1 X-0.800 Y0.087
G1 X-0.800 Y0.029
G1 X-0.800 Y-0.116
G1 X-0.800 Y0.240
G1 X-0.800 Y1.282
G1 X-0.800 Y2.307
G1 X-0.800 Y2.168
G1 X-0.800 Y0.798
G1 X-0.800 Y-0.572
G1 X-0.800 Y-1.015
G1 X-0.800 Y-0.659
G1 X-0.800 Y0.002
G1 X-0.800 Y0.631
G1 X-0.800 Y0.942
G1 X-0.800 Y0.636
G1 X-0.800 Y-0.238
G1 X-0.800 Y-1.090
G1 X-0.800 Y-1.322
G1 X-0.800 Y-0.928
G1 X-0.800 Y-0.249
G1 X-0.800 Y0.513
G1 X-0.800 Y1.239
G1 X-0.800 Y1.496
G1 X-0.800 Y0.594
G1 X-0.800 Y-1.288
G1 X-0.800 Y-2.563
G1 X-0.800 Y-2.111
G1 X-0.800 Y-0.786
G1 X-0.800 Y0.048
G1 X-0.800 Y0.089
G1 X-0.800 Y-0.133
G1 X-0.800 Y0.097
G1 X-0.800 Y1.222
G1 X-0.800 Y2.564
G1 X-0.800 Y2.386
G1 X-0.800 Y0.336
G1 X-0.800 Y-1.553
G1 X-0.800 Y-1.801
G1 X-0.800 Y-0.986
G1 X-0.800 Y0.007
G1 X-0.800 Y1.043
G1 X-0.800 Y1.945
G1 X-0.800 Y1.477
G1 X-0.800 Y-1.267
G1 X-0.800 Y-3.585
G1 X-0.800 Y-1.921
G1 X-0.800 Y1.556
G1 X-0.800 Y1.469
G1 X-0.800 Y-1.254
G1 X-0.800 Y-1.299
G1 X-0.800 Y-0.463
G1 X-0.800 Y0.697
G1 X-0.800 Y1.279
G1 X-0.800 Y1.037
G1 X0.000 Y1.083
G1 X0.800 Y-0.744
G1 X0.800 Y-1.114
G1 X0.800 Y-0.874
G1 X0.800 Y-0.123
G1 X0.800 Y0.468
G1 X0.800 Y0.228
G1 X0.800 Y-0.570
G1 X0.800 Y0.151
G1 X0.800 Y2.500
G1 X0.800 Y3.076
G1 X0.800 Y0.845
G1 X0.800 Y-1.302
G1 X0.800 Y-1.582
G1 X0.800 Y-0.758
G1 X0.800 Y0.264
G1 X0.800 Y1.214
G1 X0.800 Y1.610
G1 X0.800 Y0.550
G1 X0.800 Y-1.694
G1 X0.800 Y-2.917
G1 X0.800 Y-1.884
G1 X0.800 Y-0.140
G1 X0.800 Y0.620
G1 X0.800 Y0.342
G1 X0.800 Y-0.295
G1 X0.800 Y-0.621
G1 X0.800 Y-0.004
G1 X0.800 Y1.578
G1 X0.800 Y2.748
G1 X0.800 Y2.034
G1 X0.800 Y0.099
G1 X0.800 Y-1.197
G1 X0.800 Y-1.236
G1 X0.800 Y-0.597
G1 X0.800 Y0.167
G1 X0.800 Y0.835
G1 X0.800 Y1.177
G1 X0.800 Y0.894
G1 X0.800 Y0.049
G1 X0.800 Y-0.765
G1 X0.800 Y-1.005
G1 X0.800 Y-0.660
G1 X0.800 Y-0.025
G1 X0.800 Y0.651
G1 X0.800 Y1.077
G1 X0.800 Y0.789
G1 X0.800 Y-0.430
G1 X0.800 Y-1.845
G1 X0.800 Y-2.272
G1 X0.800 Y-1.543
G1 X0.800 Y-0.580
G1 X0.800 Y-0.090
G1 X0.800 Y0.015
G1 X0.800 Y0.268
G1 X0.800 Y1.137
G1 X0.800 Y2.333
G1 X0.800 Y2.429
G1 X0.800 Y0.458
G1 X0.800 Y-2.026
G1 X0.800 Y-2.693
G1 X0.800 Y-1.582
G1 X0.800 Y-0.342
G1 X0.800 Y0.142
G1 X0.800 Y0.052
G1 X0.800 Y-0.131
G1 X0.800 Y-0.045
G1 X0.800 Y0.408
G1 X0.800 Y0.974
G1 X0.800 Y1.245
G1 X0.800 Y1.058
G1 X0.800 Y0.573
G1 X0.800 Y-0.012
G1 X0.800 Y-0.645
G1 X0.800 Y-1.254
G1 X0.800 Y-1.490
G1 X0.800 Y-0.860
G1 X0.800 Y0.560
G1 X0.800 Y1.811
G1 X0.800 Y2.024
G1 X0.800 Y1.374
G1 X0.800 Y0.616
G1 X0.800 Y0.152
G1 X0.800 Y-0.139
G1 X0.800 Y-0.571
G1 X0.800 Y-1.261
G1 X0.800 Y-1.869
G1 X0.800 Y-1.791
G1 X0.800 Y-0.886
G1 X0.800 Y0.230
G1 X0.800 Y0.839
G1 X0.800 Y0.791
G1 X0.800 Y0.361
G1 X0.800 Y-0.165
G1 X0.800 Y-0.600
G1 X0.800 Y-0.776
G1 X0.800 Y-0.582
G1 X0.800 Y-0.114
G1 X0.800 Y0.320
G1 X0.800 Y0.448
G1 X0.800 Y0.234
G1 X0.800 Y-0.161
G1 X0.800 Y-0.481
G1 X0.800 Y-0.375
G1 X0.800 Y0.444
G1 X0.800 Y1.728
G1 X0.800 Y2.466
G1 X0.800 Y1.817
G1 X0.800 Y0.241
G1 X0.800 Y-1.014
G1 X0.800 Y-1.319
G1 X0.800 Y-0.946
G1 X0.800 Y-0.365
G1 X0.800 Y0.196
G1 X0.800 Y0.672
G1 X0.800 Y0.970
G1 X0.800 Y0.970
G1 X0.800 Y0.668
G1 X0.800 Y0.255
G1 X0.800 Y-0.025
G1 X0.800 Y-0.080
G1 X0.800 Y0.015
G1 X0.800 Y0.086
G1 X0.800 Y-0.034
G1 X0.800 Y-0.407
G1 X0.800 Y-0.893
G1 X0.800 Y-1.213
G1 X0.800 Y-1.177
G1 X0.800 Y-0.842
G1 X0.800 Y-0.385
G1 X0.800 Y0.094
G1 X0.800 Y0.621
G1 X0.800 Y1.190
G1 X0.800 Y1.551
G1 X0.800 Y1.255
G1 X0.800 Y0.141
G1 X0.800 Y-1.228
G1 X0.800 Y-1.965
G1 X0.800 Y-1.763
G1 X0.800 Y-1.071
G1 X0.800 Y-0.456
G1 X0.800 Y-0.130
G1 X0.800 Y0.000
G1 X0.800 Y0.104
G1 X0.800 Y0.285
G1 X0.800 Y0.514
G1 X0.800 Y0.674
G1 X0.800 Y0.661
G1 X0.800 Y0.459
G1 X0.800 Y0.130
G1 X0.800 Y-0.257
G1 X0.800 Y-0.622
G1 X0.800 Y-0.848
G1 X0.800 Y-0.785
G1 X0.800 Y-0.380
G1 X0.800 Y0.211
G1 X0.800 Y0.682
G1 X0.800 Y0.821
G1 X0.800 Y0.629
G1 X0.800 Y0.245
G1 X0.800 Y-0.201
G1 X0.800 Y-0.602
G1 X0.800 Y-0.826
G1 X0.800 Y-0.718
G1 X0.800 Y-0.243
G1 X0.800 Y0.400
G1 X0.800 Y0.876
G1 X0.800 Y0.982
G1 X0.800 Y0.756
G1 X0.800 Y0.362
G1 X0.800 Y-0.075
G1 X0.800 Y-0.488
G1 X0.800 Y-0.806
G1 X0.800 Y-0.919
G1 X0.800 Y-0.741
G1 X0.800 Y-0.339
G1 X0.800 Y0.091
G1 X0.800 Y0.345
G1 X0.800 Y0.354
G1 X0.800 Y0.179
G1 X0.800 Y-0.066
G1 X0.000 Y0.685
G1 X-0.800 Y0.070
G1 X-0.800 Y-0.099
G1 X-0.800 Y-0.210
G1 X-0.800 Y-0.156
G1 X-0.800 Y0.102
G1 X-0.800 Y0.482
G1 X-0.800 Y0.804
G1 X-0.800 Y0.901
G1 X-0.800 Y0.744
G1 X-0.800 Y0.410
G1 X-0.800 Y-0.002
G1 X-0.800 Y-0.434
G1 X-0.800 Y-0.821
G1 X-0.800 Y-1.019
G1 X-0.800 Y-0.859
G1 X-0.800 Y-0.313
G1 X-0.800 Y0.378
G1 X-0.800 Y0.855
G1 X-0.800 Y0.928
G1 X-0.800 Y0.665
G1 X-0.800 Y0.238
G1 X-0.800 Y-0.228
G1 X-0.800 Y-0.647
G1 X-0.800 Y-0.903
G1 X-0.800 Y-0.846
G1 X-0.800 Y-0.427
G1 X-0.800 Y0.173
G1 X-0.800 Y0.643
G1 X-0.800 Y0.784
G1 X-0.800 Y0.616
G1 X-0.800 Y0.278
G1 X-0.800 Y-0.098
G1 X-0.800 Y-0.420
G1 X-0.800 Y-0.608
G1 X-0.800 Y-0.612
G1 X-0.800 Y-0.448
G1 X-0.800 Y-0.228
G1 X-0.800 Y-0.071
G1 X-0.800 Y-0.002
G1 X-0.800 Y0.079
G1 X-0.800 Y0.348
G1 X-0.800 Y0.925
G1 X-0.800 Y1.649
G1 X-0.800 Y1.997
G1 X-0.800 Y1.471
G1 X-0.800 Y0.240
G1 X-0.800 Y-0.903
G1 X-0.800 Y-1.339
G1 X-0.800 Y-1.108
G1 X-0.800 Y-0.581
G1 X-0.800 Y-0.020
G1 X-0.800 Y0.510
G1 X-0.800 Y0.956
G1 X-0.800 Y1.163
G1 X-0.800 Y0.964
G1 X-0.800 Y0.419
G1 X-0.800 Y-0.162
G1 X-0.800 Y-0.467
G1 X-0.800 Y-0.420
G1 X-0.800 Y-0.139
G1 X-0.800 Y0.196
G1 X-0.800 Y0.425
G1 X-0.800 Y0.419
G1 X-0.800 Y0.156
G1 X-0.800 Y-0.218
G1 X-0.800 Y-0.460
G1 X-0.800 Y-0.420
G1 X-0.800 Y-0.126
G1 X-0.800 Y0.278
G1 X-0.800 Y0.558
G1 X-0.800 Y0.387
G1 X-0.800 Y-0.489
G1 X-0.800 Y-1.759
G1 X-0.800 Y-2.430
G1 X-0.800 Y-1.766
G1 X-0.800 Y-0.285
G1 X-0.800 Y0.844
G1 X-0.800 Y1.087
G1 X-0.800 Y0.703
G1 X-0.800 Y0.108
G1 X-0.800 Y-0.470
G1 X-0.800 Y-0.878
G1 X-0.800 Y-0.924
G1 X-0.800 Y-0.512
G1 X-0.800 Y0.140
G1 X-0.800 Y0.618
G1 X-0.800 Y0.669
G1 X-0.800 Y0.352
G1 X-0.800 Y-0.135
G1 X-0.800 Y-0.582
G1 X-0.800 Y-0.738
G1 X-0.800 Y-0.350
G1 X-0.800 Y0.542
G1 X-0.800 Y1.420
G1 X-0.800 Y1.696
G1 X-0.800 Y1.325
G1 X-0.800 Y0.713
G1 X-0.800 Y0.178
G1 X-0.800 Y-0.306
G1 X-0.800 Y-0.916
G1 X-0.800 Y-1.604
G1 X-0.800 Y-1.859
G1 X-0.800 Y-1.129
G1 X-0.800 Y0.337
G1 X-0.800 Y1.494
G1 X-0.800 Y1.676
G1 X-0.800 Y1.157
G1 X-0.800 Y0.495
G1 X-0.800 Y-0.086
G1 X-0.800 Y-0.650
G1 X-0.800 Y-1.199
G1 X-0.800 Y-1.485
G1 X-0.800 Y-1.228
G1 X-0.800 Y-0.545
G1 X-0.800 Y0.070
G1 X-0.800 Y0.246
G1 X-0.800 Y0.028
G1 X-0.800 Y-0.245
G1 X-0.800 Y-0.091
G1 X-0.800 Y0.894
G1 X-0.800 Y2.315
G1 X-0.800 Y2.634
G1 X-0.800 Y0.892
G1 X-0.800 Y-1.458
G1 X-0.800 Y-2.334
G1 X-0.800 Y-1.686
G1 X-0.800 Y-0.740
G1 X-0.800 Y-0.143
G1 X-0.800 Y0.290
G1 X-0.800 Y0.935
G1 X-0.800 Y1.749
G1 X-0.800 Y2.059
G1 X-0.800 Y1.260
G1 X-0.800 Y-0.184
G1 X-0.800 Y-1.161
G1 X-0.800 Y-1.205
G1 X-0.800 Y-0.661
G1 X-0.800 Y0.037
G1 X-0.800 Y0.701
G1 X-0.800 Y1.147
G1 X-0.800 Y1.065
G1 X-0.800 Y0.350
G1 X-0.800 Y-0.550
G1 X-0.800 Y-0.995
G1 X-0.800 Y-0.789
G1 X-0.800 Y-0.178
G1 X-0.800 Y0.552
G1 X-0.800 Y1.092
G1 X-0.800 Y0.849
G1 X-0.800 Y-0.629
G1 X-0.800 Y-2.450
G1 X-0.800 Y-2.683
G1 X-0.800 Y-1.010
G1 X-0.800 Y0.711
G1 X-0.800 Y1.151
G1 X-0.800 Y0.595
G1 X-0.800 Y-0.280
G1 X-0.800 Y-1.028
G1 X-0.800 Y-1.039
G1 X-0.800 Y0.333
G1 X-0.800 Y2.359
G1 X-0.800 Y2.843
G1 X-0.800 Y1.154
G1 X-0.800 Y-0.728
G1 X-0.800 Y-1.253
G1 X-0.800 Y-0.702
G1 X-0.800 Y0.178
G1 X-0.800 Y0.968
G1 X-0.800 Y1.187
G1 X-0.800 Y0.264
G1 X-0.800 Y-1.403
G1 X-0.800 Y-2.277
G1 X-0.800 Y-1.705
G1 X-0.800 Y-0.701
G1 X-0.800 Y-0.060
G1 X-0.800 Y0.366
G1 X-0.800 Y0.730
G1 X-0.800 Y0.869
G1 X-0.800 Y0.652
G1 X-0.800 Y0.151
G1 X0.000 Y1.759
G1 X0.800 Y0.597
G1 X0.800 Y0.140
G1 X0.800 Y-0.130
G1 X0.800 Y-0.188
G1 X0.800 Y-0.018
G1 X0.800 Y0.344
G1 X0.800 Y0.744
G1 X0.800 Y0.885
G1 X0.800 Y0.514
G1 X0.800 Y-0.209
G1 X0.800 Y-0.730
G1 X0.800 Y-0.692
G1 X0.800 Y-0.199
G1 X0.800 Y0.457
G1 X0.800 Y0.887
G1 X0.800 Y0.501
G1 X0.800 Y-1.043
G1 X0.800 Y-2.685
G1 X0.800 Y-2.502
G1 X0.800 Y-0.465
G1 X0.800 Y1.309
G1 X0.800 Y1.574
G1 X0.800 Y0.874
G1 X0.800 Y-0.037
G1 X0.800 Y-0.944
G1 X0.800 Y-1.598
G1 X0.800 Y-1.221
G1 X0.800 Y0.634
G1 X0.800 Y2.582
G1 X0.800 Y2.601
G1 X0.800 Y0.924
G1 X0.800 Y-0.537
G1 X0.800 Y-0.850
G1 X0.800 Y-0.391
G1 X0.800 Y0.263
G1 X0.800 Y0.729
G1 X0.800 Y0.677
G1 X0.800 Y-0.017
G1 X0.800 Y-0.949
G1 X0.800 Y-1.443
G1 X0.800 Y-1.257
G1 X0.800 Y-0.684
G1 X0.800 Y-0.030
G1 X0.800 Y0.643
G1 X0.800 Y1.291
G1 X0.800 Y1.558
G1 X0.800 Y0.956
G1 X0.800 Y-0.380
G1 X0.800 Y-1.497
G1 X0.800 Y-1.671
G1 X0.800 Y-1.115
G1 X0.800 Y-0.388
G1 X0.800 Y0.321
G1 X0.800 Y1.106
G1 X0.800 Y1.795
G1 X0.800 Y1.607
G1 X0.800 Y-0.025
G1 X0.800 Y-2.069
G1 X0.800 Y-2.653
G1 X0.800 Y-1.548
G1 X0.800 Y-0.201
G1 X0.800 Y0.356
G1 X0.800 Y0.196
G1 X0.800 Y-0.186
G1 X0.800 Y-0.340
G1 X0.800 Y0.034
G1 X0.800 Y0.871
G1 X0.800 Y1.609
G1 X0.800 Y1.702
G1 X0.800 Y1.205
G1 X0.800 Y0.582
G1 X0.800 Y0.108
G1 X0.800 Y-0.319
G1 X0.800 Y-0.923
G1 X0.800 Y-1.650
G1 X0.800 Y-1.951
G1 X0.800 Y-1.239
G1 X0.800 Y0.224
G1 X0.800 Y1.383
G1 X0.800 Y1.592
G1 X0.800 Y1.109
G1 X0.800 Y0.460
G1 X0.800 Y-0.138
G1 X0.800 Y-0.716
G1 X0.800 Y-1.228
G1 X0.800 Y-1.419
G1 X0.800 Y-1.056
G1 X0.800 Y-0.302
G1 X0.800 Y0.351
G1 X0.800 Y0.555
G1 X0.800 Y0.333
G1 X0.800 Y-0.088
G1 X0.800 Y-0.461
G1 X0.800 Y-0.534
G1 X0.800 Y-0.128
G1 X0.800 Y0.645
G1 X0.800 Y1.318
G1 X0.800 Y1.465
G1 X0.800 Y1.107
G1 X0.800 Y0.551
G1 X0.800 Y-0.003
G1 X0.800 Y-0.590
G1 X0.800 Y-1.247
G1 X0.800 Y-1.699
G1 X0.800 Y-1.360
G1 X0.800 Y-0.016
G1 X0.800 Y1.551
G1 X0.800 Y2.206
G1 X0.800 Y1.732
G1 X0.800 Y0.851
G1 X0.800 Y0.236
G1 X0.800 Y0.020
G1 X0.800 Y-0.002
G1 X0.800 Y-0.068
G1 X0.800 Y-0.291
G1 X0.800 Y-0.602
G1 X0.800 Y-0.814
G1 X0.800 Y-0.788
G1 X0.800 Y-0.525
G1 X0.800 Y-0.122
G1 X0.800 Y0.336
G1 X0.800 Y0.760
G1 X0.800 Y0.997
G1 X0.800 Y0.846
G1 X0.800 Y0.264
G1 X0.800 Y-0.474
G1 X0.800 Y-0.948
G1 X0.800 Y-0.953
G1 X0.800 Y-0.592
G1 X0.800 Y-0.065
G1 X0.800 Y0.498
G1 X0.800 Y0.963
G1 X0.800 Y1.066
G1 X0.800 Y0.514
G1 X0.800 Y-0.614
G1 X0.800 Y-1.671
G1 X0.800 Y-1.976
G1 X0.800 Y-1.499
G1 X0.800 Y-0.764
G1 X0.800 Y-0.242
G1 X0.800 Y-0.033
G1 X0.800 Y0.000
G1 X0.800 Y0.039
G1 X0.800 Y0.173
G1 X0.800 Y0.379
G1 X0.800 Y0.538
G1 X0.800 Y0.541
G1 X0.800 Y0.360
G1 X0.800 Y0.048
G1 X0.800 Y-0.309
G1 X0.800 Y-0.604
G1 X0.800 Y-0.690
G1 X0.800 Y-0.442
G1 X0.800 Y0.110
G1 X0.800 Y0.710
G1 X0.800 Y1.049
G1 X0.800 Y1.000
G1 X0.800 Y0.668
G1 X0.800 Y0.219
G1 X0.800 Y-0.256
G1 X0.800 Y-0.713
G1 X0.800 Y-1.045
G1 X0.800 Y-1.064
G1 X0.800 Y-0.647
G1 X0.800 Y0.063
G1 X0.800 Y0.699
G1 X0.800 Y0.968
G1 X0.800 Y0.846
G1 X0.800 Y0.495
G1 X0.800 Y0.074
G1 X0.800 Y-0.329
G1 X0.800 Y-0.653
G1 X0.800 Y-0.816
G1 X0.800 Y-0.750
G1 X0.800 Y-0.490
G1 X0.800 Y-0.169
G1 X0.800 Y0.051
G1 X0.800 Y0.108
G1 X0.800 Y0.034
G1 X0.800 Y-0.071
G1 X0.000 Y1.103
G1 X-0.800 Y0.064
G1 X-0.800 Y0.006
G1 X-0.800 Y-0.061
G1 X-0.800 Y-0.035
G1 X-0.800 Y0.127
G1 X-0.800 Y0.385
G1 X-0.800 Y0.612
G1 X-0.800 Y0.683
G1 X-0.800 Y0.549
G1 X-0.800 Y0.256
G1 X-0.800 Y-0.125
G1 X-0.800 Y-0.510
G1 X-0.800 Y-0.790
G1 X-0.800 Y-0.792
G1 X-0.800 Y-0.394
G1 X-0.800 Y0.309
G1 X-0.800 Y0.972
G1 X-0.800 Y1.258
G1 X-0.800 Y1.108
G1 X-0.800 Y0.705
G1 X-0.800 Y0.240
G1 X-0.800 Y-0.219
G1 X-0.800 Y-0.678
G1 X-0.800 Y-1.074
G1 X-0.800 Y-1.233
G1 X-0.800 Y-0.989
G1 X-0.800 Y-0.399
G1 X-0.800 Y0.232
G1 X-0.800 Y0.595
G1 X-0.800 Y0.600
G1 X-0.800 Y0.356
G1 X-0.800 Y0.016
G1 X-0.800 Y-0.294
G1 X-0.800 Y-0.481
G1 X-0.800 Y-0.492
G1 X-0.800 Y-0.350
G1 X-0.800 Y-0.156
G1 X-0.800 Y-0.029
G1 X-0.800 Y0.000
G1 X-0.800 Y0.016
G1 X-0.800 Y0.185
G1 X-0.800 Y0.657
G1 X-0.800 Y1.369
G1 X-0.800 Y1.910
G1 X-0.800 Y1.759
G1 X-0.800 Y0.865
G1 X-0.800 Y-0.205
G1 X-0.800 Y-0.810
G1 X-0.800 Y-0.799
G1 X-0.800 Y-0.395
G1 X-0.800 Y0.138
G1 X-0.800 Y0.615
G1 X-0.800 Y0.840
G1 X-0.800 Y0.598
G1 X-0.800 Y-0.120
G1 X-0.800 Y-0.955
G1 X-0.800 Y-1.419
G1 X-0.800 Y-1.337
G1 X-0.800 Y-0.918
G1 X-0.800 Y-0.444
G1 X-0.800 Y-0.036
G1 X-0.800 Y0.327
G1 X-0.800 Y0.659
G1 X-0.800 Y0.893
G1 X-0.800 Y0.929
G1 X-0.800 Y0.747
G1 X-0.800 Y0.434
G1 X-0.800 Y0.079
G1 X-0.800 Y-0.327
G1 X-0.800 Y-0.862
G1 X-0.800 Y-1.465
G1 X-0.800 Y-1.736
G1 X-0.800 Y-1.123
G1 X-0.800 Y0.358
G1 X-0.800 Y1.759
G1 X-0.800 Y2.116
G1 X-0.800 Y1.501
G1 X-0.800 Y0.691
G1 X-0.800 Y0.197
G1 X-0.800 Y-0.020
G1 X-0.800 Y-0.262
G1 X-0.800 Y-0.772
G1 X-0.800 Y-1.461
G1 X-0.800 Y-1.862
G1 X-0.800 Y-1.555
G1 X-0.800 Y-0.713
G1 X-0.800 Y0.064
G1 X-0.800 Y0.365
G1 X-0.800 Y0.225
G1 X-0.800 Y-0.098
G1 X-0.800 Y-0.334
G1 X-0.800 Y-0.259
G1 X-0.800 Y0.183
G1 X-0.800 Y0.771
G1 X-0.800 Y1.122
G1 X-0.800 Y1.035
G1 X-0.800 Y0.613
G1 X-0.800 Y0.043
G1 X-0.800 Y-0.579
G1 X-0.800 Y-1.153
G1 X-0.800 Y-1.344
G1 X-0.800 Y-0.699
G1 X-0.800 Y0.709
G1 X-0.800 Y1.936
G1 X-0.800 Y2.091
G1 X-0.800 Y1.354
G1 X-0.800 Y0.541
G1 X-0.800 Y0.119
G1 X-0.800 Y-0.043
G1 X-0.800 Y-0.314
G1 X-0.800 Y-0.943
G1 X-0.800 Y-1.718
G1 X-0.800 Y-1.995
G1 X-0.800 Y-1.386
G1 X-0.800 Y-0.344
G1 X-0.800 Y0.339
G1 X-0.800 Y0.369
G1 X-0.800 Y-0.016
G1 X-0.800 Y-0.400
G1 X-0.800 Y-0.300
G1 X-0.800 Y0.639
G1 X-0.800 Y2.025
G1 X-0.800 Y2.560
G1 X-0.800 Y1.482
G1 X-0.800 Y-0.241
G1 X-0.800 Y-1.186
G1 X-0.800 Y-1.070
G1 X-0.800 Y-0.422
G1 X-0.800 Y0.329
G1 X-0.800 Y0.964
G1 X-0.800 Y1.162
G1 X-0.800 Y0.558
G1 X-0.800 Y-0.674
G1 X-0.800 Y-1.667
G1 X-0.800 Y-1.765
G1 X-0.800 Y-1.193
G1 X-0.800 Y-0.524
G1 X-0.800 Y0.001
G1 X-0.800 Y0.517
G1 X-0.800 Y1.145
G1 X-0.800 Y1.666
G1 X-0.800 Y1.604
G1 X-0.800 Y0.833
G1 X-0.800 Y-0.094
G1 X-0.800 Y-0.527
G1 X-0.800 Y-0.346
G1 X-0.800 Y0.159
G1 X-0.800 Y0.556
G1 X-0.800 Y0.296
G1 X-0.800 Y-0.991
G1 X-0.800 Y-2.549
G1 X-0.800 Y-2.571
G1 X-0.800 Y-0.592
G1 X-0.800 Y1.455
G1 X-0.800 Y1.948
G1 X-0.800 Y1.278
G1 X-0.800 Y0.410
G1 X-0.800 Y-0.375
G1 X-0.800 Y-1.226
G1 X-0.800 Y-1.907
G1 X-0.800 Y-1.524
G1 X-0.800 Y0.354
G1 X-0.800 Y2.348
G1 X-0.800 Y2.605
G1 X-0.800 Y1.267
G1 X-0.800 Y-0.096
G1 X-0.800 Y-0.603
G1 X-0.800 Y-0.432
G1 X-0.800 Y-0.029
G1 X-0.800 Y0.307
G1 X-0.800 Y0.436
G1 X-0.800 Y0.346
G1 X-0.800 Y0.147
G1 X-0.800 Y-0.022
G1 X-0.800 Y-0.104
G1 X-0.800 Y-0.135
G1 X-0.800 Y-0.190
G1 X-0.800 Y-0.342
G1 X-0.800 Y-0.677
G1 X-0.800 Y-1.238
G1 X0.000 Y0.669
G1 X0.800 Y1.801
G1 X0.800 Y1.008
G1 X0.800 Y0.387
G1 X0.800 Y0.037
G1 X0.800 Y-0.128
G1 X0.800 Y-0.206
G1 X0.800 Y-0.239
G1 X0.800 Y-0.226
G1 X0.800 Y-0.143
G1 X0.800 Y0.027
G1 X0.800 Y0.250
G1 X0.800 Y0.409
G1 X0.800 Y0.269
G1 X0.800 Y-0.446
G1 X0.800 Y-1.659
G1 X0.800 Y-2.524
G1 X0.800 Y-1.918
G1 X0.800 Y0.042
G1 X0.800 Y1.750
G1 X0.800 Y2.042
G1 X0.800 Y1.332
G1 X0.800 Y0.527
G1 X0.800 Y-0.075
G1 X0.800 Y-0.735
G1 X0.800 Y-1.622
G1 X0.800 Y-2.180
G1 X0.800 Y-1.316
G1 X0.800 Y0.936
G1 X0.800 Y2.628
G1 X0.800 Y2.311
G1 X0.800 Y0.879
G1 X0.800 Y-0.120
G1 X0.800 Y-0.261
G1 X0.800 Y0.048
G1 X0.800 Y0.278
G1 X0.800 Y0.018
G1 X0.800 Y-0.810
G1 X0.800 Y-1.702
G1 X0.800 Y-1.936
G1 X0.800 Y-1.396
G1 X0.800 Y-0.647
G1 X0.800 Y-0.176
G1 X0.800 Y0.013
G1 X0.800 Y0.237
G1 X0.800 Y0.783
G1 X0.800 Y1.567
G1 X0.800 Y2.011
G1 X0.800 Y1.582
G1 X0.800 Y0.539
G1 X0.800 Y-0.306
G1 X0.800 Y-0.493
G1 X0.800 Y-0.161
G1 X0.800 Y0.313
G1 X0.800 Y0.516
G1 X0.800 Y0.030
G1 X0.800 Y-1.168
G1 X0.800 Y-2.255
G1 X0.800 Y-2.185
G1 X0.800 Y-1.032
G1 X0.800 Y0.113
G1 X0.800 Y0.507
G1 X0.800 Y0.247
G1 X0.800 Y-0.234
G1 X0.800 Y-0.502
G1 X0.800 Y-0.152
G1 X0.800 Y0.894
G1 X0.800 Y1.977
G1 X0.800 Y2.160
G1 X0.800 Y1.353
G1 X0.800 Y0.376
G1 X0.800 Y-0.092
G1 X0.800 Y-0.049
G1 X0.800 Y0.113
G1 X0.800 Y-0.058
G1 X0.800 Y-0.839
G1 X0.800 Y-1.908
G1 X0.800 Y-2.316
G1 X0.800 Y-1.471
G1 X0.800 Y-0.010
G1 X0.800 Y0.965
G1 X0.800 Y1.072
G1 X0.800 Y0.641
G1 X0.800 Y0.061
G1 X0.800 Y-0.469
G1 X0.800 Y-0.825
G1 X0.800 Y-0.873
G1 X0.800 Y-0.583
G1 X0.800 Y-0.156
G1 X0.800 Y0.129
G1 X0.800 Y0.134
G1 X0.800 Y-0.046
G1 X0.800 Y-0.176
G1 X0.800 Y0.027
G1 X0.800 Y0.717
G1 X0.800 Y1.624
G1 X0.800 Y2.073
G1 X0.800 Y1.630
G1 X0.800 Y0.661
G1 X0.800 Y-0.097
G1 X0.800 Y-0.285
G1 X0.800 Y-0.056
G1 X0.800 Y0.243
G1 X0.800 Y0.221
G1 X0.800 Y-0.422
G1 X0.800 Y-1.536
G1 X0.800 Y-2.304
G1 X0.800 Y-1.921
G1 X0.800 Y-0.614
G1 X0.800 Y0.604
G1 X0.800 Y1.068
G1 X0.800 Y0.878
G1 X0.800 Y0.414
G1 X0.800 Y-0.067
G1 X0.800 Y-0.453
G1 X0.800 Y-0.672
G1 X0.800 Y-0.675
G1 X0.800 Y-0.505
G1 X0.800 Y-0.275
G1 X0.800 Y-0.083
G1 X0.800 Y0.088
G1 X0.800 Y0.357
G1 X0.800 Y0.825
G1 X0.800 Y1.410
G1 X0.800 Y1.756
G1 X0.800 Y1.482
G1 X0.800 Y0.634
G1 X0.800 Y-0.261
G1 X0.800 Y-0.704
G1 X0.800 Y-0.612
G1 X0.800 Y-0.195
G1 X0.800 Y0.306
G1 X0.800 Y0.675
G1 X0.800 Y0.658
G1 X0.800 Y0.062
G1 X0.800 Y-0.932
G1 X0.800 Y-1.731
G1 X0.800 Y-1.835
G1 X0.800 Y-1.318
G1 X0.800 Y-0.653
G1 X0.800 Y-0.209
G1 X0.800 Y-0.035
G1 X0.800 Y0.007
G1 X0.800 Y0.066
G1 X0.800 Y0.209
G1 X0.800 Y0.392
G1 X0.800 Y0.501
G1 X0.800 Y0.449
G1 X0.800 Y0.230
G1 X0.800 Y-0.095
G1 X0.800 Y-0.431
G1 X0.800 Y-0.641
G1 X0.800 Y-0.559
G1 X0.800 Y-0.090
G1 X0.800 Y0.620
G1 X0.800 Y1.208
G1 X0.800 Y1.374
G1 X0.800 Y1.121
G1 X0.800 Y0.676
G1 X0.800 Y0.229
G1 X0.800 Y-0.190
G1 X0.800 Y-0.631
G1 X0.800 Y-1.076
G1 X0.800 Y-1.354
G1 X0.800 Y-1.238
G1 X0.800 Y-0.699
G1 X0.800 Y-0.002
G1 X0.800 Y0.494
G1 X0.800 Y0.623
G1 X0.800 Y0.450
G1 X0.800 Y0.131
G1 X0.800 Y-0.196
G1 X0.800 Y-0.433
G1 X0.800 Y-0.510
G1 X0.800 Y-0.411
G1 X0.800 Y-0.205
G1 X0.800 Y-0.011
G1 X0.800 Y0.076
G1 X0.800 Y0.042
G1 X0.800 Y-0.043
G1 X0.800 Y-0.077
G1 X0.000 Y1.221
G1 X-0.800 Y0.151
G1 X-0.800 Y0.117
G1 X-0.800 Y-0.013
G1 X-0.800 Y-0.124
G1 X-0.800 Y-0.133
G1 X-0.800 Y-0.016
G1 X-0.800 Y0.164
G1 X-0.800 Y0.300
G1 X-0.800 Y0.301
G1 X-0.800 Y0.151
G1 X-0.800 Y-0.088
G1 X-0.800 Y-0.310
G1 X-0.800 Y-0.376
G1 X-0.800 Y-0.151
G1 X-0.800 Y0.370
G1 X-0.800 Y0.985
G1 X-0.800 Y1.365
G1 X-0.800 Y1.329
G1 X-0.800 Y0.972
G1 X-0.800 Y0.527
G1 X-0.800 Y0.126
G1 X-0.800 Y-0.253
G1 X-0.800 Y-0.692
G1 X-0.800 Y-1.172
G1 X-0.800 Y-1.477
G1 X-0.800 Y-1.335
G1 X-0.800 Y-0.700
G1 X-0.800 Y0.103
G1 X-0.800 Y0.654
G1 X-0.800 Y0.772
G1 X-0.800 Y0.558
G1 X-0.800 Y0.198
G1 X-0.800 Y-0.163
G1 X-0.800 Y-0.437
G1 X-0.800 Y-0.558
G1 X-0.800 Y-0.510
G1 X-0.800 Y-0.345
G1 X-0.800 Y-0.167
G1 X-0.800 Y-0.038
G1 X-0.800 Y0.081
G1 X-0.800 Y0.309
G1 X-0.800 Y0.754
G1 X-0.800 Y1.348
G1 X-0.800 Y1.758
G1 X-0.800 Y1.584
G1 X-0.800 Y0.799
G1 X-0.800 Y-0.122
G1 X-0.800 Y-0.645
G1 X-0.800 Y-0.627
G1 X-0.800 Y-0.246
G1 X-0.800 Y0.250
G1 X-0.800 Y0.638
G1 X-0.800 Y0.651
G1 X-0.800 Y0.071
G1 X-0.800 Y-0.954
G1 X-0.800 Y-1.808
G1 X-0.800 Y-1.915
G1 X-0.800 Y-1.331
G1 X-0.800 Y-0.591
G1 X-0.800 Y-0.121
G1 X-0.800 Y0.022
G1 X-0.800 Y-0.003
G1 X-0.800 Y-0.019
G1 X-0.800 Y0.066
G1 X-0.800 Y0.216
G1 X-0.800 Y0.310
G1 X-0.800 Y0.250
G1 X-0.800 Y0.025
G1 X-0.800 Y-0.267
G1 X-0.800 Y-0.423
G1 X-0.800 Y-0.159
G1 X-0.800 Y0.697
G1 X-0.800 Y1.816
G1 X-0.800 Y2.322
G1 X-0.800 Y1.630
G1 X-0.800 Y0.251
G1 X-0.800 Y-0.766
G1 X-0.800 Y-0.947
G1 X-0.800 Y-0.530
G1 X-0.800 Y0.103
G1 X-0.800 Y0.696
G1 X-0.800 Y0.963
G1 X-0.800 Y0.545
G1 X-0.800 Y-0.595
G1 X-0.800 Y-1.780
G1 X-0.800 Y-2.129
G1 X-0.800 Y-1.533
G1 X-0.800 Y-0.656
G1 X-0.800 Y-0.103
G1 X-0.800 Y0.037
G1 X-0.800 Y-0.018
G1 X-0.800 Y-0.015
G1 X-0.800 Y0.168
G1 X-0.800 Y0.472
G1 X-0.800 Y0.689
G1 X-0.800 Y0.651
G1 X-0.800 Y0.340
G1 X-0.800 Y-0.141
G1 X-0.800 Y-0.651
G1 X-0.800 Y-0.936
G1 X-0.800 Y-0.592
G1 X-0.800 Y0.582
G1 X-0.800 Y1.977
G1 X-0.800 Y2.418
G1 X-0.800 Y1.535
G1 X-0.800 Y0.244
G1 X-0.800 Y-0.450
G1 X-0.800 Y-0.381
G1 X-0.800 Y0.073
G1 X-0.800 Y0.461
G1 X-0.800 Y0.335
G1 X-0.800 Y-0.589
G1 X-0.800 Y-1.875
G1 X-0.800 Y-2.401
G1 X-0.800 Y-1.611
G1 X-0.800 Y-0.290
G1 X-0.800 Y0.494
G1 X-0.800 Y0.484
G1 X-0.800 Y0.030
G1 X-0.800 Y-0.440
G1 X-0.800 Y-0.523
G1 X-0.800 Y0.092
G1 X-0.800 Y1.232
G1 X-0.800 Y2.067
G1 X-0.800 Y1.923
G1 X-0.800 Y1.079
G1 X-0.800 Y0.312
G1 X-0.800 Y0.009
G1 X-0.800 Y0.006
G1 X-0.800 Y-0.083
G1 X-0.800 Y-0.571
G1 X-0.800 Y-1.395
G1 X-0.800 Y-1.984
G1 X-0.800 Y-1.767
G1 X-0.800 Y-0.889
G1 X-0.800 Y-0.069
G1 X-0.800 Y0.226
G1 X-0.800 Y0.068
G1 X-0.800 Y-0.187
G1 X-0.800 Y-0.145
G1 X-0.800 Y0.466
G1 X-0.800 Y1.456
G1 X-0.800 Y2.083
G1 X-0.800 Y1.779
G1 X-0.800 Y0.872
G1 X-0.800 Y0.135
G1 X-0.800 Y-0.071
G1 X-0.800 Y0.042
G1 X-0.800 Y-0.004
G1 X-0.800 Y-0.665
G1 X-0.800 Y-1.888
G1 X-0.800 Y-2.596
G1 X-0.800 Y-1.563
G1 X-0.800 Y0.672
G1 X-0.800 Y2.147
G1 X-0.800 Y2.014
G1 X-0.800 Y1.118
G1 X-0.800 Y0.386
G1 X-0.800 Y-0.044
G1 X-0.800 Y-0.505
G1 X-0.800 Y-1.243
G1 X-0.800 Y-1.988
G1 X-0.800 Y-1.943
G1 X-0.800 Y-0.640
G1 X-0.800 Y1.184
G1 X-0.800 Y2.218
G1 X-0.800 Y1.992
G1 X-0.800 Y1.098
G1 X-0.800 Y0.285
G1 X-0.800 Y-0.137
G1 X-0.800 Y-0.226
G1 X-0.800 Y-0.138
G1 X-0.800 Y0.005
G1 X-0.800 Y0.136
G1 X-0.800 Y0.204
G1 X-0.800 Y0.149
G1 X-0.800 Y-0.119
G1 X-0.800 Y-0.699
G1 X-0.800 Y-1.540
G1 X-0.800 Y-2.210
G1 X0.000 Y-0.338
G1 X0.800 Y1.871
G1 X0.800 Y1.922
G1 X0.800 Y1.330
G1 X0.800 Y0.678
G1 X0.800 Y0.250
G1 X0.800 Y0.056
G1 X0.800 Y0.004
G1 X0.800 Y-0.021
G1 X0.800 Y-0.132
G1 X0.800 Y-0.429
G1 X0.800 Y-0.954
G1 X0.800 Y-1.572
G1 X0.800 Y-1.901
G1 X0.800 Y-1.473
G1 X0.800 Y-0.216
G1 X0.800 Y1.232
G1 X0.800 Y1.983
G1 X0.800 Y1.756
G1 X0.800 Y1.034
G1 X0.800 Y0.410
G1 X0.800 Y0.056
G1 X0.800 Y-0.239
G1 X0.800 Y-0.805
G1 X0.800 Y-1.681
G1 X0.800 Y-2.241
G1 X0.800 Y-1.512
G1 X0.800 Y0.463
G1 X0.800 Y2.144
G1 X0.800 Y2.280
G1 X0.800 Y1.328
G1 X0.800 Y0.430
G1 X0.800 Y0.057
G1 X0.800 Y-0.028
G1 X0.800 Y-0.276
G1 X0.800 Y-0.967
G1 X0.800 Y-1.840
G1 X0.800 Y-2.127
G1 X0.800 Y-1.361
G1 X0.800 Y-0.090
G1 X0.800 Y0.736
G1 X0.800 Y0.783
G1 X0.800 Y0.325
G1 X0.800 Y-0.277
G1 X0.800 Y-0.743
G1 X0.800 Y-0.756
G1 X0.800 Y-0.091
G1 X0.800 Y0.984
G1 X0.800 Y1.732
G1 X0.800 Y1.689
G1 X0.800 Y1.105
G1 X0.800 Y0.489
G1 X0.800 Y0.039
G1 X0.800 Y-0.387
G1 X0.800 Y-0.963
G1 X0.800 Y-1.573
G1 X0.800 Y-1.759
G1 X0.800 Y-1.194
G1 X0.800 Y-0.208
G1 X0.800 Y0.498
G1 X0.800 Y0.577
G1 X0.800 Y0.182
G1 X0.800 Y-0.354
G1 X0.800 Y-0.653
G1 X0.800 Y-0.264
G1 X0.800 Y0.973
G1 X0.800 Y2.288
G1 X0.800 Y2.390
G1 X0.800 Y1.100
G1 X0.800 Y-0.349
G1 X0.800 Y-0.915
G1 X0.800 Y-0.629
G1 X0.800 Y0.025
G1 X0.800 Y0.665
G1 X0.800 Y0.903
G1 X0.800 Y0.283
G1 X0.800 Y-1.162
G1 X0.800 Y-2.390
G1 X0.800 Y-2.249
G1 X0.800 Y-0.940
G1 X0.800 Y0.327
G1 X0.800 Y0.811
G1 X0.800 Y0.630
G1 X0.800 Y0.184
G1 X0.800 Y-0.252
G1 X0.800 Y-0.527
G1 X0.800 Y-0.565
G1 X0.800 Y-0.400
G1 X0.800 Y-0.178
G1 X0.800 Y-0.039
G1 X0.800 Y0.010
G1 X0.800 Y0.126
G1 X0.800 Y0.535
G1 X0.800 Y1.302
G1 X0.800 Y2.032
G1 X0.800 Y1.968
G1 X0.800 Y0.820
G1 X0.800 Y-0.667
G1 X0.800 Y-1.466
G1 X0.800 Y-1.343
G1 X0.800 Y-0.744
G1 X0.800 Y-0.060
G1 X0.800 Y0.622
G1 X0.800 Y1.257
G1 X0.800 Y1.505
G1 X0.800 Y0.878
G1 X0.800 Y-0.566
G1 X0.800 Y-1.886
G1 X0.800 Y-2.159
G1 X0.800 Y-1.475
G1 X0.800 Y-0.606
G1 X0.800 Y-0.087
G1 X0.800 Y0.046
G1 X0.800 Y-0.003
G1 X0.800 Y-0.040
G1 X0.800 Y0.014
G1 X0.800 Y0.120
G1 X0.800 Y0.176
G1 X0.800 Y0.105
G1 X0.800 Y-0.069
G1 X0.800 Y-0.217
G1 X0.800 Y-0.133
G1 X0.800 Y0.386
G1 X0.800 Y1.281
G1 X0.800 Y2.033
G1 X0.800 Y1.979
G1 X0.800 Y1.041
G1 X0.800 Y-0.106
G1 X0.800 Y-0.745
G1 X0.800 Y-0.729
G1 X0.800 Y-0.317
G1 X0.800 Y0.210
G1 X0.800 Y0.643
G1 X0.800 Y0.758
G1 X0.800 Y0.364
G1 X0.800 Y-0.465
G1 X0.800 Y-1.280
G1 X0.800 Y-1.608
G1 X0.800 Y-1.379
G1 X0.800 Y-0.888
G1 X0.800 Y-0.435
G1 X0.800 Y-0.120
G1 X0.800 Y0.113
G1 X0.800 Y0.333
G1 X0.800 Y0.536
G1 X0.800 Y0.653
G1 X0.800 Y0.613
G1 X0.800 Y0.406
G1 X0.800 Y0.078
G1 X0.800 Y-0.321
G1 X0.800 Y-0.728
G1 X0.800 Y-1.009
G1 X0.800 Y-0.936
G1 X0.800 Y-0.360
G1 X0.800 Y0.555
G1 X0.800 Y1.324
G1 X0.800 Y1.553
G1 X0.800 Y1.261
G1 X0.800 Y0.762
G1 X0.800 Y0.308
G1 X0.800 Y-0.065
G1 X0.800 Y-0.438
G1 X0.800 Y-0.859
G1 X0.800 Y-1.231
G1 X0.800 Y-1.350
G1 X0.800 Y-1.098
G1 X0.800 Y-0.599
G1 X0.800 Y-0.121
G1 X0.800 Y0.134
G1 X0.800 Y0.149
G1 X0.800 Y0.025
G1 X0.800 Y-0.106
G1 X0.800 Y-0.146
G1 X0.800 Y-0.060
G1 X0.800 Y0.105
G1 X0.800 Y0.244
G1 X0.800 Y0.266
G1 X0.800 Y0.151
G1 X0.800 Y-0.055
G1 X0.800 Y-0.252
G1 X0.800 Y-0.316
G1 X0.000 Y1.518
G1 X-0.800 Y0.561
G1 X-0.800 Y0.426
G1 X-0.800 Y0.145
G1 X-0.800 Y-0.154
G1 X-0.800 Y-0.375
G1 X-0.800 Y-0.453
G1 X-0.800 Y-0.374
G1 X-0.800 Y-0.200
G1 X-0.800 Y-0.036
G1 X-0.800 Y0.033
G1 X-0.800 Y0.010
G1 X-0.800 Y-0.036
G1 X-0.800 Y0.014
G1 X-0.800 Y0.246
G1 X-0.800 Y0.642
G1 X-0.800 Y1.045
G1 X-0.800 Y1.235
G1 X-0.800 Y1.117
G1 X-0.800 Y0.779
G1 X-0.800 Y0.382
G1 X-0.800 Y-0.002
G1 X-0.800 Y-0.410
G1 X-0.800 Y-0.900
G1 X-0.800 Y-1.375
G1 X-0.800 Y-1.530
G1 X-0.800 Y-1.069
G1 X-0.800 Y-0.083
G1 X-0.800 Y0.898
G1 X-0.800 Y1.367
G1 X-0.800 Y1.260
G1 X-0.800 Y0.848
G1 X-0.800 Y0.399
G1 X-0.800 Y0.013
G1 X-0.800 Y-0.312
G1 X-0.800 Y-0.568
G1 X-0.800 Y-0.708
G1 X-0.800 Y-0.685
G1 X-0.800 Y-0.509
G1 X-0.800 Y-0.235
G1 X-0.800 Y0.098
G1 X-0.800 Y0.488
G1 X-0.800 Y0.924
G1 X-0.800 Y1.270
G1 X-0.800 Y1.279
G1 X-0.800 Y0.784
G1 X-0.800 Y-0.034
G1 X-0.800 Y-0.717
G1 X-0.800 Y-0.927
G1 X-0.800 Y-0.680
G1 X-0.800 Y-0.183
G1 X-0.800 Y0.389
G1 X-0.800 Y0.871
G1 X-0.800 Y0.979
G1 X-0.800 Y0.379
G1 X-0.800 Y-0.871
G1 X-0.800 Y-2.012
G1 X-0.800 Y-2.190
G1 X-0.800 Y-1.379
G1 X-0.800 Y-0.331
G1 X-0.800 Y0.298
G1 X-0.800 Y0.404
G1 X-0.800 Y0.208
G1 X-0.800 Y-0.053
G1 X-0.800 Y-0.231
G1 X-0.800 Y-0.266
G1 X-0.800 Y-0.193
G1 X-0.800 Y-0.089
G1 X-0.800 Y-0.003
G1 X-0.800 Y0.112
G1 X-0.800 Y0.402
G1 X-0.800 Y0.990
G1 X-0.800 Y1.729
G1 X-0.800 Y2.042
G1 X-0.800 Y1.328
G1 X-0.800 Y-0.204
G1 X-0.800 Y-1.503
G1 X-0.800 Y-1.797
G1 X-0.800 Y-1.292
G1 X-0.800 Y-0.605
G1 X-0.800 Y-0.018
G1 X-0.800 Y0.566
G1 X-0.800 Y1.259
G1 X-0.800 Y1.801
G1 X-0.800 Y1.554
G1 X-0.800 Y0.250
G1 X-0.800 Y-1.347
G1 X-0.800 Y-2.096
G1 X-0.800 Y-1.752
G1 X-0.800 Y-0.968
G1 X-0.800 Y-0.367
G1 X-0.800 Y-0.086
G1 X-0.800 Y0.032
G1 X-0.800 Y0.162
G1 X-0.800 Y0.342
G1 X-0.800 Y0.481
G1 X-0.800 Y0.453
G1 X-0.800 Y0.212
G1 X-0.800 Y-0.184
G1 X-0.800 Y-0.590
G1 X-0.800 Y-0.731
G1 X-0.800 Y-0.212
G1 X-0.800 Y1.073
G1 X-0.800 Y2.353
G1 X-0.800 Y2.376
G1 X-0.800 Y0.954
G1 X-0.800 Y-0.634
G1 X-0.800 Y-1.255
G1 X-0.800 Y-0.936
G1 X-0.800 Y-0.217
G1 X-0.800 Y0.564
G1 X-0.800 Y1.173
G1 X-0.800 Y1.122
G1 X-0.800 Y-0.064
G1 X-0.800 Y-1.845
G1 X-0.800 Y-2.654
G1 X-0.800 Y-1.759
G1 X-0.800 Y-0.220
G1 X-0.800 Y0.666
G1 X-0.800 Y0.655
G1 X-0.800 Y0.172
G1 X-0.800 Y-0.370
G1 X-0.800 Y-0.674
G1 X-0.800 Y-0.492
G1 X-0.800 Y0.186
G1 X-0.800 Y0.960
G1 X-0.800 Y1.318
G1 X-0.800 Y1.124
G1 X-0.800 Y0.615
G1 X-0.800 Y0.026
G1 X-0.800 Y-0.578
G1 X-0.800 Y-1.142
G1 X-0.800 Y-1.403
G1 X-0.800 Y-1.001
G1 X-0.800 Y0.021
G1 X-0.800 Y1.031
G1 X-0.800 Y1.399
G1 X-0.800 Y1.100
G1 X-0.800 Y0.495
G1 X-0.800 Y-0.169
G1 X-0.800 Y-0.847
G1 X-0.800 Y-1.394
G1 X-0.800 Y-1.361
G1 X-0.800 Y-0.361
G1 X-0.800 Y1.167
G1 X-0.800 Y2.099
G1 X-0.800 Y1.879
G1 X-0.800 Y1.052
G1 X-0.800 Y0.373
G1 X-0.800 Y0.044
G1 X-0.800 Y-0.211
G1 X-0.800 Y-0.756
G1 X-0.800 Y-1.633
G1 X-0.800 Y-2.225
G1 X-0.800 Y-1.638
G1 X-0.800 Y0.094
G1 X-0.800 Y1.701
G1 X-0.800 Y2.105
G1 X-0.800 Y1.507
G1 X-0.800 Y0.727
G1 X-0.800 Y0.230
G1 X-0.800 Y-0.033
G1 X-0.800 Y-0.314
G1 X-0.800 Y-0.796
G1 X-0.800 Y-1.406
G1 X-0.800 Y-1.787
G1 X-0.800 Y-1.548
G1 X-0.800 Y-0.674
G1 X-0.800 Y0.400
G1 X-0.800 Y1.154
G1 X-0.800 Y1.369
G1 X-0.800 Y1.167
G1 X-0.800 Y0.792
G1 X-0.800 Y0.415
G1 X-0.800 Y0.084
G1 X-0.800 Y-0.237
G1 X-0.800 Y-0.610
G1 X-0.800 Y-1.042
G1 X-0.800 Y-1.401
G1 X-0.800 Y-1.392
G1 X-0.800 Y-0.702
G1 X0.000 Y1.435
G1 X0.800 Y-0.223
G1 X0.800 Y0.407
G1 X0.800 Y0.682
G1 X0.800 Y0.634
G1 X0.800 Y0.392
G1 X0.800 Y0.071
G1 X0.800 Y-0.255
G1 X0.800 Y-0.527
G1 X0.800 Y-0.667
G1 X0.800 Y-0.569
G1 X0.800 Y-0.173
G1 X0.800 Y0.461
G1 X0.800 Y1.104
G1 X0.800 Y1.469
G1 X0.800 Y1.418
G1 X0.800 Y1.050
G1 X0.800 Y0.600
G1 X0.800 Y0.239
G1 X0.800 Y-0.030
G1 X0.800 Y-0.341
G1 X0.800 Y-0.848
G1 X0.800 Y-1.512
G1 X0.800 Y-1.918
G1 X0.800 Y-1.463
G1 X0.800 Y-0.056
G1 X0.800 Y1.455
G1 X0.800 Y2.056
G1 X0.800 Y1.637
G1 X0.800 Y0.864
G1 X0.800 Y0.292
G1 X0.800 Y-0.044
G1 X0.800 Y-0.435
G1 X0.800 Y-1.119
G1 X0.800 Y-1.903
G1 X0.800 Y-2.038
G1 X0.800 Y-0.947
G1 X0.800 Y0.788
G1 X0.800 Y1.877
G1 X0.800 Y1.797
G1 X0.800 Y1.099
G1 X0.800 Y0.435
G1 X0.800 Y-0.047
G1 X0.800 Y-0.531
G1 X0.800 Y-1.148
G1 X0.800 Y-1.679
G1 X0.800 Y-1.652
G1 X0.800 Y-0.885
G1 X0.800 Y0.153
G1 X0.800 Y0.792
G1 X0.800 Y0.809
G1 X0.800 Y0.413
G1 X0.800 Y-0.119
G1 X0.800 Y-0.588
G1 X0.800 Y-0.805
G1 X0.800 Y-0.606
G1 X0.800 Y-0.044
G1 X0.800 Y0.531
G1 X0.800 Y0.750
G1 X0.800 Y0.528
G1 X0.800 Y0.023
G1 X0.800 Y-0.547
G1 X0.800 Y-0.873
G1 X0.800 Y-0.471
G1 X0.800 Y0.902
G1 X0.800 Y2.427
G1 X0.800 Y2.540
G1 X0.800 Y0.926
G1 X0.800 Y-0.873
G1 X0.800 Y-1.517
G1 X0.800 Y-1.117
G1 X0.800 Y-0.350
G1 X0.800 Y0.449
G1 X0.800 Y1.182
G1 X0.800 Y1.487
G1 X0.800 Y0.742
G1 X0.800 Y-1.005
G1 X0.800 Y-2.444
G1 X0.800 Y-2.322
G1 X0.800 Y-0.998
G1 X0.800 Y0.230
G1 X0.800 Y0.685
G1 X0.800 Y0.525
G1 X0.800 Y0.136
G1 X0.800 Y-0.222
G1 X0.800 Y-0.419
G1 X0.800 Y-0.418
G1 X0.800 Y-0.283
G1 X0.800 Y-0.123
G1 X0.800 Y0.006
G1 X0.800 Y0.184
G1 X0.800 Y0.583
G1 X0.800 Y1.282
G1 X0.800 Y1.969
G1 X0.800 Y1.917
G1 X0.800 Y0.710
G1 X0.800 Y-0.976
G1 X0.800 Y-1.930
G1 X0.800 Y-1.753
G1 X0.800 Y-1.032
G1 X0.800 Y-0.383
G1 X0.800 Y0.087
G1 X0.800 Y0.603
G1 X0.800 Y1.305
G1 X0.800 Y1.889
G1 X0.800 Y1.697
G1 X0.800 Y0.461
G1 X0.800 Y-1.086
G1 X0.800 Y-1.899
G1 X0.800 Y-1.720
G1 X0.800 Y-1.076
G1 X0.800 Y-0.502
G1 X0.800 Y-0.166
G1 X0.800 Y0.018
G1 X0.800 Y0.154
G1 X0.800 Y0.265
G1 X0.800 Y0.296
G1 X0.800 Y0.194
G1 X0.800 Y-0.046
G1 X0.800 Y-0.343
G1 X0.800 Y-0.525
G1 X0.800 Y-0.324
G1 X0.800 Y0.470
G1 X0.800 Y1.637
G1 X0.800 Y2.350
G1 X0.800 Y1.862
G1 X0.800 Y0.447
G1 X0.800 Y-0.828
G1 X0.800 Y-1.268
G1 X0.800 Y-0.997
G1 X0.800 Y-0.437
G1 X0.800 Y0.154
G1 X0.800 Y0.688
G1 X0.800 Y1.055
G1 X0.800 Y1.052
G1 X0.800 Y0.581
G1 X0.800 Y-0.151
G1 X0.800 Y-0.741
G1 X0.800 Y-0.929
G1 X0.800 Y-0.750
G1 X0.800 Y-0.390
G1 X0.800 Y0.004
G1 X0.800 Y0.343
G1 X0.800 Y0.569
G1 X0.800 Y0.632
G1 X0.800 Y0.536
G1 X0.800 Y0.345
G1 X0.800 Y0.145
G1 X0.800 Y-0.046
G1 X0.800 Y-0.301
G1 X0.800 Y-0.717
G1 X0.800 Y-1.275
G1 X0.800 Y-1.706
G1 X0.800 Y-1.585
G1 X0.800 Y-0.740
G1 X0.800 Y0.421
G1 X0.800 Y1.232
G1 X0.800 Y1.379
G1 X0.800 Y1.040
G1 X0.800 Y0.550
G1 X0.800 Y0.085
G1 X0.800 Y-0.335
G1 X0.800 Y-0.714
G1 X0.800 Y-0.988
G1 X0.800 Y-1.045
G1 X0.800 Y-0.854
G1 X0.800 Y-0.519
G1 X0.800 Y-0.215
G1 X0.800 Y-0.046
G1 X0.800 Y-0.001
G1 X0.800 Y0.006
G1 X0.800 Y0.074
G1 X0.800 Y0.240
G1 X0.800 Y0.461
G1 X0.800 Y0.625
G1 X0.800 Y0.634
G1 X0.800 Y0.463
G1 X0.800 Y0.160
G1 X0.800 Y-0.211
G1 X0.800 Y-0.574
G1 X0.800 Y-0.811
G1 X0.000 Y2.040
G1 X-0.800 Y0.972
G1 X-0.800 Y0.631
G1 X-0.800 Y0.214
G1 X-0.800 Y-0.190
G1 X-0.800 Y-0.544
G1 X-0.800 Y-0.788
G1 X-0.800 Y-0.848
G1 X-0.800 Y-0.703
G1 X-0.800 Y-0.433
G1 X-0.800 Y-0.180
G1 X-0.800 Y-0.037
G1 X-0.800 Y-0.001
G1 X-0.800 Y0.008
G1 X-0.800 Y0.083
G1 X-0.800 Y0.278
G1 X-0.800 Y0.543
G1 X-0.800 Y0.753
G1 X-0.800 Y0.783
G1 X-0.800 Y0.601
G1 X-0.800 Y0.261
G1 X-0.800 Y-0.168
G1 X-0.800 Y-0.628
G1 X-0.800 Y-1.000
G1 X-0.800 Y-1.037
G1 X-0.800 Y-0.477
G1 X-0.800 Y0.616
G1 X-0.800 Y1.663
G1 X-0.800 Y2.006
G1 X-0.800 Y1.549
G1 X-0.800 Y0.775
G1 X-0.800 Y0.190
G1 X-0.800 Y-0.040
G1 X-0.800 Y-0.027
G1 X-0.800 Y0.039
G1 X-0.800 Y0.027
G1 X-0.800 Y-0.101
G1 X-0.800 Y-0.273
G1 X-0.800 Y-0.371
G1 X-0.800 Y-0.312
G1 X-0.800 Y-0.102
G1 X-0.800 Y0.179
G1 X-0.800 Y0.408
G1 X-0.800 Y0.430
G1 X-0.800 Y0.130
G1 X-0.800 Y-0.442
G1 X-0.800 Y-1.006
G1 X-0.800 Y-1.246
G1 X-0.800 Y-1.073
G1 X-0.800 Y-0.641
G1 X-0.800 Y-0.125
G1 X-0.800 Y0.433
G1 X-0.800 Y1.035
G1 X-0.800 Y1.489
G1 X-0.800 Y1.309
G1 X-0.800 Y0.145
G1 X-0.800 Y-1.499
G1 X-0.800 Y-2.413
G1 X-0.800 Y-1.968
G1 X-0.800 Y-0.767
G1 X-0.800 Y0.211
G1 X-0.800 Y0.559
G1 X-0.800 Y0.438
G1 X-0.800 Y0.140
G1 X-0.800 Y-0.135
G1 X-0.800 Y-0.284
G1 X-0.800 Y-0.290
G1 X-0.800 Y-0.194
G1 X-0.800 Y-0.052
G1 X-0.800 Y0.135
G1 X-0.800 Y0.448
G1 X-0.800 Y0.974
G1 X-0.800 Y1.603
G1 X-0.800 Y1.874
G1 X-0.800 Y1.243
G1 X-0.800 Y-0.202
G1 X-0.800 Y-1.535
G1 X-0.800 Y-1.912
G1 X-0.800 Y-1.428
G1 X-0.800 Y-0.720
G1 X-0.800 Y-0.173
G1 X-0.800 Y0.285
G1 X-0.800 Y0.892
G1 X-0.800 Y1.628
G1 X-0.800 Y1.967
G1 X-0.800 Y1.241
G1 X-0.800 Y-0.392
G1 X-0.800 Y-1.789
G1 X-0.800 Y-2.059
G1 X-0.800 Y-1.443
G1 X-0.800 Y-0.692
G1 X-0.800 Y-0.230
G1 X-0.800 Y-0.035
G1 X-0.800 Y0.073
G1 X-0.800 Y0.209
G1 X-0.800 Y0.356
G1 X-0.800 Y0.406
G1 X-0.800 Y0.271
G1 X-0.800 Y-0.038
G1 X-0.800 Y-0.413
G1 X-0.800 Y-0.629
G1 X-0.800 Y-0.321
G1 X-0.800 Y0.759
G1 X-0.800 Y2.136
G1 X-0.800 Y2.551
G1 X-0.800 Y1.321
G1 X-0.800 Y-0.553
G1 X-0.800 Y-1.564
G1 X-0.800 Y-1.407
G1 X-0.800 Y-0.698
G1 X-0.800 Y0.086
G1 X-0.800 Y0.881
G1 X-0.800 Y1.545
G1 X-0.800 Y1.462
G1 X-0.800 Y0.042
G1 X-0.800 Y-1.992
G1 X-0.800 Y-2.778
G1 X-0.800 Y-1.643
G1 X-0.800 Y0.065
G1 X-0.800 Y0.958
G1 X-0.800 Y0.892
G1 X-0.800 Y0.374
G1 X-0.800 Y-0.207
G1 X-0.800 Y-0.655
G1 X-0.800 Y-0.816
G1 X-0.800 Y-0.604
G1 X-0.800 Y-0.152
G1 X-0.800 Y0.238
G1 X-0.800 Y0.334
G1 X-0.800 Y0.141
G1 X-0.800 Y-0.172
G1 X-0.800 Y-0.366
G1 X-0.800 Y-0.176
G1 X-0.800 Y0.512
G1 X-0.800 Y1.407
G1 X-0.800 Y1.899
G1 X-0.800 Y1.641
G1 X-0.800 Y0.935
G1 X-0.800 Y0.327
G1 X-0.800 Y0.054
G1 X-0.800 Y-0.048
G1 X-0.800 Y-0.331
G1 X-0.800 Y-1.053
G1 X-0.800 Y-1.979
G1 X-0.800 Y-2.238
G1 X-0.800 Y-1.124
G1 X-0.800 Y0.771
G1 X-0.800 Y1.996
G1 X-0.800 Y1.931
G1 X-0.800 Y1.174
G1 X-0.800 Y0.481
G1 X-0.800 Y0.072
G1 X-0.800 Y-0.258
G1 X-0.800 Y-0.762
G1 X-0.800 Y-1.442
G1 X-0.800 Y-1.898
G1 X-0.800 Y-1.590
G1 X-0.800 Y-0.464
G1 X-0.800 Y0.825
G1 X-0.800 Y1.541
G1 X-0.800 Y1.510
G1 X-0.800 Y1.065
G1 X-0.800 Y0.571
G1 X-0.800 Y0.181
G1 X-0.800 Y-0.133
G1 X-0.800 Y-0.442
G1 X-0.800 Y-0.765
G1 X-0.800 Y-1.036
G1 X-0.800 Y-1.151
G1 X-0.800 Y-1.038
G1 X-0.800 Y-0.734
G1 X-0.800 Y-0.357
G1 X-0.800 Y-0.044
G1 X-0.800 Y0.126
G1 X-0.800 Y0.148
G1 X-0.800 Y0.066
G1 X-0.800 Y-0.055
G1 X-0.800 Y-0.144
G1 X-0.800 Y-0.134
G1 X-0.800 Y0.019
G1 X-0.800 Y0.304
G1 X0.000 Y0.861
G1 X0.800 Y0.008
G1 X0.800 Y0.039
G1 X0.800 Y0.033
G1 X0.800 Y-0.001
G1 X0.800 Y-0.038
G1 X0.800 Y-0.040
G1 X0.800 Y0.020
G1 X0.800 Y0.161
G1 X0.800 Y0.364
G1 X0.800 Y0.582
G1 X0.800 Y0.744
G1 X0.800 Y0.792
G1 X0.800 Y0.708
G1 X0.800 Y0.516
G1 X0.800 Y0.254
G1 X0.800 Y-0.053
G1 X0.800 Y-0.400
G1 X0.800 Y-0.769
G1 X0.800 Y-1.074
G1 X0.800 Y-1.117
G1 X0.800 Y-0.687
G1 X0.800 Y0.213
G1 X0.800 Y1.207
G1 X0.800 Y1.756
G1 X0.800 Y1.626
G1 X0.800 Y1.067
G1 X0.800 Y0.501
G1 X0.800 Y0.137
G1 X0.800 Y-0.116
G1 X0.800 Y-0.509
G1 X0.800 Y-1.213
G1 X0.800 Y-1.978
G1 X0.800 Y-2.015
G1 X0.800 Y-0.697
G1 X0.800 Y1.325
G1 X0.800 Y2.465
G1 X0.800 Y2.037
G1 X0.800 Y0.871
G1 X0.800 Y0.031
G1 X0.800 Y-0.169
G1 X0.800 Y0.006
G1 X0.800 Y0.165
G1 X0.800 Y-0.016
G1 X0.800 Y-0.657
G1 X0.800 Y-1.476
G1 X0.800 Y-1.893
G1 X0.800 Y-1.595
G1 X0.800 Y-0.870
G1 X0.800 Y-0.243
G1 X0.800 Y0.025
G1 X0.800 Y0.018
G1 X0.800 Y-0.042
G1 X0.800 Y0.041
G1 X0.800 Y0.324
G1 X0.800 Y0.677
G1 X0.800 Y0.866
G1 X0.800 Y0.751
G1 X0.800 Y0.368
G1 X0.800 Y-0.174
G1 X0.800 Y-0.765
G1 X0.800 Y-1.169
G1 X0.800 Y-0.880
G1 X0.800 Y0.495
G1 X0.800 Y2.274
G1 X0.800 Y2.747
G1 X0.800 Y1.235
G1 X0.800 Y-0.783
G1 X0.800 Y-1.665
G1 X0.800 Y-1.348
G1 X0.800 Y-0.587
G1 X0.800 Y0.192
G1 X0.800 Y0.964
G1 X0.800 Y1.569
G1 X0.800 Y1.408
G1 X0.800 Y0.036
G1 X0.800 Y-1.801
G1 X0.800 Y-2.566
G1 X0.800 Y-1.774
G1 X0.800 Y-0.434
G1 X0.800 Y0.397
G1 X0.800 Y0.518
G1 X0.800 Y0.245
G1 X0.800 Y-0.101
G1 X0.800 Y-0.330
G1 X0.800 Y-0.368
G1 X0.800 Y-0.250
G1 X0.800 Y-0.099
G1 X0.800 Y-0.016
G1 X0.800 Y0.018
G1 X0.800 Y0.161
G1 X0.800 Y0.626
G1 X0.800 Y1.432
G1 X0.800 Y2.115
G1 X0.800 Y1.886
G1 X0.800 Y0.524
G1 X0.800 Y-1.072
G1 X0.800 Y-1.807
G1 X0.800 Y-1.536
G1 X0.800 Y-0.857
G1 X0.800 Y-0.229
G1 X0.800 Y0.326
G1 X0.800 Y0.956
G1 X0.800 Y1.577
G1 X0.800 Y1.720
G1 X0.800 Y0.936
G1 X0.800 Y-0.498
G1 X0.800 Y-1.633
G1 X0.800 Y-1.850
G1 X0.800 Y-1.362
G1 X0.800 Y-0.738
G1 X0.800 Y-0.300
G1 X0.800 Y-0.058
G1 X0.800 Y0.097
G1 X0.800 Y0.228
G1 X0.800 Y0.306
G1 X0.800 Y0.271
G1 X0.800 Y0.086
G1 X0.800 Y-0.207
G1 X0.800 Y-0.488
G1 X0.800 Y-0.522
G1 X0.800 Y-0.006
G1 X0.800 Y1.119
G1 X0.800 Y2.248
G1 X0.800 Y2.323
G1 X0.800 Y1.003
G1 X0.800 Y-0.730
G1 X0.800 Y-1.663
G1 X0.800 Y-1.564
G1 X0.800 Y-0.976
G1 X0.800 Y-0.383
G1 X0.800 Y0.104
G1 X0.800 Y0.560
G1 X0.800 Y0.994
G1 X0.800 Y1.267
G1 X0.800 Y1.204
G1 X0.800 Y0.818
G1 X0.800 Y0.340
G1 X0.800 Y0.010
G1 X0.800 Y-0.083
G1 X0.800 Y-0.019
G1 X0.800 Y0.066
G1 X0.800 Y0.057
G1 X0.800 Y-0.085
G1 X0.800 Y-0.292
G1 X0.800 Y-0.429
G1 X0.800 Y-0.393
G1 X0.800 Y-0.175
G1 X0.800 Y0.154
G1 X0.800 Y0.463
G1 X0.800 Y0.552
G1 X0.800 Y0.186
G1 X0.800 Y-0.688
G1 X0.800 Y-1.687
G1 X0.800 Y-2.122
G1 X0.800 Y-1.643
G1 X0.800 Y-0.632
G1 X0.800 Y0.231
G1 X0.800 Y0.580
G1 X0.800 Y0.484
G1 X0.800 Y0.174
G1 X0.800 Y-0.154
G1 X0.800 Y-0.383
G1 X0.800 Y-0.444
G1 X0.800 Y-0.337
G1 X0.800 Y-0.148
G1 X0.800 Y0.003
G1 X0.800 Y0.050
G1 X0.800 Y0.003
G1 X0.800 Y-0.050
G1 X0.800 Y-0.003
G1 X0.800 Y0.212
G1 X0.800 Y0.562
G1 X0.800 Y0.896
G1 X0.800 Y1.041
G1 X0.800 Y0.929
G1 X0.800 Y0.630
G1 X0.800 Y0.249
G1 X0.800 Y-0.156
G1 X0.800 Y-0.587
G1 X0.800 Y-0.999
G1 X0.000 Y1.905
G1 X-0.800 Y0.919
G1 X-0.800 Y0.484
G1 X-0.800 Y0.067
G1 X-0.800 Y-0.335
G1 X-0.800 Y-0.738
G1 X-0.800 Y-1.077
G1 X-0.800 Y-1.199
G1 X-0.800 Y-0.995
G1 X-0.800 Y-0.537
G1 X-0.800 Y-0.063
G1 X-0.800 Y0.221
G1 X-0.800 Y0.257
G1 X-0.800 Y0.119
G1 X-0.800 Y-0.069
G1 X-0.800 Y-0.201
G1 X-0.800 Y-0.217
G1 X-0.800 Y-0.122
G1 X-0.800 Y0.007
G1 X-0.800 Y0.076
G1 X-0.800 Y0.040
G1 X-0.800 Y-0.056
G1 X-0.800 Y-0.077
G1 X-0.800 Y0.154
G1 X-0.800 Y0.751
G1 X-0.800 Y1.550
G1 X-0.800 Y2.033
G1 X-0.800 Y1.694
G1 X-0.800 Y0.617
G1 X-0.800 Y-0.522
G1 X-0.800 Y-1.110
G1 X-0.800 Y-1.070
G1 X-0.800 Y-0.683
G1 X-0.800 Y-0.210
G1 X-0.800 Y0.229
G1 X-0.800 Y0.585
G1 X-0.800 Y0.795
G1 X-0.800 Y0.796
G1 X-0.800 Y0.609
G1 X-0.800 Y0.348
G1 X-0.800 Y0.142
G1 X-0.800 Y0.025
G1 X-0.800 Y-0.063
G1 X-0.800 Y-0.233
G1 X-0.800 Y-0.549
G1 X-0.800 Y-0.936
G1 X-0.800 Y-1.203
G1 X-0.800 Y-1.186
G1 X-0.800 Y-0.897
G1 X-0.800 Y-0.494
G1 X-0.800 Y-0.098
G1 X-0.800 Y0.323
G1 X-0.800 Y0.879
G1 X-0.800 Y1.526
G1 X-0.800 Y1.824
G1 X-0.800 Y1.132
G1 X-0.800 Y-0.563
G1 X-0.800 Y-2.148
G1 X-0.800 Y-2.408
G1 X-0.800 Y-1.405
G1 X-0.800 Y-0.191
G1 X-0.800 Y0.464
G1 X-0.800 Y0.514
G1 X-0.800 Y0.252
G1 X-0.800 Y-0.061
G1 X-0.800 Y-0.274
G1 X-0.800 Y-0.333
G1 X-0.800 Y-0.264
G1 X-0.800 Y-0.139
G1 X-0.800 Y-0.018
G1 X-0.800 Y0.129
G1 X-0.800 Y0.423
G1 X-0.800 Y0.956
G1 X-0.800 Y1.602
G1 X-0.800 Y1.899
G1 X-0.800 Y1.365
G1 X-0.800 Y0.129
G1 X-0.800 Y-1.021
G1 X-0.800 Y-1.424
G1 X-0.800 Y-1.120
G1 X-0.800 Y-0.514
G1 X-0.800 Y0.141
G1 X-0.800 Y0.805
G1 X-0.800 Y1.361
G1 X-0.800 Y1.389
G1 X-0.800 Y0.472
G1 X-0.800 Y-1.078
G1 X-0.800 Y-2.167
G1 X-0.800 Y-2.064
G1 X-0.800 Y-1.159
G1 X-0.800 Y-0.307
G1 X-0.800 Y0.073
G1 X-0.800 Y0.073
G1 X-0.800 Y-0.049
G1 X-0.800 Y-0.088
G1 X-0.800 Y0.026
G1 X-0.800 Y0.217
G1 X-0.800 Y0.320
G1 X-0.800 Y0.229
G1 X-0.800 Y-0.038
G1 X-0.800 Y-0.331
G1 X-0.800 Y-0.385
G1 X-0.800 Y0.134
G1 X-0.800 Y1.280
G1 X-0.800 Y2.355
G1 X-0.800 Y2.234
G1 X-0.800 Y0.738
G1 X-0.800 Y-0.913
G1 X-0.800 Y-1.555
G1 X-0.800 Y-1.211
G1 X-0.800 Y-0.487
G1 X-0.800 Y0.283
G1 X-0.800 Y1.057
G1 X-0.800 Y1.585
G1 X-0.800 Y1.182
G1 X-0.800 Y-0.522
G1 X-0.800 Y-2.420
G1 X-0.800 Y-2.675
G1 X-0.800 Y-1.110
G1 X-0.800 Y0.641
G1 X-0.800 Y1.348
G1 X-0.800 Y1.120
G1 X-0.800 Y0.548
G1 X-0.800 Y-0.023
G1 X-0.800 Y-0.498
G1 X-0.800 Y-0.817
G1 X-0.800 Y-0.893
G1 X-0.800 Y-0.719
G1 X-0.800 Y-0.421
G1 X-0.800 Y-0.170
G1 X-0.800 Y-0.020
G1 X-0.800 Y0.118
G1 X-0.800 Y0.414
G1 X-0.800 Y0.949
G1 X-0.800 Y1.546
G1 X-0.800 Y1.783
G1 X-0.800 Y1.367
G1 X-0.800 Y0.518
G1 X-0.800 Y-0.208
G1 X-0.800 Y-0.445
G1 X-0.800 Y-0.234
G1 X-0.800 Y0.174
G1 X-0.800 Y0.462
G1 X-0.800 Y0.250
G1 X-0.800 Y-0.730
G1 X-0.800 Y-2.083
G1 X-0.800 Y-2.589
G1 X-0.800 Y-1.371
G1 X-0.800 Y0.760
G1 X-0.800 Y2.113
G1 X-0.800 Y2.037
G1 X-0.800 Y1.214
G1 X-0.800 Y0.481
G1 X-0.800 Y0.117
G1 X-0.800 Y-0.018
G1 X-0.800 Y-0.177
G1 X-0.800 Y-0.531
G1 X-0.800 Y-1.054
G1 X-0.800 Y-1.515
G1 X-0.800 Y-1.610
G1 X-0.800 Y-1.232
G1 X-0.800 Y-0.566
G1 X-0.800 Y0.060
G1 X-0.800 Y0.429
G1 X-0.800 Y0.509
G1 X-0.800 Y0.387
G1 X-0.800 Y0.173
G1 X-0.800 Y-0.052
G1 X-0.800 Y-0.241
G1 X-0.800 Y-0.360
G1 X-0.800 Y-0.387
G1 X-0.800 Y-0.324
G1 X-0.800 Y-0.193
G1 X-0.800 Y-0.035
G1 X-0.800 Y0.108
G1 X-0.800 Y0.204
G1 X-0.800 Y0.246
G1 X-0.800 Y0.240
G1 X-0.800 Y0.202
G1 X-0.800 Y0.154
G1 X-0.800 Y0.112
G1 X0.000 Y5.558
G1 X0.800 Y-0.473
G1 X0.800 Y-0.569
G1 X0.800 Y-0.657
G1 X0.800 Y-0.723
G1 X0.800 Y-0.748
G1 X0.800 Y-0.716
G1 X0.800 Y-0.624
G1 X0.800 Y-0.486
G1 X0.800 Y-0.328
G1 X0.800 Y-0.186
G1 X0.800 Y-0.082
G1 X0.800 Y-0.025
G1 X0.800 Y0.001
G1 X0.800 Y0.032
G1 X0.800 Y0.118
G1 X0.800 Y0.308
G1 X0.800 Y0.614
G1 X0.800 Y0.981
G1 X0.800 Y1.276
G1 X0.800 Y1.343
G1 X0.800 Y1.120
G1 X0.800 Y0.696
G1 X0.800 Y0.272
G1 X0.800 Y0.015
G1 X0.800 Y-0.035
G1 X0.800 Y0.025
G1 X0.800 Y0.005
G1 X0.800 Y-0.336
G1 X0.800 Y-1.132
G1 X0.800 Y-2.072
G1 X0.800 Y-2.272
G1 X0.800 Y-0.969
G1 X0.800 Y1.248
G1 X0.800 Y2.621
G1 X0.800 Y2.183
G1 X0.800 Y0.744
G1 X0.800 Y-0.374
G1 X0.800 Y-0.668
G1 X0.800 Y-0.380
G1 X0.800 Y0.105
G1 X0.800 Y0.512
G1 X0.800 Y0.599
G1 X0.800 Y0.188
G1 X0.800 Y-0.621
G1 X0.800 Y-1.381
G1 X0.800 Y-1.636
G1 X0.800 Y-1.348
G1 X0.800 Y-0.827
G1 X0.800 Y-0.376
G1 X0.800 Y-0.072
G1 X0.800 Y0.170
G1 X0.800 Y0.439
G1 X0.800 Y0.720
G1 X0.800 Y0.898
G1 X0.800 Y0.857
G1 X0.800 Y0.598
G1 X0.800 Y0.196
G1 X0.800 Y-0.303
G1 X0.800 Y-0.889
G1 X0.800 Y-1.421
G1 X0.800 Y-1.406
G1 X0.800 Y-0.269
G1 X0.800 Y1.672
G1 X0.800 Y2.813
G1 X0.800 Y1.961
G1 X0.800 Y0.019
G1 X0.800 Y-1.268
G1 X0.800 Y-1.339
G1 X0.800 Y-0.729
G1 X0.800 Y0.031
G1 X0.800 Y0.772
G1 X0.800 Y1.317
G1 X0.800 Y1.204
G1 X0.800 Y0.072
G1 X0.800 Y-1.538
G1 X0.800 Y-2.379
G1 X0.800 Y-1.893
G1 X0.800 Y-0.777
G1 X0.800 Y0.039
G1 X0.800 Y0.260
G1 X0.800 Y0.103
G1 X0.800 Y-0.130
G1 X0.800 Y-0.224
G1 X0.800 Y-0.094
G1 X0.800 Y0.170
G1 X0.800 Y0.374
G1 X0.800 Y0.359
G1 X0.800 Y0.118
G1 X0.800 Y-0.232
G1 X0.800 Y-0.476
G1 X0.800 Y-0.315
G1 X0.800 Y0.478
G1 X0.800 Y1.646
G1 X0.800 Y2.327
G1 X0.800 Y1.827
G1 X0.800 Y0.513
G1 X0.800 Y-0.587
G1 X0.800 Y-0.902
G1 X0.800 Y-0.589
G1 X0.800 Y-0.019
G1 X0.800 Y0.544
G1 X0.800 Y0.862
G1 X0.800 Y0.648
G1 X0.800 Y-0.201
G1 X0.800 Y-1.275
G1 X0.800 Y-1.872
G1 X0.800 Y-1.689
G1 X0.800 Y-1.053
G1 X0.800 Y-0.463
G1 X0.800 Y-0.138
G1 X0.800 Y-0.015
G1 X0.800 Y0.057
G1 X0.800 Y0.173
G1 X0.800 Y0.315
G1 X0.800 Y0.389
G1 X0.800 Y0.306
G1 X0.800 Y0.056
G1 X0.800 Y-0.288
G1 X0.800 Y-0.555
G1 X0.800 Y-0.465
G1 X0.800 Y0.271
G1 X0.800 Y1.539
G1 X0.800 Y2.467
G1 X0.800 Y2.037
G1 X0.800 Y0.364
G1 X0.800 Y-1.256
G1 X0.800 Y-1.819
G1 X0.800 Y-1.457
G1 X0.800 Y-0.817
G1 X0.800 Y-0.285
G1 X0.800 Y0.114
G1 X0.800 Y0.487
G1 X0.800 Y0.849
G1 X0.800 Y1.096
G1 X0.800 Y1.099
G1 X0.800 Y0.864
G1 X0.800 Y0.531
G1 X0.800 Y0.240
G1 X0.800 Y0.026
G1 X0.800 Y-0.174
G1 X0.800 Y-0.431
G1 X0.800 Y-0.742
G1 X0.800 Y-0.994
G1 X0.800 Y-1.054
G1 X0.800 Y-0.882
G1 X0.800 Y-0.564
G1 X0.800 Y-0.208
G1 X0.800 Y0.164
G1 X0.800 Y0.603
G1 X0.800 Y1.122
G1 X0.800 Y1.526
G1 X0.800 Y1.436
G1 X0.800 Y0.618
G1 X0.800 Y-0.613
G1 X0.800 Y-1.546
G1 X0.800 Y-1.734
G1 X0.800 Y-1.330
G1 X0.800 Y-0.771
G1 X0.800 Y-0.344
G1 X0.800 Y-0.089
G1 X0.800 Y0.079
G1 X0.800 Y0.234
G1 X0.800 Y0.377
G1 X0.800 Y0.451
G1 X0.800 Y0.401
G1 X0.800 Y0.215
G1 X0.800 Y-0.069
G1 X0.800 Y-0.385
G1 X0.800 Y-0.633
G1 X0.800 Y-0.669
G1 X0.800 Y-0.367
G1 X0.800 Y0.243
G1 X0.800 Y0.898
G1 X0.800 Y1.271
G1 X0.800 Y1.226
G1 X0.800 Y0.886
G1 X0.800 Y0.455
G1 X0.800 Y0.039
G1 X0.800 Y-0.370
G1 X0.800 Y-0.795
G1 X0.000 Y1.131
G1 X-0.800 Y0.666
G1 X-0.800 Y0.257
G1 X-0.800 Y-0.166
G1 X-0.800 Y-0.611
G1 X-0.800 Y-1.045
G1 X-0.800 Y-1.296
G1 X-0.800 Y-1.126
G1 X-0.800 Y-0.469
G1 X-0.800 Y0.397
G1 X-0.800 Y1.034
G1 X-0.800 Y1.203
G1 X-0.800 Y0.985
G1 X-0.800 Y0.607
G1 X-0.800 Y0.227
G1 X-0.800 Y-0.097
G1 X-0.800 Y-0.354
G1 X-0.800 Y-0.515
G1 X-0.800 Y-0.547
G1 X-0.800 Y-0.439
G1 X-0.800 Y-0.217
G1 X-0.800 Y0.088
G1 X-0.800 Y0.467
G1 X-0.800 Y0.892
G1 X-0.800 Y1.234
G1 X-0.800 Y1.217
G1 X-0.800 Y0.611
G1 X-0.800 Y-0.457
G1 X-0.800 Y-1.424
G1 X-0.800 Y-1.759
G1 X-0.800 Y-1.445
G1 X-0.800 Y-0.868
G1 X-0.800 Y-0.385
G1 X-0.800 Y-0.083
G1 X-0.800 Y0.145
G1 X-0.800 Y0.430
G1 X-0.800 Y0.791
G1 X-0.800 Y1.107
G1 X-0.800 Y1.207
G1 X-0.800 Y1.034
G1 X-0.800 Y0.699
G1 X-0.800 Y0.361
G1 X-0.800 Y0.099
G1 X-0.800 Y-0.124
G1 X-0.800 Y-0.378
G1 X-0.800 Y-0.676
G1 X-0.800 Y-0.929
G1 X-0.800 Y-1.007
G1 X-0.800 Y-0.856
G1 X-0.800 Y-0.542
G1 X-0.800 Y-0.161
G1 X-0.800 Y0.268
G1 X-0.800 Y0.799
G1 X-0.800 Y1.385
G1 X-0.800 Y1.665
G1 X-0.800 Y1.065
G1 X-0.800 Y-0.511
G1 X-0.800 Y-2.103
G1 X-0.800 Y-2.457
G1 X-0.800 Y-1.463
G1 X-0.800 Y-0.148
G1 X-0.800 Y0.593
G1 X-0.800 Y0.651
G1 X-0.800 Y0.331
G1 X-0.800 Y-0.069
G1 X-0.800 Y-0.377
G1 X-0.800 Y-0.498
G1 X-0.800 Y-0.419
G1 X-0.800 Y-0.225
G1 X-0.800 Y-0.059
G1 X-0.800 Y0.002
G1 X-0.800 Y-0.002
G1 X-0.800 Y0.077
G1 X-0.800 Y0.403
G1 X-0.800 Y1.005
G1 X-0.800 Y1.619
G1 X-0.800 Y1.796
G1 X-0.800 Y1.332
G1 X-0.800 Y0.541
G1 X-0.800 Y-0.058
G1 X-0.800 Y-0.212
G1 X-0.800 Y-0.032
G1 X-0.800 Y0.195
G1 X-0.800 Y0.127
G1 X-0.800 Y-0.497
G1 X-0.800 Y-1.539
G1 X-0.800 Y-2.257
G1 X-0.800 Y-1.889
G1 X-0.800 Y-0.608
G1 X-0.800 Y0.615
G1 X-0.800 Y1.095
G1 X-0.800 Y0.893
G1 X-0.800 Y0.392
G1 X-0.800 Y-0.146
G1 X-0.800 Y-0.598
G1 X-0.800 Y-0.852
G1 X-0.800 Y-0.803
G1 X-0.800 Y-0.486
G1 X-0.800 Y-0.112
G1 X-0.800 Y0.089
G1 X-0.800 Y0.054
G1 X-0.800 Y-0.080
G1 X-0.800 Y-0.057
G1 X-0.800 Y0.400
G1 X-0.800 Y1.307
G1 X-0.800 Y2.129
G1 X-0.800 Y2.046
G1 X-0.800 Y0.901
G1 X-0.800 Y-0.452
G1 X-0.800 Y-1.102
G1 X-0.800 Y-0.934
G1 X-0.800 Y-0.332
G1 X-0.800 Y0.383
G1 X-0.800 Y1.001
G1 X-0.800 Y1.123
G1 X-0.800 Y0.228
G1 X-0.800 Y-1.523
G1 X-0.800 Y-2.733
G1 X-0.800 Y-2.100
G1 X-0.800 Y-0.186
G1 X-0.800 Y1.328
G1 X-0.800 Y1.648
G1 X-0.800 Y1.194
G1 X-0.800 Y0.586
G1 X-0.800 Y0.078
G1 X-0.800 Y-0.335
G1 X-0.800 Y-0.676
G1 X-0.800 Y-0.887
G1 X-0.800 Y-0.891
G1 X-0.800 Y-0.699
G1 X-0.800 Y-0.410
G1 X-0.800 Y-0.114
G1 X-0.800 Y0.197
G1 X-0.800 Y0.581
G1 X-0.800 Y1.044
G1 X-0.800 Y1.425
G1 X-0.800 Y1.437
G1 X-0.800 Y0.940
G1 X-0.800 Y0.156
G1 X-0.800 Y-0.466
G1 X-0.800 Y-0.644
G1 X-0.800 Y-0.409
G1 X-0.800 Y0.044
G1 X-0.800 Y0.507
G1 X-0.800 Y0.708
G1 X-0.800 Y0.273
G1 X-0.800 Y-0.952
G1 X-0.800 Y-2.333
G1 X-0.800 Y-2.536
G1 X-0.800 Y-0.947
G1 X-0.800 Y1.291
G1 X-0.800 Y2.441
G1 X-0.800 Y2.032
G1 X-0.800 Y0.925
G1 X-0.800 Y0.046
G1 X-0.800 Y-0.297
G1 X-0.800 Y-0.243
G1 X-0.800 Y-0.027
G1 X-0.800 Y0.177
G1 X-0.800 Y0.261
G1 X-0.800 Y0.173
G1 X-0.800 Y-0.070
G1 X-0.800 Y-0.378
G1 X-0.800 Y-0.636
G1 X-0.800 Y-0.760
G1 X-0.800 Y-0.732
G1 X-0.800 Y-0.589
G1 X-0.800 Y-0.388
G1 X-0.800 Y-0.166
G1 X-0.800 Y0.051
G1 X-0.800 Y0.258
G1 X-0.800 Y0.444
G1 X-0.800 Y0.590
G1 X-0.800 Y0.672
G1 X-0.800 Y0.667
G1 X-0.800 Y0.562
G1 X-0.800 Y0.368
G1 X-0.800 Y0.116
G1 X-0.800 Y-0.146
G1 X-0.800 Y-0.381
G1 X-0.800 Y-0.551
G1 X0.000 Y-3.918
G1 X0.800 Y0.668
G1 X0.800 Y0.906
G1 X0.800 Y1.054
G1 X0.800 Y1.069
G1 X0.800 Y0.950
G1 X0.800 Y0.732
G1 X0.800 Y0.478
G1 X0.800 Y0.249
G1 X0.800 Y0.085
G1 X0.800 Y0.000
G1 X0.800 Y-0.020
G1 X0.800 Y-0.002
G1 X0.800 Y0.018
G1 X0.800 Y0.009
G1 X0.800 Y-0.052
G1 X0.800 Y-0.165
G1 X0.800 Y-0.303
G1 X0.800 Y-0.419
G1 X0.800 Y-0.461
G1 X0.800 Y-0.399
G1 X0.800 Y-0.230
G1 X0.800 Y0.029
G1 X0.800 Y0.336
G1 X0.800 Y0.613
G1 X0.800 Y0.701
G1 X0.800 Y0.351
G1 X0.800 Y-0.607
G1 X0.800 Y-1.884
G1 X0.800 Y-2.547
G1 X0.800 Y-1.661
G1 X0.800 Y0.484
G1 X0.800 Y2.283
G1 X0.800 Y2.457
G1 X0.800 Y1.317
G1 X0.800 Y0.068
G1 X0.800 Y-0.535
G1 X0.800 Y-0.498
G1 X0.800 Y-0.137
G1 X0.800 Y0.271
G1 X0.800 Y0.515
G1 X0.800 Y0.422
G1 X0.800 Y-0.062
G1 X0.800 Y-0.749
G1 X0.800 Y-1.266
G1 X0.800 Y-1.364
G1 X0.800 Y-1.087
G1 X0.800 Y-0.666
G1 X0.800 Y-0.270
G1 X0.800 Y0.064
G1 X0.800 Y0.377
G1 X0.800 Y0.676
G1 X0.800 Y0.891
G1 X0.800 Y0.923
G1 X0.800 Y0.751
G1 X0.800 Y0.449
G1 X0.800 Y0.102
G1 X0.800 Y-0.302
G1 X0.800 Y-0.837
G1 X0.800 Y-1.464
G1 X0.800 Y-1.777
G1 X0.800 Y-1.105
G1 X0.800 Y0.661
G1 X0.800 Y2.354
G1 X0.800 Y2.515
G1 X0.800 Y1.191
G1 X0.800 Y-0.249
G1 X0.800 Y-0.834
G1 X0.800 Y-0.619
G1 X0.800 Y-0.054
G1 X0.800 Y0.518
G1 X0.800 Y0.803
G1 X0.800 Y0.480
G1 X0.800 Y-0.516
G1 X0.800 Y-1.632
G1 X0.800 Y-2.061
G1 X0.800 Y-1.597
G1 X0.800 Y-0.782
G1 X0.800 Y-0.201
G1 X0.800 Y-0.006
G1 X0.800 Y-0.003
G1 X0.800 Y0.070
G1 X0.800 Y0.382
G1 X0.800 Y0.873
G1 X0.800 Y1.269
G1 X0.800 Y1.309
G1 X0.800 Y0.996
G1 X0.800 Y0.535
G1 X0.800 Y0.083
G1 X0.800 Y-0.391
G1 X0.800 Y-0.975
G1 X0.800 Y-1.561
G1 X0.800 Y-1.689
G1 X0.800 Y-0.890
G1 X0.800 Y0.599
G1 X0.800 Y1.788
G1 X0.800 Y1.960
G1 X0.800 Y1.355
G1 X0.800 Y0.646
G1 X0.800 Y0.198
G1 X0.800 Y-0.054
G1 X0.800 Y-0.342
G1 X0.800 Y-0.805
G1 X0.800 Y-1.330
G1 X0.800 Y-1.595
G1 X0.800 Y-1.374
G1 X0.800 Y-0.802
G1 X0.800 Y-0.249
G1 X0.800 Y0.035
G1 X0.800 Y0.055
G1 X0.800 Y-0.036
G1 X0.800 Y-0.059
G1 X0.800 Y0.085
G1 X0.800 Y0.365
G1 X0.800 Y0.620
G1 X0.800 Y0.681
G1 X0.800 Y0.485
G1 X0.800 Y0.096
G1 X0.800 Y-0.385
G1 X0.800 Y-0.802
G1 X0.800 Y-0.870
G1 X0.800 Y-0.226
G1 X0.800 Y1.113
G1 X0.800 Y2.320
G1 X0.800 Y2.309
G1 X0.800 Y1.000
G1 X0.800 Y-0.528
G1 X0.800 Y-1.291
G1 X0.800 Y-1.219
G1 X0.800 Y-0.748
G1 X0.800 Y-0.226
G1 X0.800 Y0.232
G1 X0.800 Y0.597
G1 X0.800 Y0.816
G1 X0.800 Y0.829
G1 X0.800 Y0.653
G1 X0.800 Y0.398
G1 X0.800 Y0.171
G1 X0.800 Y-0.005
G1 X0.800 Y-0.197
G1 X0.800 Y-0.489
G1 X0.800 Y-0.883
G1 X0.800 Y-1.239
G1 X0.800 Y-1.347
G1 X0.800 Y-1.123
G1 X0.800 Y-0.704
G1 X0.800 Y-0.318
G1 X0.800 Y-0.091
G1 X0.800 Y0.032
G1 X0.800 Y0.214
G1 X0.800 Y0.606
G1 X0.800 Y1.194
G1 X0.800 Y1.691
G1 X0.800 Y1.694
G1 X0.800 Y1.076
G1 X0.800 Y0.176
G1 X0.800 Y-0.511
G1 X0.800 Y-0.743
G1 X0.800 Y-0.601
G1 X0.800 Y-0.285
G1 X0.800 Y0.047
G1 X0.800 Y0.308
G1 X0.800 Y0.442
G1 X0.800 Y0.434
G1 X0.800 Y0.322
G1 X0.800 Y0.167
G1 X0.800 Y0.007
G1 X0.800 Y-0.192
G1 X0.800 Y-0.504
G1 X0.800 Y-0.967
G1 X0.800 Y-1.451
G1 X0.800 Y-1.639
G1 X0.800 Y-1.244
G1 X0.800 Y-0.338
G1 X0.800 Y0.605
G1 X0.800 Y1.118
G1 X0.800 Y1.100
G1 X0.800 Y0.753
G1 X0.800 Y0.306
G1 X0.800 Y-0.132
G1 X0.800 Y-0.528
G1 X0.000 Y0.178
G1 X-0.800 Y0.359
G1 X-0.800 Y0.004
G1 X-0.800 Y-0.397
G1 X-0.800 Y-0.748
G1 X-0.800 Y-0.870
G1 X-0.800 Y-0.542
G1 X-0.800 Y0.291
G1 X-0.800 Y1.289
G1 X-0.800 Y1.877
G1 X-0.800 Y1.740
G1 X-0.800 Y1.099
G1 X-0.800 Y0.432
G1 X-0.800 Y0.042
G1 X-0.800 Y-0.057
G1 X-0.800 Y-0.006
G1 X-0.800 Y0.049
G1 X-0.800 Y0.020
G1 X-0.800 Y-0.090
G1 X-0.800 Y-0.206
G1 X-0.800 Y-0.235
G1 X-0.800 Y-0.136
G1 X-0.800 Y0.058
G1 X-0.800 Y0.249
G1 X-0.800 Y0.290
G1 X-0.800 Y0.032
G1 X-0.800 Y-0.553
G1 X-0.800 Y-1.244
G1 X-0.800 Y-1.654
G1 X-0.800 Y-1.539
G1 X-0.800 Y-1.040
G1 X-0.800 Y-0.502
G1 X-0.800 Y-0.161
G1 X-0.800 Y-0.018
G1 X-0.800 Y0.085
G1 X-0.800 Y0.319
G1 X-0.800 Y0.746
G1 X-0.800 Y1.229
G1 X-0.800 Y1.492
G1 X-0.800 Y1.358
G1 X-0.800 Y0.916
G1 X-0.800 Y0.443
G1 X-0.800 Y0.138
G1 X-0.800 Y0.021
G1 X-0.800 Y-0.011
G1 X-0.800 Y-0.080
G1 X-0.800 Y-0.240
G1 X-0.800 Y-0.443
G1 X-0.800 Y-0.568
G1 X-0.800 Y-0.513
G1 X-0.800 Y-0.263
G1 X-0.800 Y0.124
G1 X-0.800 Y0.544
G1 X-0.800 Y0.811
G1 X-0.800 Y0.608
G1 X-0.800 Y-0.312
G1 X-0.800 Y-1.650
G1 X-0.800 Y-2.435
G1 X-0.800 Y-1.897
G1 X-0.800 Y-0.434
G1 X-0.800 Y0.821
G1 X-0.800 Y1.227
G1 X-0.800 Y0.956
G1 X-0.800 Y0.424
G1 X-0.800 Y-0.120
G1 X-0.800 Y-0.593
G1 X-0.800 Y-0.907
G1 X-0.800 Y-0.939
G1 X-0.800 Y-0.664
G1 X-0.800 Y-0.238
G1 X-0.800 Y0.087
G1 X-0.800 Y0.174
G1 X-0.800 Y0.056
G1 X-0.800 Y-0.118
G1 X-0.800 Y-0.173
G1 X-0.800 Y0.029
G1 X-0.800 Y0.473
G1 X-0.800 Y0.949
G1 X-0.800 Y1.175
G1 X-0.800 Y1.039
G1 X-0.800 Y0.646
G1 X-0.800 Y0.157
G1 X-0.800 Y-0.378
G1 X-0.800 Y-0.955
G1 X-0.800 Y-1.414
G1 X-0.800 Y-1.334
G1 X-0.800 Y-0.377
G1 X-0.800 Y1.094
G1 X-0.800 Y2.079
G1 X-0.800 Y1.971
G1 X-0.800 Y1.159
G1 X-0.800 Y0.403
G1 X-0.800 Y0.055
G1 X-0.800 Y0.000
G1 X-0.800 Y-0.063
G1 X-0.800 Y-0.376
G1 X-0.800 Y-0.954
G1 X-0.800 Y-1.503
G1 X-0.800 Y-1.631
G1 X-0.800 Y-1.254
G1 X-0.800 Y-0.675
G1 X-0.800 Y-0.241
G1 X-0.800 Y-0.036
G1 X-0.800 Y0.105
G1 X-0.800 Y0.420
G1 X-0.800 Y1.016
G1 X-0.800 Y1.656
G1 X-0.800 Y1.844
G1 X-0.800 Y1.307
G1 X-0.800 Y0.384
G1 X-0.800 Y-0.304
G1 X-0.800 Y-0.446
G1 X-0.800 Y-0.161
G1 X-0.800 Y0.261
G1 X-0.800 Y0.482
G1 X-0.800 Y0.120
G1 X-0.800 Y-0.982
G1 X-0.800 Y-2.232
G1 X-0.800 Y-2.433
G1 X-0.800 Y-1.100
G1 X-0.800 Y0.750
G1 X-0.800 Y1.772
G1 X-0.800 Y1.686
G1 X-0.800 Y1.080
G1 X-0.800 Y0.496
G1 X-0.800 Y0.083
G1 X-0.800 Y-0.243
G1 X-0.800 Y-0.562
G1 X-0.800 Y-0.844
G1 X-0.800 Y-0.981
G1 X-0.800 Y-0.907
G1 X-0.800 Y-0.666
G1 X-0.800 Y-0.359
G1 X-0.800 Y-0.053
G1 X-0.800 Y0.267
G1 X-0.800 Y0.636
G1 X-0.800 Y1.025
G1 X-0.800 Y1.287
G1 X-0.800 Y1.234
G1 X-0.800 Y0.829
G1 X-0.800 Y0.266
G1 X-0.800 Y-0.163
G1 X-0.800 Y-0.288
G1 X-0.800 Y-0.139
G1 X-0.800 Y0.131
G1 X-0.800 Y0.310
G1 X-0.800 Y0.137
G1 X-0.800 Y-0.595
G1 X-0.800 Y-1.710
G1 X-0.800 Y-2.427
G1 X-0.800 Y-1.819
G1 X-0.800 Y0.084
G1 X-0.800 Y1.985
G1 X-0.800 Y2.536
G1 X-0.800 Y1.645
G1 X-0.800 Y0.257
G1 X-0.800 Y-0.736
G1 X-0.800 Y-1.079
G1 X-0.800 Y-0.968
G1 X-0.800 Y-0.673
G1 X-0.800 Y-0.364
G1 X-0.800 Y-0.104
G1 X-0.800 Y0.096
G1 X-0.800 Y0.235
G1 X-0.800 Y0.310
G1 X-0.800 Y0.324
G1 X-0.800 Y0.279
G1 X-0.800 Y0.189
G1 X-0.800 Y0.066
G1 X-0.800 Y-0.082
G1 X-0.800 Y-0.248
G1 X-0.800 Y-0.425
G1 X-0.800 Y-0.598
G1 X-0.800 Y-0.732
G1 X-0.800 Y-0.787
G1 X-0.800 Y-0.721
G1 X-0.800 Y-0.519
G1 X-0.800 Y-0.206
G1 X-0.800 Y0.151
G1 X-0.800 Y0.462
G1 X-0.800 Y0.657
G1 X0.000 Y4.587
G1 X0.800 Y-0.828
G1 X0.800 Y-0.970
G1 X0.800 Y-0.986
G1 X0.800 Y-0.860
G1 X0.800 Y-0.618
G1 X0.800 Y-0.328
G1 X0.800 Y-0.062
G1 X0.800 Y0.129
G1 X0.800 Y0.228
G1 X0.800 Y0.245
G1 X0.800 Y0.208
G1 X0.800 Y0.144
G1 X0.800 Y0.077
G1 X0.800 Y0.028
G1 X0.800 Y0.007
G1 X0.800 Y0.021
G1 X0.800 Y0.075
G1 X0.800 Y0.176
G1 X0.800 Y0.339
G1 X0.800 Y0.576
G1 X0.800 Y0.884
G1 X0.800 Y1.190
G1 X0.800 Y1.316
G1 X0.800 Y0.985
G1 X0.800 Y0.010
G1 X0.800 Y-1.380
G1 X0.800 Y-2.399
G1 X0.800 Y-2.178
G1 X0.800 Y-0.662
G1 X0.800 Y1.155
G1 X0.800 Y2.118
G1 X0.800 Y1.925
G1 X0.800 Y1.130
G1 X0.800 Y0.403
G1 X0.800 Y0.038
G1 X0.800 Y-0.024
G1 X0.800 Y0.021
G1 X0.800 Y-0.012
G1 X0.800 Y-0.238
G1 X0.800 Y-0.638
G1 X0.800 Y-1.047
G1 X0.800 Y-1.255
G1 X0.800 Y-1.166
G1 X0.800 Y-0.861
G1 X0.800 Y-0.503
G1 X0.800 Y-0.191
G1 X0.800 Y0.074
G1 X0.800 Y0.347
G1 X0.800 Y0.652
G1 X0.800 Y0.931
G1 X0.800 Y1.063
G1 X0.800 Y0.972
G1 X0.800 Y0.702
G1 X0.800 Y0.378
G1 X0.800 Y0.078
G1 X0.800 Y-0.241
G1 X0.800 Y-0.700
G1 X0.800 Y-1.326
G1 X0.800 Y-1.828
G1 X0.800 Y-1.595
G1 X0.800 Y-0.285
G1 X0.800 Y1.451
G1 X0.800 Y2.355
G1 X0.800 Y1.929
G1 X0.800 Y0.865
G1 X0.800 Y0.066
G1 X0.800 Y-0.164
G1 X0.800 Y-0.027
G1 X0.800 Y0.146
G1 X0.800 Y0.064
G1 X0.800 Y-0.410
G1 X0.800 Y-1.110
G1 X0.800 Y-1.604
G1 X0.800 Y-1.562
G1 X0.800 Y-1.089
G1 X0.800 Y-0.547
G1 X0.800 Y-0.172
G1 X0.800 Y0.081
G1 X0.800 Y0.410
G1 X0.800 Y0.948
G1 X0.800 Y1.554
G1 X0.800 Y1.790
G1 X0.800 Y1.329
G1 X0.800 Y0.391
G1 X0.800 Y-0.402
G1 X0.800 Y-0.650
G1 X0.800 Y-0.402
G1 X0.800 Y0.083
G1 X0.800 Y0.537
G1 X0.800 Y0.655
G1 X0.800 Y0.114
G1 X0.800 Y-1.054
G1 X0.800 Y-2.127
G1 X0.800 Y-2.200
G1 X0.800 Y-1.216
G1 X0.800 Y-0.016
G1 X0.800 Y0.639
G1 X0.800 Y0.649
G1 X0.800 Y0.297
G1 X0.800 Y-0.135
G1 X0.800 Y-0.468
G1 X0.800 Y-0.580
G1 X0.800 Y-0.420
G1 X0.800 Y-0.090
G1 X0.800 Y0.205
G1 X0.800 Y0.297
G1 X0.800 Y0.169
G1 X0.800 Y-0.077
G1 X0.800 Y-0.285
G1 X0.800 Y-0.280
G1 X0.800 Y0.046
G1 X0.800 Y0.612
G1 X0.800 Y1.126
G1 X0.800 Y1.289
G1 X0.800 Y1.058
G1 X0.800 Y0.610
G1 X0.800 Y0.114
G1 X0.800 Y-0.412
G1 X0.800 Y-1.000
G1 X0.800 Y-1.500
G1 X0.800 Y-1.464
G1 X0.800 Y-0.497
G1 X0.800 Y1.063
G1 X0.800 Y2.166
G1 X0.800 Y2.091
G1 X0.800 Y1.183
G1 X0.800 Y0.275
G1 X0.800 Y-0.169
G1 X0.800 Y-0.187
G1 X0.800 Y-0.013
G1 X0.800 Y0.142
G1 X0.800 Y0.169
G1 X0.800 Y0.057
G1 X0.800 Y-0.100
G1 X0.800 Y-0.185
G1 X0.800 Y-0.131
G1 X0.800 Y0.029
G1 X0.800 Y0.186
G1 X0.800 Y0.188
G1 X0.800 Y-0.102
G1 X0.800 Y-0.677
G1 X0.800 Y-1.294
G1 X0.800 Y-1.594
G1 X0.800 Y-1.416
G1 X0.800 Y-0.933
G1 X0.800 Y-0.454
G1 X0.800 Y-0.149
G1 X0.800 Y0.023
G1 X0.800 Y0.219
G1 X0.800 Y0.568
G1 X0.800 Y1.048
G1 X0.800 Y1.444
G1 X0.800 Y1.492
G1 X0.800 Y1.130
G1 X0.800 Y0.578
G1 X0.800 Y0.132
G1 X0.800 Y-0.063
G1 X0.800 Y-0.052
G1 X0.800 Y0.034
G1 X0.800 Y0.069
G1 X0.800 Y-0.011
G1 X0.800 Y-0.183
G1 X0.800 Y-0.341
G1 X0.800 Y-0.376
G1 X0.800 Y-0.244
G1 X0.800 Y0.017
G1 X0.800 Y0.312
G1 X0.800 Y0.486
G1 X0.800 Y0.341
G1 X0.800 Y-0.258
G1 X0.800 Y-1.165
G1 X0.800 Y-1.880
G1 X0.800 Y-1.907
G1 X0.800 Y-1.235
G1 X0.800 Y-0.343
G1 X0.800 Y0.276
G1 X0.800 Y0.461
G1 X0.800 Y0.331
G1 X0.800 Y0.071
G1 X0.800 Y-0.175
G1 X0.000 Y0.315
G1 X-0.800 Y0.034
G1 X-0.800 Y-0.037
G1 X-0.800 Y-0.070
G1 X-0.800 Y0.061
G1 X-0.800 Y0.475
G1 X-0.800 Y1.141
G1 X-0.800 Y1.754
G1 X-0.800 Y1.857
G1 X-0.800 Y1.241
G1 X-0.800 Y0.225
G1 X-0.800 Y-0.610
G1 X-0.800 Y-0.928
G1 X-0.800 Y-0.784
G1 X-0.800 Y-0.409
G1 X-0.800 Y0.015
G1 X-0.800 Y0.391
G1 X-0.800 Y0.647
G1 X-0.800 Y0.714
G1 X-0.800 Y0.577
G1 X-0.800 Y0.325
G1 X-0.800 Y0.098
G1 X-0.800 Y-0.008
G1 X-0.800 Y-0.003
G1 X-0.800 Y0.014
G1 X-0.800 Y-0.087
G1 X-0.800 Y-0.390
G1 X-0.800 Y-0.843
G1 X-0.800 Y-1.239
G1 X-0.800 Y-1.351
G1 X-0.800 Y-1.130
G1 X-0.800 Y-0.730
G1 X-0.800 Y-0.346
G1 X-0.800 Y-0.041
G1 X-0.800 Y0.258
G1 X-0.800 Y0.660
G1 X-0.800 Y1.158
G1 X-0.800 Y1.538
G1 X-0.800 Y1.487
G1 X-0.800 Y0.908
G1 X-0.800 Y0.090
G1 X-0.800 Y-0.532
G1 X-0.800 Y-0.730
G1 X-0.800 Y-0.572
G1 X-0.800 Y-0.242
G1 X-0.800 Y0.107
G1 X-0.800 Y0.378
G1 X-0.800 Y0.506
G1 X-0.800 Y0.472
G1 X-0.800 Y0.326
G1 X-0.800 Y0.159
G1 X-0.800 Y0.025
G1 X-0.800 Y-0.120
G1 X-0.800 Y-0.413
G1 X-0.800 Y-0.960
G1 X-0.800 Y-1.639
G1 X-0.800 Y-1.961
G1 X-0.800 Y-1.370
G1 X-0.800 Y0.049
G1 X-0.800 Y1.407
G1 X-0.800 Y1.883
G1 X-0.800 Y1.502
G1 X-0.800 Y0.838
G1 X-0.800 Y0.308
G1 X-0.800 Y-0.064
G1 X-0.800 Y-0.451
G1 X-0.800 Y-0.960
G1 X-0.800 Y-1.452
G1 X-0.800 Y-1.598
G1 X-0.800 Y-1.193
G1 X-0.800 Y-0.442
G1 X-0.800 Y0.213
G1 X-0.800 Y0.485
G1 X-0.800 Y0.393
G1 X-0.800 Y0.110
G1 X-0.800 Y-0.187
G1 X-0.800 Y-0.373
G1 X-0.800 Y-0.379
G1 X-0.800 Y-0.226
G1 X-0.800 Y-0.032
G1 X-0.800 Y0.068
G1 X-0.800 Y0.028
G1 X-0.800 Y-0.066
G1 X-0.800 Y-0.020
G1 X-0.800 Y0.395
G1 X-0.800 Y1.231
G1 X-0.800 Y2.061
G1 X-0.800 Y2.096
G1 X-0.800 Y0.989
G1 X-0.800 Y-0.555
G1 X-0.800 Y-1.479
G1 X-0.800 Y-1.459
G1 X-0.800 Y-0.909
G1 X-0.800 Y-0.266
G1 X-0.800 Y0.354
G1 X-0.800 Y0.981
G1 X-0.800 Y1.464
G1 X-0.800 Y1.388
G1 X-0.800 Y0.480
G1 X-0.800 Y-0.853
G1 X-0.800 Y-1.738
G1 X-0.800 Y-1.738
G1 X-0.800 Y-1.171
G1 X-0.800 Y-0.565
G1 X-0.800 Y-0.140
G1 X-0.800 Y0.187
G1 X-0.800 Y0.575
G1 X-0.800 Y1.042
G1 X-0.800 Y1.398
G1 X-0.800 Y1.391
G1 X-0.800 Y1.003
G1 X-0.800 Y0.484
G1 X-0.800 Y0.128
G1 X-0.800 Y0.009
G1 X-0.800 Y-0.019
G1 X-0.800 Y-0.213
G1 X-0.800 Y-0.782
G1 X-0.800 Y-1.623
G1 X-0.800 Y-2.148
G1 X-0.800 Y-1.672
G1 X-0.800 Y-0.237
G1 X-0.800 Y1.219
G1 X-0.800 Y1.823
G1 X-0.800 Y1.553
G1 X-0.800 Y0.943
G1 X-0.800 Y0.419
G1 X-0.800 Y0.064
G1 X-0.800 Y-0.226
G1 X-0.800 Y-0.549
G1 X-0.800 Y-0.891
G1 X-0.800 Y-1.128
G1 X-0.800 Y-1.134
G1 X-0.800 Y-0.912
G1 X-0.800 Y-0.586
G1 X-0.800 Y-0.294
G1 X-0.800 Y-0.086
G1 X-0.800 Y0.076
G1 X-0.800 Y0.276
G1 X-0.800 Y0.558
G1 X-0.800 Y0.879
G1 X-0.800 Y1.117
G1 X-0.800 Y1.147
G1 X-0.800 Y0.955
G1 X-0.800 Y0.638
G1 X-0.800 Y0.333
G1 X-0.800 Y0.098
G1 X-0.800 Y-0.107
G1 X-0.800 Y-0.392
G1 X-0.800 Y-0.839
G1 X-0.800 Y-1.394
G1 X-0.800 Y-1.757
G1 X-0.800 Y-1.484
G1 X-0.800 Y-0.380
G1 X-0.800 Y1.140
G1 X-0.800 Y2.197
G1 X-0.800 Y2.159
G1 X-0.800 Y1.160
G1 X-0.800 Y-0.109
G1 X-0.800 Y-1.023
G1 X-0.800 Y-1.368
G1 X-0.800 Y-1.278
G1 X-0.800 Y-0.991
G1 X-0.800 Y-0.685
G1 X-0.800 Y-0.441
G1 X-0.800 Y-0.276
G1 X-0.800 Y-0.174
G1 X-0.800 Y-0.119
G1 X-0.800 Y-0.090
G1 X-0.800 Y-0.074
G1 X-0.800 Y-0.055
G1 X-0.800 Y-0.017
G1 X-0.800 Y0.055
G1 X-0.800 Y0.176
G1 X-0.800 Y0.349
G1 X-0.800 Y0.555
G1 X-0.800 Y0.762
G1 X-0.800 Y0.914
G1 X-0.800 Y0.967
G1 X-0.800 Y0.903
G1 X-0.800 Y0.740
G1 X-0.800 Y0.529
G1 X0.000 Y0.845
G1 X0.800 Y-0.492
G1 X0.800 Y-0.673
G1 X0.800 Y-0.808
G1 X0.800 Y-0.865
G1 X0.800 Y-0.827
G1 X0.800 Y-0.709
G1 X0.800 Y-0.544
G1 X0.800 Y-0.367
G1 X0.800 Y-0.212
G1 X0.800 Y-0.089
G1 X0.800 Y-0.001
G1 X0.800 Y0.062
G1 X0.800 Y0.116
G1 X0.800 Y0.175
G1 X0.800 Y0.257
G1 X0.800 Y0.379
G1 X0.800 Y0.555
G1 X0.800 Y0.785
G1 X0.800 Y1.038
G1 X0.800 Y1.230
G1 X0.800 Y1.216
G1 X0.800 Y0.837
G1 X0.800 Y0.034
G1 X0.800 Y-1.006
G1 X0.800 Y-1.850
G1 X0.800 Y-2.037
G1 X0.800 Y-1.428
G1 X0.800 Y-0.354
G1 X0.800 Y0.631
G1 X0.800 Y1.146
G1 X0.800 Y1.163
G1 X0.800 Y0.878
G1 X0.800 Y0.498
G1 X0.800 Y0.127
G1 X0.800 Y-0.213
G1 X0.800 Y-0.525
G1 X0.800 Y-0.779
G1 X0.800 Y-0.908
G1 X0.800 Y-0.858
G1 X0.800 Y-0.645
G1 X0.800 Y-0.367
G1 X0.800 Y-0.141
G1 X0.800 Y-0.025
G1 X0.800 Y0.000
G1 X0.800 Y0.015
G1 X0.800 Y0.119
G1 X0.800 Y0.377
G1 X0.800 Y0.756
G1 X0.800 Y1.107
G1 X0.800 Y1.250
G1 X0.800 Y1.110
G1 X0.800 Y0.779
G1 X0.800 Y0.413
G1 X0.800 Y0.091
G1 X0.800 Y-0.228
G1 X0.800 Y-0.656
G1 X0.800 Y-1.215
G1 X0.800 Y-1.678
G1 X0.800 Y-1.584
G1 X0.800 Y-0.656
G1 X0.800 Y0.732
G1 X0.800 Y1.733
G1 X0.800 Y1.846
G1 X0.800 Y1.311
G1 X0.800 Y0.670
G1 X0.800 Y0.240
G1 X0.800 Y0.003
G1 X0.800 Y-0.211
G1 X0.800 Y-0.529
G1 X0.800 Y-0.923
G1 X0.800 Y-1.211
G1 X0.800 Y-1.211
G1 X0.800 Y-0.929
G1 X0.800 Y-0.530
G1 X0.800 Y-0.155
G1 X0.800 Y0.211
G1 X0.800 Y0.695
G1 X0.800 Y1.334
G1 X0.800 Y1.819
G1 X0.800 Y1.548
G1 X0.800 Y0.254
G1 X0.800 Y-1.351
G1 X0.800 Y-2.139
G1 X0.800 Y-1.790
G1 X0.800 Y-0.957
G1 X0.800 Y-0.326
G1 X0.800 Y-0.042
G1 X0.800 Y0.156
G1 X0.800 Y0.605
G1 X0.800 Y1.393
G1 X0.800 Y2.084
G1 X0.800 Y1.885
G1 X0.800 Y0.558
G1 X0.800 Y-1.055
G1 X0.800 Y-1.882
G1 X0.800 Y-1.708
G1 X0.800 Y-1.074
G1 X0.800 Y-0.509
G1 X0.800 Y-0.164
G1 X0.800 Y0.037
G1 X0.800 Y0.200
G1 X0.800 Y0.348
G1 X0.800 Y0.428
G1 X0.800 Y0.371
G1 X0.800 Y0.163
G1 X0.800 Y-0.155
G1 X0.800 Y-0.491
G1 X0.800 Y-0.691
G1 X0.800 Y-0.534
G1 X0.800 Y0.120
G1 X0.800 Y1.077
G1 X0.800 Y1.783
G1 X0.800 Y1.797
G1 X0.800 Y1.224
G1 X0.800 Y0.557
G1 X0.800 Y0.150
G1 X0.800 Y0.008
G1 X0.800 Y-0.111
G1 X0.800 Y-0.482
G1 X0.800 Y-1.191
G1 X0.800 Y-1.905
G1 X0.800 Y-1.971
G1 X0.800 Y-1.064
G1 X0.800 Y0.307
G1 X0.800 Y1.269
G1 X0.800 Y1.450
G1 X0.800 Y1.098
G1 X0.800 Y0.604
G1 X0.800 Y0.171
G1 X0.800 Y-0.176
G1 X0.800 Y-0.451
G1 X0.800 Y-0.625
G1 X0.800 Y-0.651
G1 X0.800 Y-0.519
G1 X0.800 Y-0.269
G1 X0.800 Y0.057
G1 X0.800 Y0.444
G1 X0.800 Y0.870
G1 X0.800 Y1.208
G1 X0.800 Y1.219
G1 X0.800 Y0.704
G1 X0.800 Y-0.209
G1 X0.800 Y-1.055
G1 X0.800 Y-1.409
G1 X0.800 Y-1.238
G1 X0.800 Y-0.798
G1 X0.800 Y-0.334
G1 X0.800 Y0.085
G1 X0.800 Y0.484
G1 X0.800 Y0.864
G1 X0.800 Y1.123
G1 X0.800 Y1.125
G1 X0.800 Y0.846
G1 X0.800 Y0.441
G1 X0.800 Y0.115
G1 X0.800 Y-0.023
G1 X0.800 Y-0.012
G1 X0.800 Y0.031
G1 X0.800 Y-0.028
G1 X0.800 Y-0.252
G1 X0.800 Y-0.592
G1 X0.800 Y-0.885
G1 X0.800 Y-0.970
G1 X0.800 Y-0.811
G1 X0.800 Y-0.480
G1 X0.800 Y-0.075
G1 X0.800 Y0.368
G1 X0.800 Y0.819
G1 X0.800 Y1.157
G1 X0.800 Y1.147
G1 X0.800 Y0.596
G1 X0.800 Y-0.365
G1 X0.800 Y-1.260
G1 X0.800 Y-1.639
G1 X0.800 Y-1.453
G1 X0.800 Y-0.983
G1 X0.800 Y-0.533
G1 X0.800 Y-0.232
G1 X0.800 Y-0.065
G1 X0.800 Y0.035
G1 X0.000 Y2.763
G1 X-0.800 Y-0.077
G1 X-0.800 Y0.098
G1 X-0.800 Y0.348
G1 X-0.800 Y0.672
G1 X-0.800 Y1.017
G1 X-0.800 Y1.234
G1 X-0.800 Y1.111
G1 X-0.800 Y0.532
G1 X-0.800 Y-0.324
G1 X-0.800 Y-1.047
G1 X-0.800 Y-1.319
G1 X-0.800 Y-1.138
G1 X-0.800 Y-0.728
G1 X-0.800 Y-0.285
G1 X-0.800 Y0.130
G1 X-0.800 Y0.533
G1 X-0.800 Y0.906
G1 X-0.800 Y1.132
G1 X-0.800 Y1.080
G1 X-0.800 Y0.747
G1 X-0.800 Y0.303
G1 X-0.800 Y-0.026
G1 X-0.800 Y-0.132
G1 X-0.800 Y-0.054
G1 X-0.800 Y0.079
G1 X-0.800 Y0.126
G1 X-0.800 Y-0.011
G1 X-0.800 Y-0.331
G1 X-0.800 Y-0.691
G1 X-0.800 Y-0.897
G1 X-0.800 Y-0.843
G1 X-0.800 Y-0.563
G1 X-0.800 Y-0.158
G1 X-0.800 Y0.297
G1 X-0.800 Y0.750
G1 X-0.800 Y1.064
G1 X-0.800 Y1.004
G1 X-0.800 Y0.402
G1 X-0.800 Y-0.565
G1 X-0.800 Y-1.390
G1 X-0.800 Y-1.648
G1 X-0.800 Y-1.355
G1 X-0.800 Y-0.846
G1 X-0.800 Y-0.409
G1 X-0.800 Y-0.123
G1 X-0.800 Y0.073
G1 X-0.800 Y0.251
G1 X-0.800 Y0.422
G1 X-0.800 Y0.525
G1 X-0.800 Y0.490
G1 X-0.800 Y0.294
G1 X-0.800 Y-0.032
G1 X-0.800 Y-0.426
G1 X-0.800 Y-0.774
G1 X-0.800 Y-0.862
G1 X-0.800 Y-0.423
G1 X-0.800 Y0.578
G1 X-0.800 Y1.666
G1 X-0.800 Y2.101
G1 X-0.800 Y1.631
G1 X-0.800 Y0.736
G1 X-0.800 Y0.064
G1 X-0.800 Y-0.133
G1 X-0.800 Y-0.010
G1 X-0.800 Y0.131
G1 X-0.800 Y-0.024
G1 X-0.800 Y-0.651
G1 X-0.800 Y-1.550
G1 X-0.800 Y-2.093
G1 X-0.800 Y-1.750
G1 X-0.800 Y-0.691
G1 X-0.800 Y0.364
G1 X-0.800 Y0.888
G1 X-0.800 Y0.867
G1 X-0.800 Y0.561
G1 X-0.800 Y0.199
G1 X-0.800 Y-0.102
G1 X-0.800 Y-0.286
G1 X-0.800 Y-0.329
G1 X-0.800 Y-0.234
G1 X-0.800 Y-0.024
G1 X-0.800 Y0.292
G1 X-0.800 Y0.720
G1 X-0.800 Y1.200
G1 X-0.800 Y1.475
G1 X-0.800 Y1.086
G1 X-0.800 Y-0.183
G1 X-0.800 Y-1.728
G1 X-0.800 Y-2.413
G1 X-0.800 Y-1.784
G1 X-0.800 Y-0.573
G1 X-0.800 Y0.254
G1 X-0.800 Y0.383
G1 X-0.800 Y0.063
G1 X-0.800 Y-0.319
G1 X-0.800 Y-0.362
G1 X-0.800 Y0.292
G1 X-0.800 Y1.555
G1 X-0.800 Y2.497
G1 X-0.800 Y2.025
G1 X-0.800 Y0.290
G1 X-0.800 Y-1.332
G1 X-0.800 Y-1.844
G1 X-0.800 Y-1.444
G1 X-0.800 Y-0.797
G1 X-0.800 Y-0.280
G1 X-0.800 Y0.099
G1 X-0.800 Y0.446
G1 X-0.800 Y0.788
G1 X-0.800 Y1.028
G1 X-0.800 Y1.047
G1 X-0.800 Y0.838
G1 X-0.800 Y0.515
G1 X-0.800 Y0.194
G1 X-0.800 Y-0.113
G1 X-0.800 Y-0.486
G1 X-0.800 Y-0.980
G1 X-0.800 Y-1.476
G1 X-0.800 Y-1.623
G1 X-0.800 Y-1.101
G1 X-0.800 Y-0.012
G1 X-0.800 Y1.063
G1 X-0.800 Y1.560
G1 X-0.800 Y1.414
G1 X-0.800 Y0.942
G1 X-0.800 Y0.458
G1 X-0.800 Y0.069
G1 X-0.800 Y-0.281
G1 X-0.800 Y-0.658
G1 X-0.800 Y-1.032
G1 X-0.800 Y-1.264
G1 X-0.800 Y-1.204
G1 X-0.800 Y-0.843
G1 X-0.800 Y-0.351
G1 X-0.800 Y0.048
G1 X-0.800 Y0.232
G1 X-0.800 Y0.206
G1 X-0.800 Y0.059
G1 X-0.800 Y-0.107
G1 X-0.800 Y-0.210
G1 X-0.800 Y-0.192
G1 X-0.800 Y-0.048
G1 X-0.800 Y0.167
G1 X-0.800 Y0.359
G1 X-0.800 Y0.447
G1 X-0.800 Y0.393
G1 X-0.800 Y0.223
G1 X-0.800 Y-0.020
G1 X-0.800 Y-0.276
G1 X-0.800 Y-0.472
G1 X-0.800 Y-0.514
G1 X-0.800 Y-0.304
G1 X-0.800 Y0.191
G1 X-0.800 Y0.867
G1 X-0.800 Y1.470
G1 X-0.800 Y1.723
G1 X-0.800 Y1.492
G1 X-0.800 Y0.878
G1 X-0.800 Y0.135
G1 X-0.800 Y-0.486
G1 X-0.800 Y-0.858
G1 X-0.800 Y-0.982
G1 X-0.800 Y-0.935
G1 X-0.800 Y-0.803
G1 X-0.800 Y-0.652
G1 X-0.800 Y-0.518
G1 X-0.800 Y-0.414
G1 X-0.800 Y-0.338
G1 X-0.800 Y-0.281
G1 X-0.800 Y-0.230
G1 X-0.800 Y-0.172
G1 X-0.800 Y-0.090
G1 X-0.800 Y0.022
G1 X-0.800 Y0.166
G1 X-0.800 Y0.331
G1 X-0.800 Y0.490
G1 X-0.800 Y0.613
G1 X-0.800 Y0.671
G1 X-0.800 Y0.648
G1 X-0.800 Y0.552
G1 X0.000 Y-1.735
G1 X0.800 Y-0.279
G1 X0.800 Y-0.205
G1 X0.800 Y-0.081
G1 X0.800 Y0.068
G1 X0.800 Y0.211
G1 X0.800 Y0.324
G1 X0.800 Y0.397
G1 X0.800 Y0.432
G1 X0.800 Y0.438
G1 X0.800 Y0.430
G1 X0.800 Y0.420
G1 X0.800 Y0.421
G1 X0.800 Y0.439
G1 X0.800 Y0.475
G1 X0.800 Y0.524
G1 X0.800 Y0.569
G1 X0.800 Y0.588
G1 X0.800 Y0.543
G1 X0.800 Y0.395
G1 X0.800 Y0.122
G1 X0.800 Y-0.269
G1 X0.800 Y-0.709
G1 X0.800 Y-1.089
G1 X0.800 Y-1.292
G1 X0.800 Y-1.259
G1 X0.800 Y-1.018
G1 X0.800 Y-0.675
G1 X0.800 Y-0.350
G1 X0.800 Y-0.121
G1 X0.800 Y-0.012
G1 X0.800 Y0.008
G1 X0.800 Y-0.006
G1 X0.800 Y-0.001
G1 X0.800 Y0.063
G1 X0.800 Y0.191
G1 X0.800 Y0.351
G1 X0.800 Y0.483
G1 X0.800 Y0.529
G1 X0.800 Y0.460
G1 X0.800 Y0.285
G1 X0.800 Y0.035
G1 X0.800 Y-0.248
G1 X0.800 Y-0.515
G1 X0.800 Y-0.682
G1 X0.800 Y-0.639
G1 X0.800 Y-0.313
G1 X0.800 Y0.245
G1 X0.800 Y0.823
G1 X0.800 Y1.171
G1 X0.800 Y1.170
G1 X0.800 Y0.897
G1 X0.800 Y0.511
G1 X0.800 Y0.112
G1 X0.800 Y-0.291
G1 X0.800 Y-0.729
G1 X0.800 Y-1.148
G1 X0.800 Y-1.348
G1 X0.800 Y-1.083
G1 X0.800 Y-0.320
G1 X0.800 Y0.617
G1 X0.800 Y1.253
G1 X0.800 Y1.358
G1 X0.800 Y1.061
G1 X0.800 Y0.626
G1 X0.800 Y0.218
G1 X0.800 Y-0.138
G1 X0.800 Y-0.464
G1 X0.800 Y-0.744
G1 X0.800 Y-0.899
G1 X0.800 Y-0.862
G1 X0.800 Y-0.649
G1 X0.800 Y-0.354
G1 X0.800 Y-0.038
G1 X0.800 Y0.334
G1 X0.800 Y0.862
G1 X0.800 Y1.514
G1 X0.800 Y1.864
G1 X0.800 Y1.188
G1 X0.800 Y-0.663
G1 X0.800 Y-2.457
G1 X0.800 Y-2.581
G1 X0.800 Y-1.055
G1 X0.800 Y0.579
G1 X0.800 Y1.209
G1 X0.800 Y0.934
G1 X0.800 Y0.286
G1 X0.800 Y-0.419
G1 X0.800 Y-1.005
G1 X0.800 Y-1.146
G1 X0.800 Y-0.422
G1 X0.800 Y1.059
G1 X0.800 Y2.302
G1 X0.800 Y2.274
G1 X0.800 Y1.094
G1 X0.800 Y-0.219
G1 X0.800 Y-0.905
G1 X0.800 Y-0.936
G1 X0.800 Y-0.643
G1 X0.800 Y-0.293
G1 X0.800 Y-0.017
G1 X0.800 Y0.135
G1 X0.800 Y0.151
G1 X0.800 Y0.027
G1 X0.800 Y-0.217
G1 X0.800 Y-0.565
G1 X0.800 Y-0.952
G1 X0.800 Y-1.192
G1 X0.800 Y-0.956
G1 X0.800 Y-0.016
G1 X0.800 Y1.327
G1 X0.800 Y2.211
G1 X0.800 Y2.004
G1 X0.800 Y0.999
G1 X0.800 Y0.035
G1 X0.800 Y-0.369
G1 X0.800 Y-0.254
G1 X0.800 Y0.090
G1 X0.800 Y0.355
G1 X0.800 Y0.251
G1 X0.800 Y-0.386
G1 X0.800 Y-1.342
G1 X0.800 Y-1.997
G1 X0.800 Y-1.848
G1 X0.800 Y-1.037
G1 X0.800 Y-0.168
G1 X0.800 Y0.312
G1 X0.800 Y0.362
G1 X0.800 Y0.165
G1 X0.800 Y-0.080
G1 X0.800 Y-0.246
G1 X0.800 Y-0.275
G1 X0.800 Y-0.188
G1 X0.800 Y-0.068
G1 X0.800 Y0.000
G1 X0.800 Y-0.001
G1 X0.800 Y0.006
G1 X0.800 Y0.154
G1 X0.800 Y0.565
G1 X0.800 Y1.198
G1 X0.800 Y1.741
G1 X0.800 Y1.765
G1 X0.800 Y1.134
G1 X0.800 Y0.201
G1 X0.800 Y-0.503
G1 X0.800 Y-0.721
G1 X0.800 Y-0.536
G1 X0.800 Y-0.164
G1 X0.800 Y0.229
G1 X0.800 Y0.522
G1 X0.800 Y0.613
G1 X0.800 Y0.458
G1 X0.800 Y0.132
G1 X0.800 Y-0.181
G1 X0.800 Y-0.322
G1 X0.800 Y-0.246
G1 X0.800 Y-0.022
G1 X0.800 Y0.222
G1 X0.800 Y0.342
G1 X0.800 Y0.208
G1 X0.800 Y-0.210
G1 X0.800 Y-0.759
G1 X0.800 Y-1.162
G1 X0.800 Y-1.223
G1 X0.800 Y-0.971
G1 X0.800 Y-0.578
G1 X0.800 Y-0.173
G1 X0.800 Y0.221
G1 X0.800 Y0.635
G1 X0.800 Y1.037
G1 X0.800 Y1.277
G1 X0.800 Y1.165
G1 X0.800 Y0.665
G1 X0.800 Y-0.009
G1 X0.800 Y-0.548
G1 X0.800 Y-0.769
G1 X0.800 Y-0.704
G1 X0.800 Y-0.479
G1 X0.800 Y-0.220
G1 X0.800 Y-0.002
G1 X0.800 Y0.137
G1 X0.000 Y3.071
G1 X-0.800 Y-0.162
G1 X-0.800 Y-0.111
G1 X-0.800 Y0.016
G1 X-0.800 Y0.186
G1 X-0.800 Y0.332
G1 X-0.800 Y0.360
G1 X-0.800 Y0.180
G1 X-0.800 Y-0.221
G1 X-0.800 Y-0.714
G1 X-0.800 Y-1.079
G1 X-0.800 Y-1.152
G1 X-0.800 Y-0.943
G1 X-0.800 Y-0.582
G1 X-0.800 Y-0.192
G1 X-0.800 Y0.201
G1 X-0.800 Y0.612
G1 X-0.800 Y1.006
G1 X-0.800 Y1.236
G1 X-0.800 Y1.122
G1 X-0.800 Y0.633
G1 X-0.800 Y-0.006
G1 X-0.800 Y-0.478
G1 X-0.800 Y-0.608
G1 X-0.800 Y-0.441
G1 X-0.800 Y-0.114
G1 X-0.800 Y0.232
G1 X-0.800 Y0.487
G1 X-0.800 Y0.548
G1 X-0.800 Y0.379
G1 X-0.800 Y0.053
G1 X-0.800 Y-0.244
G1 X-0.800 Y-0.355
G1 X-0.800 Y-0.242
G1 X-0.800 Y0.021
G1 X-0.800 Y0.296
G1 X-0.800 Y0.396
G1 X-0.800 Y0.133
G1 X-0.800 Y-0.551
G1 X-0.800 Y-1.391
G1 X-0.800 Y-1.877
G1 X-0.800 Y-1.687
G1 X-0.800 Y-0.996
G1 X-0.800 Y-0.282
G1 X-0.800 Y0.124
G1 X-0.800 Y0.192
G1 X-0.800 Y0.065
G1 X-0.800 Y-0.089
G1 X-0.800 Y-0.161
G1 X-0.800 Y-0.116
G1 X-0.800 Y-0.001
G1 X-0.800 Y0.088
G1 X-0.800 Y0.077
G1 X-0.800 Y-0.021
G1 X-0.800 Y-0.112
G1 X-0.800 Y-0.028
G1 X-0.800 Y0.382
G1 X-0.800 Y1.103
G1 X-0.800 Y1.780
G1 X-0.800 Y1.899
G1 X-0.800 Y1.281
G1 X-0.800 Y0.331
G1 X-0.800 Y-0.344
G1 X-0.800 Y-0.485
G1 X-0.800 Y-0.214
G1 X-0.800 Y0.210
G1 X-0.800 Y0.499
G1 X-0.800 Y0.339
G1 X-0.800 Y-0.489
G1 X-0.800 Y-1.693
G1 X-0.800 Y-2.376
G1 X-0.800 Y-1.821
G1 X-0.800 Y-0.364
G1 X-0.800 Y0.949
G1 X-0.800 Y1.465
G1 X-0.800 Y1.298
G1 X-0.800 Y0.868
G1 X-0.800 Y0.467
G1 X-0.800 Y0.185
G1 X-0.800 Y0.022
G1 X-0.800 Y-0.027
G1 X-0.800 Y0.037
G1 X-0.800 Y0.204
G1 X-0.800 Y0.413
G1 X-0.800 Y0.533
G1 X-0.800 Y0.328
G1 X-0.800 Y-0.411
G1 X-0.800 Y-1.557
G1 X-0.800 Y-2.369
G1 X-0.800 Y-1.975
G1 X-0.800 Y-0.421
G1 X-0.800 Y1.151
G1 X-0.800 Y1.741
G1 X-0.800 Y1.393
G1 X-0.800 Y0.713
G1 X-0.800 Y0.060
G1 X-0.800 Y-0.597
G1 X-0.800 Y-1.338
G1 X-0.800 Y-1.835
G1 X-0.800 Y-1.290
G1 X-0.800 Y0.617
G1 X-0.800 Y2.591
G1 X-0.800 Y2.688
G1 X-0.800 Y0.816
G1 X-0.800 Y-1.176
G1 X-0.800 Y-1.906
G1 X-0.800 Y-1.550
G1 X-0.800 Y-0.886
G1 X-0.800 Y-0.359
G1 X-0.800 Y-0.006
G1 X-0.800 Y0.272
G1 X-0.800 Y0.531
G1 X-0.800 Y0.725
G1 X-0.800 Y0.780
G1 X-0.800 Y0.664
G1 X-0.800 Y0.420
G1 X-0.800 Y0.106
G1 X-0.800 Y-0.248
G1 X-0.800 Y-0.628
G1 X-0.800 Y-0.975
G1 X-0.800 Y-1.146
G1 X-0.800 Y-0.971
G1 X-0.800 Y-0.420
G1 X-0.800 Y0.300
G1 X-0.800 Y0.854
G1 X-0.800 Y1.036
G1 X-0.800 Y0.873
G1 X-0.800 Y0.522
G1 X-0.800 Y0.112
G1 X-0.800 Y-0.300
G1 X-0.800 Y-0.681
G1 X-0.800 Y-0.954
G1 X-0.800 Y-0.981
G1 X-0.800 Y-0.664
G1 X-0.800 Y-0.062
G1 X-0.800 Y0.589
G1 X-0.800 Y1.027
G1 X-0.800 Y1.135
G1 X-0.800 Y0.971
G1 X-0.800 Y0.681
G1 X-0.800 Y0.378
G1 X-0.800 Y0.111
G1 X-0.800 Y-0.120
G1 X-0.800 Y-0.321
G1 X-0.800 Y-0.488
G1 X-0.800 Y-0.595
G1 X-0.800 Y-0.625
G1 X-0.800 Y-0.574
G1 X-0.800 Y-0.460
G1 X-0.800 Y-0.314
G1 X-0.800 Y-0.162
G1 X-0.800 Y-0.009
G1 X-0.800 Y0.146
G1 X-0.800 Y0.313
G1 X-0.800 Y0.491
G1 X-0.800 Y0.661
G1 X-0.800 Y0.789
G1 X-0.800 Y0.841
G1 X-0.800 Y0.796
G1 X-0.800 Y0.662
G1 X-0.800 Y0.470
G1 X-0.800 Y0.265
G1 X-0.800 Y0.085
G1 X-0.800 Y-0.049
G1 X-0.800 Y-0.132
G1 X-0.800 Y-0.174
G1 X-0.800 Y-0.188
G1 X-0.800 Y-0.189
G1 X-0.800 Y-0.191
G1 X-0.800 Y-0.203
G1 X-0.800 Y-0.229
G1 X-0.800 Y-0.273
G1 X-0.800 Y-0.336
G1 X-0.800 Y-0.414
G1 X-0.800 Y-0.500
G1 X-0.800 Y-0.580
G1 X-0.800 Y-0.638
G1 X-0.800 Y-0.656
G1 X-0.800 Y-0.624
G1 X-0.800 Y-0.537
G1 X-0.800 Y-0.414
G1 X0.000 Y3.949
G1 X0.800 Y0.858
G1 X0.800 Y0.780
G1 X0.800 Y0.648
G1 X0.800 Y0.492
G1 X0.800 Y0.342
G1 X0.800 Y0.217
G1 X0.800 Y0.125
G1 X0.800 Y0.066
G1 X0.800 Y0.031
G1 X0.800 Y0.012
G1 X0.800 Y0.005
G1 X0.800 Y0.002
G1 X0.800 Y0.000
G1 X0.800 Y-0.003
G1 X0.800 Y-0.009
G1 X0.800 Y-0.022
G1 X0.800 Y-0.045
G1 X0.800 Y-0.083
G1 X0.800 Y-0.137
G1 X0.800 Y-0.201
G1 X0.800 Y-0.270
G1 X0.800 Y-0.328
G1 X0.800 Y-0.359
G1 X0.800 Y-0.354
G1 X0.800 Y-0.310
G1 X0.800 Y-0.228
G1 X0.800 Y-0.117
G1 X0.800 Y0.010
G1 X0.800 Y0.142
G1 X0.800 Y0.260
G1 X0.800 Y0.349
G1 X0.800 Y0.393
G1 X0.800 Y0.383
G1 X0.800 Y0.323
G1 X0.800 Y0.235
G1 X0.800 Y0.141
G1 X0.800 Y0.062
G1 X0.800 Y-0.007
G1 X0.800 Y-0.094
G1 X0.800 Y-0.243
G1 X0.800 Y-0.494
G1 X0.800 Y-0.843
G1 X0.800 Y-1.202
G1 X0.800 Y-1.408
G1 X0.800 Y-1.293
G1 X0.800 Y-0.837
G1 X0.800 Y-0.201
G1 X0.800 Y0.348
G1 X0.800 Y0.625
G1 X0.800 Y0.604
G1 X0.800 Y0.373
G1 X0.800 Y0.045
G1 X0.800 Y-0.290
G1 X0.800 Y-0.548
G1 X0.800 Y-0.630
G1 X0.800 Y-0.455
G1 X0.800 Y-0.035
G1 X0.800 Y0.472
G1 X0.800 Y0.852
G1 X0.800 Y0.961
G1 X0.800 Y0.818
G1 X0.800 Y0.528
G1 X0.800 Y0.193
G1 X0.800 Y-0.132
G1 X0.800 Y-0.418
G1 X0.800 Y-0.626
G1 X0.800 Y-0.704
G1 X0.800 Y-0.631
G1 X0.800 Y-0.445
G1 X0.800 Y-0.216
G1 X0.800 Y0.028
G1 X0.800 Y0.348
G1 X0.800 Y0.860
G1 X0.800 Y1.544
G1 X0.800 Y1.968
G1 X0.800 Y1.305
G1 X0.800 Y-0.734
G1 X0.800 Y-2.758
G1 X0.800 Y-2.672
G1 X0.800 Y-0.439
G1 X0.800 Y1.710
G1 X0.800 Y2.205
G1 X0.800 Y1.499
G1 X0.800 Y0.664
G1 X0.800 Y0.139
G1 X0.800 Y-0.250
G1 X0.800 Y-0.813
G1 X0.800 Y-1.582
G1 X0.800 Y-2.053
G1 X0.800 Y-1.491
G1 X0.800 Y0.122
G1 X0.800 Y1.727
G1 X0.800 Y2.248
G1 X0.800 Y1.669
G1 X0.800 Y0.748
G1 X0.800 Y0.094
G1 X0.800 Y-0.164
G1 X0.800 Y-0.165
G1 X0.800 Y-0.085
G1 X0.800 Y-0.024
G1 X0.800 Y-0.026
G1 X0.800 Y-0.098
G1 X0.800 Y-0.266
G1 X0.800 Y-0.578
G1 X0.800 Y-1.061
G1 X0.800 Y-1.581
G1 X0.800 Y-1.725
G1 X0.800 Y-0.988
G1 X0.800 Y0.590
G1 X0.800 Y2.066
G1 X0.800 Y2.365
G1 X0.800 Y1.459
G1 X0.800 Y0.276
G1 X0.800 Y-0.383
G1 X0.800 Y-0.404
G1 X0.800 Y-0.072
G1 X0.800 Y0.299
G1 X0.800 Y0.435
G1 X0.800 Y0.114
G1 X0.800 Y-0.660
G1 X0.800 Y-1.501
G1 X0.800 Y-1.860
G1 X0.800 Y-1.548
G1 X0.800 Y-0.879
G1 X0.800 Y-0.298
G1 X0.800 Y-0.012
G1 X0.800 Y0.031
G1 X0.800 Y-0.017
G1 X0.800 Y-0.025
G1 X0.800 Y0.057
G1 X0.800 Y0.185
G1 X0.800 Y0.267
G1 X0.800 Y0.226
G1 X0.800 Y0.055
G1 X0.800 Y-0.178
G1 X0.800 Y-0.342
G1 X0.800 Y-0.261
G1 X0.800 Y0.206
G1 X0.800 Y0.987
G1 X0.800 Y1.696
G1 X0.800 Y1.863
G1 X0.800 Y1.379
G1 X0.800 Y0.604
G1 X0.800 Y0.008
G1 X0.800 Y-0.211
G1 X0.800 Y-0.129
G1 X0.800 Y0.065
G1 X0.800 Y0.191
G1 X0.800 Y0.131
G1 X0.800 Y-0.134
G1 X0.800 Y-0.480
G1 X0.800 Y-0.719
G1 X0.800 Y-0.726
G1 X0.800 Y-0.507
G1 X0.800 Y-0.151
G1 X0.800 Y0.256
G1 X0.800 Y0.627
G1 X0.800 Y0.839
G1 X0.800 Y0.735
G1 X0.800 Y0.257
G1 X0.800 Y-0.425
G1 X0.800 Y-0.976
G1 X0.800 Y-1.154
G1 X0.800 Y-0.973
G1 X0.800 Y-0.604
G1 X0.800 Y-0.195
G1 X0.800 Y0.199
G1 X0.800 Y0.567
G1 X0.800 Y0.863
G1 X0.800 Y0.993
G1 X0.800 Y0.887
G1 X0.800 Y0.584
G1 X0.800 Y0.227
G1 X0.800 Y-0.030
G1 X0.800 Y-0.126
G1 X0.800 Y-0.090
G1 X0.800 Y0.001
G1 X0.800 Y0.076
G1 X0.800 Y0.095
G1 X0.800 Y0.064
G1 X0.000 Y0.966
G1 X-0.800 Y0.169
G1 X-0.800 Y0.080
G1 X-0.800 Y-0.005
G1 X-0.800 Y-0.035
G1 X-0.800 Y-0.006
G1 X-0.800 Y0.034
G1 X-0.800 Y0.014
G1 X-0.800 Y-0.123
G1 X-0.800 Y-0.369
G1 X-0.800 Y-0.636
G1 X-0.800 Y-0.800
G1 X-0.800 Y-0.773
G1 X-0.800 Y-0.568
G1 X-0.800 Y-0.247
G1 X-0.800 Y0.129
G1 X-0.800 Y0.520
G1 X-0.800 Y0.852
G1 X-0.800 Y0.990
G1 X-0.800 Y0.785
G1 X-0.800 Y0.236
G1 X-0.800 Y-0.430
G1 X-0.800 Y-0.889
G1 X-0.800 Y-0.974
G1 X-0.800 Y-0.743
G1 X-0.800 Y-0.359
G1 X-0.800 Y0.062
G1 X-0.800 Y0.458
G1 X-0.800 Y0.766
G1 X-0.800 Y0.885
G1 X-0.800 Y0.748
G1 X-0.800 Y0.412
G1 X-0.800 Y0.060
G1 X-0.800 Y-0.133
G1 X-0.800 Y-0.115
G1 X-0.800 Y0.037
G1 X-0.800 Y0.155
G1 X-0.800 Y0.052
G1 X-0.800 Y-0.407
G1 X-0.800 Y-1.135
G1 X-0.800 Y-1.748
G1 X-0.800 Y-1.806
G1 X-0.800 Y-1.245
G1 X-0.800 Y-0.438
G1 X-0.800 Y0.158
G1 X-0.800 Y0.362
G1 X-0.800 Y0.259
G1 X-0.800 Y0.027
G1 X-0.800 Y-0.184
G1 X-0.800 Y-0.281
G1 X-0.800 Y-0.238
G1 X-0.800 Y-0.104
G1 X-0.800 Y0.018
G1 X-0.800 Y0.049
G1 X-0.800 Y-0.006
G1 X-0.800 Y-0.057
G1 X-0.800 Y0.046
G1 X-0.800 Y0.430
G1 X-0.800 Y1.067
G1 X-0.800 Y1.651
G1 X-0.800 Y1.769
G1 X-0.800 Y1.284
G1 X-0.800 Y0.518
G1 X-0.800 Y-0.051
G1 X-0.800 Y-0.206
G1 X-0.800 Y-0.044
G1 X-0.800 Y0.179
G1 X-0.800 Y0.148
G1 X-0.800 Y-0.417
G1 X-0.800 Y-1.467
G1 X-0.800 Y-2.318
G1 X-0.800 Y-2.037
G1 X-0.800 Y-0.510
G1 X-0.800 Y1.203
G1 X-0.800 Y2.001
G1 X-0.800 Y1.758
G1 X-0.800 Y1.077
G1 X-0.800 Y0.490
G1 X-0.800 Y0.167
G1 X-0.800 Y0.041
G1 X-0.800 Y0.008
G1 X-0.800 Y0.002
G1 X-0.800 Y0.002
G1 X-0.800 Y-0.005
G1 X-0.800 Y-0.078
G1 X-0.800 Y-0.324
G1 X-0.800 Y-0.842
G1 X-0.800 Y-1.558
G1 X-0.800 Y-2.035
G1 X-0.800 Y-1.629
G1 X-0.800 Y-0.189
G1 X-0.800 Y1.455
G1 X-0.800 Y2.184
G1 X-0.800 Y1.766
G1 X-0.800 Y0.901
G1 X-0.800 Y0.279
G1 X-0.800 Y0.029
G1 X-0.800 Y-0.140
G1 X-0.800 Y-0.634
G1 X-0.800 Y-1.604
G1 X-0.800 Y-2.431
G1 X-0.800 Y-1.820
G1 X-0.800 Y0.595
G1 X-0.800 Y2.856
G1 X-0.800 Y2.662
G1 X-0.800 Y0.429
G1 X-0.800 Y-1.541
G1 X-0.800 Y-2.019
G1 X-0.800 Y-1.483
G1 X-0.800 Y-0.783
G1 X-0.800 Y-0.304
G1 X-0.800 Y-0.023
G1 X-0.800 Y0.187
G1 X-0.800 Y0.398
G1 X-0.800 Y0.587
G1 X-0.800 Y0.685
G1 X-0.800 Y0.644
G1 X-0.800 Y0.474
G1 X-0.800 Y0.223
G1 X-0.800 Y-0.067
G1 X-0.800 Y-0.363
G1 X-0.800 Y-0.631
G1 X-0.800 Y-0.806
G1 X-0.800 Y-0.819
G1 X-0.800 Y-0.641
G1 X-0.800 Y-0.335
G1 X-0.800 Y-0.029
G1 X-0.800 Y0.160
G1 X-0.800 Y0.186
G1 X-0.800 Y0.083
G1 X-0.800 Y-0.076
G1 X-0.800 Y-0.192
G1 X-0.800 Y-0.167
G1 X-0.800 Y0.071
G1 X-0.800 Y0.512
G1 X-0.800 Y1.024
G1 X-0.800 Y1.396
G1 X-0.800 Y1.459
G1 X-0.800 Y1.200
G1 X-0.800 Y0.760
G1 X-0.800 Y0.325
G1 X-0.800 Y0.023
G1 X-0.800 Y-0.115
G1 X-0.800 Y-0.125
G1 X-0.800 Y-0.063
G1 X-0.800 Y0.015
G1 X-0.800 Y0.076
G1 X-0.800 Y0.099
G1 X-0.800 Y0.084
G1 X-0.800 Y0.042
G1 X-0.800 Y-0.008
G1 X-0.800 Y-0.051
G1 X-0.800 Y-0.072
G1 X-0.800 Y-0.072
G1 X-0.800 Y-0.053
G1 X-0.800 Y-0.025
G1 X-0.800 Y0.003
G1 X-0.800 Y0.026
G1 X-0.800 Y0.037
G1 X-0.800 Y0.040
G1 X-0.800 Y0.035
G1 X-0.800 Y0.026
G1 X-0.800 Y0.013
G1 X-0.800 Y0.002
G1 X-0.800 Y-0.010
G1 X-0.800 Y-0.024
G1 X-0.800 Y-0.039
G1 X-0.800 Y-0.053
G1 X-0.800 Y-0.061
G1 X-0.800 Y-0.061
G1 X-0.800 Y-0.048
G1 X-0.800 Y-0.019
G1 X-0.800 Y0.023
G1 X-0.800 Y0.069
G1 X-0.800 Y0.109
G1 X-0.800 Y0.121
G1 X-0.800 Y0.086
G1 X-0.800 Y-0.020
G1 X-0.800 Y-0.204
G1 X-0.800 Y-0.460
G1 X-0.800 Y-0.749
G1 X0.000 Y1.842
G1 X0.800 Y0.597
G1 X0.800 Y0.200
G1 X0.800 Y-0.076
G1 X0.800 Y-0.215
G1 X0.800 Y-0.240
G1 X0.800 Y-0.191
G1 X0.800 Y-0.102
G1 X0.800 Y-0.007
G1 X0.800 Y0.076
G1 X0.800 Y0.136
G1 X0.800 Y0.163
G1 X0.800 Y0.161
G1 X0.800 Y0.136
G1 X0.800 Y0.095
G1 X0.800 Y0.053
G1 X0.800 Y0.014
G1 X0.800 Y-0.013
G1 X0.800 Y-0.030
G1 X0.800 Y-0.037
G1 X0.800 Y-0.037
G1 X0.800 Y-0.037
G1 X0.800 Y-0.037
G1 X0.800 Y-0.043
G1 X0.800 Y-0.053
G1 X0.800 Y-0.072
G1 X0.800 Y-0.097
G1 X0.800 Y-0.131
G1 X0.800 Y-0.167
G1 X0.800 Y-0.203
G1 X0.800 Y-0.228
G1 X0.800 Y-0.233
G1 X0.800 Y-0.207
G1 X0.800 Y-0.146
G1 X0.800 Y-0.049
G1 X0.800 Y0.079
G1 X0.800 Y0.224
G1 X0.800 Y0.360
G1 X0.800 Y0.448
G1 X0.800 Y0.432
G1 X0.800 Y0.260
G1 X0.800 Y-0.088
G1 X0.800 Y-0.555
G1 X0.800 Y-1.006
G1 X0.800 Y-1.284
G1 X0.800 Y-1.297
G1 X0.800 Y-1.070
G1 X0.800 Y-0.730
G1 X0.800 Y-0.409
G1 X0.800 Y-0.184
G1 X0.800 Y-0.057
G1 X0.800 Y0.018
G1 X0.800 Y0.105
G1 X0.800 Y0.239
G1 X0.800 Y0.424
G1 X0.800 Y0.607
G1 X0.800 Y0.724
G1 X0.800 Y0.722
G1 X0.800 Y0.601
G1 X0.800 Y0.395
G1 X0.800 Y0.148
G1 X0.800 Y-0.114
G1 X0.800 Y-0.370
G1 X0.800 Y-0.591
G1 X0.800 Y-0.729
G1 X0.800 Y-0.732
G1 X0.800 Y-0.602
G1 X0.800 Y-0.393
G1 X0.800 Y-0.184
G1 X0.800 Y0.002
G1 X0.800 Y0.238
G1 X0.800 Y0.666
G1 X0.800 Y1.359
G1 X0.800 Y2.016
G1 X0.800 Y1.810
G1 X0.800 Y0.058
G1 X0.800 Y-2.359
G1 X0.800 Y-3.065
G1 X0.800 Y-1.067
G1 X0.800 Y1.597
G1 X0.800 Y2.558
G1 X0.800 Y1.798
G1 X0.800 Y0.703
G1 X0.800 Y0.114
G1 X0.800 Y0.001
G1 X0.800 Y-0.041
G1 X0.800 Y-0.391
G1 X0.800 Y-1.179
G1 X0.800 Y-2.012
G1 X0.800 Y-2.101
G1 X0.800 Y-1.055
G1 X0.800 Y0.519
G1 X0.800 Y1.593
G1 X0.800 Y1.748
G1 X0.800 Y1.303
G1 X0.800 Y0.756
G1 X0.800 Y0.362
G1 X0.800 Y0.140
G1 X0.800 Y0.029
G1 X0.800 Y-0.014
G1 X0.800 Y-0.003
G1 X0.800 Y0.064
G1 X0.800 Y0.145
G1 X0.800 Y0.132
G1 X0.800 Y-0.143
G1 X0.800 Y-0.812
G1 X0.800 Y-1.723
G1 X0.800 Y-2.246
G1 X0.800 Y-1.645
G1 X0.800 Y0.030
G1 X0.800 Y1.669
G1 X0.800 Y2.196
G1 X0.800 Y1.639
G1 X0.800 Y0.782
G1 X0.800 Y0.223
G1 X0.800 Y0.027
G1 X0.800 Y-0.039
G1 X0.800 Y-0.241
G1 X0.800 Y-0.715
G1 X0.800 Y-1.324
G1 X0.800 Y-1.699
G1 X0.800 Y-1.544
G1 X0.800 Y-0.945
G1 X0.800 Y-0.284
G1 X0.800 Y0.117
G1 X0.800 Y0.197
G1 X0.800 Y0.075
G1 X0.800 Y-0.088
G1 X0.800 Y-0.170
G1 X0.800 Y-0.122
G1 X0.800 Y0.024
G1 X0.800 Y0.164
G1 X0.800 Y0.198
G1 X0.800 Y0.095
G1 X0.800 Y-0.089
G1 X0.800 Y-0.233
G1 X0.800 Y-0.168
G1 X0.800 Y0.242
G1 X0.800 Y0.956
G1 X0.800 Y1.634
G1 X0.800 Y1.834
G1 X0.800 Y1.404
G1 X0.800 Y0.654
G1 X0.800 Y0.038
G1 X0.800 Y-0.210
G1 X0.800 Y-0.146
G1 X0.800 Y0.052
G1 X0.800 Y0.194
G1 X0.800 Y0.145
G1 X0.800 Y-0.138
G1 X0.800 Y-0.543
G1 X0.800 Y-0.860
G1 X0.800 Y-0.928
G1 X0.800 Y-0.739
G1 X0.800 Y-0.393
G1 X0.800 Y0.014
G1 X0.800 Y0.429
G1 X0.800 Y0.797
G1 X0.800 Y1.001
G1 X0.800 Y0.895
G1 X0.800 Y0.449
G1 X0.800 Y-0.156
G1 X0.800 Y-0.633
G1 X0.800 Y-0.797
G1 X0.800 Y-0.663
G1 X0.800 Y-0.358
G1 X0.800 Y-0.002
G1 X0.800 Y0.326
G1 X0.800 Y0.564
G1 X0.800 Y0.652
G1 X0.800 Y0.569
G1 X0.800 Y0.362
G1 X0.800 Y0.142
G1 X0.800 Y0.003
G1 X0.800 Y-0.029
G1 X0.800 Y0.005
G1 X0.800 Y0.030
G1 X0.800 Y-0.022
G1 X0.800 Y-0.164
G1 X0.800 Y-0.344
G1 X0.800 Y-0.460
G1 X0.000 Y0.432
G1 X-0.800 Y0.728
G1 X-0.800 Y0.603
G1 X-0.800 Y0.343
G1 X-0.800 Y0.087
G1 X-0.800 Y-0.058
G1 X-0.800 Y-0.064
G1 X-0.800 Y0.008
G1 X-0.800 Y0.071
G1 X-0.800 Y0.043
G1 X-0.800 Y-0.102
G1 X-0.800 Y-0.315
G1 X-0.800 Y-0.492
G1 X-0.800 Y-0.534
G1 X-0.800 Y-0.411
G1 X-0.800 Y-0.160
G1 X-0.800 Y0.154
G1 X-0.800 Y0.449
G1 X-0.800 Y0.624
G1 X-0.800 Y0.563
G1 X-0.800 Y0.224
G1 X-0.800 Y-0.288
G1 X-0.800 Y-0.734
G1 X-0.800 Y-0.915
G1 X-0.800 Y-0.797
G1 X-0.800 Y-0.481
G1 X-0.800 Y-0.086
G1 X-0.800 Y0.320
G1 X-0.800 Y0.674
G1 X-0.800 Y0.880
G1 X-0.800 Y0.831
G1 X-0.800 Y0.507
G1 X-0.800 Y0.062
G1 X-0.800 Y-0.275
G1 X-0.800 Y-0.359
G1 X-0.800 Y-0.199
G1 X-0.800 Y0.086
G1 X-0.800 Y0.338
G1 X-0.800 Y0.363
G1 X-0.800 Y0.001
G1 X-0.800 Y-0.726
G1 X-0.800 Y-1.487
G1 X-0.800 Y-1.815
G1 X-0.800 Y-1.525
G1 X-0.800 Y-0.877
G1 X-0.800 Y-0.286
G1 X-0.800 Y0.019
G1 X-0.800 Y0.059
G1 X-0.800 Y-0.015
G1 X-0.800 Y-0.062
G1 X-0.800 Y0.006
G1 X-0.800 Y0.174
G1 X-0.800 Y0.348
G1 X-0.800 Y0.415
G1 X-0.800 Y0.317
G1 X-0.800 Y0.078
G1 X-0.800 Y-0.222
G1 X-0.800 Y-0.462
G1 X-0.800 Y-0.490
G1 X-0.800 Y-0.167
G1 X-0.800 Y0.471
G1 X-0.800 Y1.142
G1 X-0.800 Y1.473
G1 X-0.800 Y1.331
G1 X-0.800 Y0.890
G1 X-0.800 Y0.414
G1 X-0.800 Y-0.006
G1 X-0.800 Y-0.455
G1 X-0.800 Y-1.042
G1 X-0.800 Y-1.637
G1 X-0.800 Y-1.744
G1 X-0.800 Y-0.846
G1 X-0.800 Y0.831
G1 X-0.800 Y2.178
G1 X-0.800 Y2.269
G1 X-0.800 Y1.300
G1 X-0.800 Y0.180
G1 X-0.800 Y-0.462
G1 X-0.800 Y-0.579
G1 X-0.800 Y-0.403
G1 X-0.800 Y-0.154
G1 X-0.800 Y0.044
G1 X-0.800 Y0.139
G1 X-0.800 Y0.122
G1 X-0.800 Y0.005
G1 X-0.800 Y-0.204
G1 X-0.800 Y-0.520
G1 X-0.800 Y-0.947
G1 X-0.800 Y-1.371
G1 X-0.800 Y-1.481
G1 X-0.800 Y-0.903
G1 X-0.800 Y0.360
G1 X-0.800 Y1.647
G1 X-0.800 Y2.126
G1 X-0.800 Y1.643
G1 X-0.800 Y0.788
G1 X-0.800 Y0.186
G1 X-0.800 Y0.001
G1 X-0.800 Y-0.001
G1 X-0.800 Y-0.212
G1 X-0.800 Y-0.961
G1 X-0.800 Y-2.084
G1 X-0.800 Y-2.504
G1 X-0.800 Y-1.014
G1 X-0.800 Y1.742
G1 X-0.800 Y3.152
G1 X-0.800 Y1.826
G1 X-0.800 Y-0.634
G1 X-0.800 Y-2.030
G1 X-0.800 Y-1.930
G1 X-0.800 Y-1.183
G1 X-0.800 Y-0.532
G1 X-0.800 Y-0.167
G1 X-0.800 Y0.030
G1 X-0.800 Y0.208
G1 X-0.800 Y0.437
G1 X-0.800 Y0.683
G1 X-0.800 Y0.855
G1 X-0.800 Y0.879
G1 X-0.800 Y0.757
G1 X-0.800 Y0.546
G1 X-0.800 Y0.311
G1 X-0.800 Y0.089
G1 X-0.800 Y-0.114
G1 X-0.800 Y-0.296
G1 X-0.800 Y-0.449
G1 X-0.800 Y-0.548
G1 X-0.800 Y-0.569
G1 X-0.800 Y-0.509
G1 X-0.800 Y-0.383
G1 X-0.800 Y-0.216
G1 X-0.800 Y-0.026
G1 X-0.800 Y0.182
G1 X-0.800 Y0.409
G1 X-0.800 Y0.641
G1 X-0.800 Y0.842
G1 X-0.800 Y0.943
G1 X-0.800 Y0.886
G1 X-0.800 Y0.651
G1 X-0.800 Y0.287
G1 X-0.800 Y-0.104
G1 X-0.800 Y-0.421
G1 X-0.800 Y-0.605
G1 X-0.800 Y-0.649
G1 X-0.800 Y-0.587
G1 X-0.800 Y-0.465
G1 X-0.800 Y-0.323
G1 X-0.800 Y-0.187
G1 X-0.800 Y-0.067
G1 X-0.800 Y0.031
G1 X-0.800 Y0.102
G1 X-0.800 Y0.152
G1 X-0.800 Y0.179
G1 X-0.800 Y0.190
G1 X-0.800 Y0.189
G1 X-0.800 Y0.182
G1 X-0.800 Y0.173
G1 X-0.800 Y0.169
G1 X-0.800 Y0.170
G1 X-0.800 Y0.181
G1 X-0.800 Y0.199
G1 X-0.800 Y0.220
G1 X-0.800 Y0.241
G1 X-0.800 Y0.254
G1 X-0.800 Y0.251
G1 X-0.800 Y0.227
G1 X-0.800 Y0.177
G1 X-0.800 Y0.106
G1 X-0.800 Y0.023
G1 X-0.800 Y-0.056
G1 X-0.800 Y-0.114
G1 X-0.800 Y-0.137
G1 X-0.800 Y-0.117
G1 X-0.800 Y-0.059
G1 X-0.800 Y0.026
G1 X-0.800 Y0.114
G1 X-0.800 Y0.169
G1 X-0.800 Y0.148
G1 X-0.800 Y-0.001
G1 X-0.800 Y-0.311
G1 X-0.800 Y-0.766
G1 X0.000 Y0.068
G1 X0.800 Y1.101
G1 X0.800 Y0.673
G1 X0.800 Y0.328
G1 X0.800 Y0.116
G1 X0.800 Y0.020
G1 X0.800 Y-0.003
G1 X0.800 Y0.002
G1 X0.800 Y-0.001
G1 X0.800 Y-0.033
G1 X0.800 Y-0.100
G1 X0.800 Y-0.193
G1 X0.800 Y-0.296
G1 X0.800 Y-0.387
G1 X0.800 Y-0.450
G1 X0.800 Y-0.474
G1 X0.800 Y-0.464
G1 X0.800 Y-0.424
G1 X0.800 Y-0.366
G1 X0.800 Y-0.302
G1 X0.800 Y-0.240
G1 X0.800 Y-0.184
G1 X0.800 Y-0.139
G1 X0.800 Y-0.105
G1 X0.800 Y-0.080
G1 X0.800 Y-0.062
G1 X0.800 Y-0.050
G1 X0.800 Y-0.036
G1 X0.800 Y-0.020
G1 X0.800 Y0.004
G1 X0.800 Y0.039
G1 X0.800 Y0.090
G1 X0.800 Y0.156
G1 X0.800 Y0.239
G1 X0.800 Y0.338
G1 X0.800 Y0.443
G1 X0.800 Y0.545
G1 X0.800 Y0.619
G1 X0.800 Y0.640
G1 X0.800 Y0.585
G1 X0.800 Y0.444
G1 X0.800 Y0.236
G1 X0.800 Y0.000
G1 X0.800 Y-0.207
G1 X0.800 Y-0.344
G1 X0.800 Y-0.389
G1 X0.800 Y-0.346
G1 X0.800 Y-0.242
G1 X0.800 Y-0.104
G1 X0.800 Y0.035
G1 X0.800 Y0.153
G1 X0.800 Y0.232
G1 X0.800 Y0.259
G1 X0.800 Y0.237
G1 X0.800 Y0.180
G1 X0.800 Y0.105
G1 X0.800 Y0.020
G1 X0.800 Y-0.081
G1 X0.800 Y-0.218
G1 X0.800 Y-0.414
G1 X0.800 Y-0.664
G1 X0.800 Y-0.914
G1 X0.800 Y-1.070
G1 X0.800 Y-1.049
G1 X0.800 Y-0.846
G1 X0.800 Y-0.546
G1 X0.800 Y-0.269
G1 X0.800 Y-0.071
G1 X0.800 Y0.103
G1 X0.800 Y0.407
G1 X0.800 Y0.987
G1 X0.800 Y1.764
G1 X0.800 Y2.131
G1 X0.800 Y1.184
G1 X0.800 Y-1.112
G1 X0.800 Y-2.979
G1 X0.800 Y-2.412
G1 X0.800 Y0.108
G1 X0.800 Y2.124
G1 X0.800 Y2.302
G1 X0.800 Y1.372
G1 X0.800 Y0.494
G1 X0.800 Y0.092
G1 X0.800 Y-0.016
G1 X0.800 Y-0.185
G1 X0.800 Y-0.666
G1 X0.800 Y-1.409
G1 X0.800 Y-1.955
G1 X0.800 Y-1.759
G1 X0.800 Y-0.782
G1 X0.800 Y0.387
G1 X0.800 Y1.103
G1 X0.800 Y1.198
G1 X0.800 Y0.906
G1 X0.800 Y0.506
G1 X0.800 Y0.146
G1 X0.800 Y-0.131
G1 X0.800 Y-0.311
G1 X0.800 Y-0.370
G1 X0.800 Y-0.297
G1 X0.800 Y-0.096
G1 X0.800 Y0.212
G1 X0.800 Y0.600
G1 X0.800 Y0.988
G1 X0.800 Y1.156
G1 X0.800 Y0.756
G1 X0.800 Y-0.377
G1 X0.800 Y-1.769
G1 X0.800 Y-2.424
G1 X0.800 Y-1.778
G1 X0.800 Y-0.380
G1 X0.800 Y0.743
G1 X0.800 Y1.085
G1 X0.800 Y0.824
G1 X0.800 Y0.318
G1 X0.800 Y-0.215
G1 X0.800 Y-0.674
G1 X0.800 Y-0.932
G1 X0.800 Y-0.835
G1 X0.800 Y-0.350
G1 X0.800 Y0.303
G1 X0.800 Y0.788
G1 X0.800 Y0.912
G1 X0.800 Y0.721
G1 X0.800 Y0.368
G1 X0.800 Y-0.019
G1 X0.800 Y-0.369
G1 X0.800 Y-0.624
G1 X0.800 Y-0.720
G1 X0.800 Y-0.633
G1 X0.800 Y-0.422
G1 X0.800 Y-0.203
G1 X0.800 Y-0.062
G1 X0.800 Y0.010
G1 X0.800 Y0.116
G1 X0.800 Y0.390
G1 X0.800 Y0.885
G1 X0.800 Y1.455
G1 X0.800 Y1.744
G1 X0.800 Y1.454
G1 X0.800 Y0.675
G1 X0.800 Y-0.147
G1 X0.800 Y-0.608
G1 X0.800 Y-0.620
G1 X0.800 Y-0.336
G1 X0.800 Y0.056
G1 X0.800 Y0.409
G1 X0.800 Y0.597
G1 X0.800 Y0.515
G1 X0.800 Y0.159
G1 X0.800 Y-0.311
G1 X0.800 Y-0.658
G1 X0.800 Y-0.731
G1 X0.800 Y-0.550
G1 X0.800 Y-0.218
G1 X0.800 Y0.160
G1 X0.800 Y0.498
G1 X0.800 Y0.704
G1 X0.800 Y0.677
G1 X0.800 Y0.395
G1 X0.800 Y-0.032
G1 X0.800 Y-0.399
G1 X0.800 Y-0.554
G1 X0.800 Y-0.472
G1 X0.800 Y-0.232
G1 X0.800 Y0.066
G1 X0.800 Y0.331
G1 X0.800 Y0.484
G1 X0.800 Y0.473
G1 X0.800 Y0.304
G1 X0.800 Y0.066
G1 X0.800 Y-0.118
G1 X0.800 Y-0.165
G1 X0.800 Y-0.081
G1 X0.800 Y0.067
G1 X0.800 Y0.170
G1 X0.800 Y0.128
G1 X0.800 Y-0.105
G1 X0.800 Y-0.472
G1 X0.800 Y-0.802
G1 X0.800 Y-0.929
G1 X0.000 Y0.924
G1 X-0.800 Y1.050
G1 X-0.800 Y0.918
G1 X-0.800 Y0.527
G1 X-0.800 Y0.072
G1 X-0.800 Y-0.235
G1 X-0.800 Y-0.300
G1 X-0.800 Y-0.167
G1 X-0.800 Y0.051
G1 X-0.800 Y0.236
G1 X-0.800 Y0.284
G1 X-0.800 Y0.151
G1 X-0.800 Y-0.124
G1 X-0.800 Y-0.408
G1 X-0.800 Y-0.560
G1 X-0.800 Y-0.515
G1 X-0.800 Y-0.305
G1 X-0.800 Y-0.007
G1 X-0.800 Y0.297
G1 X-0.800 Y0.524
G1 X-0.800 Y0.579
G1 X-0.800 Y0.418
G1 X-0.800 Y0.090
G1 X-0.800 Y-0.253
G1 X-0.800 Y-0.444
G1 X-0.800 Y-0.417
G1 X-0.800 Y-0.210
G1 X-0.800 Y0.081
G1 X-0.800 Y0.349
G1 X-0.800 Y0.478
G1 X-0.800 Y0.366
G1 X-0.800 Y0.011
G1 X-0.800 Y-0.446
G1 X-0.800 Y-0.777
G1 X-0.800 Y-0.829
G1 X-0.800 Y-0.613
G1 X-0.800 Y-0.233
G1 X-0.800 Y0.211
G1 X-0.800 Y0.642
G1 X-0.800 Y0.927
G1 X-0.800 Y0.860
G1 X-0.800 Y0.301
G1 X-0.800 Y-0.597
G1 X-0.800 Y-1.372
G1 X-0.800 Y-1.625
G1 X-0.800 Y-1.350
G1 X-0.800 Y-0.851
G1 X-0.800 Y-0.411
G1 X-0.800 Y-0.113
G1 X-0.800 Y0.105
G1 X-0.800 Y0.344
G1 X-0.800 Y0.621
G1 X-0.800 Y0.865
G1 X-0.800 Y0.964
G1 X-0.800 Y0.862
G1 X-0.800 Y0.611
G1 X-0.800 Y0.299
G1 X-0.800 Y-0.026
G1 X-0.800 Y-0.372
G1 X-0.800 Y-0.747
G1 X-0.800 Y-1.081
G1 X-0.800 Y-1.214
G1 X-0.800 Y-1.025
G1 X-0.800 Y-0.571
G1 X-0.800 Y-0.096
G1 X-0.800 Y0.167
G1 X-0.800 Y0.153
G1 X-0.800 Y-0.037
G1 X-0.800 Y-0.199
G1 X-0.800 Y-0.080
G1 X-0.800 Y0.521
G1 X-0.800 Y1.493
G1 X-0.800 Y2.215
G1 X-0.800 Y1.931
G1 X-0.800 Y0.612
G1 X-0.800 Y-0.878
G1 X-0.800 Y-1.648
G1 X-0.800 Y-1.564
G1 X-0.800 Y-1.059
G1 X-0.800 Y-0.550
G1 X-0.800 Y-0.179
G1 X-0.800 Y0.085
G1 X-0.800 Y0.304
G1 X-0.800 Y0.481
G1 X-0.800 Y0.564
G1 X-0.800 Y0.508
G1 X-0.800 Y0.310
G1 X-0.800 Y0.003
G1 X-0.800 Y-0.371
G1 X-0.800 Y-0.745
G1 X-0.800 Y-0.979
G1 X-0.800 Y-0.842
G1 X-0.800 Y-0.187
G1 X-0.800 Y0.807
G1 X-0.800 Y1.608
G1 X-0.800 Y1.769
G1 X-0.800 Y1.334
G1 X-0.800 Y0.719
G1 X-0.800 Y0.262
G1 X-0.800 Y-0.010
G1 X-0.800 Y-0.312
G1 X-0.800 Y-0.899
G1 X-0.800 Y-1.745
G1 X-0.800 Y-2.218
G1 X-0.800 Y-1.334
G1 X-0.800 Y0.939
G1 X-0.800 Y2.838
G1 X-0.800 Y2.504
G1 X-0.800 Y0.342
G1 X-0.800 Y-1.593
G1 X-0.800 Y-2.097
G1 X-0.800 Y-1.551
G1 X-0.800 Y-0.808
G1 X-0.800 Y-0.306
G1 X-0.800 Y-0.049
G1 X-0.800 Y0.137
G1 X-0.800 Y0.389
G1 X-0.800 Y0.736
G1 X-0.800 Y1.086
G1 X-0.800 Y1.278
G1 X-0.800 Y1.214
G1 X-0.800 Y0.925
G1 X-0.800 Y0.548
G1 X-0.800 Y0.220
G1 X-0.800 Y0.017
G1 X-0.800 Y-0.062
G1 X-0.800 Y-0.058
G1 X-0.800 Y-0.019
G1 X-0.800 Y0.021
G1 X-0.800 Y0.042
G1 X-0.800 Y0.042
G1 X-0.800 Y0.028
G1 X-0.800 Y0.012
G1 X-0.800 Y0.003
G1 X-0.800 Y0.000
G1 X-0.800 Y-0.002
G1 X-0.800 Y-0.014
G1 X-0.800 Y-0.044
G1 X-0.800 Y-0.099
G1 X-0.800 Y-0.175
G1 X-0.800 Y-0.262
G1 X-0.800 Y-0.345
G1 X-0.800 Y-0.410
G1 X-0.800 Y-0.446
G1 X-0.800 Y-0.451
G1 X-0.800 Y-0.431
G1 X-0.800 Y-0.391
G1 X-0.800 Y-0.343
G1 X-0.800 Y-0.292
G1 X-0.800 Y-0.248
G1 X-0.800 Y-0.210
G1 X-0.800 Y-0.183
G1 X-0.800 Y-0.162
G1 X-0.800 Y-0.148
G1 X-0.800 Y-0.138
G1 X-0.800 Y-0.127
G1 X-0.800 Y-0.114
G1 X-0.800 Y-0.094
G1 X-0.800 Y-0.068
G1 X-0.800 Y-0.034
G1 X-0.800 Y0.012
G1 X-0.800 Y0.067
G1 X-0.800 Y0.133
G1 X-0.800 Y0.209
G1 X-0.800 Y0.295
G1 X-0.800 Y0.383
G1 X-0.800 Y0.465
G1 X-0.800 Y0.528
G1 X-0.800 Y0.557
G1 X-0.800 Y0.544
G1 X-0.800 Y0.490
G1 X-0.800 Y0.401
G1 X-0.800 Y0.294
G1 X-0.800 Y0.185
G1 X-0.800 Y0.079
G1 X-0.800 Y-0.028
G1 X-0.800 Y-0.156
G1 X-0.800 Y-0.335
G1 X-0.800 Y-0.584
G1 X-0.800 Y-0.890
G1 X-0.800 Y-1.186
G1 X0.000 Y0.207
G1 X0.800 Y0.975
G1 X0.800 Y0.789
G1 X0.800 Y0.553
G1 X0.800 Y0.323
G1 X0.800 Y0.124
G1 X0.800 Y-0.046
G1 X0.800 Y-0.194
G1 X0.800 Y-0.320
G1 X0.800 Y-0.417
G1 X0.800 Y-0.478
G1 X0.800 Y-0.495
G1 X0.800 Y-0.470
G1 X0.800 Y-0.411
G1 X0.800 Y-0.330
G1 X0.800 Y-0.243
G1 X0.800 Y-0.157
G1 X0.800 Y-0.076
G1 X0.800 Y-0.002
G1 X0.800 Y0.067
G1 X0.800 Y0.130
G1 X0.800 Y0.188
G1 X0.800 Y0.238
G1 X0.800 Y0.277
G1 X0.800 Y0.301
G1 X0.800 Y0.312
G1 X0.800 Y0.307
G1 X0.800 Y0.292
G1 X0.800 Y0.268
G1 X0.800 Y0.242
G1 X0.800 Y0.216
G1 X0.800 Y0.193
G1 X0.800 Y0.176
G1 X0.800 Y0.162
G1 X0.800 Y0.153
G1 X0.800 Y0.146
G1 X0.800 Y0.139
G1 X0.800 Y0.130
G1 X0.800 Y0.116
G1 X0.800 Y0.096
G1 X0.800 Y0.070
G1 X0.800 Y0.038
G1 X0.800 Y-0.002
G1 X0.800 Y-0.044
G1 X0.800 Y-0.091
G1 X0.800 Y-0.137
G1 X0.800 Y-0.176
G1 X0.800 Y-0.203
G1 X0.800 Y-0.206
G1 X0.800 Y-0.179
G1 X0.800 Y-0.115
G1 X0.800 Y-0.011
G1 X0.800 Y0.129
G1 X0.800 Y0.295
G1 X0.800 Y0.463
G1 X0.800 Y0.588
G1 X0.800 Y0.597
G1 X0.800 Y0.410
G1 X0.800 Y-0.010
G1 X0.800 Y-0.591
G1 X0.800 Y-1.140
G1 X0.800 Y-1.431
G1 X0.800 Y-1.356
G1 X0.800 Y-1.008
G1 X0.800 Y-0.588
G1 X0.800 Y-0.250
G1 X0.800 Y-0.016
G1 X0.800 Y0.234
G1 X0.800 Y0.666
G1 X0.800 Y1.338
G1 X0.800 Y1.956
G1 X0.800 Y1.802
G1 X0.800 Y0.328
G1 X0.800 Y-1.818
G1 X0.800 Y-2.872
G1 X0.800 Y-1.838
G1 X0.800 Y0.254
G1 X0.800 Y1.670
G1 X0.800 Y1.811
G1 X0.800 Y1.229
G1 X0.800 Y0.582
G1 X0.800 Y0.094
G1 X0.800 Y-0.328
G1 X0.800 Y-0.807
G1 X0.800 Y-1.298
G1 X0.800 Y-1.538
G1 X0.800 Y-1.269
G1 X0.800 Y-0.538
G1 X0.800 Y0.270
G1 X0.800 Y0.760
G1 X0.800 Y0.812
G1 X0.800 Y0.559
G1 X0.800 Y0.184
G1 X0.800 Y-0.193
G1 X0.800 Y-0.493
G1 X0.800 Y-0.646
G1 X0.800 Y-0.611
G1 X0.800 Y-0.420
G1 X0.800 Y-0.191
G1 X0.800 Y-0.038
G1 X0.800 Y0.001
G1 X0.800 Y0.007
G1 X0.800 Y0.145
G1 X0.800 Y0.583
G1 X0.800 Y1.315
G1 X0.800 Y1.970
G1 X0.800 Y1.915
G1 X0.800 Y0.861
G1 X0.800 Y-0.643
G1 X0.800 Y-1.655
G1 X0.800 Y-1.752
G1 X0.800 Y-1.251
G1 X0.800 Y-0.661
G1 X0.800 Y-0.234
G1 X0.800 Y0.063
G1 X0.800 Y0.355
G1 X0.800 Y0.706
G1 X0.800 Y1.043
G1 X0.800 Y1.208
G1 X0.800 Y1.106
G1 X0.800 Y0.799
G1 X0.800 Y0.452
G1 X0.800 Y0.189
G1 X0.800 Y0.018
G1 X0.800 Y-0.142
G1 X0.800 Y-0.366
G1 X0.800 Y-0.670
G1 X0.800 Y-0.957
G1 X0.800 Y-1.085
G1 X0.800 Y-0.985
G1 X0.800 Y-0.711
G1 X0.800 Y-0.377
G1 X0.800 Y-0.051
G1 X0.800 Y0.294
G1 X0.800 Y0.716
G1 X0.800 Y1.178
G1 X0.800 Y1.476
G1 X0.800 Y1.317
G1 X0.800 Y0.613
G1 X0.800 Y-0.326
G1 X0.800 Y-1.009
G1 X0.800 Y-1.177
G1 X0.800 Y-0.928
G1 X0.800 Y-0.500
G1 X0.800 Y-0.051
G1 X0.800 Y0.375
G1 X0.800 Y0.743
G1 X0.800 Y0.970
G1 X0.800 Y0.954
G1 X0.800 Y0.676
G1 X0.800 Y0.273
G1 X0.800 Y-0.055
G1 X0.800 Y-0.186
G1 X0.800 Y-0.126
G1 X0.800 Y0.029
G1 X0.800 Y0.159
G1 X0.800 Y0.162
G1 X0.800 Y-0.010
G1 X0.800 Y-0.306
G1 X0.800 Y-0.587
G1 X0.800 Y-0.716
G1 X0.800 Y-0.637
G1 X0.800 Y-0.393
G1 X0.800 Y-0.063
G1 X0.800 Y0.284
G1 X0.800 Y0.584
G1 X0.800 Y0.745
G1 X0.800 Y0.683
G1 X0.800 Y0.394
G1 X0.800 Y0.002
G1 X0.800 Y-0.305
G1 X0.800 Y-0.397
G1 X0.800 Y-0.274
G1 X0.800 Y-0.020
G1 X0.800 Y0.250
G1 X0.800 Y0.408
G1 X0.800 Y0.334
G1 X0.800 Y-0.015
G1 X0.800 Y-0.523
G1 X0.800 Y-0.949
G1 X0.800 Y-1.091
G1 X0.000 Y1.315
G1 X-0.800 Y1.051
G1 X-0.800 Y0.916
G1 X-0.800 Y0.495
G1 X-0.800 Y-0.016
G1 X-0.800 Y-0.374
G1 X-0.800 Y-0.451
G1 X-0.800 Y-0.286
G1 X-0.800 Y0.005
G1 X-0.800 Y0.295
G1 X-0.800 Y0.451
G1 X-0.800 Y0.365
G1 X-0.800 Y0.008
G1 X-0.800 Y-0.492
G1 X-0.800 Y-0.899
G1 X-0.800 Y-1.030
G1 X-0.800 Y-0.878
G1 X-0.800 Y-0.560
G1 X-0.800 Y-0.191
G1 X-0.800 Y0.175
G1 X-0.800 Y0.514
G1 X-0.800 Y0.782
G1 X-0.800 Y0.901
G1 X-0.800 Y0.815
G1 X-0.800 Y0.565
G1 X-0.800 Y0.277
G1 X-0.800 Y0.074
G1 X-0.800 Y-0.001
G1 X-0.800 Y0.002
G1 X-0.800 Y-0.015
G1 X-0.800 Y-0.148
G1 X-0.800 Y-0.422
G1 X-0.800 Y-0.754
G1 X-0.800 Y-0.989
G1 X-0.800 Y-1.002
G1 X-0.800 Y-0.797
G1 X-0.800 Y-0.462
G1 X-0.800 Y-0.082
G1 X-0.800 Y0.326
G1 X-0.800 Y0.769
G1 X-0.800 Y1.165
G1 X-0.800 Y1.297
G1 X-0.800 Y0.936
G1 X-0.800 Y0.104
G1 X-0.800 Y-0.804
G1 X-0.800 Y-1.328
G1 X-0.800 Y-1.313
G1 X-0.800 Y-0.947
G1 X-0.800 Y-0.490
G1 X-0.800 Y-0.070
G1 X-0.800 Y0.318
G1 X-0.800 Y0.700
G1 X-0.800 Y1.014
G1 X-0.800 Y1.136
G1 X-0.800 Y0.983
G1 X-0.800 Y0.620
G1 X-0.800 Y0.238
G1 X-0.800 Y0.000
G1 X-0.800 Y-0.053
G1 X-0.800 Y0.004
G1 X-0.800 Y0.054
G1 X-0.800 Y-0.010
G1 X-0.800 Y-0.226
G1 X-0.800 Y-0.523
G1 X-0.800 Y-0.752
G1 X-0.800 Y-0.785
G1 X-0.800 Y-0.597
G1 X-0.800 Y-0.251
G1 X-0.800 Y0.183
G1 X-0.800 Y0.639
G1 X-0.800 Y0.992
G1 X-0.800 Y0.984
G1 X-0.800 Y0.343
G1 X-0.800 Y-0.843
G1 X-0.800 Y-1.928
G1 X-0.800 Y-2.162
G1 X-0.800 Y-1.446
G1 X-0.800 Y-0.404
G1 X-0.800 Y0.307
G1 X-0.800 Y0.485
G1 X-0.800 Y0.287
G1 X-0.800 Y-0.047
G1 X-0.800 Y-0.331
G1 X-0.800 Y-0.428
G1 X-0.800 Y-0.262
G1 X-0.800 Y0.113
G1 X-0.800 Y0.511
G1 X-0.800 Y0.724
G1 X-0.800 Y0.671
G1 X-0.800 Y0.404
G1 X-0.800 Y0.025
G1 X-0.800 Y-0.374
G1 X-0.800 Y-0.695
G1 X-0.800 Y-0.793
G1 X-0.800 Y-0.537
G1 X-0.800 Y0.057
G1 X-0.800 Y0.732
G1 X-0.800 Y1.144
G1 X-0.800 Y1.137
G1 X-0.800 Y0.808
G1 X-0.800 Y0.341
G1 X-0.800 Y-0.171
G1 X-0.800 Y-0.721
G1 X-0.800 Y-1.239
G1 X-0.800 Y-1.404
G1 X-0.800 Y-0.743
G1 X-0.800 Y0.807
G1 X-0.800 Y2.344
G1 X-0.800 Y2.539
G1 X-0.800 Y1.105
G1 X-0.800 Y-0.782
G1 X-0.800 Y-1.821
G1 X-0.800 Y-1.759
G1 X-0.800 Y-1.156
G1 X-0.800 Y-0.565
G1 X-0.800 Y-0.169
G1 X-0.800 Y0.115
G1 X-0.800 Y0.435
G1 X-0.800 Y0.862
G1 X-0.800 Y1.305
G1 X-0.800 Y1.532
G1 X-0.800 Y1.320
G1 X-0.800 Y0.657
G1 X-0.800 Y-0.204
G1 X-0.800 Y-0.910
G1 X-0.800 Y-1.248
G1 X-0.800 Y-1.225
G1 X-0.800 Y-0.987
G1 X-0.800 Y-0.687
G1 X-0.800 Y-0.422
G1 X-0.800 Y-0.223
G1 X-0.800 Y-0.078
G1 X-0.800 Y0.034
G1 X-0.800 Y0.129
G1 X-0.800 Y0.218
G1 X-0.800 Y0.301
G1 X-0.800 Y0.372
G1 X-0.800 Y0.426
G1 X-0.800 Y0.459
G1 X-0.800 Y0.471
G1 X-0.800 Y0.461
G1 X-0.800 Y0.437
G1 X-0.800 Y0.399
G1 X-0.800 Y0.354
G1 X-0.800 Y0.305
G1 X-0.800 Y0.252
G1 X-0.800 Y0.201
G1 X-0.800 Y0.148
G1 X-0.800 Y0.099
G1 X-0.800 Y0.048
G1 X-0.800 Y-0.003
G1 X-0.800 Y-0.057
G1 X-0.800 Y-0.117
G1 X-0.800 Y-0.185
G1 X-0.800 Y-0.260
G1 X-0.800 Y-0.336
G1 X-0.800 Y-0.408
G1 X-0.800 Y-0.467
G1 X-0.800 Y-0.499
G1 X-0.800 Y-0.501
G1 X-0.800 Y-0.470
G1 X-0.800 Y-0.410
G1 X-0.800 Y-0.329
G1 X-0.800 Y-0.239
G1 X-0.800 Y-0.144
G1 X-0.800 Y-0.052
G1 X-0.800 Y0.040
G1 X-0.800 Y0.131
G1 X-0.800 Y0.218
G1 X-0.800 Y0.299
G1 X-0.800 Y0.361
G1 X-0.800 Y0.395
G1 X-0.800 Y0.391
G1 X-0.800 Y0.347
G1 X-0.800 Y0.263
G1 X-0.800 Y0.145
G1 X-0.800 Y-0.002
G1 X-0.800 Y-0.173
G1 X-0.800 Y-0.367
G1 X-0.800 Y-0.567
G1 X-0.800 Y-0.744
G1 X0.000 Y2.839
G1 X0.800 Y0.495
G1 X0.800 Y0.311
G1 X0.800 Y0.146
G1 X0.800 Y0.002
G1 X0.800 Y-0.120
G1 X0.800 Y-0.219
G1 X0.800 Y-0.291
G1 X0.800 Y-0.331
G1 X0.800 Y-0.333
G1 X0.800 Y-0.299
G1 X0.800 Y-0.232
G1 X0.800 Y-0.141
G1 X0.800 Y-0.032
G1 X0.800 Y0.086
G1 X0.800 Y0.211
G1 X0.800 Y0.333
G1 X0.800 Y0.442
G1 X0.800 Y0.524
G1 X0.800 Y0.564
G1 X0.800 Y0.550
G1 X0.800 Y0.484
G1 X0.800 Y0.380
G1 X0.800 Y0.258
G1 X0.800 Y0.145
G1 X0.800 Y0.059
G1 X0.800 Y0.007
G1 X0.800 Y-0.010
G1 X0.800 Y-0.005
G1 X0.800 Y0.008
G1 X0.800 Y0.008
G1 X0.800 Y-0.020
G1 X0.800 Y-0.091
G1 X0.800 Y-0.210
G1 X0.800 Y-0.372
G1 X0.800 Y-0.559
G1 X0.800 Y-0.740
G1 X0.800 Y-0.882
G1 X0.800 Y-0.951
G1 X0.800 Y-0.929
G1 X0.800 Y-0.813
G1 X0.800 Y-0.625
G1 X0.800 Y-0.402
G1 X0.800 Y-0.183
G1 X0.800 Y-0.010
G1 X0.800 Y0.097
G1 X0.800 Y0.125
G1 X0.800 Y0.089
G1 X0.800 Y0.004
G1 X0.800 Y-0.089
G1 X0.800 Y-0.144
G1 X0.800 Y-0.094
G1 X0.800 Y0.128
G1 X0.800 Y0.561
G1 X0.800 Y1.136
G1 X0.800 Y1.640
G1 X0.800 Y1.754
G1 X0.800 Y1.266
G1 X0.800 Y0.279
G1 X0.800 Y-0.774
G1 X0.800 Y-1.423
G1 X0.800 Y-1.495
G1 X0.800 Y-1.152
G1 X0.800 Y-0.682
G1 X0.800 Y-0.269
G1 X0.800 Y0.085
G1 X0.800 Y0.485
G1 X0.800 Y1.010
G1 X0.800 Y1.545
G1 X0.800 Y1.693
G1 X0.800 Y0.983
G1 X0.800 Y-0.539
G1 X0.800 Y-2.010
G1 X0.800 Y-2.394
G1 X0.800 Y-1.537
G1 X0.800 Y-0.241
G1 X0.800 Y0.639
G1 X0.800 Y0.844
G1 X0.800 Y0.587
G1 X0.800 Y0.148
G1 X0.800 Y-0.297
G1 X0.800 Y-0.634
G1 X0.800 Y-0.738
G1 X0.800 Y-0.516
G1 X0.800 Y-0.022
G1 X0.800 Y0.515
G1 X0.800 Y0.834
G1 X0.800 Y0.827
G1 X0.800 Y0.563
G1 X0.800 Y0.169
G1 X0.800 Y-0.259
G1 X0.800 Y-0.648
G1 X0.800 Y-0.884
G1 X0.800 Y-0.813
G1 X0.800 Y-0.364
G1 X0.800 Y0.303
G1 X0.800 Y0.857
G1 X0.800 Y1.044
G1 X0.800 Y0.858
G1 X0.800 Y0.450
G1 X0.800 Y-0.041
G1 X0.800 Y-0.555
G1 X0.800 Y-1.003
G1 X0.800 Y-1.161
G1 X0.800 Y-0.722
G1 X0.800 Y0.352
G1 X0.800 Y1.549
G1 X0.800 Y2.106
G1 X0.800 Y1.741
G1 X0.800 Y0.876
G1 X0.800 Y0.128
G1 X0.800 Y-0.210
G1 X0.800 Y-0.194
G1 X0.800 Y-0.016
G1 X0.800 Y0.151
G1 X0.800 Y0.196
G1 X0.800 Y0.090
G1 X0.800 Y-0.107
G1 X0.800 Y-0.275
G1 X0.800 Y-0.313
G1 X0.800 Y-0.197
G1 X0.800 Y0.020
G1 X0.800 Y0.247
G1 X0.800 Y0.362
G1 X0.800 Y0.250
G1 X0.800 Y-0.127
G1 X0.800 Y-0.653
G1 X0.800 Y-1.076
G1 X0.800 Y-1.194
G1 X0.800 Y-0.994
G1 X0.800 Y-0.620
G1 X0.800 Y-0.205
G1 X0.800 Y0.215
G1 X0.800 Y0.665
G1 X0.800 Y1.106
G1 X0.800 Y1.347
G1 X0.800 Y1.136
G1 X0.800 Y0.411
G1 X0.800 Y-0.512
G1 X0.800 Y-1.161
G1 X0.800 Y-1.294
G1 X0.800 Y-1.023
G1 X0.800 Y-0.600
G1 X0.800 Y-0.184
G1 X0.800 Y0.189
G1 X0.800 Y0.532
G1 X0.800 Y0.810
G1 X0.800 Y0.949
G1 X0.800 Y0.888
G1 X0.800 Y0.666
G1 X0.800 Y0.392
G1 X0.800 Y0.175
G1 X0.800 Y0.040
G1 X0.800 Y-0.065
G1 X0.800 Y-0.222
G1 X0.800 Y-0.475
G1 X0.800 Y-0.782
G1 X0.800 Y-1.019
G1 X0.800 Y-1.065
G1 X0.800 Y-0.901
G1 X0.800 Y-0.607
G1 X0.800 Y-0.289
G1 X0.800 Y0.015
G1 X0.800 Y0.338
G1 X0.800 Y0.715
G1 X0.800 Y1.094
G1 X0.800 Y1.314
G1 X0.800 Y1.197
G1 X0.800 Y0.732
G1 X0.800 Y0.138
G1 X0.800 Y-0.297
G1 X0.800 Y-0.428
G1 X0.800 Y-0.288
G1 X0.800 Y-0.011
G1 X0.800 Y0.265
G1 X0.800 Y0.410
G1 X0.800 Y0.321
G1 X0.800 Y-0.020
G1 X0.800 Y-0.482
G1 X0.800 Y-0.843
G1 X0.800 Y-0.944
G1 X0.000 Y1.358
G1 X-0.800 Y0.784
G1 X-0.800 Y0.753
G1 X-0.800 Y0.501
G1 X-0.800 Y0.135
G1 X-0.800 Y-0.168
G1 X-0.800 Y-0.283
G1 X-0.800 Y-0.192
G1 X-0.800 Y0.021
G1 X-0.800 Y0.233
G1 X-0.800 Y0.296
G1 X-0.800 Y0.077
G1 X-0.800 Y-0.441
G1 X-0.800 Y-1.071
G1 X-0.800 Y-1.486
G1 X-0.800 Y-1.475
G1 X-0.800 Y-1.107
G1 X-0.800 Y-0.639
G1 X-0.800 Y-0.279
G1 X-0.800 Y-0.064
G1 X-0.800 Y0.095
G1 X-0.800 Y0.310
G1 X-0.800 Y0.630
G1 X-0.800 Y0.981
G1 X-0.800 Y1.205
G1 X-0.800 Y1.177
G1 X-0.800 Y0.922
G1 X-0.800 Y0.579
G1 X-0.800 Y0.287
G1 X-0.800 Y0.086
G1 X-0.800 Y-0.063
G1 X-0.800 Y-0.231
G1 X-0.800 Y-0.447
G1 X-0.800 Y-0.668
G1 X-0.800 Y-0.803
G1 X-0.800 Y-0.778
G1 X-0.800 Y-0.592
G1 X-0.800 Y-0.297
G1 X-0.800 Y0.058
G1 X-0.800 Y0.453
G1 X-0.800 Y0.855
G1 X-0.800 Y1.142
G1 X-0.800 Y1.096
G1 X-0.800 Y0.570
G1 X-0.800 Y-0.297
G1 X-0.800 Y-1.078
G1 X-0.800 Y-1.399
G1 X-0.800 Y-1.230
G1 X-0.800 Y-0.804
G1 X-0.800 Y-0.348
G1 X-0.800 Y0.067
G1 X-0.800 Y0.484
G1 X-0.800 Y0.915
G1 X-0.800 Y1.251
G1 X-0.800 Y1.286
G1 X-0.800 Y0.908
G1 X-0.800 Y0.253
G1 X-0.800 Y-0.354
G1 X-0.800 Y-0.665
G1 X-0.800 Y-0.645
G1 X-0.800 Y-0.410
G1 X-0.800 Y-0.098
G1 X-0.800 Y0.195
G1 X-0.800 Y0.402
G1 X-0.800 Y0.482
G1 X-0.800 Y0.431
G1 X-0.800 Y0.296
G1 X-0.800 Y0.148
G1 X-0.800 Y0.023
G1 X-0.800 Y-0.114
G1 X-0.800 Y-0.367
G1 X-0.800 Y-0.816
G1 X-0.800 Y-1.402
G1 X-0.800 Y-1.796
G1 X-0.800 Y-1.552
G1 X-0.800 Y-0.547
G1 X-0.800 Y0.732
G1 X-0.800 Y1.552
G1 X-0.800 Y1.604
G1 X-0.800 Y1.149
G1 X-0.800 Y0.598
G1 X-0.800 Y0.149
G1 X-0.800 Y-0.246
G1 X-0.800 Y-0.702
G1 X-0.800 Y-1.213
G1 X-0.800 Y-1.555
G1 X-0.800 Y-1.399
G1 X-0.800 Y-0.660
G1 X-0.800 Y0.314
G1 X-0.800 Y1.011
G1 X-0.800 Y1.178
G1 X-0.800 Y0.928
G1 X-0.800 Y0.503
G1 X-0.800 Y0.058
G1 X-0.800 Y-0.365
G1 X-0.800 Y-0.738
G1 X-0.800 Y-0.977
G1 X-0.800 Y-0.972
G1 X-0.800 Y-0.692
G1 X-0.800 Y-0.259
G1 X-0.800 Y0.109
G1 X-0.800 Y0.260
G1 X-0.800 Y0.177
G1 X-0.800 Y-0.042
G1 X-0.800 Y-0.244
G1 X-0.800 Y-0.244
G1 X-0.800 Y0.143
G1 X-0.800 Y0.937
G1 X-0.800 Y1.801
G1 X-0.800 Y2.117
G1 X-0.800 Y1.490
G1 X-0.800 Y0.212
G1 X-0.800 Y-0.955
G1 X-0.800 Y-1.462
G1 X-0.800 Y-1.324
G1 X-0.800 Y-0.875
G1 X-0.800 Y-0.396
G1 X-0.800 Y0.035
G1 X-0.800 Y0.463
G1 X-0.800 Y0.924
G1 X-0.800 Y1.321
G1 X-0.800 Y1.394
G1 X-0.800 Y0.883
G1 X-0.800 Y-0.197
G1 X-0.800 Y-1.389
G1 X-0.800 Y-2.061
G1 X-0.800 Y-1.879
G1 X-0.800 Y-1.049
G1 X-0.800 Y-0.079
G1 X-0.800 Y0.609
G1 X-0.800 Y0.881
G1 X-0.800 Y0.825
G1 X-0.800 Y0.593
G1 X-0.800 Y0.303
G1 X-0.800 Y0.008
G1 X-0.800 Y-0.270
G1 X-0.800 Y-0.519
G1 X-0.800 Y-0.705
G1 X-0.800 Y-0.776
G1 X-0.800 Y-0.667
G1 X-0.800 Y-0.343
G1 X-0.800 Y0.164
G1 X-0.800 Y0.743
G1 X-0.800 Y1.233
G1 X-0.800 Y1.479
G1 X-0.800 Y1.411
G1 X-0.800 Y1.069
G1 X-0.800 Y0.578
G1 X-0.800 Y0.094
G1 X-0.800 Y-0.273
G1 X-0.800 Y-0.469
G1 X-0.800 Y-0.506
G1 X-0.800 Y-0.428
G1 X-0.800 Y-0.281
G1 X-0.800 Y-0.103
G1 X-0.800 Y0.076
G1 X-0.800 Y0.238
G1 X-0.800 Y0.360
G1 X-0.800 Y0.427
G1 X-0.800 Y0.418
G1 X-0.800 Y0.336
G1 X-0.800 Y0.190
G1 X-0.800 Y0.018
G1 X-0.800 Y-0.143
G1 X-0.800 Y-0.260
G1 X-0.800 Y-0.311
G1 X-0.800 Y-0.301
G1 X-0.800 Y-0.237
G1 X-0.800 Y-0.144
G1 X-0.800 Y-0.039
G1 X-0.800 Y0.061
G1 X-0.800 Y0.142
G1 X-0.800 Y0.194
G1 X-0.800 Y0.212
G1 X-0.800 Y0.200
G1 X-0.800 Y0.165
G1 X-0.800 Y0.117
G1 X-0.800 Y0.067
G1 X-0.800 Y0.017
G1 X-0.800 Y-0.039
G1 X-0.800 Y-0.111
G1 X0.000 Y0.604
G1 X0.800 Y-0.019
G1 X0.800 Y0.072
G1 X0.800 Y0.141
G1 X0.800 Y0.179
G1 X0.800 Y0.184
G1 X0.800 Y0.160
G1 X0.800 Y0.120
G1 X0.800 Y0.076
G1 X0.800 Y0.040
G1 X0.800 Y0.012
G1 X0.800 Y-0.014
G1 X0.800 Y-0.049
G1 X0.800 Y-0.113
G1 X0.800 Y-0.216
G1 X0.800 Y-0.358
G1 X0.800 Y-0.525
G1 X0.800 Y-0.681
G1 X0.800 Y-0.790
G1 X0.800 Y-0.816
G1 X0.800 Y-0.755
G1 X0.800 Y-0.624
G1 X0.800 Y-0.455
G1 X0.800 Y-0.281
G1 X0.800 Y-0.116
G1 X0.800 Y0.046
G1 X0.800 Y0.231
G1 X0.800 Y0.468
G1 X0.800 Y0.760
G1 X0.800 Y1.067
G1 X0.800 Y1.272
G1 X0.800 Y1.207
G1 X0.800 Y0.732
G1 X0.800 Y-0.140
G1 X0.800 Y-1.152
G1 X0.800 Y-1.879
G1 X0.800 Y-1.952
G1 X0.800 Y-1.313
G1 X0.800 Y-0.261
G1 X0.800 Y0.738
G1 X0.800 Y1.329
G1 X0.800 Y1.435
G1 X0.800 Y1.192
G1 X0.800 Y0.815
G1 X0.800 Y0.464
G1 X0.800 Y0.197
G1 X0.800 Y-0.008
G1 X0.800 Y-0.222
G1 X0.800 Y-0.518
G1 X0.800 Y-0.925
G1 X0.800 Y-1.353
G1 X0.800 Y-1.571
G1 X0.800 Y-1.267
G1 X0.800 Y-0.297
G1 X0.800 Y1.049
G1 X0.800 Y2.077
G1 X0.800 Y2.165
G1 X0.800 Y1.290
G1 X0.800 Y0.045
G1 X0.800 Y-0.885
G1 X0.800 Y-1.203
G1 X0.800 Y-1.028
G1 X0.800 Y-0.624
G1 X0.800 Y-0.172
G1 X0.800 Y0.278
G1 X0.800 Y0.719
G1 X0.800 Y1.072
G1 X0.800 Y1.150
G1 X0.800 Y0.748
G1 X0.800 Y-0.127
G1 X0.800 Y-1.114
G1 X0.800 Y-1.715
G1 X0.800 Y-1.683
G1 X0.800 Y-1.193
G1 X0.800 Y-0.618
G1 X0.800 Y-0.220
G1 X0.800 Y-0.046
G1 X0.800 Y0.006
G1 X0.800 Y0.075
G1 X0.800 Y0.263
G1 X0.800 Y0.581
G1 X0.800 Y0.920
G1 X0.800 Y1.120
G1 X0.800 Y1.076
G1 X0.800 Y0.823
G1 X0.800 Y0.481
G1 X0.800 Y0.133
G1 X0.800 Y-0.227
G1 X0.800 Y-0.661
G1 X0.800 Y-1.166
G1 X0.800 Y-1.537
G1 X0.800 Y-1.393
G1 X0.800 Y-0.498
G1 X0.800 Y0.823
G1 X0.800 Y1.801
G1 X0.800 Y1.912
G1 X0.800 Y1.342
G1 X0.800 Y0.646
G1 X0.800 Y0.202
G1 X0.800 Y0.024
G1 X0.800 Y-0.090
G1 X0.800 Y-0.380
G1 X0.800 Y-0.956
G1 X0.800 Y-1.631
G1 X0.800 Y-1.922
G1 X0.800 Y-1.430
G1 X0.800 Y-0.310
G1 X0.800 Y0.796
G1 X0.800 Y1.345
G1 X0.800 Y1.294
G1 X0.800 Y0.924
G1 X0.800 Y0.509
G1 X0.800 Y0.163
G1 X0.800 Y-0.105
G1 X0.800 Y-0.304
G1 X0.800 Y-0.422
G1 X0.800 Y-0.431
G1 X0.800 Y-0.319
G1 X0.800 Y-0.104
G1 X0.800 Y0.190
G1 X0.800 Y0.526
G1 X0.800 Y0.831
G1 X0.800 Y0.964
G1 X0.800 Y0.742
G1 X0.800 Y0.107
G1 X0.800 Y-0.726
G1 X0.800 Y-1.351
G1 X0.800 Y-1.485
G1 X0.800 Y-1.186
G1 X0.800 Y-0.720
G1 X0.800 Y-0.297
G1 X0.800 Y0.057
G1 X0.800 Y0.427
G1 X0.800 Y0.877
G1 X0.800 Y1.317
G1 X0.800 Y1.495
G1 X0.800 Y1.188
G1 X0.800 Y0.458
G1 X0.800 Y-0.329
G1 X0.800 Y-0.806
G1 X0.800 Y-0.866
G1 X0.800 Y-0.632
G1 X0.800 Y-0.278
G1 X0.800 Y0.079
G1 X0.800 Y0.377
G1 X0.800 Y0.570
G1 X0.800 Y0.614
G1 X0.800 Y0.520
G1 X0.800 Y0.347
G1 X0.800 Y0.176
G1 X0.800 Y0.045
G1 X0.800 Y-0.072
G1 X0.800 Y-0.252
G1 X0.800 Y-0.556
G1 X0.800 Y-0.958
G1 X0.800 Y-1.302
G1 X0.800 Y-1.386
G1 X0.800 Y-1.133
G1 X0.800 Y-0.675
G1 X0.800 Y-0.253
G1 X0.800 Y-0.026
G1 X0.800 Y0.013
G1 X0.800 Y-0.015
G1 X0.800 Y0.056
G1 X0.800 Y0.356
G1 X0.800 Y0.877
G1 X0.800 Y1.406
G1 X0.800 Y1.625
G1 X0.800 Y1.380
G1 X0.800 Y0.821
G1 X0.800 Y0.271
G1 X0.800 Y-0.047
G1 X0.800 Y-0.107
G1 X0.800 Y-0.018
G1 X0.800 Y0.084
G1 X0.800 Y0.089
G1 X0.800 Y-0.051
G1 X0.800 Y-0.295
G1 X0.800 Y-0.531
G1 X0.800 Y-0.643
G1 X0.800 Y-0.584
G1 X0.000 Y1.121
G1 X-0.800 Y0.339
G1 X-0.800 Y0.485
G1 X-0.800 Y0.513
G1 X-0.800 Y0.423
G1 X-0.800 Y0.265
G1 X-0.800 Y0.119
G1 X-0.800 Y0.032
G1 X-0.800 Y-0.006
G1 X-0.800 Y-0.069
G1 X-0.800 Y-0.255
G1 X-0.800 Y-0.629
G1 X-0.800 Y-1.118
G1 X-0.800 Y-1.503
G1 X-0.800 Y-1.522
G1 X-0.800 Y-1.119
G1 X-0.800 Y-0.511
G1 X-0.800 Y-0.020
G1 X-0.800 Y0.180
G1 X-0.800 Y0.116
G1 X-0.800 Y-0.065
G1 X-0.800 Y-0.184
G1 X-0.800 Y-0.072
G1 X-0.800 Y0.350
G1 X-0.800 Y0.975
G1 X-0.800 Y1.490
G1 X-0.800 Y1.599
G1 X-0.800 Y1.269
G1 X-0.800 Y0.743
G1 X-0.800 Y0.299
G1 X-0.800 Y0.063
G1 X-0.800 Y0.000
G1 X-0.800 Y0.002
G1 X-0.800 Y-0.027
G1 X-0.800 Y-0.122
G1 X-0.800 Y-0.251
G1 X-0.800 Y-0.337
G1 X-0.800 Y-0.315
G1 X-0.800 Y-0.166
G1 X-0.800 Y0.071
G1 X-0.800 Y0.317
G1 X-0.800 Y0.455
G1 X-0.800 Y0.343
G1 X-0.800 Y-0.100
G1 X-0.800 Y-0.773
G1 X-0.800 Y-1.365
G1 X-0.800 Y-1.563
G1 X-0.800 Y-1.311
G1 X-0.800 Y-0.834
G1 X-0.800 Y-0.400
G1 X-0.800 Y-0.110
G1 X-0.800 Y0.107
G1 X-0.800 Y0.405
G1 X-0.800 Y0.876
G1 X-0.800 Y1.415
G1 X-0.800 Y1.701
G1 X-0.800 Y1.411
G1 X-0.800 Y0.571
G1 X-0.800 Y-0.398
G1 X-0.800 Y-1.026
G1 X-0.800 Y-1.156
G1 X-0.800 Y-0.937
G1 X-0.800 Y-0.591
G1 X-0.800 Y-0.261
G1 X-0.800 Y0.000
G1 X-0.800 Y0.183
G1 X-0.800 Y0.274
G1 X-0.800 Y0.255
G1 X-0.800 Y0.126
G1 X-0.800 Y-0.102
G1 X-0.800 Y-0.403
G1 X-0.800 Y-0.723
G1 X-0.800 Y-0.940
G1 X-0.800 Y-0.838
G1 X-0.800 Y-0.235
G1 X-0.800 Y0.782
G1 X-0.800 Y1.717
G1 X-0.800 Y1.998
G1 X-0.800 Y1.508
G1 X-0.800 Y0.684
G1 X-0.800 Y0.061
G1 X-0.800 Y-0.144
G1 X-0.800 Y-0.037
G1 X-0.800 Y0.128
G1 X-0.800 Y0.064
G1 X-0.800 Y-0.466
G1 X-0.800 Y-1.417
G1 X-0.800 Y-2.208
G1 X-0.800 Y-2.020
G1 X-0.800 Y-0.662
G1 X-0.800 Y1.012
G1 X-0.800 Y1.924
G1 X-0.800 Y1.804
G1 X-0.800 Y1.156
G1 X-0.800 Y0.541
G1 X-0.800 Y0.181
G1 X-0.800 Y0.004
G1 X-0.800 Y-0.147
G1 X-0.800 Y-0.385
G1 X-0.800 Y-0.709
G1 X-0.800 Y-1.011
G1 X-0.800 Y-1.141
G1 X-0.800 Y-1.041
G1 X-0.800 Y-0.772
G1 X-0.800 Y-0.459
G1 X-0.800 Y-0.182
G1 X-0.800 Y0.063
G1 X-0.800 Y0.336
G1 X-0.800 Y0.686
G1 X-0.800 Y1.079
G1 X-0.800 Y1.363
G1 X-0.800 Y1.336
G1 X-0.800 Y0.910
G1 X-0.800 Y0.226
G1 X-0.800 Y-0.413
G1 X-0.800 Y-0.762
G1 X-0.800 Y-0.766
G1 X-0.800 Y-0.520
G1 X-0.800 Y-0.147
G1 X-0.800 Y0.263
G1 X-0.800 Y0.640
G1 X-0.800 Y0.860
G1 X-0.800 Y0.716
G1 X-0.800 Y0.041
G1 X-0.800 Y-1.062
G1 X-0.800 Y-2.055
G1 X-0.800 Y-2.224
G1 X-0.800 Y-1.277
G1 X-0.800 Y0.292
G1 X-0.800 Y1.580
G1 X-0.800 Y1.999
G1 X-0.800 Y1.620
G1 X-0.800 Y0.909
G1 X-0.800 Y0.303
G1 X-0.800 Y-0.018
G1 X-0.800 Y-0.081
G1 X-0.800 Y-0.003
G1 X-0.800 Y0.079
G1 X-0.800 Y0.028
G1 X-0.800 Y-0.270
G1 X-0.800 Y-0.850
G1 X-0.800 Y-1.554
G1 X-0.800 Y-1.985
G1 X-0.800 Y-1.660
G1 X-0.800 Y-0.422
G1 X-0.800 Y1.243
G1 X-0.800 Y2.369
G1 X-0.800 Y2.223
G1 X-0.800 Y0.915
G1 X-0.800 Y-0.708
G1 X-0.800 Y-1.763
G1 X-0.800 Y-1.925
G1 X-0.800 Y-1.438
G1 X-0.800 Y-0.755
G1 X-0.800 Y-0.209
G1 X-0.800 Y0.082
G1 X-0.800 Y0.154
G1 X-0.800 Y0.093
G1 X-0.800 Y-0.015
G1 X-0.800 Y-0.106
G1 X-0.800 Y-0.133
G1 X-0.800 Y-0.075
G1 X-0.800 Y0.063
G1 X-0.800 Y0.251
G1 X-0.800 Y0.434
G1 X-0.800 Y0.567
G1 X-0.800 Y0.617
G1 X-0.800 Y0.582
G1 X-0.800 Y0.483
G1 X-0.800 Y0.344
G1 X-0.800 Y0.191
G1 X-0.800 Y0.040
G1 X-0.800 Y-0.100
G1 X-0.800 Y-0.220
G1 X-0.800 Y-0.310
G1 X-0.800 Y-0.365
G1 X-0.800 Y-0.377
G1 X-0.800 Y-0.348
G1 X-0.800 Y-0.287
G1 X-0.800 Y-0.203
G1 X-0.800 Y-0.107
G1 X0.000 Y0.340
G1 X0.800 Y-0.104
G1 X0.800 Y-0.122
G1 X0.800 Y-0.103
G1 X0.800 Y-0.058
G1 X0.800 Y-0.004
G1 X0.800 Y0.038
G1 X0.800 Y0.057
G1 X0.800 Y0.044
G1 X0.800 Y0.008
G1 X0.800 Y-0.035
G1 X0.800 Y-0.062
G1 X0.800 Y-0.050
G1 X0.800 Y0.018
G1 X0.800 Y0.144
G1 X0.800 Y0.310
G1 X0.800 Y0.473
G1 X0.800 Y0.587
G1 X0.800 Y0.617
G1 X0.800 Y0.548
G1 X0.800 Y0.394
G1 X0.800 Y0.176
G1 X0.800 Y-0.087
G1 X0.800 Y-0.384
G1 X0.800 Y-0.680
G1 X0.800 Y-0.895
G1 X0.800 Y-0.859
G1 X0.800 Y-0.365
G1 X0.800 Y0.658
G1 X0.800 Y1.872
G1 X0.800 Y2.472
G1 X0.800 Y1.668
G1 X0.800 Y-0.406
G1 X0.800 Y-2.396
G1 X0.800 Y-2.728
G1 X0.800 Y-1.142
G1 X0.800 Y1.059
G1 X0.800 Y2.320
G1 X0.800 Y2.141
G1 X0.800 Y1.122
G1 X0.800 Y0.102
G1 X0.800 Y-0.458
G1 X0.800 Y-0.545
G1 X0.800 Y-0.333
G1 X0.800 Y0.002
G1 X0.800 Y0.333
G1 X0.800 Y0.536
G1 X0.800 Y0.455
G1 X0.800 Y-0.056
G1 X0.800 Y-0.966
G1 X0.800 Y-1.898
G1 X0.800 Y-2.206
G1 X0.800 Y-1.448
G1 X0.800 Y0.120
G1 X0.800 Y1.609
G1 X0.800 Y2.199
G1 X0.800 Y1.773
G1 X0.800 Y0.847
G1 X0.800 Y0.024
G1 X0.800 Y-0.395
G1 X0.800 Y-0.429
G1 X0.800 Y-0.232
G1 X0.800 Y0.045
G1 X0.800 Y0.289
G1 X0.800 Y0.408
G1 X0.800 Y0.322
G1 X0.800 Y0.019
G1 X0.800 Y-0.417
G1 X0.800 Y-0.819
G1 X0.800 Y-1.025
G1 X0.800 Y-0.986
G1 X0.800 Y-0.761
G1 X0.800 Y-0.453
G1 X0.800 Y-0.130
G1 X0.800 Y0.192
G1 X0.800 Y0.514
G1 X0.800 Y0.813
G1 X0.800 Y1.003
G1 X0.800 Y0.988
G1 X0.800 Y0.737
G1 X0.800 Y0.349
G1 X0.800 Y0.005
G1 X0.800 Y-0.153
G1 X0.800 Y-0.104
G1 X0.800 Y0.061
G1 X0.800 Y0.175
G1 X0.800 Y0.005
G1 X0.800 Y-0.644
G1 X0.800 Y-1.665
G1 X0.800 Y-2.367
G1 X0.800 Y-1.822
G1 X0.800 Y0.045
G1 X0.800 Y1.954
G1 X0.800 Y2.500
G1 X0.800 Y1.634
G1 X0.800 Y0.409
G1 X0.800 Y-0.310
G1 X0.800 Y-0.391
G1 X0.800 Y-0.103
G1 X0.800 Y0.247
G1 X0.800 Y0.402
G1 X0.800 Y0.140
G1 X0.800 Y-0.594
G1 X0.800 Y-1.496
G1 X0.800 Y-1.990
G1 X0.800 Y-1.720
G1 X0.800 Y-0.884
G1 X0.800 Y-0.013
G1 X0.800 Y0.506
G1 X0.800 Y0.620
G1 X0.800 Y0.481
G1 X0.800 Y0.253
G1 X0.800 Y0.044
G1 X0.800 Y-0.088
G1 X0.800 Y-0.127
G1 X0.800 Y-0.070
G1 X0.800 Y0.072
G1 X0.800 Y0.299
G1 X0.800 Y0.611
G1 X0.800 Y0.978
G1 X0.800 Y1.266
G1 X0.800 Y1.225
G1 X0.800 Y0.634
G1 X0.800 Y-0.422
G1 X0.800 Y-1.447
G1 X0.800 Y-1.882
G1 X0.800 Y-1.599
G1 X0.800 Y-0.952
G1 X0.800 Y-0.384
G1 X0.800 Y-0.090
G1 X0.800 Y-0.005
G1 X0.800 Y0.054
G1 X0.800 Y0.257
G1 X0.800 Y0.669
G1 X0.800 Y1.175
G1 X0.800 Y1.506
G1 X0.800 Y1.449
G1 X0.800 Y1.037
G1 X0.800 Y0.517
G1 X0.800 Y0.128
G1 X0.800 Y-0.039
G1 X0.800 Y-0.037
G1 X0.800 Y0.022
G1 X0.800 Y0.046
G1 X0.800 Y-0.007
G1 X0.800 Y-0.112
G1 X0.800 Y-0.201
G1 X0.800 Y-0.202
G1 X0.800 Y-0.093
G1 X0.800 Y0.090
G1 X0.800 Y0.250
G1 X0.800 Y0.249
G1 X0.800 Y-0.057
G1 X0.800 Y-0.694
G1 X0.800 Y-1.431
G1 X0.800 Y-1.842
G1 X0.800 Y-1.627
G1 X0.800 Y-0.925
G1 X0.800 Y-0.178
G1 X0.800 Y0.255
G1 X0.800 Y0.303
G1 X0.800 Y0.104
G1 X0.800 Y-0.156
G1 X0.800 Y-0.307
G1 X0.800 Y-0.207
G1 X0.800 Y0.187
G1 X0.800 Y0.750
G1 X0.800 Y1.215
G1 X0.800 Y1.363
G1 X0.800 Y1.177
G1 X0.800 Y0.820
G1 X0.800 Y0.468
G1 X0.800 Y0.205
G1 X0.800 Y0.019
G1 X0.800 Y-0.129
G1 X0.800 Y-0.266
G1 X0.800 Y-0.377
G1 X0.800 Y-0.425
G1 X0.800 Y-0.381
G1 X0.800 Y-0.245
G1 X0.800 Y-0.040
G1 X0.000 Y0.722
G1 X-0.800 Y-0.312
G1 X-0.800 Y-0.074
G1 X-0.800 Y0.128
G1 X-0.800 Y0.268
G1 X-0.800 Y0.328
G1 X-0.800 Y0.301
G1 X-0.800 Y0.195
G1 X-0.800 Y0.028
G1 X-0.800 Y-0.192
G1 X-0.800 Y-0.453
G1 X-0.800 Y-0.735
G1 X-0.800 Y-0.963
G1 X-0.800 Y-1.027
G1 X-0.800 Y-0.845
G1 X-0.800 Y-0.454
G1 X-0.800 Y-0.023
G1 X-0.800 Y0.256
G1 X-0.800 Y0.294
G1 X-0.800 Y0.123
G1 X-0.800 Y-0.136
G1 X-0.800 Y-0.324
G1 X-0.800 Y-0.245
G1 X-0.800 Y0.253
G1 X-0.800 Y1.097
G1 X-0.800 Y1.860
G1 X-0.800 Y1.983
G1 X-0.800 Y1.310
G1 X-0.800 Y0.264
G1 X-0.800 Y-0.551
G1 X-0.800 Y-0.854
G1 X-0.800 Y-0.732
G1 X-0.800 Y-0.410
G1 X-0.800 Y-0.052
G1 X-0.800 Y0.254
G1 X-0.800 Y0.459
G1 X-0.800 Y0.531
G1 X-0.800 Y0.472
G1 X-0.800 Y0.332
G1 X-0.800 Y0.174
G1 X-0.800 Y0.029
G1 X-0.800 Y-0.128
G1 X-0.800 Y-0.357
G1 X-0.800 Y-0.692
G1 X-0.800 Y-1.079
G1 X-0.800 Y-1.346
G1 X-0.800 Y-1.316
G1 X-0.800 Y-0.963
G1 X-0.800 Y-0.465
G1 X-0.800 Y-0.071
G1 X-0.800 Y0.083
G1 X-0.800 Y0.032
G1 X-0.800 Y-0.074
G1 X-0.800 Y-0.039
G1 X-0.800 Y0.317
G1 X-0.800 Y1.018
G1 X-0.800 Y1.761
G1 X-0.800 Y2.001
G1 X-0.800 Y1.402
G1 X-0.800 Y0.230
G1 X-0.800 Y-0.850
G1 X-0.800 Y-1.360
G1 X-0.800 Y-1.307
G1 X-0.800 Y-0.965
G1 X-0.800 Y-0.592
G1 X-0.800 Y-0.300
G1 X-0.800 Y-0.105
G1 X-0.800 Y0.004
G1 X-0.800 Y0.035
G1 X-0.800 Y-0.016
G1 X-0.800 Y-0.138
G1 X-0.800 Y-0.299
G1 X-0.800 Y-0.415
G1 X-0.800 Y-0.362
G1 X-0.800 Y0.002
G1 X-0.800 Y0.703
G1 X-0.800 Y1.506
G1 X-0.800 Y1.944
G1 X-0.800 Y1.672
G1 X-0.800 Y0.833
G1 X-0.800 Y-0.042
G1 X-0.800 Y-0.507
G1 X-0.800 Y-0.481
G1 X-0.800 Y-0.133
G1 X-0.800 Y0.304
G1 X-0.800 Y0.580
G1 X-0.800 Y0.351
G1 X-0.800 Y-0.650
G1 X-0.800 Y-2.068
G1 X-0.800 Y-2.674
G1 X-0.800 Y-1.400
G1 X-0.800 Y1.054
G1 X-0.800 Y2.639
G1 X-0.800 Y2.280
G1 X-0.800 Y0.816
G1 X-0.800 Y-0.405
G1 X-0.800 Y-0.834
G1 X-0.800 Y-0.665
G1 X-0.800 Y-0.250
G1 X-0.800 Y0.192
G1 X-0.800 Y0.539
G1 X-0.800 Y0.692
G1 X-0.800 Y0.561
G1 X-0.800 Y0.166
G1 X-0.800 Y-0.342
G1 X-0.800 Y-0.740
G1 X-0.800 Y-0.890
G1 X-0.800 Y-0.792
G1 X-0.800 Y-0.542
G1 X-0.800 Y-0.233
G1 X-0.800 Y0.080
G1 X-0.800 Y0.370
G1 X-0.800 Y0.608
G1 X-0.800 Y0.745
G1 X-0.800 Y0.735
G1 X-0.800 Y0.578
G1 X-0.800 Y0.333
G1 X-0.800 Y0.097
G1 X-0.800 Y-0.046
G1 X-0.800 Y-0.069
G1 X-0.800 Y-0.004
G1 X-0.800 Y0.071
G1 X-0.800 Y0.046
G1 X-0.800 Y-0.199
G1 X-0.800 Y-0.726
G1 X-0.800 Y-1.431
G1 X-0.800 Y-1.947
G1 X-0.800 Y-1.782
G1 X-0.800 Y-0.712
G1 X-0.800 Y0.859
G1 X-0.800 Y2.057
G1 X-0.800 Y2.213
G1 X-0.800 Y1.392
G1 X-0.800 Y0.238
G1 X-0.800 Y-0.613
G1 X-0.800 Y-0.920
G1 X-0.800 Y-0.789
G1 X-0.800 Y-0.431
G1 X-0.800 Y0.008
G1 X-0.800 Y0.456
G1 X-0.800 Y0.835
G1 X-0.800 Y0.958
G1 X-0.800 Y0.533
G1 X-0.800 Y-0.599
G1 X-0.800 Y-2.040
G1 X-0.800 Y-2.676
G1 X-0.800 Y-1.470
G1 X-0.800 Y1.134
G1 X-0.800 Y3.020
G1 X-0.800 Y2.376
G1 X-0.800 Y-0.223
G1 X-0.800 Y-2.435
G1 X-0.800 Y-2.639
G1 X-0.800 Y-1.216
G1 X-0.800 Y0.443
G1 X-0.800 Y1.381
G1 X-0.800 Y1.506
G1 X-0.800 Y1.176
G1 X-0.800 Y0.746
G1 X-0.800 Y0.389
G1 X-0.800 Y0.128
G1 X-0.800 Y-0.074
G1 X-0.800 Y-0.256
G1 X-0.800 Y-0.430
G1 X-0.800 Y-0.585
G1 X-0.800 Y-0.691
G1 X-0.800 Y-0.719
G1 X-0.800 Y-0.670
G1 X-0.800 Y-0.559
G1 X-0.800 Y-0.417
G1 X-0.800 Y-0.273
G1 X-0.800 Y-0.144
G1 X-0.800 Y-0.030
G1 X-0.800 Y0.075
G1 X-0.800 Y0.176
G1 X-0.800 Y0.272
G1 X-0.800 Y0.354
G1 X-0.800 Y0.407
G1 X-0.800 Y0.416
G1 X-0.800 Y0.378
G1 X-0.800 Y0.289
G1 X0.000 Y3.034
G1 X0.800 Y-0.275
G1 X0.800 Y-0.366
G1 X0.800 Y-0.419
G1 X0.800 Y-0.426
G1 X0.800 Y-0.382
G1 X0.800 Y-0.295
G1 X0.800 Y-0.176
G1 X0.800 Y-0.037
G1 X0.800 Y0.113
G1 X0.800 Y0.268
G1 X0.800 Y0.413
G1 X0.800 Y0.530
G1 X0.800 Y0.595
G1 X0.800 Y0.590
G1 X0.800 Y0.515
G1 X0.800 Y0.389
G1 X0.800 Y0.251
G1 X0.800 Y0.128
G1 X0.800 Y0.030
G1 X0.800 Y-0.072
G1 X0.800 Y-0.239
G1 X0.800 Y-0.550
G1 X0.800 Y-1.042
G1 X0.800 Y-1.594
G1 X0.800 Y-1.832
G1 X0.800 Y-1.200
G1 X0.800 Y0.503
G1 X0.800 Y2.442
G1 X0.800 Y2.869
G1 X0.800 Y0.833
G1 X0.800 Y-2.159
G1 X0.800 Y-3.223
G1 X0.800 Y-1.327
G1 X0.800 Y1.534
G1 X0.800 Y2.819
G1 X0.800 Y2.014
G1 X0.800 Y0.380
G1 X0.800 Y-0.799
G1 X0.800 Y-1.152
G1 X0.800 Y-0.935
G1 X0.800 Y-0.497
G1 X0.800 Y-0.023
G1 X0.800 Y0.437
G1 X0.800 Y0.840
G1 X0.800 Y1.065
G1 X0.800 Y0.890
G1 X0.800 Y0.161
G1 X0.800 Y-0.975
G1 X0.800 Y-1.972
G1 X0.800 Y-2.186
G1 X0.800 Y-1.403
G1 X0.800 Y-0.059
G1 X0.800 Y1.115
G1 X0.800 Y1.641
G1 X0.800 Y1.533
G1 X0.800 Y1.096
G1 X0.800 Y0.636
G1 X0.800 Y0.304
G1 X0.800 Y0.110
G1 X0.800 Y-0.006
G1 X0.800 Y-0.108
G1 X0.800 Y-0.234
G1 X0.800 Y-0.385
G1 X0.800 Y-0.519
G1 X0.800 Y-0.590
G1 X0.800 Y-0.561
G1 X0.800 Y-0.432
G1 X0.800 Y-0.223
G1 X0.800 Y0.038
G1 X0.800 Y0.329
G1 X0.800 Y0.612
G1 X0.800 Y0.821
G1 X0.800 Y0.837
G1 X0.800 Y0.559
G1 X0.800 Y0.000
G1 X0.800 Y-0.654
G1 X0.800 Y-1.121
G1 X0.800 Y-1.226
G1 X0.800 Y-0.998
G1 X0.800 Y-0.599
G1 X0.800 Y-0.156
G1 X0.800 Y0.321
G1 X0.800 Y0.873
G1 X0.800 Y1.419
G1 X0.800 Y1.552
G1 X0.800 Y0.661
G1 X0.800 Y-1.272
G1 X0.800 Y-2.885
G1 X0.800 Y-2.358
G1 X0.800 Y0.191
G1 X0.800 Y2.419
G1 X0.800 Y2.577
G1 X0.800 Y1.244
G1 X0.800 Y-0.056
G1 X0.800 Y-0.573
G1 X0.800 Y-0.436
G1 X0.800 Y-0.024
G1 X0.800 Y0.378
G1 X0.800 Y0.539
G1 X0.800 Y0.265
G1 X0.800 Y-0.470
G1 X0.800 Y-1.353
G1 X0.800 Y-1.866
G1 X0.800 Y-1.713
G1 X0.800 Y-1.060
G1 X0.800 Y-0.335
G1 X0.800 Y0.146
G1 X0.800 Y0.323
G1 X0.800 Y0.290
G1 X0.800 Y0.173
G1 X0.800 Y0.061
G1 X0.800 Y0.005
G1 X0.800 Y0.016
G1 X0.800 Y0.103
G1 X0.800 Y0.269
G1 X0.800 Y0.535
G1 X0.800 Y0.901
G1 X0.800 Y1.279
G1 X0.800 Y1.440
G1 X0.800 Y1.068
G1 X0.800 Y0.059
G1 X0.800 Y-1.208
G1 X0.800 Y-2.015
G1 X0.800 Y-1.927
G1 X0.800 Y-1.172
G1 X0.800 Y-0.347
G1 X0.800 Y0.132
G1 X0.800 Y0.211
G1 X0.800 Y0.055
G1 X0.800 Y-0.139
G1 X0.800 Y-0.202
G1 X0.800 Y-0.036
G1 X0.800 Y0.350
G1 X0.800 Y0.794
G1 X0.800 Y1.085
G1 X0.800 Y1.100
G1 X0.800 Y0.881
G1 X0.800 Y0.560
G1 X0.800 Y0.236
G1 X0.800 Y-0.055
G1 X0.800 Y-0.320
G1 X0.800 Y-0.549
G1 X0.800 Y-0.700
G1 X0.800 Y-0.720
G1 X0.800 Y-0.602
G1 X0.800 Y-0.383
G1 X0.800 Y-0.109
G1 X0.800 Y0.213
G1 X0.800 Y0.612
G1 X0.800 Y1.073
G1 X0.800 Y1.431
G1 X0.800 Y1.340
G1 X0.800 Y0.539
G1 X0.800 Y-0.768
G1 X0.800 Y-1.852
G1 X0.800 Y-2.071
G1 X0.800 Y-1.463
G1 X0.800 Y-0.597
G1 X0.800 Y0.007
G1 X0.800 Y0.210
G1 X0.800 Y0.128
G1 X0.800 Y-0.050
G1 X0.800 Y-0.173
G1 X0.800 Y-0.152
G1 X0.800 Y0.030
G1 X0.800 Y0.298
G1 X0.800 Y0.534
G1 X0.800 Y0.637
G1 X0.800 Y0.589
G1 X0.800 Y0.429
G1 X0.800 Y0.223
G1 X0.800 Y0.023
G1 X0.800 Y-0.134
G1 X0.800 Y-0.225
G1 X0.800 Y-0.235
G1 X0.800 Y-0.170
G1 X0.800 Y-0.038
G1 X0.800 Y0.149
G1 X0.800 Y0.388
G1 X0.800 Y0.663
G1 X0.000 Y0.357
G1 X-0.800 Y-0.907
G1 X-0.800 Y-0.546
G1 X-0.800 Y-0.271
G1 X-0.800 Y-0.091
G1 X-0.800 Y0.032
G1 X-0.800 Y0.122
G1 X-0.800 Y0.184
G1 X-0.800 Y0.200
G1 X-0.800 Y0.156
G1 X-0.800 Y0.055
G1 X-0.800 Y-0.079
G1 X-0.800 Y-0.211
G1 X-0.800 Y-0.299
G1 X-0.800 Y-0.309
G1 X-0.800 Y-0.236
G1 X-0.800 Y-0.118
G1 X-0.800 Y-0.014
G1 X-0.800 Y0.025
G1 X-0.800 Y-0.001
G1 X-0.800 Y-0.026
G1 X-0.800 Y0.073
G1 X-0.800 Y0.436
G1 X-0.800 Y1.093
G1 X-0.800 Y1.794
G1 X-0.800 Y1.999
G1 X-0.800 Y1.277
G1 X-0.800 Y-0.144
G1 X-0.800 Y-1.434
G1 X-0.800 Y-1.902
G1 X-0.800 Y-1.574
G1 X-0.800 Y-0.939
G1 X-0.800 Y-0.418
G1 X-0.800 Y-0.132
G1 X-0.800 Y0.005
G1 X-0.800 Y0.125
G1 X-0.800 Y0.305
G1 X-0.800 Y0.532
G1 X-0.800 Y0.713
G1 X-0.800 Y0.760
G1 X-0.800 Y0.645
G1 X-0.800 Y0.404
G1 X-0.800 Y0.097
G1 X-0.800 Y-0.233
G1 X-0.800 Y-0.556
G1 X-0.800 Y-0.807
G1 X-0.800 Y-0.895
G1 X-0.800 Y-0.749
G1 X-0.800 Y-0.413
G1 X-0.800 Y-0.040
G1 X-0.800 Y0.194
G1 X-0.800 Y0.213
G1 X-0.800 Y0.055
G1 X-0.800 Y-0.156
G1 X-0.800 Y-0.252
G1 X-0.800 Y-0.041
G1 X-0.800 Y0.588
G1 X-0.800 Y1.463
G1 X-0.800 Y2.059
G1 X-0.800 Y1.843
G1 X-0.800 Y0.803
G1 X-0.800 Y-0.459
G1 X-0.800 Y-1.281
G1 X-0.800 Y-1.451
G1 X-0.800 Y-1.181
G1 X-0.800 Y-0.783
G1 X-0.800 Y-0.443
G1 X-0.800 Y-0.208
G1 X-0.800 Y-0.068
G1 X-0.800 Y-0.001
G1 X-0.800 Y-0.003
G1 X-0.800 Y-0.068
G1 X-0.800 Y-0.179
G1 X-0.800 Y-0.284
G1 X-0.800 Y-0.290
G1 X-0.800 Y-0.076
G1 X-0.800 Y0.426
G1 X-0.800 Y1.126
G1 X-0.800 Y1.705
G1 X-0.800 Y1.786
G1 X-0.800 Y1.270
G1 X-0.800 Y0.464
G1 X-0.800 Y-0.170
G1 X-0.800 Y-0.382
G1 X-0.800 Y-0.218
G1 X-0.800 Y0.128
G1 X-0.800 Y0.396
G1 X-0.800 Y0.250
G1 X-0.800 Y-0.627
G1 X-0.800 Y-2.033
G1 X-0.800 Y-2.752
G1 X-0.800 Y-1.386
G1 X-0.800 Y1.501
G1 X-0.800 Y3.186
G1 X-0.800 Y2.014
G1 X-0.800 Y-0.531
G1 X-0.800 Y-2.082
G1 X-0.800 Y-2.026
G1 X-0.800 Y-1.226
G1 X-0.800 Y-0.519
G1 X-0.800 Y-0.141
G1 X-0.800 Y0.058
G1 X-0.800 Y0.303
G1 X-0.800 Y0.721
G1 X-0.800 Y1.252
G1 X-0.800 Y1.628
G1 X-0.800 Y1.549
G1 X-0.800 Y0.952
G1 X-0.800 Y0.098
G1 X-0.800 Y-0.622
G1 X-0.800 Y-0.974
G1 X-0.800 Y-0.966
G1 X-0.800 Y-0.743
G1 X-0.800 Y-0.451
G1 X-0.800 Y-0.168
G1 X-0.800 Y0.075
G1 X-0.800 Y0.271
G1 X-0.800 Y0.409
G1 X-0.800 Y0.473
G1 X-0.800 Y0.457
G1 X-0.800 Y0.370
G1 X-0.800 Y0.231
G1 X-0.800 Y0.057
G1 X-0.800 Y-0.152
G1 X-0.800 Y-0.409
G1 X-0.800 Y-0.717
G1 X-0.800 Y-1.033
G1 X-0.800 Y-1.229
G1 X-0.800 Y-1.107
G1 X-0.800 Y-0.508
G1 X-0.800 Y0.501
G1 X-0.800 Y1.533
G1 X-0.800 Y2.057
G1 X-0.800 Y1.777
G1 X-0.800 Y0.874
G1 X-0.800 Y-0.136
G1 X-0.800 Y-0.801
G1 X-0.800 Y-0.979
G1 X-0.800 Y-0.783
G1 X-0.800 Y-0.403
G1 X-0.800 Y0.046
G1 X-0.800 Y0.511
G1 X-0.800 Y0.920
G1 X-0.800 Y1.068
G1 X-0.800 Y0.610
G1 X-0.800 Y-0.655
G1 X-0.800 Y-2.231
G1 X-0.800 Y-2.762
G1 X-0.800 Y-1.133
G1 X-0.800 Y1.784
G1 X-0.800 Y3.281
G1 X-0.800 Y1.716
G1 X-0.800 Y-1.357
G1 X-0.800 Y-3.000
G1 X-0.800 Y-2.140
G1 X-0.800 Y-0.088
G1 X-0.800 Y1.448
G1 X-0.800 Y1.854
G1 X-0.800 Y1.492
G1 X-0.800 Y0.917
G1 X-0.800 Y0.459
G1 X-0.800 Y0.186
G1 X-0.800 Y0.043
G1 X-0.800 Y-0.051
G1 X-0.800 Y-0.152
G1 X-0.800 Y-0.278
G1 X-0.800 Y-0.414
G1 X-0.800 Y-0.526
G1 X-0.800 Y-0.580
G1 X-0.800 Y-0.561
G1 X-0.800 Y-0.478
G1 X-0.800 Y-0.349
G1 X-0.800 Y-0.199
G1 X-0.800 Y-0.044
G1 X-0.800 Y0.103
G1 X-0.800 Y0.233
G1 X-0.800 Y0.336
G1 X-0.800 Y0.398
G1 X-0.800 Y0.410
G1 X-0.800 Y0.372
G1 X-0.800 Y0.291
G1 X0.000 Y-0.606
G1 X0.800 Y-0.362
G1 X0.800 Y-0.406
G1 X0.800 Y-0.396
G1 X0.800 Y-0.336
G1 X0.800 Y-0.245
G1 X0.800 Y-0.135
G1 X0.800 Y-0.012
G1 X0.800 Y0.118
G1 X0.800 Y0.261
G1 X0.800 Y0.411
G1 X0.800 Y0.553
G1 X0.800 Y0.658
G1 X0.800 Y0.698
G1 X0.800 Y0.655
G1 X0.800 Y0.541
G1 X0.800 Y0.382
G1 X0.800 Y0.209
G1 X0.800 Y0.031
G1 X0.800 Y-0.174
G1 X0.800 Y-0.458
G1 X0.800 Y-0.860
G1 X0.800 Y-1.326
G1 X0.800 Y-1.616
G1 X0.800 Y-1.286
G1 X0.800 Y-0.005
G1 X0.800 Y1.845
G1 X0.800 Y2.896
G1 X0.800 Y1.800
G1 X0.800 Y-0.995
G1 X0.800 Y-3.054
G1 X0.800 Y-2.427
G1 X0.800 Y0.151
G1 X0.800 Y2.270
G1 X0.800 Y2.517
G1 X0.800 Y1.392
G1 X0.800 Y0.110
G1 X0.800 Y-0.603
G1 X0.800 Y-0.709
G1 X0.800 Y-0.458
G1 X0.800 Y-0.077
G1 X0.800 Y0.304
G1 X0.800 Y0.584
G1 X0.800 Y0.650
G1 X0.800 Y0.379
G1 X0.800 Y-0.249
G1 X0.800 Y-1.052
G1 X0.800 Y-1.677
G1 X0.800 Y-1.802
G1 X0.800 Y-1.369
G1 X0.800 Y-0.610
G1 X0.800 Y0.124
G1 X0.800 Y0.596
G1 X0.800 Y0.751
G1 X0.800 Y0.674
G1 X0.800 Y0.474
G1 X0.800 Y0.241
G1 X0.800 Y0.021
G1 X0.800 Y-0.158
G1 X0.800 Y-0.283
G1 X0.800 Y-0.341
G1 X0.800 Y-0.330
G1 X0.800 Y-0.257
G1 X0.800 Y-0.138
G1 X0.800 Y0.020
G1 X0.800 Y0.226
G1 X0.800 Y0.495
G1 X0.800 Y0.830
G1 X0.800 Y1.163
G1 X0.800 Y1.317
G1 X0.800 Y1.055
G1 X0.800 Y0.251
G1 X0.800 Y-0.882
G1 X0.800 Y-1.792
G1 X0.800 Y-1.986
G1 X0.800 Y-1.442
G1 X0.800 Y-0.612
G1 X0.800 Y0.010
G1 X0.800 Y0.213
G1 X0.800 Y0.086
G1 X0.800 Y-0.150
G1 X0.800 Y-0.200
G1 X0.800 Y0.262
G1 X0.800 Y1.373
G1 X0.800 Y2.522
G1 X0.800 Y2.284
G1 X0.800 Y-0.077
G1 X0.800 Y-2.787
G1 X0.800 Y-2.959
G1 X0.800 Y-0.417
G1 X0.800 Y2.081
G1 X0.800 Y2.550
G1 X0.800 Y1.529
G1 X0.800 Y0.427
G1 X0.800 Y-0.084
G1 X0.800 Y-0.097
G1 X0.800 Y0.066
G1 X0.800 Y0.116
G1 X0.800 Y-0.143
G1 X0.800 Y-0.727
G1 X0.800 Y-1.392
G1 X0.800 Y-1.745
G1 X0.800 Y-1.556
G1 X0.800 Y-0.951
G1 X0.800 Y-0.282
G1 X0.800 Y0.171
G1 X0.800 Y0.338
G1 X0.800 Y0.299
G1 X0.800 Y0.172
G1 X0.800 Y0.041
G1 X0.800 Y-0.038
G1 X0.800 Y-0.052
G1 X0.800 Y0.002
G1 X0.800 Y0.121
G1 X0.800 Y0.318
G1 X0.800 Y0.618
G1 X0.800 Y1.008
G1 X0.800 Y1.368
G1 X0.800 Y1.434
G1 X0.800 Y0.918
G1 X0.800 Y-0.178
G1 X0.800 Y-1.374
G1 X0.800 Y-2.004
G1 X0.800 Y-1.790
G1 X0.800 Y-1.048
G1 X0.800 Y-0.320
G1 X0.800 Y0.079
G1 X0.800 Y0.141
G1 X0.800 Y0.021
G1 X0.800 Y-0.110
G1 X0.800 Y-0.122
G1 X0.800 Y0.042
G1 X0.800 Y0.339
G1 X0.800 Y0.633
G1 X0.800 Y0.781
G1 X0.800 Y0.725
G1 X0.800 Y0.502
G1 X0.800 Y0.191
G1 X0.800 Y-0.147
G1 X0.800 Y-0.466
G1 X0.800 Y-0.703
G1 X0.800 Y-0.785
G1 X0.800 Y-0.661
G1 X0.800 Y-0.380
G1 X0.800 Y-0.080
G1 X0.800 Y0.097
G1 X0.800 Y0.099
G1 X0.800 Y-0.021
G1 X0.800 Y-0.127
G1 X0.800 Y-0.032
G1 X0.800 Y0.426
G1 X0.800 Y1.222
G1 X0.800 Y1.961
G1 X0.800 Y2.017
G1 X0.800 Y1.101
G1 X0.800 Y-0.331
G1 X0.800 Y-1.437
G1 X0.800 Y-1.750
G1 X0.800 Y-1.426
G1 X0.800 Y-0.893
G1 X0.800 Y-0.454
G1 X0.800 Y-0.189
G1 X0.800 Y-0.048
G1 X0.800 Y0.033
G1 X0.800 Y0.094
G1 X0.800 Y0.136
G1 X0.800 Y0.139
G1 X0.800 Y0.097
G1 X0.800 Y0.012
G1 X0.800 Y-0.085
G1 X0.800 Y-0.162
G1 X0.800 Y-0.193
G1 X0.800 Y-0.163
G1 X0.800 Y-0.097
G1 X0.800 Y-0.029
G1 X0.800 Y0.002
G1 X0.800 Y-0.001
G1 X0.800 Y0.006
G1 X0.800 Y0.113
G1 X0.800 Y0.413
G1 X0.800 Y0.922
G1 X0.000 Y0.442
G1 X-0.800 Y-0.645
G1 X-0.800 Y0.012
G1 X-0.800 Y0.282
G1 X-0.800 Y0.239
G1 X-0.800 Y0.053
G1 X-0.800 Y-0.135
G1 X-0.800 Y-0.234
G1 X-0.800 Y-0.205
G1 X-0.800 Y-0.063
G1 X-0.800 Y0.120
G1 X-0.800 Y0.266
G1 X-0.800 Y0.325
G1 X-0.800 Y0.297
G1 X-0.800 Y0.215
G1 X-0.800 Y0.121
G1 X-0.800 Y0.056
G1 X-0.800 Y0.038
G1 X-0.800 Y0.086
G1 X-0.800 Y0.206
G1 X-0.800 Y0.406
G1 X-0.800 Y0.693
G1 X-0.800 Y1.024
G1 X-0.800 Y1.265
G1 X-0.800 Y1.169
G1 X-0.800 Y0.511
G1 X-0.800 Y-0.625
G1 X-0.800 Y-1.712
G1 X-0.800 Y-2.108
G1 X-0.800 Y-1.625
G1 X-0.800 Y-0.693
G1 X-0.800 Y0.089
G1 X-0.800 Y0.419
G1 X-0.800 Y0.352
G1 X-0.800 Y0.081
G1 X-0.800 Y-0.211
G1 X-0.800 Y-0.381
G1 X-0.800 Y-0.325
G1 X-0.800 Y-0.018
G1 X-0.800 Y0.423
G1 X-0.800 Y0.794
G1 X-0.800 Y0.931
G1 X-0.800 Y0.814
G1 X-0.800 Y0.533
G1 X-0.800 Y0.192
G1 X-0.800 Y-0.155
G1 X-0.800 Y-0.472
G1 X-0.800 Y-0.717
G1 X-0.800 Y-0.820
G1 X-0.800 Y-0.738
G1 X-0.800 Y-0.510
G1 X-0.800 Y-0.248
G1 X-0.800 Y-0.067
G1 X-0.800 Y-0.002
G1 X-0.800 Y0.001
G1 X-0.800 Y0.069
G1 X-0.800 Y0.342
G1 X-0.800 Y0.877
G1 X-0.800 Y1.519
G1 X-0.800 Y1.869
G1 X-0.800 Y1.549
G1 X-0.800 Y0.573
G1 X-0.800 Y-0.564
G1 X-0.800 Y-1.303
G1 X-0.800 Y-1.446
G1 X-0.800 Y-1.171
G1 X-0.800 Y-0.769
G1 X-0.800 Y-0.420
G1 X-0.800 Y-0.171
G1 X-0.800 Y-0.005
G1 X-0.800 Y0.101
G1 X-0.800 Y0.150
G1 X-0.800 Y0.128
G1 X-0.800 Y0.029
G1 X-0.800 Y-0.132
G1 X-0.800 Y-0.314
G1 X-0.800 Y-0.435
G1 X-0.800 Y-0.384
G1 X-0.800 Y-0.058
G1 X-0.800 Y0.535
G1 X-0.800 Y1.196
G1 X-0.800 Y1.596
G1 X-0.800 Y1.529
G1 X-0.800 Y1.082
G1 X-0.800 Y0.554
G1 X-0.800 Y0.191
G1 X-0.800 Y0.023
G1 X-0.800 Y-0.112
G1 X-0.800 Y-0.476
G1 X-0.800 Y-1.243
G1 X-0.800 Y-2.140
G1 X-0.800 Y-2.187
G1 X-0.800 Y-0.423
G1 X-0.800 Y2.306
G1 X-0.800 Y3.240
G1 X-0.800 Y1.027
G1 X-0.800 Y-2.028
G1 X-0.800 Y-2.944
G1 X-0.800 Y-1.621
G1 X-0.800 Y0.059
G1 X-0.800 Y0.858
G1 X-0.800 Y0.789
G1 X-0.800 Y0.315
G1 X-0.800 Y-0.245
G1 X-0.800 Y-0.702
G1 X-0.800 Y-0.833
G1 X-0.800 Y-0.379
G1 X-0.800 Y0.694
G1 X-0.800 Y1.881
G1 X-0.800 Y2.337
G1 X-0.800 Y1.612
G1 X-0.800 Y0.147
G1 X-0.800 Y-1.154
G1 X-0.800 Y-1.705
G1 X-0.800 Y-1.552
G1 X-0.800 Y-1.076
G1 X-0.800 Y-0.608
G1 X-0.800 Y-0.287
G1 X-0.800 Y-0.109
G1 X-0.800 Y-0.015
G1 X-0.800 Y0.050
G1 X-0.800 Y0.112
G1 X-0.800 Y0.169
G1 X-0.800 Y0.201
G1 X-0.800 Y0.187
G1 X-0.800 Y0.119
G1 X-0.800 Y0.001
G1 X-0.800 Y-0.140
G1 X-0.800 Y-0.268
G1 X-0.800 Y-0.325
G1 X-0.800 Y-0.242
G1 X-0.800 Y0.031
G1 X-0.800 Y0.485
G1 X-0.800 Y1.011
G1 X-0.800 Y1.416
G1 X-0.800 Y1.515
G1 X-0.800 Y1.260
G1 X-0.800 Y0.773
G1 X-0.800 Y0.271
G1 X-0.800 Y-0.069
G1 X-0.800 Y-0.179
G1 X-0.800 Y-0.102
G1 X-0.800 Y0.064
G1 X-0.800 Y0.187
G1 X-0.800 Y0.102
G1 X-0.800 Y-0.354
G1 X-0.800 Y-1.203
G1 X-0.800 Y-2.083
G1 X-0.800 Y-2.213
G1 X-0.800 Y-0.940
G1 X-0.800 Y1.311
G1 X-0.800 Y2.876
G1 X-0.800 Y2.295
G1 X-0.800 Y-0.030
G1 X-0.800 Y-2.153
G1 X-0.800 Y-2.592
G1 X-0.800 Y-1.517
G1 X-0.800 Y-0.062
G1 X-0.800 Y0.887
G1 X-0.800 Y1.152
G1 X-0.800 Y0.970
G1 X-0.800 Y0.625
G1 X-0.800 Y0.272
G1 X-0.800 Y-0.040
G1 X-0.800 Y-0.308
G1 X-0.800 Y-0.526
G1 X-0.800 Y-0.671
G1 X-0.800 Y-0.718
G1 X-0.800 Y-0.657
G1 X-0.800 Y-0.514
G1 X-0.800 Y-0.338
G1 X-0.800 Y-0.179
G1 X-0.800 Y-0.070
G1 X-0.800 Y-0.016
G1 X-0.800 Y-0.001
G1 X-0.800 Y0.001
G1 X-0.800 Y0.013
G1 X-0.800 Y0.049
G1 X-0.800 Y0.107
G1 X-0.800 Y0.171
G1 X-0.800 Y0.214
G1 X0.000 Y1.221
G1 X0.800 Y0.339
G1 X0.800 Y0.389
G1 X0.800 Y0.378
G1 X0.800 Y0.302
G1 X0.800 Y0.170
G1 X0.800 Y0.001
G1 X0.800 Y-0.182
G1 X0.800 Y-0.352
G1 X0.800 Y-0.471
G1 X0.800 Y-0.503
G1 X0.800 Y-0.416
G1 X0.800 Y-0.217
G1 X0.800 Y0.049
G1 X0.800 Y0.296
G1 X0.800 Y0.447
G1 X0.800 Y0.460
G1 X0.800 Y0.335
G1 X0.800 Y0.112
G1 X0.800 Y-0.165
G1 X0.800 Y-0.434
G1 X0.800 Y-0.588
G1 X0.800 Y-0.468
G1 X0.800 Y0.092
G1 X0.800 Y1.079
G1 X0.800 Y2.069
G1 X0.800 Y2.292
G1 X0.800 Y1.195
G1 X0.800 Y-0.808
G1 X0.800 Y-2.399
G1 X0.800 Y-2.462
G1 X0.800 Y-1.103
G1 X0.800 Y0.581
G1 X0.800 Y1.597
G1 X0.800 Y1.716
G1 X0.800 Y1.294
G1 X0.800 Y0.766
G1 X0.800 Y0.365
G1 X0.800 Y0.118
G1 X0.800 Y-0.049
G1 X0.800 Y-0.222
G1 X0.800 Y-0.457
G1 X0.800 Y-0.741
G1 X0.800 Y-1.004
G1 X0.800 Y-1.147
G1 X0.800 Y-1.101
G1 X0.800 Y-0.877
G1 X0.800 Y-0.558
G1 X0.800 Y-0.252
G1 X0.800 Y-0.038
G1 X0.800 Y0.062
G1 X0.800 Y0.068
G1 X0.800 Y0.021
G1 X0.800 Y-0.034
G1 X0.800 Y-0.063
G1 X0.800 Y-0.050
G1 X0.800 Y-0.001
G1 X0.800 Y0.057
G1 X0.800 Y0.092
G1 X0.800 Y0.078
G1 X0.800 Y0.011
G1 X0.800 Y-0.079
G1 X0.800 Y-0.126
G1 X0.800 Y-0.020
G1 X0.800 Y0.359
G1 X0.800 Y1.048
G1 X0.800 Y1.827
G1 X0.800 Y2.127
G1 X0.800 Y1.342
G1 X0.800 Y-0.463
G1 X0.800 Y-2.205
G1 X0.800 Y-2.581
G1 X0.800 Y-1.396
G1 X0.800 Y0.284
G1 X0.800 Y1.314
G1 X0.800 Y1.409
G1 X0.800 Y0.948
G1 X0.800 Y0.341
G1 X0.800 Y-0.277
G1 X0.800 Y-0.929
G1 X0.800 Y-1.480
G1 X0.800 Y-1.401
G1 X0.800 Y-0.065
G1 X0.800 Y2.135
G1 X0.800 Y3.145
G1 X0.800 Y1.275
G1 X0.800 Y-1.961
G1 X0.800 Y-3.207
G1 X0.800 Y-1.589
G1 X0.800 Y0.746
G1 X0.800 Y1.852
G1 X0.800 Y1.664
G1 X0.800 Y0.998
G1 X0.800 Y0.407
G1 X0.800 Y-0.030
G1 X0.800 Y-0.430
G1 X0.800 Y-0.868
G1 X0.800 Y-1.257
G1 X0.800 Y-1.393
G1 X0.800 Y-1.128
G1 X0.800 Y-0.545
G1 X0.800 Y0.083
G1 X0.800 Y0.498
G1 X0.800 Y0.615
G1 X0.800 Y0.501
G1 X0.800 Y0.275
G1 X0.800 Y0.034
G1 X0.800 Y-0.162
G1 X0.800 Y-0.280
G1 X0.800 Y-0.306
G1 X0.800 Y-0.251
G1 X0.800 Y-0.139
G1 X0.800 Y0.012
G1 X0.800 Y0.213
G1 X0.800 Y0.496
G1 X0.800 Y0.874
G1 X0.800 Y1.264
G1 X0.800 Y1.454
G1 X0.800 Y1.185
G1 X0.800 Y0.391
G1 X0.800 Y-0.635
G1 X0.800 Y-1.399
G1 X0.800 Y-1.594
G1 X0.800 Y-1.302
G1 X0.800 Y-0.827
G1 X0.800 Y-0.414
G1 X0.800 Y-0.132
G1 X0.800 Y0.072
G1 X0.800 Y0.281
G1 X0.800 Y0.523
G1 X0.800 Y0.759
G1 X0.800 Y0.894
G1 X0.800 Y0.864
G1 X0.800 Y0.683
G1 X0.800 Y0.416
G1 X0.800 Y0.122
G1 X0.800 Y-0.189
G1 X0.800 Y-0.533
G1 X0.800 Y-0.892
G1 X0.800 Y-1.162
G1 X0.800 Y-1.180
G1 X0.800 Y-0.856
G1 X0.800 Y-0.292
G1 X0.800 Y0.247
G1 X0.800 Y0.531
G1 X0.800 Y0.498
G1 X0.800 Y0.237
G1 X0.800 Y-0.124
G1 X0.800 Y-0.452
G1 X0.800 Y-0.585
G1 X0.800 Y-0.348
G1 X0.800 Y0.328
G1 X0.800 Y1.220
G1 X0.800 Y1.852
G1 X0.800 Y1.836
G1 X0.800 Y1.205
G1 X0.800 Y0.354
G1 X0.800 Y-0.311
G1 X0.800 Y-0.633
G1 X0.800 Y-0.670
G1 X0.800 Y-0.561
G1 X0.800 Y-0.423
G1 X0.800 Y-0.321
G1 X0.800 Y-0.284
G1 X0.800 Y-0.321
G1 X0.800 Y-0.419
G1 X0.800 Y-0.554
G1 X0.800 Y-0.675
G1 X0.800 Y-0.714
G1 X0.800 Y-0.596
G1 X0.800 Y-0.302
G1 X0.800 Y0.095
G1 X0.800 Y0.445
G1 X0.800 Y0.610
G1 X0.800 Y0.535
G1 X0.800 Y0.270
G1 X0.800 Y-0.105
G1 X0.800 Y-0.487
G1 X0.800 Y-0.726
G1 X0.800 Y-0.585
G1 X0.800 Y0.129
G1 X0.000 Y1.008
G1 X-0.800 Y0.475
G1 X-0.800 Y1.108
G1 X-0.800 Y1.044
G1 X-0.800 Y0.620
G1 X-0.800 Y0.108
G1 X-0.800 Y-0.383
G1 X-0.800 Y-0.792
G1 X-0.800 Y-0.999
G1 X-0.800 Y-0.855
G1 X-0.800 Y-0.330
G1 X-0.800 Y0.386
G1 X-0.800 Y0.980
G1 X-0.800 Y1.243
G1 X-0.800 Y1.181
G1 X-0.800 Y0.934
G1 X-0.800 Y0.658
G1 X-0.800 Y0.435
G1 X-0.800 Y0.291
G1 X-0.800 Y0.213
G1 X-0.800 Y0.183
G1 X-0.800 Y0.167
G1 X-0.800 Y0.116
G1 X-0.800 Y-0.031
G1 X-0.800 Y-0.332
G1 X-0.800 Y-0.791
G1 X-0.800 Y-1.293
G1 X-0.800 Y-1.604
G1 X-0.800 Y-1.503
G1 X-0.800 Y-0.971
G1 X-0.800 Y-0.257
G1 X-0.800 Y0.307
G1 X-0.800 Y0.530
G1 X-0.800 Y0.431
G1 X-0.800 Y0.138
G1 X-0.800 Y-0.207
G1 X-0.800 Y-0.473
G1 X-0.800 Y-0.514
G1 X-0.800 Y-0.215
G1 X-0.800 Y0.400
G1 X-0.800 Y1.082
G1 X-0.800 Y1.489
G1 X-0.800 Y1.456
G1 X-0.800 Y1.089
G1 X-0.800 Y0.642
G1 X-0.800 Y0.297
G1 X-0.800 Y0.085
G1 X-0.800 Y-0.061
G1 X-0.800 Y-0.223
G1 X-0.800 Y-0.438
G1 X-0.800 Y-0.668
G1 X-0.800 Y-0.820
G1 X-0.800 Y-0.822
G1 X-0.800 Y-0.667
G1 X-0.800 Y-0.406
G1 X-0.800 Y-0.091
G1 X-0.800 Y0.255
G1 X-0.800 Y0.632
G1 X-0.800 Y0.985
G1 X-0.800 Y1.174
G1 X-0.800 Y1.004
G1 X-0.800 Y0.404
G1 X-0.800 Y-0.441
G1 X-0.800 Y-1.151
G1 X-0.800 Y-1.439
G1 X-0.800 Y-1.294
G1 X-0.800 Y-0.921
G1 X-0.800 Y-0.536
G1 X-0.800 Y-0.238
G1 X-0.800 Y-0.022
G1 X-0.800 Y0.154
G1 X-0.800 Y0.319
G1 X-0.800 Y0.457
G1 X-0.800 Y0.527
G1 X-0.800 Y0.494
G1 X-0.800 Y0.356
G1 X-0.800 Y0.131
G1 X-0.800 Y-0.150
G1 X-0.800 Y-0.451
G1 X-0.800 Y-0.718
G1 X-0.800 Y-0.846
G1 X-0.800 Y-0.724
G1 X-0.800 Y-0.307
G1 X-0.800 Y0.279
G1 X-0.800 Y0.778
G1 X-0.800 Y0.978
G1 X-0.800 Y0.845
G1 X-0.800 Y0.480
G1 X-0.800 Y0.001
G1 X-0.800 Y-0.535
G1 X-0.800 Y-1.039
G1 X-0.800 Y-1.220
G1 X-0.800 Y-0.561
G1 X-0.800 Y1.136
G1 X-0.800 Y2.824
G1 X-0.800 Y2.520
G1 X-0.800 Y-0.235
G1 X-0.800 Y-2.896
G1 X-0.800 Y-2.775
G1 X-0.800 Y-0.438
G1 X-0.800 Y1.579
G1 X-0.800 Y2.018
G1 X-0.800 Y1.422
G1 X-0.800 Y0.681
G1 X-0.800 Y0.142
G1 X-0.800 Y-0.313
G1 X-0.800 Y-0.899
G1 X-0.800 Y-1.604
G1 X-0.800 Y-1.949
G1 X-0.800 Y-1.190
G1 X-0.800 Y0.769
G1 X-0.800 Y2.633
G1 X-0.800 Y2.647
G1 X-0.800 Y0.640
G1 X-0.800 Y-1.651
G1 X-0.800 Y-2.529
G1 X-0.800 Y-1.872
G1 X-0.800 Y-0.659
G1 X-0.800 Y0.252
G1 X-0.800 Y0.611
G1 X-0.800 Y0.565
G1 X-0.800 Y0.331
G1 X-0.800 Y0.058
G1 X-0.800 Y-0.180
G1 X-0.800 Y-0.341
G1 X-0.800 Y-0.406
G1 X-0.800 Y-0.378
G1 X-0.800 Y-0.282
G1 X-0.800 Y-0.164
G1 X-0.800 Y-0.064
G1 X-0.800 Y-0.009
G1 X-0.800 Y0.005
G1 X-0.800 Y-0.003
G1 X-0.800 Y0.002
G1 X-0.800 Y0.050
G1 X-0.800 Y0.156
G1 X-0.800 Y0.310
G1 X-0.800 Y0.476
G1 X-0.800 Y0.601
G1 X-0.800 Y0.639
G1 X-0.800 Y0.573
G1 X-0.800 Y0.416
G1 X-0.800 Y0.189
G1 X-0.800 Y-0.083
G1 X-0.800 Y-0.388
G1 X-0.800 Y-0.694
G1 X-0.800 Y-0.916
G1 X-0.800 Y-0.893
G1 X-0.800 Y-0.439
G1 X-0.800 Y0.492
G1 X-0.800 Y1.600
G1 X-0.800 Y2.251
G1 X-0.800 Y1.884
G1 X-0.800 Y0.549
G1 X-0.800 Y-1.014
G1 X-0.800 Y-1.954
G1 X-0.800 Y-1.945
G1 X-0.800 Y-1.292
G1 X-0.800 Y-0.526
G1 X-0.800 Y-0.002
G1 X-0.800 Y0.198
G1 X-0.800 Y0.162
G1 X-0.800 Y0.015
G1 X-0.800 Y-0.131
G1 X-0.800 Y-0.189
G1 X-0.800 Y-0.099
G1 X-0.800 Y0.148
G1 X-0.800 Y0.498
G1 X-0.800 Y0.836
G1 X-0.800 Y1.047
G1 X-0.800 Y1.070
G1 X-0.800 Y0.925
G1 X-0.800 Y0.689
G1 X-0.800 Y0.443
G1 X-0.800 Y0.230
G1 X-0.800 Y0.056
G1 X-0.800 Y-0.097
G1 X-0.800 Y-0.253
G1 X-0.800 Y-0.416
G1 X-0.800 Y-0.567
G1 X-0.800 Y-0.673
G1 X0.000 Y3.621
G1 X0.800 Y0.330
G1 X0.800 Y0.111
G1 X0.800 Y-0.030
G1 X0.800 Y-0.068
G1 X0.800 Y-0.028
G1 X0.800 Y0.043
G1 X0.800 Y0.071
G1 X0.800 Y-0.012
G1 X0.800 Y-0.252
G1 X0.800 Y-0.634
G1 X0.800 Y-1.056
G1 X0.800 Y-1.350
G1 X0.800 Y-1.378
G1 X0.800 Y-1.120
G1 X0.800 Y-0.691
G1 X0.800 Y-0.272
G1 X0.800 Y0.005
G1 X0.800 Y0.100
G1 X0.800 Y0.052
G1 X0.800 Y-0.051
G1 X0.800 Y-0.103
G1 X0.800 Y0.010
G1 X0.800 Y0.374
G1 X0.800 Y0.969
G1 X0.800 Y1.588
G1 X0.800 Y1.863
G1 X0.800 Y1.485
G1 X0.800 Y0.479
G1 X0.800 Y-0.726
G1 X0.800 Y-1.582
G1 X0.800 Y-1.789
G1 X0.800 Y-1.445
G1 X0.800 Y-0.866
G1 X0.800 Y-0.345
G1 X0.800 Y-0.023
G1 X0.800 Y0.104
G1 X0.800 Y0.099
G1 X0.800 Y0.034
G1 X0.800 Y-0.034
G1 X0.800 Y-0.075
G1 X0.800 Y-0.077
G1 X0.800 Y-0.052
G1 X0.800 Y-0.015
G1 X0.800 Y0.010
G1 X0.800 Y0.014
G1 X0.800 Y-0.002
G1 X0.800 Y-0.015
G1 X0.800 Y-0.004
G1 X0.800 Y0.063
G1 X0.800 Y0.197
G1 X0.800 Y0.385
G1 X0.800 Y0.580
G1 X0.800 Y0.721
G1 X0.800 Y0.753
G1 X0.800 Y0.661
G1 X0.800 Y0.462
G1 X0.800 Y0.190
G1 X0.800 Y-0.137
G1 X0.800 Y-0.519
G1 X0.800 Y-0.925
G1 X0.800 Y-1.205
G1 X0.800 Y-1.029
G1 X0.800 Y-0.037
G1 X0.800 Y1.628
G1 X0.800 Y2.827
G1 X0.800 Y2.053
G1 X0.800 Y-0.657
G1 X0.800 Y-2.961
G1 X0.800 Y-2.614
G1 X0.800 Y-0.194
G1 X0.800 Y1.875
G1 X0.800 Y2.259
G1 X0.800 Y1.502
G1 X0.800 Y0.648
G1 X0.800 Y0.173
G1 X0.800 Y-0.032
G1 X0.800 Y-0.305
G1 X0.800 Y-0.946
G1 X0.800 Y-1.882
G1 X0.800 Y-2.334
G1 X0.800 Y-1.203
G1 X0.800 Y1.370
G1 X0.800 Y3.168
G1 X0.800 Y2.158
G1 X0.800 Y-0.685
G1 X0.800 Y-2.581
G1 X0.800 Y-2.347
G1 X0.800 Y-1.018
G1 X0.800 Y0.065
G1 X0.800 Y0.445
G1 X0.800 Y0.320
G1 X0.800 Y0.001
G1 X0.800 Y-0.285
G1 X0.800 Y-0.388
G1 X0.800 Y-0.221
G1 X0.800 Y0.191
G1 X0.800 Y0.675
G1 X0.800 Y1.009
G1 X0.800 Y1.070
G1 X0.800 Y0.890
G1 X0.800 Y0.589
G1 X0.800 Y0.269
G1 X0.800 Y-0.030
G1 X0.800 Y-0.308
G1 X0.800 Y-0.554
G1 X0.800 Y-0.735
G1 X0.800 Y-0.797
G1 X0.800 Y-0.722
G1 X0.800 Y-0.544
G1 X0.800 Y-0.334
G1 X0.800 Y-0.141
G1 X0.800 Y0.035
G1 X0.800 Y0.240
G1 X0.800 Y0.531
G1 X0.800 Y0.908
G1 X0.800 Y1.263
G1 X0.800 Y1.405
G1 X0.800 Y1.182
G1 X0.800 Y0.633
G1 X0.800 Y0.000
G1 X0.800 Y-0.453
G1 X0.800 Y-0.601
G1 X0.800 Y-0.487
G1 X0.800 Y-0.225
G1 X0.800 Y0.077
G1 X0.800 Y0.336
G1 X0.800 Y0.490
G1 X0.800 Y0.487
G1 X0.800 Y0.336
G1 X0.800 Y0.113
G1 X0.800 Y-0.071
G1 X0.800 Y-0.134
G1 X0.800 Y-0.069
G1 X0.800 Y0.064
G1 X0.800 Y0.148
G1 X0.800 Y0.051
G1 X0.800 Y-0.324
G1 X0.800 Y-0.936
G1 X0.800 Y-1.528
G1 X0.800 Y-1.744
G1 X0.800 Y-1.415
G1 X0.800 Y-0.733
G1 X0.800 Y-0.076
G1 X0.800 Y0.286
G1 X0.800 Y0.315
G1 X0.800 Y0.130
G1 X0.800 Y-0.119
G1 X0.800 Y-0.295
G1 X0.800 Y-0.286
G1 X0.800 Y-0.031
G1 X0.800 Y0.417
G1 X0.800 Y0.888
G1 X0.800 Y1.186
G1 X0.800 Y1.217
G1 X0.800 Y1.028
G1 X0.800 Y0.749
G1 X0.800 Y0.486
G1 X0.800 Y0.295
G1 X0.800 Y0.177
G1 X0.800 Y0.118
G1 X0.800 Y0.095
G1 X0.800 Y0.079
G1 X0.800 Y0.030
G1 X0.800 Y-0.115
G1 X0.800 Y-0.427
G1 X0.800 Y-0.920
G1 X0.800 Y-1.469
G1 X0.800 Y-1.767
G1 X0.800 Y-1.490
G1 X0.800 Y-0.609
G1 X0.800 Y0.470
G1 X0.800 Y1.192
G1 X0.800 Y1.308
G1 X0.800 Y0.972
G1 X0.800 Y0.465
G1 X0.800 Y-0.070
G1 X0.800 Y-0.627
G1 X0.800 Y-1.176
G1 X0.800 Y-1.452
G1 X0.800 Y-1.008
G1 X0.000 Y1.422
G1 X-0.800 Y1.366
G1 X-0.800 Y1.598
G1 X-0.800 Y1.167
G1 X-0.800 Y0.567
G1 X-0.800 Y0.015
G1 X-0.800 Y-0.526
G1 X-0.800 Y-1.101
G1 X-0.800 Y-1.529
G1 X-0.800 Y-1.398
G1 X-0.800 Y-0.431
G1 X-0.800 Y1.008
G1 X-0.800 Y2.043
G1 X-0.800 Y2.073
G1 X-0.800 Y1.296
G1 X-0.800 Y0.354
G1 X-0.800 Y-0.277
G1 X-0.800 Y-0.506
G1 X-0.800 Y-0.467
G1 X-0.800 Y-0.322
G1 X-0.800 Y-0.178
G1 X-0.800 Y-0.088
G1 X-0.800 Y-0.068
G1 X-0.800 Y-0.121
G1 X-0.800 Y-0.237
G1 X-0.800 Y-0.405
G1 X-0.800 Y-0.600
G1 X-0.800 Y-0.781
G1 X-0.800 Y-0.876
G1 X-0.800 Y-0.825
G1 X-0.800 Y-0.624
G1 X-0.800 Y-0.338
G1 X-0.800 Y-0.086
G1 X-0.800 Y0.047
G1 X-0.800 Y0.045
G1 X-0.800 Y-0.029
G1 X-0.800 Y-0.061
G1 X-0.800 Y0.086
G1 X-0.800 Y0.499
G1 X-0.800 Y1.116
G1 X-0.800 Y1.658
G1 X-0.800 Y1.757
G1 X-0.800 Y1.263
G1 X-0.800 Y0.419
G1 X-0.800 Y-0.338
G1 X-0.800 Y-0.715
G1 X-0.800 Y-0.701
G1 X-0.800 Y-0.447
G1 X-0.800 Y-0.107
G1 X-0.800 Y0.222
G1 X-0.800 Y0.472
G1 X-0.800 Y0.588
G1 X-0.800 Y0.539
G1 X-0.800 Y0.355
G1 X-0.800 Y0.129
G1 X-0.800 Y-0.034
G1 X-0.800 Y-0.081
G1 X-0.800 Y-0.026
G1 X-0.800 Y0.059
G1 X-0.800 Y0.079
G1 X-0.800 Y-0.057
G1 X-0.800 Y-0.380
G1 X-0.800 Y-0.815
G1 X-0.800 Y-1.187
G1 X-0.800 Y-1.320
G1 X-0.800 Y-1.168
G1 X-0.800 Y-0.834
G1 X-0.800 Y-0.483
G1 X-0.800 Y-0.218
G1 X-0.800 Y-0.045
G1 X-0.800 Y0.100
G1 X-0.800 Y0.286
G1 X-0.800 Y0.543
G1 X-0.800 Y0.825
G1 X-0.800 Y1.028
G1 X-0.800 Y1.060
G1 X-0.800 Y0.905
G1 X-0.800 Y0.641
G1 X-0.800 Y0.368
G1 X-0.800 Y0.138
G1 X-0.800 Y-0.061
G1 X-0.800 Y-0.282
G1 X-0.800 Y-0.568
G1 X-0.800 Y-0.891
G1 X-0.800 Y-1.145
G1 X-0.800 Y-1.195
G1 X-0.800 Y-0.996
G1 X-0.800 Y-0.639
G1 X-0.800 Y-0.295
G1 X-0.800 Y-0.085
G1 X-0.800 Y-0.004
G1 X-0.800 Y0.081
G1 X-0.800 Y0.370
G1 X-0.800 Y1.024
G1 X-0.800 Y1.891
G1 X-0.800 Y2.247
G1 X-0.800 Y1.166
G1 X-0.800 Y-1.221
G1 X-0.800 Y-3.011
G1 X-0.800 Y-2.325
G1 X-0.800 Y0.217
G1 X-0.800 Y2.205
G1 X-0.800 Y2.352
G1 X-0.800 Y1.356
G1 X-0.800 Y0.408
G1 X-0.800 Y0.003
G1 X-0.800 Y-0.004
G1 X-0.800 Y0.011
G1 X-0.800 Y-0.345
G1 X-0.800 Y-1.275
G1 X-0.800 Y-2.354
G1 X-0.800 Y-2.320
G1 X-0.800 Y-0.223
G1 X-0.800 Y2.613
G1 X-0.800 Y3.164
G1 X-0.800 Y0.528
G1 X-0.800 Y-2.483
G1 X-0.800 Y-2.955
G1 X-0.800 Y-1.140
G1 X-0.800 Y0.842
G1 X-0.800 Y1.696
G1 X-0.800 Y1.543
G1 X-0.800 Y1.010
G1 X-0.800 Y0.509
G1 X-0.800 Y0.145
G1 X-0.800 Y-0.140
G1 X-0.800 Y-0.413
G1 X-0.800 Y-0.692
G1 X-0.800 Y-0.933
G1 X-0.800 Y-1.055
G1 X-0.800 Y-1.003
G1 X-0.800 Y-0.793
G1 X-0.800 Y-0.495
G1 X-0.800 Y-0.205
G1 X-0.800 Y0.011
G1 X-0.800 Y0.127
G1 X-0.800 Y0.161
G1 X-0.800 Y0.142
G1 X-0.800 Y0.102
G1 X-0.800 Y0.065
G1 X-0.800 Y0.048
G1 X-0.800 Y0.057
G1 X-0.800 Y0.100
G1 X-0.800 Y0.181
G1 X-0.800 Y0.312
G1 X-0.800 Y0.502
G1 X-0.800 Y0.748
G1 X-0.800 Y1.010
G1 X-0.800 Y1.191
G1 X-0.800 Y1.150
G1 X-0.800 Y0.758
G1 X-0.800 Y0.020
G1 X-0.800 Y-0.864
G1 X-0.800 Y-1.550
G1 X-0.800 Y-1.754
G1 X-0.800 Y-1.445
G1 X-0.800 Y-0.841
G1 X-0.800 Y-0.247
G1 X-0.800 Y0.131
G1 X-0.800 Y0.245
G1 X-0.800 Y0.162
G1 X-0.800 Y-0.016
G1 X-0.800 Y-0.184
G1 X-0.800 Y-0.241
G1 X-0.800 Y-0.091
G1 X-0.800 Y0.306
G1 X-0.800 Y0.878
G1 X-0.800 Y1.408
G1 X-0.800 Y1.641
G1 X-0.800 Y1.435
G1 X-0.800 Y0.883
G1 X-0.800 Y0.241
G1 X-0.800 Y-0.237
G1 X-0.800 Y-0.443
G1 X-0.800 Y-0.398
G1 X-0.800 Y-0.201
G1 X-0.800 Y0.054
G1 X-0.800 Y0.281
G1 X-0.800 Y0.410
G1 X-0.800 Y0.378
G1 X-0.800 Y0.158
G1 X0.000 Y1.192
G1 X0.800 Y-0.305
G1 X0.800 Y-0.561
G1 X0.800 Y-0.553
G1 X0.800 Y-0.344
G1 X0.800 Y-0.024
G1 X0.800 Y0.313
G1 X0.800 Y0.569
G1 X0.800 Y0.608
G1 X0.800 Y0.305
G1 X0.800 Y-0.359
G1 X0.800 Y-1.178
G1 X0.800 Y-1.767
G1 X0.800 Y-1.801
G1 X0.800 Y-1.257
G1 X0.800 Y-0.437
G1 X0.800 Y0.275
G1 X0.800 Y0.651
G1 X0.800 Y0.681
G1 X0.800 Y0.479
G1 X0.800 Y0.171
G1 X0.800 Y-0.164
G1 X0.800 Y-0.463
G1 X0.800 Y-0.654
G1 X0.800 Y-0.639
G1 X0.800 Y-0.333
G1 X0.800 Y0.250
G1 X0.800 Y0.948
G1 X0.800 Y1.492
G1 X0.800 Y1.655
G1 X0.800 Y1.388
G1 X0.800 Y0.836
G1 X0.800 Y0.223
G1 X0.800 Y-0.266
G1 X0.800 Y-0.560
G1 X0.800 Y-0.674
G1 X0.800 Y-0.672
G1 X0.800 Y-0.615
G1 X0.800 Y-0.551
G1 X0.800 Y-0.508
G1 X0.800 Y-0.493
G1 X0.800 Y-0.506
G1 X0.800 Y-0.529
G1 X0.800 Y-0.537
G1 X0.800 Y-0.485
G1 X0.800 Y-0.331
G1 X0.800 Y-0.044
G1 X0.800 Y0.361
G1 X0.800 Y0.807
G1 X0.800 Y1.161
G1 X0.800 Y1.301
G1 X0.800 Y1.187
G1 X0.800 Y0.888
G1 X0.800 Y0.541
G1 X0.800 Y0.256
G1 X0.800 Y0.068
G1 X0.800 Y-0.088
G1 X0.800 Y-0.348
G1 X0.800 Y-0.850
G1 X0.800 Y-1.575
G1 X0.800 Y-2.090
G1 X0.800 Y-1.536
G1 X0.800 Y0.560
G1 X0.800 Y2.915
G1 X0.800 Y2.860
G1 X0.800 Y-0.296
G1 X0.800 Y-3.264
G1 X0.800 Y-2.668
G1 X0.800 Y0.441
G1 X0.800 Y2.565
G1 X0.800 Y2.366
G1 X0.800 Y1.079
G1 X0.800 Y0.105
G1 X0.800 Y-0.168
G1 X0.800 Y-0.016
G1 X0.800 Y0.162
G1 X0.800 Y-0.016
G1 X0.800 Y-0.811
G1 X0.800 Y-1.989
G1 X0.800 Y-2.538
G1 X0.800 Y-1.385
G1 X0.800 Y1.065
G1 X0.800 Y2.800
G1 X0.800 Y2.371
G1 X0.800 Y0.486
G1 X0.800 Y-1.141
G1 X0.800 Y-1.663
G1 X0.800 Y-1.358
G1 X0.800 Y-0.802
G1 X0.800 Y-0.311
G1 X0.800 Y0.081
G1 X0.800 Y0.435
G1 X0.800 Y0.775
G1 X0.800 Y1.032
G1 X0.800 Y1.099
G1 X0.800 Y0.934
G1 X0.800 Y0.614
G1 X0.800 Y0.290
G1 X0.800 Y0.078
G1 X0.800 Y0.002
G1 X0.800 Y0.002
G1 X0.800 Y-0.023
G1 X0.800 Y-0.168
G1 X0.800 Y-0.470
G1 X0.800 Y-0.870
G1 X0.800 Y-1.208
G1 X0.800 Y-1.318
G1 X0.800 Y-1.150
G1 X0.800 Y-0.803
G1 X0.800 Y-0.446
G1 X0.800 Y-0.191
G1 X0.800 Y-0.049
G1 X0.800 Y0.044
G1 X0.800 Y0.177
G1 X0.800 Y0.407
G1 X0.800 Y0.718
G1 X0.800 Y1.011
G1 X0.800 Y1.158
G1 X0.800 Y1.087
G1 X0.800 Y0.842
G1 X0.800 Y0.538
G1 X0.800 Y0.278
G1 X0.800 Y0.093
G1 X0.800 Y-0.048
G1 X0.800 Y-0.204
G1 X0.800 Y-0.406
G1 X0.800 Y-0.634
G1 X0.800 Y-0.815
G1 X0.800 Y-0.871
G1 X0.800 Y-0.769
G1 X0.800 Y-0.548
G1 X0.800 Y-0.267
G1 X0.800 Y0.042
G1 X0.800 Y0.391
G1 X0.800 Y0.783
G1 X0.800 Y1.149
G1 X0.800 Y1.294
G1 X0.800 Y0.997
G1 X0.800 Y0.208
G1 X0.800 Y-0.774
G1 X0.800 Y-1.481
G1 X0.800 Y-1.626
G1 X0.800 Y-1.301
G1 X0.800 Y-0.810
G1 X0.800 Y-0.401
G1 X0.800 Y-0.150
G1 X0.800 Y-0.010
G1 X0.800 Y0.105
G1 X0.800 Y0.250
G1 X0.800 Y0.425
G1 X0.800 Y0.581
G1 X0.800 Y0.660
G1 X0.800 Y0.629
G1 X0.800 Y0.503
G1 X0.800 Y0.322
G1 X0.800 Y0.129
G1 X0.800 Y-0.047
G1 X0.800 Y-0.178
G1 X0.800 Y-0.246
G1 X0.800 Y-0.228
G1 X0.800 Y-0.118
G1 X0.800 Y0.081
G1 X0.800 Y0.366
G1 X0.800 Y0.710
G1 X0.800 Y1.022
G1 X0.800 Y1.074
G1 X0.800 Y0.553
G1 X0.800 Y-0.645
G1 X0.800 Y-1.996
G1 X0.800 Y-2.481
G1 X0.800 Y-1.540
G1 X0.800 Y0.169
G1 X0.800 Y1.427
G1 X0.800 Y1.668
G1 X0.800 Y1.212
G1 X0.800 Y0.593
G1 X0.800 Y0.043
G1 X0.800 Y-0.493
G1 X0.800 Y-1.095
G1 X0.800 Y-1.594
G1 X0.800 Y-1.526
G1 X0.000 Y1.367
G1 X-0.800 Y1.511
G1 X-0.800 Y1.496
G1 X-0.800 Y1.004
G1 X-0.800 Y0.427
G1 X-0.800 Y-0.110
G1 X-0.800 Y-0.682
G1 X-0.800 Y-1.311
G1 X-0.800 Y-1.694
G1 X-0.800 Y-1.238
G1 X-0.800 Y0.305
G1 X-0.800 Y2.089
G1 X-0.800 Y2.658
G1 X-0.800 Y1.533
G1 X-0.800 Y-0.247
G1 X-0.800 Y-1.403
G1 X-0.800 Y-1.579
G1 X-0.800 Y-1.179
G1 X-0.800 Y-0.673
G1 X-0.800 Y-0.264
G1 X-0.800 Y0.035
G1 X-0.800 Y0.275
G1 X-0.800 Y0.462
G1 X-0.800 Y0.577
G1 X-0.800 Y0.587
G1 X-0.800 Y0.495
G1 X-0.800 Y0.328
G1 X-0.800 Y0.124
G1 X-0.800 Y-0.086
G1 X-0.800 Y-0.286
G1 X-0.800 Y-0.450
G1 X-0.800 Y-0.547
G1 X-0.800 Y-0.550
G1 X-0.800 Y-0.460
G1 X-0.800 Y-0.299
G1 X-0.800 Y-0.096
G1 X-0.800 Y0.147
G1 X-0.800 Y0.448
G1 X-0.800 Y0.814
G1 X-0.800 Y1.171
G1 X-0.800 Y1.335
G1 X-0.800 Y1.078
G1 X-0.800 Y0.336
G1 X-0.800 Y-0.634
G1 X-0.800 Y-1.381
G1 X-0.800 Y-1.598
G1 X-0.800 Y-1.333
G1 X-0.800 Y-0.867
G1 X-0.800 Y-0.450
G1 X-0.800 Y-0.172
G1 X-0.800 Y0.005
G1 X-0.800 Y0.165
G1 X-0.800 Y0.365
G1 X-0.800 Y0.593
G1 X-0.800 Y0.786
G1 X-0.800 Y0.861
G1 X-0.800 Y0.791
G1 X-0.800 Y0.603
G1 X-0.800 Y0.359
G1 X-0.800 Y0.103
G1 X-0.800 Y-0.156
G1 X-0.800 Y-0.422
G1 X-0.800 Y-0.678
G1 X-0.800 Y-0.872
G1 X-0.800 Y-0.933
G1 X-0.800 Y-0.826
G1 X-0.800 Y-0.590
G1 X-0.800 Y-0.328
G1 X-0.800 Y-0.131
G1 X-0.800 Y-0.032
G1 X-0.800 Y0.011
G1 X-0.800 Y0.087
G1 X-0.800 Y0.290
G1 X-0.800 Y0.661
G1 X-0.800 Y1.122
G1 X-0.800 Y1.471
G1 X-0.800 Y1.485
G1 X-0.800 Y1.107
G1 X-0.800 Y0.508
G1 X-0.800 Y-0.031
G1 X-0.800 Y-0.319
G1 X-0.800 Y-0.333
G1 X-0.800 Y-0.164
G1 X-0.800 Y0.073
G1 X-0.800 Y0.270
G1 X-0.800 Y0.332
G1 X-0.800 Y0.204
G1 X-0.800 Y-0.095
G1 X-0.800 Y-0.444
G1 X-0.800 Y-0.686
G1 X-0.800 Y-0.713
G1 X-0.800 Y-0.525
G1 X-0.800 Y-0.185
G1 X-0.800 Y0.234
G1 X-0.800 Y0.658
G1 X-0.800 Y0.928
G1 X-0.800 Y0.749
G1 X-0.800 Y-0.163
G1 X-0.800 Y-1.617
G1 X-0.800 Y-2.618
G1 X-0.800 Y-2.033
G1 X-0.800 Y0.033
G1 X-0.800 Y1.997
G1 X-0.800 Y2.466
G1 X-0.800 Y1.581
G1 X-0.800 Y0.442
G1 X-0.800 Y-0.180
G1 X-0.800 Y-0.213
G1 X-0.800 Y0.055
G1 X-0.800 Y0.259
G1 X-0.800 Y0.004
G1 X-0.800 Y-1.004
G1 X-0.800 Y-2.386
G1 X-0.800 Y-2.653
G1 X-0.800 Y-0.454
G1 X-0.800 Y2.773
G1 X-0.800 Y3.266
G1 X-0.800 Y0.026
G1 X-0.800 Y-3.124
G1 X-0.800 Y-2.778
G1 X-0.800 Y-0.068
G1 X-0.800 Y1.987
G1 X-0.800 Y2.234
G1 X-0.800 Y1.446
G1 X-0.800 Y0.623
G1 X-0.800 Y0.166
G1 X-0.800 Y0.019
G1 X-0.800 Y-0.011
G1 X-0.800 Y-0.099
G1 X-0.800 Y-0.342
G1 X-0.800 Y-0.740
G1 X-0.800 Y-1.172
G1 X-0.800 Y-1.449
G1 X-0.800 Y-1.418
G1 X-0.800 Y-1.055
G1 X-0.800 Y-0.486
G1 X-0.800 Y0.109
G1 X-0.800 Y0.577
G1 X-0.800 Y0.862
G1 X-0.800 Y0.978
G1 X-0.800 Y0.974
G1 X-0.800 Y0.906
G1 X-0.800 Y0.806
G1 X-0.800 Y0.683
G1 X-0.800 Y0.526
G1 X-0.800 Y0.308
G1 X-0.800 Y0.000
G1 X-0.800 Y-0.407
G1 X-0.800 Y-0.877
G1 X-0.800 Y-1.308
G1 X-0.800 Y-1.546
G1 X-0.800 Y-1.440
G1 X-0.800 Y-0.950
G1 X-0.800 Y-0.202
G1 X-0.800 Y0.549
G1 X-0.800 Y1.057
G1 X-0.800 Y1.210
G1 X-0.800 Y1.062
G1 X-0.800 Y0.757
G1 X-0.800 Y0.418
G1 X-0.800 Y0.099
G1 X-0.800 Y-0.218
G1 X-0.800 Y-0.573
G1 X-0.800 Y-0.958
G1 X-0.800 Y-1.268
G1 X-0.800 Y-1.288
G1 X-0.800 Y-0.804
G1 X-0.800 Y0.173
G1 X-0.800 Y1.280
G1 X-0.800 Y1.959
G1 X-0.800 Y1.873
G1 X-0.800 Y1.158
G1 X-0.800 Y0.283
G1 X-0.800 Y-0.324
G1 X-0.800 Y-0.504
G1 X-0.800 Y-0.342
G1 X-0.800 Y-0.015
G1 X-0.800 Y0.306
G1 X-0.800 Y0.472
G1 X-0.800 Y0.368
G1 X-0.800 Y-0.054
G1 X0.000 Y0.234
G1 X0.800 Y0.822
G1 X0.800 Y0.242
G1 X0.800 Y-0.100
G1 X0.800 Y-0.143
G1 X0.800 Y0.023
G1 X0.800 Y0.168
G1 X0.800 Y0.011
G1 X0.800 Y-0.566
G1 X0.800 Y-1.385
G1 X0.800 Y-1.989
G1 X0.800 Y-1.876
G1 X0.800 Y-0.920
G1 X0.800 Y0.435
G1 X0.800 Y1.491
G1 X0.800 Y1.820
G1 X0.800 Y1.507
G1 X0.800 Y0.931
G1 X0.800 Y0.427
G1 X0.800 Y0.135
G1 X0.800 Y0.023
G1 X0.800 Y-0.015
G1 X0.800 Y-0.100
G1 X0.800 Y-0.321
G1 X0.800 Y-0.708
G1 X0.800 Y-1.173
G1 X0.800 Y-1.524
G1 X0.800 Y-1.537
G1 X0.800 Y-1.098
G1 X0.800 Y-0.303
G1 X0.800 Y0.579
G1 X0.800 Y1.255
G1 X0.800 Y1.554
G1 X0.800 Y1.474
G1 X0.800 Y1.124
G1 X0.800 Y0.645
G1 X0.800 Y0.148
G1 X0.800 Y-0.311
G1 X0.800 Y-0.704
G1 X0.800 Y-1.021
G1 X0.800 Y-1.238
G1 X0.800 Y-1.311
G1 X0.800 Y-1.184
G1 X0.800 Y-0.807
G1 X0.800 Y-0.197
G1 X0.800 Y0.537
G1 X0.800 Y1.189
G1 X0.800 Y1.545
G1 X0.800 Y1.499
G1 X0.800 Y1.128
G1 X0.800 Y0.634
G1 X0.800 Y0.228
G1 X0.800 Y0.017
G1 X0.800 Y-0.014
G1 X0.800 Y0.018
G1 X0.800 Y-0.071
G1 X0.800 Y-0.495
G1 X0.800 Y-1.345
G1 X0.800 Y-2.250
G1 X0.800 Y-2.171
G1 X0.800 Y-0.196
G1 X0.800 Y2.645
G1 X0.800 Y3.249
G1 X0.800 Y0.211
G1 X0.800 Y-3.178
G1 X0.800 Y-2.899
G1 X0.800 Y0.283
G1 X0.800 Y2.594
G1 X0.800 Y2.440
G1 X0.800 Y1.082
G1 X0.800 Y0.040
G1 X0.800 Y-0.260
G1 X0.800 Y-0.083
G1 X0.800 Y0.188
G1 X0.800 Y0.213
G1 X0.800 Y-0.288
G1 X0.800 Y-1.309
G1 X0.800 Y-2.261
G1 X0.800 Y-2.187
G1 X0.800 Y-0.732
G1 X0.800 Y1.209
G1 X0.800 Y2.288
G1 X0.800 Y2.035
G1 X0.800 Y1.058
G1 X0.800 Y0.177
G1 X0.800 Y-0.237
G1 X0.800 Y-0.243
G1 X0.800 Y-0.051
G1 X0.800 Y0.156
G1 X0.800 Y0.244
G1 X0.800 Y0.144
G1 X0.800 Y-0.133
G1 X0.800 Y-0.471
G1 X0.800 Y-0.719
G1 X0.800 Y-0.767
G1 X0.800 Y-0.617
G1 X0.800 Y-0.329
G1 X0.800 Y0.026
G1 X0.800 Y0.401
G1 X0.800 Y0.735
G1 X0.800 Y0.908
G1 X0.800 Y0.754
G1 X0.800 Y0.186
G1 X0.800 Y-0.654
G1 X0.800 Y-1.399
G1 X0.800 Y-1.692
G1 X0.800 Y-1.467
G1 X0.800 Y-0.952
G1 X0.800 Y-0.453
G1 X0.800 Y-0.139
G1 X0.800 Y-0.017
G1 X0.800 Y0.000
G1 X0.800 Y0.017
G1 X0.800 Y0.104
G1 X0.800 Y0.277
G1 X0.800 Y0.489
G1 X0.800 Y0.651
G1 X0.800 Y0.695
G1 X0.800 Y0.605
G1 X0.800 Y0.409
G1 X0.800 Y0.158
G1 X0.800 Y-0.111
G1 X0.800 Y-0.369
G1 X0.800 Y-0.579
G1 X0.800 Y-0.693
G1 X0.800 Y-0.671
G1 X0.800 Y-0.524
G1 X0.800 Y-0.310
G1 X0.800 Y-0.125
G1 X0.800 Y-0.023
G1 X0.800 Y0.000
G1 X0.800 Y0.011
G1 X0.800 Y0.117
G1 X0.800 Y0.414
G1 X0.800 Y0.911
G1 X0.800 Y1.444
G1 X0.800 Y1.707
G1 X0.800 Y1.447
G1 X0.800 Y0.710
G1 X0.800 Y-0.154
G1 X0.800 Y-0.764
G1 X0.800 Y-0.962
G1 X0.800 Y-0.831
G1 X0.800 Y-0.544
G1 X0.800 Y-0.225
G1 X0.800 Y0.060
G1 X0.800 Y0.286
G1 X0.800 Y0.433
G1 X0.800 Y0.481
G1 X0.800 Y0.434
G1 X0.800 Y0.312
G1 X0.800 Y0.151
G1 X0.800 Y-0.034
G1 X0.800 Y-0.244
G1 X0.800 Y-0.481
G1 X0.800 Y-0.717
G1 X0.800 Y-0.890
G1 X0.800 Y-0.925
G1 X0.800 Y-0.795
G1 X0.800 Y-0.554
G1 X0.800 Y-0.298
G1 X0.800 Y-0.079
G1 X0.800 Y0.142
G1 X0.800 Y0.481
G1 X0.800 Y1.042
G1 X0.800 Y1.699
G1 X0.800 Y1.933
G1 X0.800 Y1.071
G1 X0.800 Y-0.847
G1 X0.800 Y-2.520
G1 X0.800 Y-2.509
G1 X0.800 Y-0.912
G1 X0.800 Y0.809
G1 X0.800 Y1.550
G1 X0.800 Y1.353
G1 X0.800 Y0.777
G1 X0.800 Y0.189
G1 X0.800 Y-0.356
G1 X0.800 Y-0.895
G1 X0.800 Y-1.326
G1 X0.800 Y-1.354
G1 X0.000 Y1.107
G1 X-0.800 Y1.090
G1 X-0.800 Y1.080
G1 X-0.800 Y0.740
G1 X-0.800 Y0.257
G1 X-0.800 Y-0.274
G1 X-0.800 Y-0.825
G1 X-0.800 Y-1.255
G1 X-0.800 Y-1.177
G1 X-0.800 Y-0.180
G1 X-0.800 Y1.514
G1 X-0.800 Y2.687
G1 X-0.800 Y2.130
G1 X-0.800 Y0.155
G1 X-0.800 Y-1.632
G1 X-0.800 Y-2.132
G1 X-0.800 Y-1.588
G1 X-0.800 Y-0.812
G1 X-0.800 Y-0.291
G1 X-0.800 Y-0.060
G1 X-0.800 Y0.060
G1 X-0.800 Y0.241
G1 X-0.800 Y0.551
G1 X-0.800 Y0.920
G1 X-0.800 Y1.182
G1 X-0.800 Y1.204
G1 X-0.800 Y0.993
G1 X-0.800 Y0.672
G1 X-0.800 Y0.375
G1 X-0.800 Y0.162
G1 X-0.800 Y0.020
G1 X-0.800 Y-0.095
G1 X-0.800 Y-0.214
G1 X-0.800 Y-0.332
G1 X-0.800 Y-0.409
G1 X-0.800 Y-0.401
G1 X-0.800 Y-0.287
G1 X-0.800 Y-0.080
G1 X-0.800 Y0.186
G1 X-0.800 Y0.458
G1 X-0.800 Y0.645
G1 X-0.800 Y0.616
G1 X-0.800 Y0.249
G1 X-0.800 Y-0.433
G1 X-0.800 Y-1.192
G1 X-0.800 Y-1.662
G1 X-0.800 Y-1.621
G1 X-0.800 Y-1.160
G1 X-0.800 Y-0.581
G1 X-0.800 Y-0.149
G1 X-0.800 Y0.046
G1 X-0.800 Y0.054
G1 X-0.800 Y-0.016
G1 X-0.800 Y-0.061
G1 X-0.800 Y-0.017
G1 X-0.800 Y0.126
G1 X-0.800 Y0.320
G1 X-0.800 Y0.483
G1 X-0.800 Y0.543
G1 X-0.800 Y0.479
G1 X-0.800 Y0.312
G1 X-0.800 Y0.088
G1 X-0.800 Y-0.147
G1 X-0.800 Y-0.353
G1 X-0.800 Y-0.488
G1 X-0.800 Y-0.516
G1 X-0.800 Y-0.433
G1 X-0.800 Y-0.278
G1 X-0.800 Y-0.120
G1 X-0.800 Y-0.022
G1 X-0.800 Y0.003
G1 X-0.800 Y-0.003
G1 X-0.800 Y0.049
G1 X-0.800 Y0.266
G1 X-0.800 Y0.712
G1 X-0.800 Y1.304
G1 X-0.800 Y1.749
G1 X-0.800 Y1.680
G1 X-0.800 Y0.958
G1 X-0.800 Y-0.127
G1 X-0.800 Y-1.037
G1 X-0.800 Y-1.410
G1 X-0.800 Y-1.275
G1 X-0.800 Y-0.883
G1 X-0.800 Y-0.468
G1 X-0.800 Y-0.115
G1 X-0.800 Y0.199
G1 X-0.800 Y0.509
G1 X-0.800 Y0.809
G1 X-0.800 Y1.020
G1 X-0.800 Y1.048
G1 X-0.800 Y0.867
G1 X-0.800 Y0.562
G1 X-0.800 Y0.269
G1 X-0.800 Y0.085
G1 X-0.800 Y0.008
G1 X-0.800 Y-0.058
G1 X-0.800 Y-0.260
G1 X-0.800 Y-0.723
G1 X-0.800 Y-1.405
G1 X-0.800 Y-1.948
G1 X-0.800 Y-1.772
G1 X-0.800 Y-0.597
G1 X-0.800 Y1.053
G1 X-0.800 Y2.138
G1 X-0.800 Y2.070
G1 X-0.800 Y1.206
G1 X-0.800 Y0.317
G1 X-0.800 Y-0.127
G1 X-0.800 Y-0.123
G1 X-0.800 Y0.081
G1 X-0.800 Y0.163
G1 X-0.800 Y-0.233
G1 X-0.800 Y-1.292
G1 X-0.800 Y-2.495
G1 X-0.800 Y-2.378
G1 X-0.800 Y0.042
G1 X-0.800 Y3.007
G1 X-0.800 Y3.015
G1 X-0.800 Y-0.365
G1 X-0.800 Y-3.230
G1 X-0.800 Y-2.591
G1 X-0.800 Y0.162
G1 X-0.800 Y2.097
G1 X-0.800 Y2.225
G1 X-0.800 Y1.379
G1 X-0.800 Y0.549
G1 X-0.800 Y0.112
G1 X-0.800 Y-0.003
G1 X-0.800 Y0.005
G1 X-0.800 Y-0.042
G1 X-0.800 Y-0.257
G1 X-0.800 Y-0.656
G1 X-0.800 Y-1.139
G1 X-0.800 Y-1.502
G1 X-0.800 Y-1.541
G1 X-0.800 Y-1.172
G1 X-0.800 Y-0.486
G1 X-0.800 Y0.305
G1 X-0.800 Y0.979
G1 X-0.800 Y1.390
G1 X-0.800 Y1.495
G1 X-0.800 Y1.321
G1 X-0.800 Y0.927
G1 X-0.800 Y0.375
G1 X-0.800 Y-0.268
G1 X-0.800 Y-0.917
G1 X-0.800 Y-1.445
G1 X-0.800 Y-1.695
G1 X-0.800 Y-1.519
G1 X-0.800 Y-0.870
G1 X-0.800 Y0.111
G1 X-0.800 Y1.101
G1 X-0.800 Y1.728
G1 X-0.800 Y1.774
G1 X-0.800 Y1.309
G1 X-0.800 Y0.622
G1 X-0.800 Y0.025
G1 X-0.800 Y-0.302
G1 X-0.800 Y-0.343
G1 X-0.800 Y-0.185
G1 X-0.800 Y0.063
G1 X-0.800 Y0.289
G1 X-0.800 Y0.367
G1 X-0.800 Y0.152
G1 X-0.800 Y-0.440
G1 X-0.800 Y-1.290
G1 X-0.800 Y-1.980
G1 X-0.800 Y-1.976
G1 X-0.800 Y-1.062
G1 X-0.800 Y0.367
G1 X-0.800 Y1.548
G1 X-0.800 Y1.945
G1 X-0.800 Y1.589
G1 X-0.800 Y0.906
G1 X-0.800 Y0.312
G1 X-0.800 Y0.011
G1 X-0.800 Y-0.172
G1 X-0.800 Y-0.486
G1 X-0.800 Y-0.948
G1 X-0.800 Y-1.409
G1 X0.000 Y-0.735
G1 X0.800 Y1.328
G1 X0.800 Y1.164
G1 X0.800 Y0.824
G1 X0.800 Y0.454
G1 X0.800 Y-0.049
G1 X0.800 Y-0.963
G1 X0.800 Y-1.533
G1 X0.800 Y-1.683
G1 X0.800 Y-1.157
G1 X0.800 Y0.033
G1 X0.800 Y1.375
G1 X0.800 Y2.136
G1 X0.800 Y1.938
G1 X0.800 Y1.034
G1 X0.800 Y0.030
G1 X0.800 Y-0.615
G1 X0.800 Y-0.785
G1 X0.800 Y-0.616
G1 X0.800 Y-0.284
G1 X0.800 Y0.096
G1 X0.800 Y0.452
G1 X0.800 Y0.704
G1 X0.800 Y0.732
G1 X0.800 Y0.404
G1 X0.800 Y-0.307
G1 X0.800 Y-1.200
G1 X0.800 Y-1.873
G1 X0.800 Y-1.933
G1 X0.800 Y-1.260
G1 X0.800 Y-0.121
G1 X0.800 Y1.006
G1 X0.800 Y1.708
G1 X0.800 Y1.817
G1 X0.800 Y1.412
G1 X0.800 Y0.702
G1 X0.800 Y-0.095
G1 X0.800 Y-0.803
G1 X0.800 Y-1.312
G1 X0.800 Y-1.547
G1 X0.800 Y-1.468
G1 X0.800 Y-1.079
G1 X0.800 Y-0.437
G1 X0.800 Y0.314
G1 X0.800 Y0.983
G1 X0.800 Y1.388
G1 X0.800 Y1.441
G1 X0.800 Y1.191
G1 X0.800 Y0.794
G1 X0.800 Y0.419
G1 X0.800 Y0.164
G1 X0.800 Y0.032
G1 X0.800 Y-0.068
G1 X0.800 Y-0.284
G1 X0.800 Y-0.764
G1 X0.800 Y-1.508
G1 X0.800 Y-2.118
G1 X0.800 Y-1.747
G1 X0.800 Y0.172
G1 X0.800 Y2.621
G1 X0.800 Y3.073
G1 X0.800 Y0.410
G1 X0.800 Y-2.792
G1 X0.800 Y-3.062
G1 X0.800 Y-0.477
G1 X0.800 Y1.986
G1 X0.800 Y2.475
G1 X0.800 Y1.564
G1 X0.800 Y0.544
G1 X0.800 Y0.031
G1 X0.800 Y-0.037
G1 X0.800 Y0.040
G1 X0.800 Y-0.034
G1 X0.800 Y-0.464
G1 X0.800 Y-1.225
G1 X0.800 Y-1.924
G1 X0.800 Y-1.970
G1 X0.800 Y-1.103
G1 X0.800 Y0.250
G1 X0.800 Y1.313
G1 X0.800 Y1.644
G1 X0.800 Y1.368
G1 X0.800 Y0.869
G1 X0.800 Y0.426
G1 X0.800 Y0.109
G1 X0.800 Y-0.150
G1 X0.800 Y-0.425
G1 X0.800 Y-0.736
G1 X0.800 Y-1.009
G1 X0.800 Y-1.132
G1 X0.800 Y-1.034
G1 X0.800 Y-0.762
G1 X0.800 Y-0.444
G1 X0.800 Y-0.196
G1 X0.800 Y-0.047
G1 X0.800 Y0.063
G1 X0.800 Y0.255
G1 X0.800 Y0.632
G1 X0.800 Y1.183
G1 X0.800 Y1.684
G1 X0.800 Y1.733
G1 X0.800 Y1.049
G1 X0.800 Y-0.177
G1 X0.800 Y-1.326
G1 X0.800 Y-1.835
G1 X0.800 Y-1.630
G1 X0.800 Y-1.055
G1 X0.800 Y-0.501
G1 X0.800 Y-0.161
G1 X0.800 Y-0.025
G1 X0.800 Y-0.001
G1 X0.800 Y0.015
G1 X0.800 Y0.078
G1 X0.800 Y0.196
G1 X0.800 Y0.330
G1 X0.800 Y0.417
G1 X0.800 Y0.416
G1 X0.800 Y0.319
G1 X0.800 Y0.148
G1 X0.800 Y-0.057
G1 X0.800 Y-0.255
G1 X0.800 Y-0.401
G1 X0.800 Y-0.456
G1 X0.800 Y-0.401
G1 X0.800 Y-0.258
G1 X0.800 Y-0.090
G1 X0.800 Y0.032
G1 X0.800 Y0.064
G1 X0.800 Y0.014
G1 X0.800 Y-0.056
G1 X0.800 Y-0.055
G1 X0.800 Y0.121
G1 X0.800 Y0.525
G1 X0.800 Y1.084
G1 X0.800 Y1.556
G1 X0.800 Y1.653
G1 X0.800 Y1.263
G1 X0.800 Y0.567
G1 X0.800 Y-0.096
G1 X0.800 Y-0.480
G1 X0.800 Y-0.541
G1 X0.800 Y-0.380
G1 X0.800 Y-0.123
G1 X0.800 Y0.133
G1 X0.800 Y0.324
G1 X0.800 Y0.406
G1 X0.800 Y0.372
G1 X0.800 Y0.254
G1 X0.800 Y0.123
G1 X0.800 Y0.034
G1 X0.800 Y0.004
G1 X0.800 Y-0.015
G1 X0.800 Y-0.099
G1 X0.800 Y-0.328
G1 X0.800 Y-0.713
G1 X0.800 Y-1.146
G1 X0.800 Y-1.414
G1 X0.800 Y-1.351
G1 X0.800 Y-0.986
G1 X0.800 Y-0.524
G1 X0.800 Y-0.182
G1 X0.800 Y-0.032
G1 X0.800 Y0.023
G1 X0.800 Y0.181
G1 X0.800 Y0.647
G1 X0.800 Y1.437
G1 X0.800 Y2.122
G1 X0.800 Y1.899
G1 X0.800 Y0.379
G1 X0.800 Y-1.614
G1 X0.800 Y-2.588
G1 X0.800 Y-1.958
G1 X0.800 Y-0.528
G1 X0.800 Y0.584
G1 X0.800 Y0.947
G1 X0.800 Y0.754
G1 X0.800 Y0.330
G1 X0.800 Y-0.123
G1 X0.800 Y-0.517
G1 X0.800 Y-0.763
G1 X0.800 Y-0.756
G1 X0.000 Y0.977
G1 X-0.800 Y0.410
G1 X-0.800 Y0.414
G1 X-0.800 Y0.256
G1 X-0.800 Y-0.011
G1 X-0.800 Y-0.307
G1 X-0.800 Y-0.513
G1 X-0.800 Y-0.439
G1 X-0.800 Y0.114
G1 X-0.800 Y1.138
G1 X-0.800 Y2.132
G1 X-0.800 Y2.255
G1 X-0.800 Y1.098
G1 X-0.800 Y-0.694
G1 X-0.800 Y-1.927
G1 X-0.800 Y-2.022
G1 X-0.800 Y-1.350
G1 X-0.800 Y-0.606
G1 X-0.800 Y-0.166
G1 X-0.800 Y-0.019
G1 X-0.800 Y0.024
G1 X-0.800 Y0.163
G1 X-0.800 Y0.509
G1 X-0.800 Y1.003
G1 X-0.800 Y1.421
G1 X-0.800 Y1.512
G1 X-0.800 Y1.211
G1 X-0.800 Y0.700
G1 X-0.800 Y0.240
G1 X-0.800 Y-0.015
G1 X-0.800 Y-0.065
G1 X-0.800 Y-0.004
G1 X-0.800 Y0.057
G1 X-0.800 Y0.039
G1 X-0.800 Y-0.089
G1 X-0.800 Y-0.284
G1 X-0.800 Y-0.453
G1 X-0.800 Y-0.511
G1 X-0.800 Y-0.421
G1 X-0.800 Y-0.206
G1 X-0.800 Y0.085
G1 X-0.800 Y0.383
G1 X-0.800 Y0.598
G1 X-0.800 Y0.607
G1 X-0.800 Y0.291
G1 X-0.800 Y-0.339
G1 X-0.800 Y-1.065
G1 X-0.800 Y-1.555
G1 X-0.800 Y-1.586
G1 X-0.800 Y-1.217
G1 X-0.800 Y-0.703
G1 X-0.800 Y-0.281
G1 X-0.800 Y-0.054
G1 X-0.800 Y0.010
G1 X-0.800 Y-0.003
G1 X-0.800 Y-0.006
G1 X-0.800 Y0.049
G1 X-0.800 Y0.169
G1 X-0.800 Y0.312
G1 X-0.800 Y0.419
G1 X-0.800 Y0.440
G1 X-0.800 Y0.366
G1 X-0.800 Y0.214
G1 X-0.800 Y0.023
G1 X-0.800 Y-0.168
G1 X-0.800 Y-0.322
G1 X-0.800 Y-0.407
G1 X-0.800 Y-0.403
G1 X-0.800 Y-0.323
G1 X-0.800 Y-0.204
G1 X-0.800 Y-0.097
G1 X-0.800 Y-0.027
G1 X-0.800 Y0.025
G1 X-0.800 Y0.127
G1 X-0.800 Y0.372
G1 X-0.800 Y0.822
G1 X-0.800 Y1.397
G1 X-0.800 Y1.797
G1 X-0.800 Y1.599
G1 X-0.800 Y0.617
G1 X-0.800 Y-0.772
G1 X-0.800 Y-1.816
G1 X-0.800 Y-1.999
G1 X-0.800 Y-1.441
G1 X-0.800 Y-0.663
G1 X-0.800 Y-0.098
G1 X-0.800 Y0.120
G1 X-0.800 Y0.085
G1 X-0.800 Y-0.043
G1 X-0.800 Y-0.120
G1 X-0.800 Y-0.044
G1 X-0.800 Y0.217
G1 X-0.800 Y0.589
G1 X-0.800 Y0.916
G1 X-0.800 Y1.053
G1 X-0.800 Y0.955
G1 X-0.800 Y0.693
G1 X-0.800 Y0.360
G1 X-0.800 Y0.012
G1 X-0.800 Y-0.362
G1 X-0.800 Y-0.774
G1 X-0.800 Y-1.160
G1 X-0.800 Y-1.317
G1 X-0.800 Y-0.990
G1 X-0.800 Y-0.112
G1 X-0.800 Y0.985
G1 X-0.800 Y1.734
G1 X-0.800 Y1.783
G1 X-0.800 Y1.280
G1 X-0.800 Y0.651
G1 X-0.800 Y0.218
G1 X-0.800 Y0.036
G1 X-0.800 Y-0.053
G1 X-0.800 Y-0.299
G1 X-0.800 Y-0.904
G1 X-0.800 Y-1.790
G1 X-0.800 Y-2.291
G1 X-0.800 Y-1.409
G1 X-0.800 Y0.967
G1 X-0.800 Y3.035
G1 X-0.800 Y2.520
G1 X-0.800 Y-0.358
G1 X-0.800 Y-2.776
G1 X-0.800 Y-2.661
G1 X-0.800 Y-0.726
G1 X-0.800 Y1.090
G1 X-0.800 Y1.772
G1 X-0.800 Y1.537
G1 X-0.800 Y0.984
G1 X-0.800 Y0.498
G1 X-0.800 Y0.164
G1 X-0.800 Y-0.082
G1 X-0.800 Y-0.325
G1 X-0.800 Y-0.611
G1 X-0.800 Y-0.917
G1 X-0.800 Y-1.158
G1 X-0.800 Y-1.225
G1 X-0.800 Y-1.044
G1 X-0.800 Y-0.618
G1 X-0.800 Y-0.029
G1 X-0.800 Y0.589
G1 X-0.800 Y1.112
G1 X-0.800 Y1.434
G1 X-0.800 Y1.495
G1 X-0.800 Y1.263
G1 X-0.800 Y0.744
G1 X-0.800 Y-0.015
G1 X-0.800 Y-0.878
G1 X-0.800 Y-1.620
G1 X-0.800 Y-1.946
G1 X-0.800 Y-1.617
G1 X-0.800 Y-0.626
G1 X-0.800 Y0.693
G1 X-0.800 Y1.761
G1 X-0.800 Y2.093
G1 X-0.800 Y1.600
G1 X-0.800 Y0.643
G1 X-0.800 Y-0.272
G1 X-0.800 Y-0.801
G1 X-0.800 Y-0.891
G1 X-0.800 Y-0.682
G1 X-0.800 Y-0.327
G1 X-0.800 Y0.071
G1 X-0.800 Y0.467
G1 X-0.800 Y0.797
G1 X-0.800 Y0.922
G1 X-0.800 Y0.653
G1 X-0.800 Y-0.108
G1 X-0.800 Y-1.163
G1 X-0.800 Y-1.985
G1 X-0.800 Y-2.044
G1 X-0.800 Y-1.248
G1 X-0.800 Y-0.064
G1 X-0.800 Y0.865
G1 X-0.800 Y1.179
G1 X-0.800 Y0.910
G1 X-0.800 Y0.347
G1 X-0.800 Y-0.199
G1 X-0.800 Y-0.616
G1 X-0.800 Y-0.880
G1 X-0.800 Y-0.918
G1 X0.000 Y1.062
G1 X0.800 Y0.666
G1 X0.800 Y0.587
G1 X0.800 Y0.326
G1 X0.800 Y-0.044
G1 X0.800 Y-0.448
G1 X0.800 Y-0.754
G1 X0.800 Y-0.743
G1 X0.800 Y-0.238
G1 X0.800 Y0.685
G1 X0.800 Y1.611
G1 X0.800 Y2.012
G1 X0.800 Y1.651
G1 X0.800 Y0.776
G1 X0.800 Y-0.116
G1 X0.800 Y-0.656
G1 X0.800 Y-0.766
G1 X0.800 Y-0.571
G1 X0.800 Y-0.229
G1 X0.800 Y0.155
G1 X0.800 Y0.510
G1 X0.800 Y0.742
G1 X0.800 Y0.708
G1 X0.800 Y0.264
G1 X0.800 Y-0.581
G1 X0.800 Y-1.537
G1 X0.800 Y-2.089
G1 X0.800 Y-1.823
G1 X0.800 Y-0.761
G1 X0.800 Y0.609
G1 X0.800 Y1.653
G1 X0.800 Y1.986
G1 X0.800 Y1.619
G1 X0.800 Y0.839
G1 X0.800 Y-0.021
G1 X0.800 Y-0.726
G1 X0.800 Y-1.173
G1 X0.800 Y-1.354
G1 X0.800 Y-1.307
G1 X0.800 Y-1.083
G1 X0.800 Y-0.730
G1 X0.800 Y-0.306
G1 X0.800 Y0.129
G1 X0.800 Y0.506
G1 X0.800 Y0.763
G1 X0.800 Y0.863
G1 X0.800 Y0.813
G1 X0.800 Y0.643
G1 X0.800 Y0.401
G1 X0.800 Y0.120
G1 X0.800 Y-0.199
G1 X0.800 Y-0.562
G1 X0.800 Y-0.944
G1 X0.800 Y-1.205
G1 X0.800 Y-1.061
G1 X0.800 Y-0.195
G1 X0.800 Y1.311
G1 X0.800 Y2.588
G1 X0.800 Y2.347
G1 X0.800 Y0.246
G1 X0.800 Y-2.201
G1 X0.800 Y-2.904
G1 X0.800 Y-1.443
G1 X0.800 Y0.674
G1 X0.800 Y1.868
G1 X0.800 Y1.841
G1 X0.800 Y1.210
G1 X0.800 Y0.590
G1 X0.800 Y0.190
G1 X0.800 Y-0.070
G1 X0.800 Y-0.360
G1 X0.800 Y-0.784
G1 X0.800 Y-1.281
G1 X0.800 Y-1.597
G1 X0.800 Y-1.451
G1 X0.800 Y-0.789
G1 X0.800 Y0.098
G1 X0.800 Y0.788
G1 X0.800 Y1.049
G1 X0.800 Y0.927
G1 X0.800 Y0.597
G1 X0.800 Y0.210
G1 X0.800 Y-0.171
G1 X0.800 Y-0.523
G1 X0.800 Y-0.801
G1 X0.800 Y-0.918
G1 X0.800 Y-0.799
G1 X0.800 Y-0.457
G1 X0.800 Y-0.024
G1 X0.800 Y0.315
G1 X0.800 Y0.439
G1 X0.800 Y0.341
G1 X0.800 Y0.088
G1 X0.800 Y-0.217
G1 X0.800 Y-0.453
G1 X0.800 Y-0.451
G1 X0.800 Y-0.037
G1 X0.800 Y0.810
G1 X0.800 Y1.759
G1 X0.800 Y2.177
G1 X0.800 Y1.620
G1 X0.800 Y0.306
G1 X0.800 Y-1.003
G1 X0.800 Y-1.667
G1 X0.800 Y-1.600
G1 X0.800 Y-1.141
G1 X0.800 Y-0.650
G1 X0.800 Y-0.301
G1 X0.800 Y-0.099
G1 X0.800 Y0.027
G1 X0.800 Y0.138
G1 X0.800 Y0.260
G1 X0.800 Y0.376
G1 X0.800 Y0.447
G1 X0.800 Y0.442
G1 X0.800 Y0.355
G1 X0.800 Y0.202
G1 X0.800 Y0.014
G1 X0.800 Y-0.179
G1 X0.800 Y-0.346
G1 X0.800 Y-0.455
G1 X0.800 Y-0.480
G1 X0.800 Y-0.420
G1 X0.800 Y-0.303
G1 X0.800 Y-0.175
G1 X0.800 Y-0.074
G1 X0.800 Y-0.002
G1 X0.800 Y0.082
G1 X0.800 Y0.247
G1 X0.800 Y0.549
G1 X0.800 Y0.977
G1 X0.800 Y1.391
G1 X0.800 Y1.552
G1 X0.800 Y1.273
G1 X0.800 Y0.600
G1 X0.800 Y-0.174
G1 X0.800 Y-0.720
G1 X0.800 Y-0.890
G1 X0.800 Y-0.748
G1 X0.800 Y-0.438
G1 X0.800 Y-0.081
G1 X0.800 Y0.263
G1 X0.800 Y0.547
G1 X0.800 Y0.716
G1 X0.800 Y0.713
G1 X0.800 Y0.536
G1 X0.800 Y0.265
G1 X0.800 Y0.023
G1 X0.800 Y-0.096
G1 X0.800 Y-0.074
G1 X0.800 Y0.027
G1 X0.800 Y0.106
G1 X0.800 Y0.043
G1 X0.800 Y-0.244
G1 X0.800 Y-0.731
G1 X0.800 Y-1.238
G1 X0.800 Y-1.501
G1 X0.800 Y-1.376
G1 X0.800 Y-0.962
G1 X0.800 Y-0.497
G1 X0.800 Y-0.178
G1 X0.800 Y-0.033
G1 X0.800 Y0.048
G1 X0.800 Y0.237
G1 X0.800 Y0.678
G1 X0.800 Y1.335
G1 X0.800 Y1.879
G1 X0.800 Y1.786
G1 X0.800 Y0.802
G1 X0.800 Y-0.663
G1 X0.800 Y-1.776
G1 X0.800 Y-2.004
G1 X0.800 Y-1.483
G1 X0.800 Y-0.725
G1 X0.800 Y-0.144
G1 X0.800 Y0.131
G1 X0.800 Y0.162
G1 X0.800 Y0.070
G1 X0.800 Y-0.046
G1 X0.800 Y-0.124
G1 X0.800 Y-0.132
G1 X0.000 Y1.136
G1 X-0.800 Y0.001
G1 X-0.800 Y0.000
G1 X-0.800 Y-0.001
G1 X-0.800 Y0.019
G1 X-0.800 Y0.099
G1 X-0.800 Y0.286
G1 X-0.800 Y0.614
G1 X-0.800 Y1.061
G1 X-0.800 Y1.485
G1 X-0.800 Y1.629
G1 X-0.800 Y1.248
G1 X-0.800 Y0.338
G1 X-0.800 Y-0.756
G1 X-0.800 Y-1.526
G1 X-0.800 Y-1.685
G1 X-0.800 Y-1.336
G1 X-0.800 Y-0.808
G1 X-0.800 Y-0.377
G1 X-0.800 Y-0.123
G1 X-0.800 Y0.024
G1 X-0.800 Y0.185
G1 X-0.800 Y0.457
G1 X-0.800 Y0.843
G1 X-0.800 Y1.213
G1 X-0.800 Y1.381
G1 X-0.800 Y1.232
G1 X-0.800 Y0.834
G1 X-0.800 Y0.389
G1 X-0.800 Y0.073
G1 X-0.800 Y-0.049
G1 X-0.800 Y-0.025
G1 X-0.800 Y0.038
G1 X-0.800 Y0.037
G1 X-0.800 Y-0.104
G1 X-0.800 Y-0.382
G1 X-0.800 Y-0.709
G1 X-0.800 Y-0.944
G1 X-0.800 Y-0.984
G1 X-0.800 Y-0.825
G1 X-0.800 Y-0.546
G1 X-0.800 Y-0.222
G1 X-0.800 Y0.116
G1 X-0.800 Y0.478
G1 X-0.800 Y0.851
G1 X-0.800 Y1.143
G1 X-0.800 Y1.178
G1 X-0.800 Y0.805
G1 X-0.800 Y0.073
G1 X-0.800 Y-0.740
G1 X-0.800 Y-1.284
G1 X-0.800 Y-1.395
G1 X-0.800 Y-1.162
G1 X-0.800 Y-0.791
G1 X-0.800 Y-0.446
G1 X-0.800 Y-0.191
G1 X-0.800 Y-0.007
G1 X-0.800 Y0.149
G1 X-0.800 Y0.295
G1 X-0.800 Y0.427
G1 X-0.800 Y0.511
G1 X-0.800 Y0.522
G1 X-0.800 Y0.450
G1 X-0.800 Y0.314
G1 X-0.800 Y0.138
G1 X-0.800 Y-0.052
G1 X-0.800 Y-0.235
G1 X-0.800 Y-0.388
G1 X-0.800 Y-0.485
G1 X-0.800 Y-0.505
G1 X-0.800 Y-0.446
G1 X-0.800 Y-0.326
G1 X-0.800 Y-0.175
G1 X-0.800 Y-0.003
G1 X-0.800 Y0.209
G1 X-0.800 Y0.502
G1 X-0.800 Y0.901
G1 X-0.800 Y1.323
G1 X-0.800 Y1.527
G1 X-0.800 Y1.183
G1 X-0.800 Y0.154
G1 X-0.800 Y-1.198
G1 X-0.800 Y-2.121
G1 X-0.800 Y-2.062
G1 X-0.800 Y-1.162
G1 X-0.800 Y-0.073
G1 X-0.800 Y0.636
G1 X-0.800 Y0.817
G1 X-0.800 Y0.625
G1 X-0.800 Y0.268
G1 X-0.800 Y-0.120
G1 X-0.800 Y-0.460
G1 X-0.800 Y-0.675
G1 X-0.800 Y-0.682
G1 X-0.800 Y-0.435
G1 X-0.800 Y0.000
G1 X-0.800 Y0.451
G1 X-0.800 Y0.736
G1 X-0.800 Y0.773
G1 X-0.800 Y0.596
G1 X-0.800 Y0.290
G1 X-0.800 Y-0.070
G1 X-0.800 Y-0.435
G1 X-0.800 Y-0.733
G1 X-0.800 Y-0.852
G1 X-0.800 Y-0.659
G1 X-0.800 Y-0.122
G1 X-0.800 Y0.584
G1 X-0.800 Y1.150
G1 X-0.800 Y1.344
G1 X-0.800 Y1.165
G1 X-0.800 Y0.789
G1 X-0.800 Y0.388
G1 X-0.800 Y0.023
G1 X-0.800 Y-0.361
G1 X-0.800 Y-0.831
G1 X-0.800 Y-1.342
G1 X-0.800 Y-1.611
G1 X-0.800 Y-1.188
G1 X-0.800 Y0.143
G1 X-0.800 Y1.823
G1 X-0.800 Y2.654
G1 X-0.800 Y1.831
G1 X-0.800 Y-0.127
G1 X-0.800 Y-1.824
G1 X-0.800 Y-2.298
G1 X-0.800 Y-1.665
G1 X-0.800 Y-0.656
G1 X-0.800 Y0.125
G1 X-0.800 Y0.481
G1 X-0.800 Y0.498
G1 X-0.800 Y0.333
G1 X-0.800 Y0.108
G1 X-0.800 Y-0.109
G1 X-0.800 Y-0.278
G1 X-0.800 Y-0.372
G1 X-0.800 Y-0.379
G1 X-0.800 Y-0.296
G1 X-0.800 Y-0.134
G1 X-0.800 Y0.080
G1 X-0.800 Y0.321
G1 X-0.800 Y0.563
G1 X-0.800 Y0.787
G1 X-0.800 Y0.974
G1 X-0.800 Y1.102
G1 X-0.800 Y1.135
G1 X-0.800 Y1.015
G1 X-0.800 Y0.679
G1 X-0.800 Y0.091
G1 X-0.800 Y-0.693
G1 X-0.800 Y-1.481
G1 X-0.800 Y-1.945
G1 X-0.800 Y-1.762
G1 X-0.800 Y-0.852
G1 X-0.800 Y0.463
G1 X-0.800 Y1.584
G1 X-0.800 Y2.011
G1 X-0.800 Y1.666
G1 X-0.800 Y0.894
G1 X-0.800 Y0.145
G1 X-0.800 Y-0.296
G1 X-0.800 Y-0.392
G1 X-0.800 Y-0.244
G1 X-0.800 Y0.017
G1 X-0.800 Y0.269
G1 X-0.800 Y0.395
G1 X-0.800 Y0.263
G1 X-0.800 Y-0.202
G1 X-0.800 Y-0.926
G1 X-0.800 Y-1.610
G1 X-0.800 Y-1.862
G1 X-0.800 Y-1.490
G1 X-0.800 Y-0.673
G1 X-0.800 Y0.161
G1 X-0.800 Y0.663
G1 X-0.800 Y0.748
G1 X-0.800 Y0.542
G1 X-0.800 Y0.214
G1 X-0.800 Y-0.129
G1 X-0.800 Y-0.415
G1 X-0.800 Y-0.595
G1 X0.000 Y2.551
G1 X0.800 Y0.510
G1 X0.800 Y0.262
G1 X0.800 Y-0.036
G1 X0.800 Y-0.363
G1 X0.800 Y-0.680
G1 X0.800 Y-0.897
G1 X0.800 Y-0.872
G1 X0.800 Y-0.478
G1 X0.800 Y0.255
G1 X0.800 Y1.068
G1 X0.800 Y1.598
G1 X0.800 Y1.631
G1 X0.800 Y1.241
G1 X0.800 Y0.699
G1 X0.800 Y0.260
G1 X0.800 Y0.031
G1 X0.800 Y-0.017
G1 X0.800 Y0.013
G1 X0.800 Y-0.010
G1 X0.800 Y-0.202
G1 X0.800 Y-0.626
G1 X0.800 Y-1.207
G1 X0.800 Y-1.695
G1 X0.800 Y-1.742
G1 X0.800 Y-1.141
G1 X0.800 Y-0.033
G1 X0.800 Y1.112
G1 X0.800 Y1.801
G1 X0.800 Y1.821
G1 X0.800 Y1.310
G1 X0.800 Y0.581
G1 X0.800 Y-0.084
G1 X0.800 Y-0.541
G1 X0.800 Y-0.778
G1 X0.800 Y-0.850
G1 X0.800 Y-0.825
G1 X0.800 Y-0.755
G1 X0.800 Y-0.671
G1 X0.800 Y-0.587
G1 X0.800 Y-0.502
G1 X0.800 Y-0.416
G1 X0.800 Y-0.323
G1 X0.800 Y-0.227
G1 X0.800 Y-0.134
G1 X0.800 Y-0.059
G1 X0.800 Y-0.011
G1 X0.800 Y0.006
G1 X0.800 Y-0.002
G1 X0.800 Y-0.003
G1 X0.800 Y0.049
G1 X0.800 Y0.221
G1 X0.800 Y0.569
G1 X0.800 Y1.080
G1 X0.800 Y1.597
G1 X0.800 Y1.784
G1 X0.800 Y1.285
G1 X0.800 Y0.051
G1 X0.800 Y-1.411
G1 X0.800 Y-2.272
G1 X0.800 Y-2.020
G1 X0.800 Y-0.909
G1 X0.800 Y0.320
G1 X0.800 Y1.064
G1 X0.800 Y1.199
G1 X0.800 Y0.937
G1 X0.800 Y0.531
G1 X0.800 Y0.121
G1 X0.800 Y-0.269
G1 X0.800 Y-0.634
G1 X0.800 Y-0.928
G1 X0.800 Y-1.042
G1 X0.800 Y-0.872
G1 X0.800 Y-0.431
G1 X0.800 Y0.119
G1 X0.800 Y0.548
G1 X0.800 Y0.709
G1 X0.800 Y0.605
G1 X0.800 Y0.332
G1 X0.800 Y-0.010
G1 X0.800 Y-0.342
G1 X0.800 Y-0.595
G1 X0.800 Y-0.684
G1 X0.800 Y-0.536
G1 X0.800 Y-0.161
G1 X0.800 Y0.319
G1 X0.800 Y0.711
G1 X0.800 Y0.873
G1 X0.800 Y0.783
G1 X0.800 Y0.515
G1 X0.800 Y0.155
G1 X0.800 Y-0.244
G1 X0.800 Y-0.644
G1 X0.800 Y-0.957
G1 X0.800 Y-0.990
G1 X0.800 Y-0.523
G1 X0.800 Y0.470
G1 X0.800 Y1.596
G1 X0.800 Y2.183
G1 X0.800 Y1.818
G1 X0.800 Y0.725
G1 X0.800 Y-0.433
G1 X0.800 Y-1.123
G1 X0.800 Y-1.243
G1 X0.800 Y-1.005
G1 X0.800 Y-0.648
G1 X0.800 Y-0.313
G1 X0.800 Y-0.037
G1 X0.800 Y0.188
G1 X0.800 Y0.365
G1 X0.800 Y0.484
G1 X0.800 Y0.526
G1 X0.800 Y0.488
G1 X0.800 Y0.384
G1 X0.800 Y0.239
G1 X0.800 Y0.077
G1 X0.800 Y-0.090
G1 X0.800 Y-0.254
G1 X0.800 Y-0.397
G1 X0.800 Y-0.499
G1 X0.800 Y-0.535
G1 X0.800 Y-0.491
G1 X0.800 Y-0.375
G1 X0.800 Y-0.204
G1 X0.800 Y0.004
G1 X0.800 Y0.254
G1 X0.800 Y0.551
G1 X0.800 Y0.871
G1 X0.800 Y1.124
G1 X0.800 Y1.148
G1 X0.800 Y0.796
G1 X0.800 Y0.087
G1 X0.800 Y-0.729
G1 X0.800 Y-1.307
G1 X0.800 Y-1.444
G1 X0.800 Y-1.204
G1 X0.800 Y-0.800
G1 X0.800 Y-0.425
G1 X0.800 Y-0.141
G1 X0.800 Y0.087
G1 X0.800 Y0.330
G1 X0.800 Y0.619
G1 X0.800 Y0.916
G1 X0.800 Y1.112
G1 X0.800 Y1.112
G1 X0.800 Y0.906
G1 X0.800 Y0.590
G1 X0.800 Y0.295
G1 X0.800 Y0.106
G1 X0.800 Y0.021
G1 X0.800 Y-0.022
G1 X0.800 Y-0.110
G1 X0.800 Y-0.305
G1 X0.800 Y-0.605
G1 X0.800 Y-0.927
G1 X0.800 Y-1.137
G1 X0.800 Y-1.140
G1 X0.800 Y-0.940
G1 X0.800 Y-0.641
G1 X0.800 Y-0.354
G1 X0.800 Y-0.131
G1 X0.800 Y0.050
G1 X0.800 Y0.257
G1 X0.800 Y0.552
G1 X0.800 Y0.927
G1 X0.800 Y1.277
G1 X0.800 Y1.415
G1 X0.800 Y1.194
G1 X0.800 Y0.618
G1 X0.800 Y-0.117
G1 X0.800 Y-0.754
G1 X0.800 Y-1.118
G1 X0.800 Y-1.188
G1 X0.800 Y-1.052
G1 X0.800 Y-0.825
G1 X0.800 Y-0.597
G1 X0.800 Y-0.407
G1 X0.800 Y-0.268
G1 X0.800 Y-0.172
G1 X0.800 Y-0.107
G1 X0.800 Y-0.063
G1 X0.000 Y1.437
G1 X-0.800 Y0.309
G1 X-0.800 Y0.420
G1 X-0.800 Y0.513
G1 X-0.800 Y0.591
G1 X-0.800 Y0.656
G1 X-0.800 Y0.712
G1 X-0.800 Y0.757
G1 X-0.800 Y0.776
G1 X-0.800 Y0.738
G1 X-0.800 Y0.606
G1 X-0.800 Y0.353
G1 X-0.800 Y-0.018
G1 X-0.800 Y-0.449
G1 X-0.800 Y-0.837
G1 X-0.800 Y-1.077
G1 X-0.800 Y-1.111
G1 X-0.800 Y-0.963
G1 X-0.800 Y-0.712
G1 X-0.800 Y-0.447
G1 X-0.800 Y-0.216
G1 X-0.800 Y-0.020
G1 X-0.800 Y0.167
G1 X-0.800 Y0.368
G1 X-0.800 Y0.585
G1 X-0.800 Y0.776
G1 X-0.800 Y0.881
G1 X-0.800 Y0.859
G1 X-0.800 Y0.718
G1 X-0.800 Y0.511
G1 X-0.800 Y0.299
G1 X-0.800 Y0.117
G1 X-0.800 Y-0.047
G1 X-0.800 Y-0.227
G1 X-0.800 Y-0.456
G1 X-0.800 Y-0.724
G1 X-0.800 Y-0.965
G1 X-0.800 Y-1.084
G1 X-0.800 Y-1.016
G1 X-0.800 Y-0.786
G1 X-0.800 Y-0.490
G1 X-0.800 Y-0.238
G1 X-0.800 Y-0.082
G1 X-0.800 Y0.001
G1 X-0.800 Y0.093
G1 X-0.800 Y0.287
G1 X-0.800 Y0.638
G1 X-0.800 Y1.097
G1 X-0.800 Y1.479
G1 X-0.800 Y1.537
G1 X-0.800 Y1.151
G1 X-0.800 Y0.442
G1 X-0.800 Y-0.281
G1 X-0.800 Y-0.752
G1 X-0.800 Y-0.884
G1 X-0.800 Y-0.759
G1 X-0.800 Y-0.507
G1 X-0.800 Y-0.227
G1 X-0.800 Y0.031
G1 X-0.800 Y0.243
G1 X-0.800 Y0.396
G1 X-0.800 Y0.472
G1 X-0.800 Y0.469
G1 X-0.800 Y0.400
G1 X-0.800 Y0.290
G1 X-0.800 Y0.167
G1 X-0.800 Y0.047
G1 X-0.800 Y-0.072
G1 X-0.800 Y-0.193
G1 X-0.800 Y-0.313
G1 X-0.800 Y-0.413
G1 X-0.800 Y-0.466
G1 X-0.800 Y-0.447
G1 X-0.800 Y-0.345
G1 X-0.800 Y-0.166
G1 X-0.800 Y0.073
G1 X-0.800 Y0.357
G1 X-0.800 Y0.655
G1 X-0.800 Y0.878
G1 X-0.800 Y0.875
G1 X-0.800 Y0.468
G1 X-0.800 Y-0.381
G1 X-0.800 Y-1.397
G1 X-0.800 Y-2.043
G1 X-0.800 Y-1.888
G1 X-0.800 Y-1.001
G1 X-0.800 Y0.097
G1 X-0.800 Y0.865
G1 X-0.800 Y1.102
G1 X-0.800 Y0.931
G1 X-0.800 Y0.575
G1 X-0.800 Y0.182
G1 X-0.800 Y-0.196
G1 X-0.800 Y-0.543
G1 X-0.800 Y-0.817
G1 X-0.800 Y-0.936
G1 X-0.800 Y-0.818
G1 X-0.800 Y-0.467
G1 X-0.800 Y-0.001
G1 X-0.800 Y0.398
G1 X-0.800 Y0.591
G1 X-0.800 Y0.546
G1 X-0.800 Y0.321
G1 X-0.800 Y0.003
G1 X-0.800 Y-0.314
G1 X-0.800 Y-0.540
G1 X-0.800 Y-0.586
G1 X-0.800 Y-0.403
G1 X-0.800 Y-0.040
G1 X-0.800 Y0.363
G1 X-0.800 Y0.651
G1 X-0.800 Y0.730
G1 X-0.800 Y0.611
G1 X-0.800 Y0.356
G1 X-0.800 Y0.033
G1 X-0.800 Y-0.312
G1 X-0.800 Y-0.628
G1 X-0.800 Y-0.820
G1 X-0.800 Y-0.743
G1 X-0.800 Y-0.269
G1 X-0.800 Y0.566
G1 X-0.800 Y1.458
G1 X-0.800 Y1.957
G1 X-0.800 Y1.759
G1 X-0.800 Y0.956
G1 X-0.800 Y-0.044
G1 X-0.800 Y-0.817
G1 X-0.800 Y-1.166
G1 X-0.800 Y-1.144
G1 X-0.800 Y-0.917
G1 X-0.800 Y-0.638
G1 X-0.800 Y-0.386
G1 X-0.800 Y-0.187
G1 X-0.800 Y-0.036
G1 X-0.800 Y0.082
G1 X-0.800 Y0.177
G1 X-0.800 Y0.248
G1 X-0.800 Y0.298
G1 X-0.800 Y0.325
G1 X-0.800 Y0.333
G1 X-0.800 Y0.331
G1 X-0.800 Y0.326
G1 X-0.800 Y0.329
G1 X-0.800 Y0.348
G1 X-0.800 Y0.386
G1 X-0.800 Y0.438
G1 X-0.800 Y0.492
G1 X-0.800 Y0.520
G1 X-0.800 Y0.475
G1 X-0.800 Y0.296
G1 X-0.800 Y-0.065
G1 X-0.800 Y-0.610
G1 X-0.800 Y-1.225
G1 X-0.800 Y-1.681
G1 X-0.800 Y-1.713
G1 X-0.800 Y-1.190
G1 X-0.800 Y-0.253
G1 X-0.800 Y0.716
G1 X-0.800 Y1.344
G1 X-0.800 Y1.476
G1 X-0.800 Y1.223
G1 X-0.800 Y0.818
G1 X-0.800 Y0.444
G1 X-0.800 Y0.166
G1 X-0.800 Y-0.048
G1 X-0.800 Y-0.281
G1 X-0.800 Y-0.595
G1 X-0.800 Y-0.979
G1 X-0.800 Y-1.319
G1 X-0.800 Y-1.415
G1 X-0.800 Y-1.118
G1 X-0.800 Y-0.463
G1 X-0.800 Y0.307
G1 X-0.800 Y0.891
G1 X-0.800 Y1.123
G1 X-0.800 Y1.033
G1 X-0.800 Y0.765
G1 X-0.800 Y0.449
G1 X-0.800 Y0.155
G1 X-0.800 Y-0.107
G1 X-0.800 Y-0.344
G1 X0.000 Y2.375
G1 X0.800 Y0.194
G1 X0.800 Y0.007
G1 X0.800 Y-0.202
G1 X0.800 Y-0.457
G1 X0.800 Y-0.762
G1 X0.800 Y-1.063
G1 X0.800 Y-1.236
G1 X0.800 Y-1.135
G1 X0.800 Y-0.695
G1 X0.800 Y-0.022
G1 X0.800 Y0.640
G1 X0.800 Y1.056
G1 X0.800 Y1.134
G1 X0.800 Y0.949
G1 X0.800 Y0.638
G1 X0.800 Y0.303
G1 X0.800 Y-0.017
G1 X0.800 Y-0.340
G1 X0.800 Y-0.680
G1 X0.800 Y-0.992
G1 X0.800 Y-1.164
G1 X0.800 Y-1.040
G1 X0.800 Y-0.545
G1 X0.800 Y0.228
G1 X0.800 Y1.009
G1 X0.800 Y1.504
G1 X0.800 Y1.568
G1 X0.800 Y1.268
G1 X0.800 Y0.800
G1 X0.800 Y0.353
G1 X0.800 Y0.034
G1 X0.800 Y-0.135
G1 X0.800 Y-0.192
G1 X0.800 Y-0.178
G1 X0.800 Y-0.138
G1 X0.800 Y-0.095
G1 X0.800 Y-0.066
G1 X0.800 Y-0.055
G1 X0.800 Y-0.064
G1 X0.800 Y-0.088
G1 X0.800 Y-0.125
G1 X0.800 Y-0.169
G1 X0.800 Y-0.212
G1 X0.800 Y-0.245
G1 X0.800 Y-0.255
G1 X0.800 Y-0.232
G1 X0.800 Y-0.171
G1 X0.800 Y-0.067
G1 X0.800 Y0.074
G1 X0.800 Y0.243
G1 X0.800 Y0.420
G1 X0.800 Y0.564
G1 X0.800 Y0.608
G1 X0.800 Y0.473
G1 X0.800 Y0.093
G1 X0.800 Y-0.501
G1 X0.800 Y-1.153
G1 X0.800 Y-1.603
G1 X0.800 Y-1.639
G1 X0.800 Y-1.236
G1 X0.800 Y-0.589
G1 X0.800 Y0.031
G1 X0.800 Y0.422
G1 X0.800 Y0.538
G1 X0.800 Y0.439
G1 X0.800 Y0.220
G1 X0.800 Y-0.035
G1 X0.800 Y-0.271
G1 X0.800 Y-0.433
G1 X0.800 Y-0.473
G1 X0.800 Y-0.365
G1 X0.800 Y-0.124
G1 X0.800 Y0.166
G1 X0.800 Y0.401
G1 X0.800 Y0.484
G1 X0.800 Y0.382
G1 X0.800 Y0.123
G1 X0.800 Y-0.200
G1 X0.800 Y-0.455
G1 X0.800 Y-0.519
G1 X0.800 Y-0.343
G1 X0.800 Y0.030
G1 X0.800 Y0.460
G1 X0.800 Y0.789
G1 X0.800 Y0.905
G1 X0.800 Y0.806
G1 X0.800 Y0.561
G1 X0.800 Y0.243
G1 X0.800 Y-0.106
G1 X0.800 Y-0.469
G1 X0.800 Y-0.818
G1 X0.800 Y-1.041
G1 X0.800 Y-0.964
G1 X0.800 Y-0.436
G1 X0.800 Y0.477
G1 X0.800 Y1.414
G1 X0.800 Y1.906
G1 X0.800 Y1.720
G1 X0.800 Y1.032
G1 X0.800 Y0.244
G1 X0.800 Y-0.310
G1 X0.800 Y-0.532
G1 X0.800 Y-0.490
G1 X0.800 Y-0.308
G1 X0.800 Y-0.086
G1 X0.800 Y0.113
G1 X0.800 Y0.255
G1 X0.800 Y0.323
G1 X0.800 Y0.317
G1 X0.800 Y0.258
G1 X0.800 Y0.176
G1 X0.800 Y0.098
G1 X0.800 Y0.037
G1 X0.800 Y-0.015
G1 X0.800 Y-0.072
G1 X0.800 Y-0.146
G1 X0.800 Y-0.236
G1 X0.800 Y-0.321
G1 X0.800 Y-0.368
G1 X0.800 Y-0.350
G1 X0.800 Y-0.253
G1 X0.800 Y-0.087
G1 X0.800 Y0.128
G1 X0.800 Y0.354
G1 X0.800 Y0.531
G1 X0.800 Y0.572
G1 X0.800 Y0.382
G1 X0.800 Y-0.080
G1 X0.800 Y-0.712
G1 X0.800 Y-1.284
G1 X0.800 Y-1.547
G1 X0.800 Y-1.409
G1 X0.800 Y-0.995
G1 X0.800 Y-0.528
G1 X0.800 Y-0.185
G1 X0.800 Y-0.022
G1 X0.800 Y0.010
G1 X0.800 Y-0.008
G1 X0.800 Y0.008
G1 X0.800 Y0.111
G1 X0.800 Y0.307
G1 X0.800 Y0.542
G1 X0.800 Y0.737
G1 X0.800 Y0.818
G1 X0.800 Y0.766
G1 X0.800 Y0.612
G1 X0.800 Y0.404
G1 X0.800 Y0.187
G1 X0.800 Y-0.022
G1 X0.800 Y-0.215
G1 X0.800 Y-0.381
G1 X0.800 Y-0.507
G1 X0.800 Y-0.568
G1 X0.800 Y-0.553
G1 X0.800 Y-0.471
G1 X0.800 Y-0.344
G1 X0.800 Y-0.200
G1 X0.800 Y-0.051
G1 X0.800 Y0.104
G1 X0.800 Y0.273
G1 X0.800 Y0.460
G1 X0.800 Y0.650
G1 X0.800 Y0.804
G1 X0.800 Y0.880
G1 X0.800 Y0.849
G1 X0.800 Y0.715
G1 X0.800 Y0.512
G1 X0.800 Y0.287
G1 X0.800 Y0.083
G1 X0.800 Y-0.083
G1 X0.800 Y-0.210
G1 X0.800 Y-0.310
G1 X0.800 Y-0.405
G1 X0.800 Y-0.507
G1 X0.800 Y-0.623
G1 X0.800 Y-0.745
G1 X0.800 Y-0.845
G1 X0.800 Y-0.889
G1 X0.800 Y-0.836
G1 X0.800 Y-0.676
G1 X0.000 Y1.590
G1 X-0.800 Y1.084
G1 X-0.800 Y1.236
G1 X-0.800 Y1.152
G1 X-0.800 Y0.911
G1 X-0.800 Y0.627
G1 X-0.800 Y0.381
G1 X-0.800 Y0.207
G1 X-0.800 Y0.100
G1 X-0.800 Y0.037
G1 X-0.800 Y0.000
G1 X-0.800 Y-0.035
G1 X-0.800 Y-0.080
G1 X-0.800 Y-0.151
G1 X-0.800 Y-0.256
G1 X-0.800 Y-0.396
G1 X-0.800 Y-0.553
G1 X-0.800 Y-0.697
G1 X-0.800 Y-0.790
G1 X-0.800 Y-0.801
G1 X-0.800 Y-0.730
G1 X-0.800 Y-0.595
G1 X-0.800 Y-0.435
G1 X-0.800 Y-0.278
G1 X-0.800 Y-0.143
G1 X-0.800 Y-0.031
G1 X-0.800 Y0.065
G1 X-0.800 Y0.152
G1 X-0.800 Y0.221
G1 X-0.800 Y0.266
G1 X-0.800 Y0.271
G1 X-0.800 Y0.227
G1 X-0.800 Y0.139
G1 X-0.800 Y0.014
G1 X-0.800 Y-0.128
G1 X-0.800 Y-0.266
G1 X-0.800 Y-0.373
G1 X-0.800 Y-0.424
G1 X-0.800 Y-0.404
G1 X-0.800 Y-0.316
G1 X-0.800 Y-0.190
G1 X-0.800 Y-0.073
G1 X-0.800 Y0.000
G1 X-0.800 Y0.015
G1 X-0.800 Y-0.005
G1 X-0.800 Y-0.016
G1 X-0.800 Y0.049
G1 X-0.800 Y0.244
G1 X-0.800 Y0.586
G1 X-0.800 Y1.000
G1 X-0.800 Y1.335
G1 X-0.800 Y1.422
G1 X-0.800 Y1.192
G1 X-0.800 Y0.735
G1 X-0.800 Y0.236
G1 X-0.800 Y-0.133
G1 X-0.800 Y-0.303
G1 X-0.800 Y-0.293
G1 X-0.800 Y-0.176
G1 X-0.800 Y-0.019
G1 X-0.800 Y0.121
G1 X-0.800 Y0.211
G1 X-0.800 Y0.233
G1 X-0.800 Y0.193
G1 X-0.800 Y0.120
G1 X-0.800 Y0.045
G1 X-0.800 Y-0.004
G1 X-0.800 Y-0.017
G1 X-0.800 Y-0.004
G1 X-0.800 Y0.013
G1 X-0.800 Y0.014
G1 X-0.800 Y-0.014
G1 X-0.800 Y-0.065
G1 X-0.800 Y-0.118
G1 X-0.800 Y-0.144
G1 X-0.800 Y-0.123
G1 X-0.800 Y-0.047
G1 X-0.800 Y0.065
G1 X-0.800 Y0.169
G1 X-0.800 Y0.199
G1 X-0.800 Y0.072
G1 X-0.800 Y-0.270
G1 X-0.800 Y-0.807
G1 X-0.800 Y-1.372
G1 X-0.800 Y-1.691
G1 X-0.800 Y-1.545
G1 X-0.800 Y-0.936
G1 X-0.800 Y-0.128
G1 X-0.800 Y0.545
G1 X-0.800 Y0.879
G1 X-0.800 Y0.876
G1 X-0.800 Y0.657
G1 X-0.800 Y0.348
G1 X-0.800 Y0.025
G1 X-0.800 Y-0.284
G1 X-0.800 Y-0.554
G1 X-0.800 Y-0.740
G1 X-0.800 Y-0.784
G1 X-0.800 Y-0.645
G1 X-0.800 Y-0.339
G1 X-0.800 Y0.040
G1 X-0.800 Y0.353
G1 X-0.800 Y0.459
G1 X-0.800 Y0.264
G1 X-0.800 Y-0.104
G1 X-0.800 Y-0.344
G1 X-0.800 Y-0.375
G1 X-0.800 Y-0.258
G1 X-0.800 Y-0.058
G1 X-0.800 Y0.149
G1 X-0.800 Y0.295
G1 X-0.800 Y0.341
G1 X-0.800 Y0.279
G1 X-0.800 Y0.136
G1 X-0.800 Y-0.055
G1 X-0.800 Y-0.242
G1 X-0.800 Y-0.370
G1 X-0.800 Y-0.368
G1 X-0.800 Y-0.171
G1 X-0.800 Y0.233
G1 X-0.800 Y0.763
G1 X-0.800 Y1.243
G1 X-0.800 Y1.486
G1 X-0.800 Y1.393
G1 X-0.800 Y1.022
G1 X-0.800 Y0.539
G1 X-0.800 Y0.117
G1 X-0.800 Y-0.149
G1 X-0.800 Y-0.246
G1 X-0.800 Y-0.217
G1 X-0.800 Y-0.120
G1 X-0.800 Y-0.004
G1 X-0.800 Y0.095
G1 X-0.800 Y0.156
G1 X-0.800 Y0.172
G1 X-0.800 Y0.150
G1 X-0.800 Y0.103
G1 X-0.800 Y0.052
G1 X-0.800 Y0.012
G1 X-0.800 Y-0.009
G1 X-0.800 Y-0.013
G1 X-0.800 Y-0.005
G1 X-0.800 Y0.003
G1 X-0.800 Y0.008
G1 X-0.800 Y0.008
G1 X-0.800 Y0.004
G1 X-0.800 Y0.001
G1 X-0.800 Y-0.005
G1 X-0.800 Y-0.022
G1 X-0.800 Y-0.075
G1 X-0.800 Y-0.192
G1 X-0.800 Y-0.401
G1 X-0.800 Y-0.705
G1 X-0.800 Y-1.050
G1 X-0.800 Y-1.322
G1 X-0.800 Y-1.370
G1 X-0.800 Y-1.094
G1 X-0.800 Y-0.533
G1 X-0.800 Y0.136
G1 X-0.800 Y0.680
G1 X-0.800 Y0.948
G1 X-0.800 Y0.932
G1 X-0.800 Y0.719
G1 X-0.800 Y0.418
G1 X-0.800 Y0.094
G1 X-0.800 Y-0.232
G1 X-0.800 Y-0.551
G1 X-0.800 Y-0.826
G1 X-0.800 Y-0.968
G1 X-0.800 Y-0.868
G1 X-0.800 Y-0.479
G1 X-0.800 Y0.123
G1 X-0.800 Y0.733
G1 X-0.800 Y1.135
G1 X-0.800 Y1.231
G1 X-0.800 Y1.069
G1 X-0.800 Y0.780
G1 X-0.800 Y0.484
G1 X-0.800 Y0.239
G1 X-0.800 Y0.045
G1 X-0.800 Y-0.121
G1 X0.000 Y0.536
G1 X0.800 Y0.100
G1 X0.800 Y-0.102
G1 X0.800 Y-0.331
G1 X0.800 Y-0.593
G1 X0.800 Y-0.860
G1 X0.800 Y-1.057
G1 X0.800 Y-1.073
G1 X0.800 Y-0.828
G1 X0.800 Y-0.339
G1 X0.800 Y0.246
G1 X0.800 Y0.729
G1 X0.800 Y0.970
G1 X0.800 Y0.946
G1 X0.800 Y0.742
G1 X0.800 Y0.452
G1 X0.800 Y0.146
G1 X0.800 Y-0.160
G1 X0.800 Y-0.464
G1 X0.800 Y-0.746
G1 X0.800 Y-0.943
G1 X0.800 Y-0.957
G1 X0.800 Y-0.718
G1 X0.800 Y-0.243
G1 X0.800 Y0.331
G1 X0.800 Y0.823
G1 X0.800 Y1.092
G1 X0.800 Y1.110
G1 X0.800 Y0.946
G1 X0.800 Y0.704
G1 X0.800 Y0.466
G1 X0.800 Y0.270
G1 X0.800 Y0.125
G1 X0.800 Y0.016
G1 X0.800 Y-0.062
G1 X0.800 Y-0.115
G1 X0.800 Y-0.141
G1 X0.800 Y-0.134
G1 X0.800 Y-0.090
G1 X0.800 Y-0.016
G1 X0.800 Y0.078
G1 X0.800 Y0.176
G1 X0.800 Y0.258
G1 X0.800 Y0.303
G1 X0.800 Y0.294
G1 X0.800 Y0.229
G1 X0.800 Y0.120
G1 X0.800 Y0.002
G1 X0.800 Y-0.090
G1 X0.800 Y-0.126
G1 X0.800 Y-0.099
G1 X0.800 Y-0.021
G1 X0.800 Y0.076
G1 X0.800 Y0.142
G1 X0.800 Y0.120
G1 X0.800 Y-0.046
G1 X0.800 Y-0.376
G1 X0.800 Y-0.818
G1 X0.800 Y-1.238
G1 X0.800 Y-1.461
G1 X0.800 Y-1.369
G1 X0.800 Y-0.983
G1 X0.800 Y-0.457
G1 X0.800 Y0.022
G1 X0.800 Y0.326
G1 X0.800 Y0.425
G1 X0.800 Y0.361
G1 X0.800 Y0.202
G1 X0.800 Y0.010
G1 X0.800 Y-0.169
G1 X0.800 Y-0.301
G1 X0.800 Y-0.358
G1 X0.800 Y-0.323
G1 X0.800 Y-0.200
G1 X0.800 Y-0.021
G1 X0.800 Y0.174
G1 X0.800 Y0.334
G1 X0.800 Y0.345
G1 X0.800 Y-0.343
G1 X0.800 Y-0.394
G1 X0.800 Y-0.130
G1 X0.800 Y0.169
G1 X0.800 Y0.424
G1 X0.800 Y0.571
G1 X0.800 Y0.586
G1 X0.800 Y0.480
G1 X0.800 Y0.288
G1 X0.800 Y0.046
G1 X0.800 Y-0.216
G1 X0.800 Y-0.464
G1 X0.800 Y-0.644
G1 X0.800 Y-0.676
G1 X0.800 Y-0.478
G1 X0.800 Y-0.033
G1 X0.800 Y0.564
G1 X0.800 Y1.114
G1 X0.800 Y1.414
G1 X0.800 Y1.382
G1 X0.800 Y1.087
G1 X0.800 Y0.693
G1 X0.800 Y0.348
G1 X0.800 Y0.124
G1 X0.800 Y0.020
G1 X0.800 Y-0.004
G1 X0.800 Y0.001
G1 X0.800 Y0.002
G1 X0.800 Y-0.020
G1 X0.800 Y-0.060
G1 X0.800 Y-0.100
G1 X0.800 Y-0.119
G1 X0.800 Y-0.104
G1 X0.800 Y-0.055
G1 X0.800 Y0.014
G1 X0.800 Y0.083
G1 X0.800 Y0.127
G1 X0.800 Y0.129
G1 X0.800 Y0.087
G1 X0.800 Y0.015
G1 X0.800 Y-0.059
G1 X0.800 Y-0.103
G1 X0.800 Y-0.096
G1 X0.800 Y-0.039
G1 X0.800 Y0.044
G1 X0.800 Y0.113
G1 X0.800 Y0.118
G1 X0.800 Y0.006
G1 X0.800 Y-0.243
G1 X0.800 Y-0.594
G1 X0.800 Y-0.949
G1 X0.800 Y-1.179
G1 X0.800 Y-1.205
G1 X0.800 Y-1.032
G1 X0.800 Y-0.744
G1 X0.800 Y-0.453
G1 X0.800 Y-0.229
G1 X0.800 Y-0.094
G1 X0.800 Y-0.029
G1 X0.800 Y-0.001
G1 X0.800 Y0.022
G1 X0.800 Y0.052
G1 X0.800 Y0.090
G1 X0.800 Y0.120
G1 X0.800 Y0.132
G1 X0.800 Y0.113
G1 X0.800 Y0.068
G1 X0.800 Y0.007
G1 X0.800 Y-0.056
G1 X0.800 Y-0.103
G1 X0.800 Y-0.125
G1 X0.800 Y-0.117
G1 X0.800 Y-0.092
G1 X0.800 Y-0.057
G1 X0.800 Y-0.026
G1 X0.800 Y0.001
G1 X0.800 Y0.034
G1 X0.800 Y0.096
G1 X0.800 Y0.207
G1 X0.800 Y0.377
G1 X0.800 Y0.588
G1 X0.800 Y0.794
G1 X0.800 Y0.932
G1 X0.800 Y0.953
G1 X0.800 Y0.855
G1 X0.800 Y0.676
G1 X0.800 Y0.472
G1 X0.800 Y0.294
G1 X0.800 Y0.163
G1 X0.800 Y0.081
G1 X0.800 Y0.030
G1 X0.800 Y0.006
G1 X0.800 Y-0.002
G1 X0.800 Y0.013
G1 X0.800 Y0.043
G1 X0.800 Y0.071
G1 X0.800 Y0.058
G1 X0.800 Y-0.057
G1 X0.800 Y-0.326
G1 X0.800 Y-0.755
G1 X0.800 Y-1.228
G1 X0.800 Y-1.532
G1 X0.800 Y-1.464
G1 X0.000 Y1.514
G1 X-0.800 Y1.776
G1 X-0.800 Y1.705
G1 X-0.800 Y1.130
G1 X-0.800 Y0.424
G1 X-0.800 Y-0.084
G1 X-0.800 Y-0.291
G1 X-0.800 Y-0.267
G1 X-0.800 Y-0.130
G1 X-0.800 Y0.019
G1 X-0.800 Y0.125
G1 X-0.800 Y0.166
G1 X-0.800 Y0.149
G1 X-0.800 Y0.099
G1 X-0.800 Y0.040
G1 X-0.800 Y-0.025
G1 X-0.800 Y-0.116
G1 X-0.800 Y-0.269
G1 X-0.800 Y-0.504
G1 X-0.800 Y-0.802
G1 X-0.800 Y-1.082
G1 X-0.800 Y-1.226
G1 X-0.800 Y-1.149
G1 X-0.800 Y-0.860
G1 X-0.800 Y-0.467
G1 X-0.800 Y-0.109
G1 X-0.800 Y0.116
G1 X-0.800 Y0.189
G1 X-0.800 Y0.145
G1 X-0.800 Y0.042
G1 X-0.800 Y-0.066
G1 X-0.800 Y-0.138
G1 X-0.800 Y-0.152
G1 X-0.800 Y-0.109
G1 X-0.800 Y-0.027
G1 X-0.800 Y0.061
G1 X-0.800 Y0.127
G1 X-0.800 Y0.153
G1 X-0.800 Y0.140
G1 X-0.800 Y0.101
G1 X-0.800 Y0.054
G1 X-0.800 Y0.013
G1 X-0.800 Y-0.010
G1 X-0.800 Y-0.008
G1 X-0.800 Y0.017
G1 X-0.800 Y0.068
G1 X-0.800 Y0.147
G1 X-0.800 Y0.261
G1 X-0.800 Y0.413
G1 X-0.800 Y0.593
G1 X-0.800 Y0.771
G1 X-0.800 Y0.898
G1 X-0.800 Y0.922
G1 X-0.800 Y0.826
G1 X-0.800 Y0.630
G1 X-0.800 Y0.392
G1 X-0.800 Y0.184
G1 X-0.800 Y0.045
G1 X-0.800 Y-0.015
G1 X-0.800 Y-0.016
G1 X-0.800 Y0.006
G1 X-0.800 Y0.020
G1 X-0.800 Y0.001
G1 X-0.800 Y-0.053
G1 X-0.800 Y-0.129
G1 X-0.800 Y-0.202
G1 X-0.800 Y-0.246
G1 X-0.800 Y-0.245
G1 X-0.800 Y-0.198
G1 X-0.800 Y-0.117
G1 X-0.800 Y-0.019
G1 X-0.800 Y0.073
G1 X-0.800 Y0.144
G1 X-0.800 Y0.181
G1 X-0.800 Y0.183
G1 X-0.800 Y0.154
G1 X-0.800 Y0.107
G1 X-0.800 Y0.051
G1 X-0.800 Y-0.011
G1 X-0.800 Y-0.091
G1 X-0.800 Y-0.207
G1 X-0.800 Y-0.380
G1 X-0.800 Y-0.609
G1 X-0.800 Y-0.863
G1 X-0.800 Y-1.071
G1 X-0.800 Y-1.147
G1 X-0.800 Y-1.027
G1 X-0.800 Y-0.726
G1 X-0.800 Y-0.327
G1 X-0.800 Y0.050
G1 X-0.800 Y0.308
G1 X-0.800 Y0.413
G1 X-0.800 Y0.382
G1 X-0.800 Y0.260
G1 X-0.800 Y0.095
G1 X-0.800 Y-0.075
G1 X-0.800 Y-0.219
G1 X-0.800 Y-0.315
G1 X-0.800 Y-0.345
G1 X-0.800 Y-0.303
G1 X-0.800 Y-0.203
G1 X-0.800 Y-0.069
G1 X-0.800 Y0.043
G1 X-0.800 Y0.027
G1 X-0.800 Y-0.064
G1 X-0.800 Y0.043
G1 X-0.800 Y0.244
G1 X-0.800 Y0.423
G1 X-0.800 Y0.524
G1 X-0.800 Y0.526
G1 X-0.800 Y0.433
G1 X-0.800 Y0.265
G1 X-0.800 Y0.048
G1 X-0.800 Y-0.193
G1 X-0.800 Y-0.429
G1 X-0.800 Y-0.613
G1 X-0.800 Y-0.667
G1 X-0.800 Y-0.500
G1 X-0.800 Y-0.070
G1 X-0.800 Y0.561
G1 X-0.800 Y1.188
G1 X-0.800 Y1.564
G1 X-0.800 Y1.536
G1 X-0.800 Y1.154
G1 X-0.800 Y0.614
G1 X-0.800 Y0.141
G1 X-0.800 Y-0.144
G1 X-0.800 Y-0.224
G1 X-0.800 Y-0.157
G1 X-0.800 Y-0.022
G1 X-0.800 Y0.114
G1 X-0.800 Y0.194
G1 X-0.800 Y0.179
G1 X-0.800 Y0.059
G1 X-0.800 Y-0.143
G1 X-0.800 Y-0.370
G1 X-0.800 Y-0.555
G1 X-0.800 Y-0.647
G1 X-0.800 Y-0.637
G1 X-0.800 Y-0.543
G1 X-0.800 Y-0.402
G1 X-0.800 Y-0.245
G1 X-0.800 Y-0.096
G1 X-0.800 Y0.031
G1 X-0.800 Y0.126
G1 X-0.800 Y0.179
G1 X-0.800 Y0.187
G1 X-0.800 Y0.145
G1 X-0.800 Y0.058
G1 X-0.800 Y-0.071
G1 X-0.800 Y-0.235
G1 X-0.800 Y-0.425
G1 X-0.800 Y-0.616
G1 X-0.800 Y-0.765
G1 X-0.800 Y-0.802
G1 X-0.800 Y-0.658
G1 X-0.800 Y-0.308
G1 X-0.800 Y0.189
G1 X-0.800 Y0.688
G1 X-0.800 Y1.034
G1 X-0.800 Y1.136
G1 X-0.800 Y1.012
G1 X-0.800 Y0.755
G1 X-0.800 Y0.467
G1 X-0.800 Y0.201
G1 X-0.800 Y-0.044
G1 X-0.800 Y-0.294
G1 X-0.800 Y-0.574
G1 X-0.800 Y-0.865
G1 X-0.800 Y-1.088
G1 X-0.800 Y-1.137
G1 X-0.800 Y-0.932
G1 X-0.800 Y-0.500
G1 X-0.800 Y0.024
G1 X-0.800 Y0.468
G1 X-0.800 Y0.714
G1 X-0.800 Y0.744
G1 X-0.800 Y0.613
G1 X-0.800 Y0.400
G1 X-0.800 Y0.161
G1 X-0.800 Y-0.066
G1 X0.000 Y-1.296
G1 X0.800 Y0.007
G1 X0.800 Y-0.115
G1 X0.800 Y-0.206
G1 X0.800 Y-0.214
G1 X0.800 Y-0.085
G1 X0.800 Y0.197
G1 X0.800 Y0.591
G1 X0.800 Y0.981
G1 X0.800 Y1.228
G1 X0.800 Y1.245
G1 X0.800 Y1.044
G1 X0.800 Y0.729
G1 X0.800 Y0.420
G1 X0.800 Y0.196
G1 X0.800 Y0.064
G1 X0.800 Y-0.017
G1 X0.800 Y-0.113
G1 X0.800 Y-0.286
G1 X0.800 Y-0.562
G1 X0.800 Y-0.901
G1 X0.800 Y-1.197
G1 X0.800 Y-1.316
G1 X0.800 Y-1.175
G1 X0.800 Y-0.801
G1 X0.800 Y-0.320
G1 X0.800 Y0.109
G1 X0.800 Y0.387
G1 X0.800 Y0.489
G1 X0.800 Y0.455
G1 X0.800 Y0.340
G1 X0.800 Y0.201
G1 X0.800 Y0.070
G1 X0.800 Y-0.031
G1 X0.800 Y-0.087
G1 X0.800 Y-0.099
G1 X0.800 Y-0.067
G1 X0.800 Y0.006
G1 X0.800 Y0.114
G1 X0.800 Y0.256
G1 X0.800 Y0.428
G1 X0.800 Y0.617
G1 X0.800 Y0.789
G1 X0.800 Y0.887
G1 X0.800 Y0.856
G1 X0.800 Y0.669
G1 X0.800 Y0.356
G1 X0.800 Y0.010
G1 X0.800 Y-0.264
G1 X0.800 Y-0.393
G1 X0.800 Y-0.361
G1 X0.800 Y-0.204
G1 X0.800 Y0.024
G1 X0.800 Y0.260
G1 X0.800 Y0.424
G1 X0.800 Y0.412
G1 X0.800 Y0.125
G1 X0.800 Y-0.461
G1 X0.800 Y-1.191
G1 X0.800 Y-1.743
G1 X0.800 Y-1.790
G1 X0.800 Y-1.245
G1 X0.800 Y-0.350
G1 X0.800 Y0.494
G1 X0.800 Y0.992
G1 X0.800 Y1.093
G1 X0.800 Y0.917
G1 X0.800 Y0.624
G1 X0.800 Y0.317
G1 X0.800 Y0.035
G1 X0.800 Y-0.222
G1 X0.800 Y-0.460
G1 X0.800 Y-0.662
G1 X0.800 Y-0.788
G1 X0.800 Y-0.797
G1 X0.800 Y-0.676
G1 X0.800 Y-0.459
G1 X0.800 Y-0.233
G1 X0.800 Y-0.080
G1 X0.800 Y-0.003
G1 X0.800 Y0.041
G1 X0.800 Y0.077
G1 X0.800 Y0.101
G1 X0.800 Y0.109
G1 X0.800 Y0.089
G1 X0.800 Y0.043
G1 X0.800 Y-0.021
G1 X0.800 Y-0.092
G1 X0.800 Y-0.147
G1 X0.800 Y-0.164
G1 X0.800 Y-0.118
G1 X0.800 Y0.006
G1 X0.800 Y0.199
G1 X0.800 Y0.430
G1 X0.800 Y0.646
G1 X0.800 Y0.794
G1 X0.800 Y0.843
G1 X0.800 Y0.790
G1 X0.800 Y0.665
G1 X0.800 Y0.506
G1 X0.800 Y0.347
G1 X0.800 Y0.205
G1 X0.800 Y0.087
G1 X0.800 Y-0.008
G1 X0.800 Y-0.084
G1 X0.800 Y-0.137
G1 X0.800 Y-0.165
G1 X0.800 Y-0.161
G1 X0.800 Y-0.127
G1 X0.800 Y-0.062
G1 X0.800 Y0.023
G1 X0.800 Y0.119
G1 X0.800 Y0.211
G1 X0.800 Y0.282
G1 X0.800 Y0.319
G1 X0.800 Y0.317
G1 X0.800 Y0.274
G1 X0.800 Y0.206
G1 X0.800 Y0.132
G1 X0.800 Y0.070
G1 X0.800 Y0.029
G1 X0.800 Y0.005
G1 X0.800 Y-0.016
G1 X0.800 Y-0.049
G1 X0.800 Y-0.116
G1 X0.800 Y-0.213
G1 X0.800 Y-0.334
G1 X0.800 Y-0.448
G1 X0.800 Y-0.528
G1 X0.800 Y-0.551
G1 X0.800 Y-0.517
G1 X0.800 Y-0.440
G1 X0.800 Y-0.339
G1 X0.800 Y-0.239
G1 X0.800 Y-0.158
G1 X0.800 Y-0.105
G1 X0.800 Y-0.091
G1 X0.800 Y-0.118
G1 X0.800 Y-0.185
G1 X0.800 Y-0.280
G1 X0.800 Y-0.388
G1 X0.800 Y-0.475
G1 X0.800 Y-0.502
G1 X0.800 Y-0.428
G1 X0.800 Y-0.238
G1 X0.800 Y0.041
G1 X0.800 Y0.331
G1 X0.800 Y0.541
G1 X0.800 Y0.605
G1 X0.800 Y0.515
G1 X0.800 Y0.304
G1 X0.800 Y0.024
G1 X0.800 Y-0.282
G1 X0.800 Y-0.554
G1 X0.800 Y-0.705
G1 X0.800 Y-0.618
G1 X0.800 Y-0.217
G1 X0.800 Y0.431
G1 X0.800 Y1.088
G1 X0.800 Y1.468
G1 X0.800 Y1.442
G1 X0.800 Y1.105
G1 X0.800 Y0.677
G1 X0.800 Y0.332
G1 X0.800 Y0.126
G1 X0.800 Y0.020
G1 X0.800 Y-0.054
G1 X0.800 Y-0.148
G1 X0.800 Y-0.269
G1 X0.800 Y-0.374
G1 X0.800 Y-0.405
G1 X0.800 Y-0.324
G1 X0.800 Y-0.129
G1 X0.800 Y0.146
G1 X0.800 Y0.435
G1 X0.800 Y0.618
G1 X0.800 Y0.522
G1 X0.800 Y-0.016
G1 X0.800 Y-0.927
G1 X0.800 Y-1.779
G1 X0.800 Y-2.011
G1 X0.000 Y1.338
G1 X-0.800 Y2.173
G1 X-0.800 Y1.804
G1 X-0.800 Y0.702
G1 X-0.800 Y-0.381
G1 X-0.800 Y-0.919
G1 X-0.800 Y-0.900
G1 X-0.800 Y-0.578
G1 X-0.800 Y-0.174
G1 X-0.800 Y0.199
G1 X-0.800 Y0.489
G1 X-0.800 Y0.645
G1 X-0.800 Y0.637
G1 X-0.800 Y0.491
G1 X-0.800 Y0.289
G1 X-0.800 Y0.124
G1 X-0.800 Y0.027
G1 X-0.800 Y-0.047
G1 X-0.800 Y-0.201
G1 X-0.800 Y-0.533
G1 X-0.800 Y-1.051
G1 X-0.800 Y-1.563
G1 X-0.800 Y-1.726
G1 X-0.800 Y-1.276
G1 X-0.800 Y-0.329
G1 X-0.800 Y0.646
G1 X-0.800 Y1.201
G1 X-0.800 Y1.232
G1 X-0.800 Y0.920
G1 X-0.800 Y0.498
G1 X-0.800 Y0.087
G1 X-0.800 Y-0.307
G1 X-0.800 Y-0.693
G1 X-0.800 Y-1.020
G1 X-0.800 Y-1.158
G1 X-0.800 Y-0.969
G1 X-0.800 Y-0.447
G1 X-0.800 Y0.231
G1 X-0.800 Y0.803
G1 X-0.800 Y1.092
G1 X-0.800 Y1.085
G1 X-0.800 Y0.890
G1 X-0.800 Y0.637
G1 X-0.800 Y0.404
G1 X-0.800 Y0.225
G1 X-0.800 Y0.099
G1 X-0.800 Y0.022
G1 X-0.800 Y-0.015
G1 X-0.800 Y-0.015
G1 X-0.800 Y0.015
G1 X-0.800 Y0.062
G1 X-0.800 Y0.115
G1 X-0.800 Y0.160
G1 X-0.800 Y0.183
G1 X-0.800 Y0.184
G1 X-0.800 Y0.161
G1 X-0.800 Y0.124
G1 X-0.800 Y0.084
G1 X-0.800 Y0.044
G1 X-0.800 Y0.009
G1 X-0.800 Y-0.028
G1 X-0.800 Y-0.069
G1 X-0.800 Y-0.121
G1 X-0.800 Y-0.181
G1 X-0.800 Y-0.244
G1 X-0.800 Y-0.295
G1 X-0.800 Y-0.326
G1 X-0.800 Y-0.327
G1 X-0.800 Y-0.299
G1 X-0.800 Y-0.245
G1 X-0.800 Y-0.176
G1 X-0.800 Y-0.103
G1 X-0.800 Y-0.033
G1 X-0.800 Y0.023
G1 X-0.800 Y0.059
G1 X-0.800 Y0.072
G1 X-0.800 Y0.059
G1 X-0.800 Y0.022
G1 X-0.800 Y-0.037
G1 X-0.800 Y-0.115
G1 X-0.800 Y-0.208
G1 X-0.800 Y-0.309
G1 X-0.800 Y-0.409
G1 X-0.800 Y-0.494
G1 X-0.800 Y-0.550
G1 X-0.800 Y-0.561
G1 X-0.800 Y-0.525
G1 X-0.800 Y-0.443
G1 X-0.800 Y-0.337
G1 X-0.800 Y-0.223
G1 X-0.800 Y-0.124
G1 X-0.800 Y-0.052
G1 X-0.800 Y-0.009
G1 X-0.800 Y0.010
G1 X-0.800 Y0.012
G1 X-0.800 Y0.008
G1 X-0.800 Y0.002
G1 X-0.800 Y-0.001
G1 X-0.800 Y0.002
G1 X-0.800 Y0.010
G1 X-0.800 Y0.027
G1 X-0.800 Y0.071
G1 X-0.800 Y0.163
G1 X-0.800 Y0.333
G1 X-0.800 Y0.587
G1 X-0.800 Y0.860
G1 X-0.800 Y1.045
G1 X-0.800 Y1.059
G1 X-0.800 Y0.902
G1 X-0.800 Y0.648
G1 X-0.800 Y0.387
G1 X-0.800 Y0.172
G1 X-0.800 Y-0.004
G1 X-0.800 Y-0.198
G1 X-0.800 Y-0.480
G1 X-0.800 Y-0.884
G1 X-0.800 Y-1.333
G1 X-0.800 Y-1.593
G1 X-0.800 Y-1.347
G1 X-0.800 Y-0.446
G1 X-0.800 Y0.838
G1 X-0.800 Y1.871
G1 X-0.800 Y2.098
G1 X-0.800 Y1.485
G1 X-0.800 Y0.496
G1 X-0.800 Y-0.331
G1 X-0.800 Y-0.726
G1 X-0.800 Y-0.724
G1 X-0.800 Y-0.487
G1 X-0.800 Y-0.161
G1 X-0.800 Y0.169
G1 X-0.800 Y0.453
G1 X-0.800 Y0.631
G1 X-0.800 Y0.641
G1 X-0.800 Y0.443
G1 X-0.800 Y0.065
G1 X-0.800 Y-0.380
G1 X-0.800 Y-0.752
G1 X-0.800 Y-0.950
G1 X-0.800 Y-0.958
G1 X-0.800 Y-0.827
G1 X-0.800 Y-0.634
G1 X-0.800 Y-0.438
G1 X-0.800 Y-0.272
G1 X-0.800 Y-0.149
G1 X-0.800 Y-0.066
G1 X-0.800 Y-0.022
G1 X-0.800 Y-0.020
G1 X-0.800 Y-0.055
G1 X-0.800 Y-0.125
G1 X-0.800 Y-0.213
G1 X-0.800 Y-0.293
G1 X-0.800 Y-0.322
G1 X-0.800 Y-0.247
G1 X-0.800 Y-0.020
G1 X-0.800 Y0.363
G1 X-0.800 Y0.835
G1 X-0.800 Y1.252
G1 X-0.800 Y1.446
G1 X-0.800 Y1.333
G1 X-0.800 Y0.959
G1 X-0.800 Y0.488
G1 X-0.800 Y0.087
G1 X-0.800 Y-0.139
G1 X-0.800 Y-0.185
G1 X-0.800 Y-0.101
G1 X-0.800 Y0.037
G1 X-0.800 Y0.154
G1 X-0.800 Y0.177
G1 X-0.800 Y0.058
G1 X-0.800 Y-0.215
G1 X-0.800 Y-0.584
G1 X-0.800 Y-0.936
G1 X-0.800 Y-1.147
G1 X-0.800 Y-1.152
G1 X-0.800 Y-0.979
G1 X-0.800 Y-0.715
G1 X-0.800 Y-0.452
G1 X-0.800 Y-0.247
G1 X-0.800 Y-0.109
G1 X-0.800 Y-0.020
G1 X0.000 Y3.396
G1 X0.800 Y0.128
G1 X0.800 Y0.320
G1 X0.800 Y0.524
G1 X0.800 Y0.712
G1 X0.800 Y0.835
G1 X0.800 Y0.829
G1 X0.800 Y0.655
G1 X0.800 Y0.336
G1 X0.800 Y-0.045
G1 X0.800 Y-0.368
G1 X0.800 Y-0.546
G1 X0.800 Y-0.549
G1 X0.800 Y-0.408
G1 X0.800 Y-0.178
G1 X0.800 Y0.094
G1 X0.800 Y0.359
G1 X0.800 Y0.559
G1 X0.800 Y0.613
G1 X0.800 Y0.432
G1 X0.800 Y-0.014
G1 X0.800 Y-0.640
G1 X0.800 Y-1.235
G1 X0.800 Y-1.559
G1 X0.800 Y-1.495
G1 X0.800 Y-1.104
G1 X0.800 Y-0.576
G1 X0.800 Y-0.102
G1 X0.800 Y0.212
G1 X0.800 Y0.353
G1 X0.800 Y0.366
G1 X0.800 Y0.310
G1 X0.800 Y0.235
G1 X0.800 Y0.174
G1 X0.800 Y0.146
G1 X0.800 Y0.160
G1 X0.800 Y0.219
G1 X0.800 Y0.321
G1 X0.800 Y0.465
G1 X0.800 Y0.630
G1 X0.800 Y0.785
G1 X0.800 Y0.869
G1 X0.800 Y0.811
G1 X0.800 Y0.568
G1 X0.800 Y0.159
G1 X0.800 Y-0.311
G1 X0.800 Y-0.693
G1 X0.800 Y-0.874
G1 X0.800 Y-0.831
G1 X0.800 Y-0.615
G1 X0.800 Y-0.304
G1 X0.800 Y0.054
G1 X0.800 Y0.441
G1 X0.800 Y0.819
G1 X0.800 Y1.070
G1 X0.800 Y0.958
G1 X0.800 Y0.256
G1 X0.800 Y-0.962
G1 X0.800 Y-2.106
G1 X0.800 Y-2.334
G1 X0.800 Y-1.301
G1 X0.800 Y0.403
G1 X0.800 Y1.717
G1 X0.800 Y2.035
G1 X0.800 Y1.539
G1 X0.800 Y0.797
G1 X0.800 Y0.238
G1 X0.800 Y-0.011
G1 X0.800 Y-0.034
G1 X0.800 Y0.024
G1 X0.800 Y0.031
G1 X0.800 Y-0.114
G1 X0.800 Y-0.435
G1 X0.800 Y-0.862
G1 X0.800 Y-1.229
G1 X0.800 Y-1.367
G1 X0.800 Y-1.221
G1 X0.800 Y-0.874
G1 X0.800 Y-0.488
G1 X0.800 Y-0.189
G1 X0.800 Y-0.013
G1 X0.800 Y0.057
G1 X0.800 Y0.063
G1 X0.800 Y0.042
G1 X0.800 Y0.015
G1 X0.800 Y-0.004
G1 X0.800 Y-0.011
G1 X0.800 Y-0.011
G1 X0.800 Y0.000
G1 X0.800 Y0.016
G1 X0.800 Y0.039
G1 X0.800 Y0.072
G1 X0.800 Y0.116
G1 X0.800 Y0.171
G1 X0.800 Y0.233
G1 X0.800 Y0.294
G1 X0.800 Y0.344
G1 X0.800 Y0.376
G1 X0.800 Y0.382
G1 X0.800 Y0.365
G1 X0.800 Y0.325
G1 X0.800 Y0.272
G1 X0.800 Y0.213
G1 X0.800 Y0.156
G1 X0.800 Y0.108
G1 X0.800 Y0.070
G1 X0.800 Y0.050
G1 X0.800 Y0.044
G1 X0.800 Y0.056
G1 X0.800 Y0.080
G1 X0.800 Y0.117
G1 X0.800 Y0.158
G1 X0.800 Y0.201
G1 X0.800 Y0.238
G1 X0.800 Y0.262
G1 X0.800 Y0.273
G1 X0.800 Y0.265
G1 X0.800 Y0.243
G1 X0.800 Y0.209
G1 X0.800 Y0.170
G1 X0.800 Y0.128
G1 X0.800 Y0.092
G1 X0.800 Y0.062
G1 X0.800 Y0.038
G1 X0.800 Y0.023
G1 X0.800 Y0.016
G1 X0.800 Y0.019
G1 X0.800 Y0.030
G1 X0.800 Y0.045
G1 X0.800 Y0.060
G1 X0.800 Y0.068
G1 X0.800 Y0.064
G1 X0.800 Y0.047
G1 X0.800 Y0.024
G1 X0.800 Y0.006
G1 X0.800 Y0.001
G1 X0.800 Y-0.009
G1 X0.800 Y-0.061
G1 X0.800 Y-0.229
G1 X0.800 Y-0.576
G1 X0.800 Y-1.092
G1 X0.800 Y-1.597
G1 X0.800 Y-1.747
G1 X0.800 Y-1.243
G1 X0.800 Y-0.161
G1 X0.800 Y0.985
G1 X0.800 Y1.616
G1 X0.800 Y1.567
G1 X0.800 Y1.102
G1 X0.800 Y0.584
G1 X0.800 Y0.186
G1 X0.800 Y-0.137
G1 X0.800 Y-0.527
G1 X0.800 Y-1.058
G1 X0.800 Y-1.582
G1 X0.800 Y-1.697
G1 X0.800 Y-1.045
G1 X0.800 Y0.229
G1 X0.800 Y1.430
G1 X0.800 Y1.905
G1 X0.800 Y1.601
G1 X0.800 Y0.959
G1 X0.800 Y0.416
G1 X0.800 Y0.123
G1 X0.800 Y0.010
G1 X0.800 Y-0.073
G1 X0.800 Y-0.235
G1 X0.800 Y-0.489
G1 X0.800 Y-0.748
G1 X0.800 Y-0.879
G1 X0.800 Y-0.806
G1 X0.800 Y-0.555
G1 X0.800 Y-0.192
G1 X0.800 Y0.233
G1 X0.800 Y0.703
G1 X0.800 Y1.127
G1 X0.800 Y1.245
G1 X0.800 Y0.705
G1 X0.800 Y-0.523
G1 X0.800 Y-1.816
G1 X0.800 Y-2.271
G1 X0.000 Y1.205
G1 X-0.800 Y2.312
G1 X-0.800 Y1.837
G1 X-0.800 Y0.427
G1 X-0.800 Y-0.927
G1 X-0.800 Y-1.491
G1 X-0.800 Y-1.308
G1 X-0.800 Y-0.812
G1 X-0.800 Y-0.312
G1 X-0.800 Y0.118
G1 X-0.800 Y0.506
G1 X-0.800 Y0.840
G1 X-0.800 Y1.030
G1 X-0.800 Y0.987
G1 X-0.800 Y0.736
G1 X-0.800 Y0.413
G1 X-0.800 Y0.163
G1 X-0.800 Y0.026
G1 X-0.800 Y-0.087
G1 X-0.800 Y-0.342
G1 X-0.800 Y-0.870
G1 X-0.800 Y-1.573
G1 X-0.800 Y-1.996
G1 X-0.800 Y-1.552
G1 X-0.800 Y-0.183
G1 X-0.800 Y1.329
G1 X-0.800 Y2.041
G1 X-0.800 Y1.753
G1 X-0.800 Y1.008
G1 X-0.800 Y0.391
G1 X-0.800 Y0.088
G1 X-0.800 Y-0.053
G1 X-0.800 Y-0.304
G1 X-0.800 Y-0.864
G1 X-0.800 Y-1.641
G1 X-0.800 Y-2.095
G1 X-0.800 Y-1.553
G1 X-0.800 Y0.011
G1 X-0.800 Y1.654
G1 X-0.800 Y2.305
G1 X-0.800 Y1.786
G1 X-0.800 Y0.766
G1 X-0.800 Y-0.047
G1 X-0.800 Y-0.397
G1 X-0.800 Y-0.383
G1 X-0.800 Y-0.198
G1 X-0.800 Y0.014
G1 X-0.800 Y0.177
G1 X-0.800 Y0.257
G1 X-0.800 Y0.260
G1 X-0.800 Y0.204
G1 X-0.800 Y0.124
G1 X-0.800 Y0.042
G1 X-0.800 Y-0.027
G1 X-0.800 Y-0.081
G1 X-0.800 Y-0.120
G1 X-0.800 Y-0.150
G1 X-0.800 Y-0.175
G1 X-0.800 Y-0.194
G1 X-0.800 Y-0.212
G1 X-0.800 Y-0.224
G1 X-0.800 Y-0.232
G1 X-0.800 Y-0.233
G1 X-0.800 Y-0.225
G1 X-0.800 Y-0.210
G1 X-0.800 Y-0.187
G1 X-0.800 Y-0.158
G1 X-0.800 Y-0.128
G1 X-0.800 Y-0.098
G1 X-0.800 Y-0.073
G1 X-0.800 Y-0.054
G1 X-0.800 Y-0.046
G1 X-0.800 Y-0.051
G1 X-0.800 Y-0.069
G1 X-0.800 Y-0.100
G1 X-0.800 Y-0.143
G1 X-0.800 Y-0.196
G1 X-0.800 Y-0.253
G1 X-0.800 Y-0.311
G1 X-0.800 Y-0.359
G1 X-0.800 Y-0.392
G1 X-0.800 Y-0.399
G1 X-0.800 Y-0.382
G1 X-0.800 Y-0.339
G1 X-0.800 Y-0.278
G1 X-0.800 Y-0.210
G1 X-0.800 Y-0.144
G1 X-0.800 Y-0.087
G1 X-0.800 Y-0.041
G1 X-0.800 Y-0.004
G1 X-0.800 Y0.033
G1 X-0.800 Y0.070
G1 X-0.800 Y0.110
G1 X-0.800 Y0.145
G1 X-0.800 Y0.165
G1 X-0.800 Y0.157
G1 X-0.800 Y0.112
G1 X-0.800 Y0.025
G1 X-0.800 Y-0.091
G1 X-0.800 Y-0.216
G1 X-0.800 Y-0.309
G1 X-0.800 Y-0.299
G1 X-0.800 Y-0.113
G1 X-0.800 Y0.303
G1 X-0.800 Y0.893
G1 X-0.800 Y1.451
G1 X-0.800 Y1.694
G1 X-0.800 Y1.455
G1 X-0.800 Y0.835
G1 X-0.800 Y0.145
G1 X-0.800 Y-0.325
G1 X-0.800 Y-0.459
G1 X-0.800 Y-0.311
G1 X-0.800 Y-0.011
G1 X-0.800 Y0.310
G1 X-0.800 Y0.492
G1 X-0.800 Y0.321
G1 X-0.800 Y-0.380
G1 X-0.800 Y-1.492
G1 X-0.800 Y-2.355
G1 X-0.800 Y-2.067
G1 X-0.800 Y-0.391
G1 X-0.800 Y1.661
G1 X-0.800 Y2.614
G1 X-0.800 Y1.946
G1 X-0.800 Y0.432
G1 X-0.800 Y-0.825
G1 X-0.800 Y-1.319
G1 X-0.800 Y-1.192
G1 X-0.800 Y-0.800
G1 X-0.800 Y-0.379
G1 X-0.800 Y-0.007
G1 X-0.800 Y0.329
G1 X-0.800 Y0.636
G1 X-0.800 Y0.877
G1 X-0.800 Y0.983
G1 X-0.800 Y0.893
G1 X-0.800 Y0.612
G1 X-0.800 Y0.226
G1 X-0.800 Y-0.149
G1 X-0.800 Y-0.418
G1 X-0.800 Y-0.548
G1 X-0.800 Y-0.559
G1 X-0.800 Y-0.497
G1 X-0.800 Y-0.411
G1 X-0.800 Y-0.332
G1 X-0.800 Y-0.286
G1 X-0.800 Y-0.282
G1 X-0.800 Y-0.323
G1 X-0.800 Y-0.407
G1 X-0.800 Y-0.518
G1 X-0.800 Y-0.622
G1 X-0.800 Y-0.661
G1 X-0.800 Y-0.556
G1 X-0.800 Y-0.230
G1 X-0.800 Y0.333
G1 X-0.800 Y1.018
G1 X-0.800 Y1.583
G1 X-0.800 Y1.751
G1 X-0.800 Y1.403
G1 X-0.800 Y0.671
G1 X-0.800 Y-0.124
G1 X-0.800 Y-0.694
G1 X-0.800 Y-0.916
G1 X-0.800 Y-0.842
G1 X-0.800 Y-0.600
G1 X-0.800 Y-0.298
G1 X-0.800 Y0.008
G1 X-0.800 Y0.297
G1 X-0.800 Y0.548
G1 X-0.800 Y0.726
G1 X-0.800 Y0.776
G1 X-0.800 Y0.666
G1 X-0.800 Y0.407
G1 X-0.800 Y0.074
G1 X-0.800 Y-0.235
G1 X-0.800 Y-0.439
G1 X-0.800 Y-0.511
G1 X-0.800 Y-0.467
G1 X-0.800 Y-0.351
G1 X-0.800 Y-0.204
G1 X0.000 Y1.940
G1 X0.800 Y0.244
G1 X0.800 Y0.336
G1 X0.800 Y0.377
G1 X0.800 Y0.334
G1 X0.800 Y0.180
G1 X0.800 Y-0.071
G1 X0.800 Y-0.368
G1 X0.800 Y-0.626
G1 X0.800 Y-0.769
G1 X0.800 Y-0.762
G1 X0.800 Y-0.624
G1 X0.800 Y-0.398
G1 X0.800 Y-0.123
G1 X0.800 Y0.178
G1 X0.800 Y0.494
G1 X0.800 Y0.790
G1 X0.800 Y0.973
G1 X0.800 Y0.893
G1 X0.800 Y0.421
G1 X0.800 Y-0.412
G1 X0.800 Y-1.325
G1 X0.800 Y-1.893
G1 X0.800 Y-1.813
G1 X0.800 Y-1.128
G1 X0.800 Y-0.187
G1 X0.800 Y0.613
G1 X0.800 Y1.054
G1 X0.800 Y1.141
G1 X0.800 Y1.002
G1 X0.800 Y0.776
G1 X0.800 Y0.560
G1 X0.800 Y0.390
G1 X0.800 Y0.277
G1 X0.800 Y0.212
G1 X0.800 Y0.182
G1 X0.800 Y0.175
G1 X0.800 Y0.168
G1 X0.800 Y0.142
G1 X0.800 Y0.067
G1 X0.800 Y-0.076
G1 X0.800 Y-0.289
G1 X0.800 Y-0.540
G1 X0.800 Y-0.770
G1 X0.800 Y-0.905
G1 X0.800 Y-0.903
G1 X0.800 Y-0.765
G1 X0.800 Y-0.538
G1 X0.800 Y-0.271
G1 X0.800 Y0.018
G1 X0.800 Y0.354
G1 X0.800 Y0.762
G1 X0.800 Y1.201
G1 X0.800 Y1.452
G1 X0.800 Y1.114
G1 X0.800 Y-0.094
G1 X0.800 Y-1.786
G1 X0.800 Y-2.747
G1 X0.800 Y-1.878
G1 X0.800 Y0.421
G1 X0.800 Y2.351
G1 X0.800 Y2.534
G1 X0.800 Y1.275
G1 X0.800 Y-0.168
G1 X0.800 Y-0.934
G1 X0.800 Y-0.973
G1 X0.800 Y-0.609
G1 X0.800 Y-0.120
G1 X0.800 Y0.368
G1 X0.800 Y0.775
G1 X0.800 Y0.952
G1 X0.800 Y0.699
G1 X0.800 Y-0.070
G1 X0.800 Y-1.108
G1 X0.800 Y-1.878
G1 X0.800 Y-1.940
G1 X0.800 Y-1.309
G1 X0.800 Y-0.405
G1 X0.800 Y0.319
G1 X0.800 Y0.659
G1 X0.800 Y0.667
G1 X0.800 Y0.481
G1 X0.800 Y0.229
G1 X0.800 Y-0.019
G1 X0.800 Y-0.225
G1 X0.800 Y-0.369
G1 X0.800 Y-0.435
G1 X0.800 Y-0.425
G1 X0.800 Y-0.352
G1 X0.800 Y-0.250
G1 X0.800 Y-0.150
G1 X0.800 Y-0.073
G1 X0.800 Y-0.027
G1 X0.800 Y-0.003
G1 X0.800 Y0.021
G1 X0.800 Y0.060
G1 X0.800 Y0.128
G1 X0.800 Y0.225
G1 X0.800 Y0.340
G1 X0.800 Y0.446
G1 X0.800 Y0.524
G1 X0.800 Y0.555
G1 X0.800 Y0.534
G1 X0.800 Y0.471
G1 X0.800 Y0.380
G1 X0.800 Y0.277
G1 X0.800 Y0.174
G1 X0.800 Y0.079
G1 X0.800 Y-0.003
G1 X0.800 Y-0.068
G1 X0.800 Y-0.114
G1 X0.800 Y-0.136
G1 X0.800 Y-0.136
G1 X0.800 Y-0.113
G1 X0.800 Y-0.068
G1 X0.800 Y-0.006
G1 X0.800 Y0.070
G1 X0.800 Y0.154
G1 X0.800 Y0.242
G1 X0.800 Y0.324
G1 X0.800 Y0.393
G1 X0.800 Y0.438
G1 X0.800 Y0.450
G1 X0.800 Y0.421
G1 X0.800 Y0.353
G1 X0.800 Y0.245
G1 X0.800 Y0.109
G1 X0.800 Y-0.045
G1 X0.800 Y-0.207
G1 X0.800 Y-0.362
G1 X0.800 Y-0.495
G1 X0.800 Y-0.584
G1 X0.800 Y-0.597
G1 X0.800 Y-0.509
G1 X0.800 Y-0.311
G1 X0.800 Y-0.011
G1 X0.800 Y0.369
G1 X0.800 Y0.776
G1 X0.800 Y1.044
G1 X0.800 Y0.836
G1 X0.800 Y-0.169
G1 X0.800 Y-1.730
G1 X0.800 Y-2.702
G1 X0.800 Y-1.919
G1 X0.800 Y0.263
G1 X0.800 Y2.074
G1 X0.800 Y2.322
G1 X0.800 Y1.435
G1 X0.800 Y0.487
G1 X0.800 Y0.028
G1 X0.800 Y-0.013
G1 X0.800 Y0.023
G1 X0.800 Y-0.212
G1 X0.800 Y-0.911
G1 X0.800 Y-1.841
G1 X0.800 Y-2.246
G1 X0.800 Y-1.460
G1 X0.800 Y0.214
G1 X0.800 Y1.631
G1 X0.800 Y1.997
G1 X0.800 Y1.502
G1 X0.800 Y0.799
G1 X0.800 Y0.307
G1 X0.800 Y0.060
G1 X0.800 Y-0.098
G1 X0.800 Y-0.320
G1 X0.800 Y-0.647
G1 X0.800 Y-0.977
G1 X0.800 Y-1.139
G1 X0.800 Y-1.039
G1 X0.800 Y-0.743
G1 X0.800 Y-0.377
G1 X0.800 Y-0.012
G1 X0.800 Y0.395
G1 X0.800 Y0.912
G1 X0.800 Y1.458
G1 X0.800 Y1.661
G1 X0.800 Y1.036
G1 X0.800 Y-0.422
G1 X0.800 Y-1.868
G1 X0.800 Y-2.296
G1 X0.000 Y1.187
G1 X-0.800 Y2.227
G1 X-0.800 Y1.892
G1 X-0.800 Y0.495
G1 X-0.800 Y-1.034
G1 X-0.800 Y-1.762
G1 X-0.800 Y-1.589
G1 X-0.800 Y-1.014
G1 X-0.800 Y-0.474
G1 X-0.800 Y-0.092
G1 X-0.800 Y0.220
G1 X-0.800 Y0.557
G1 X-0.800 Y0.907
G1 X-0.800 Y1.142
G1 X-0.800 Y1.134
G1 X-0.800 Y0.885
G1 X-0.800 Y0.533
G1 X-0.800 Y0.227
G1 X-0.800 Y-0.008
G1 X-0.800 Y-0.281
G1 X-0.800 Y-0.742
G1 X-0.800 Y-1.400
G1 X-0.800 Y-1.917
G1 X-0.800 Y-1.652
G1 X-0.800 Y-0.307
G1 X-0.800 Y1.431
G1 X-0.800 Y2.333
G1 X-0.800 Y1.931
G1 X-0.800 Y0.891
G1 X-0.800 Y0.096
G1 X-0.800 Y-0.137
G1 X-0.800 Y0.004
G1 X-0.800 Y0.138
G1 X-0.800 Y-0.142
G1 X-0.800 Y-1.090
G1 X-0.800 Y-2.299
G1 X-0.800 Y-2.481
G1 X-0.800 Y-0.689
G1 X-0.800 Y1.932
G1 X-0.800 Y2.972
G1 X-0.800 Y1.708
G1 X-0.800 Y-0.281
G1 X-0.800 Y-1.400
G1 X-0.800 Y-1.431
G1 X-0.800 Y-0.950
G1 X-0.800 Y-0.420
G1 X-0.800 Y0.011
G1 X-0.800 Y0.343
G1 X-0.800 Y0.585
G1 X-0.800 Y0.724
G1 X-0.800 Y0.765
G1 X-0.800 Y0.733
G1 X-0.800 Y0.641
G1 X-0.800 Y0.487
G1 X-0.800 Y0.266
G1 X-0.800 Y-0.009
G1 X-0.800 Y-0.300
G1 X-0.800 Y-0.551
G1 X-0.800 Y-0.714
G1 X-0.800 Y-0.766
G1 X-0.800 Y-0.716
G1 X-0.800 Y-0.591
G1 X-0.800 Y-0.431
G1 X-0.800 Y-0.261
G1 X-0.800 Y-0.101
G1 X-0.800 Y0.048
G1 X-0.800 Y0.180
G1 X-0.800 Y0.291
G1 X-0.800 Y0.371
G1 X-0.800 Y0.412
G1 X-0.800 Y0.407
G1 X-0.800 Y0.356
G1 X-0.800 Y0.270
G1 X-0.800 Y0.158
G1 X-0.800 Y0.028
G1 X-0.800 Y-0.116
G1 X-0.800 Y-0.274
G1 X-0.800 Y-0.441
G1 X-0.800 Y-0.600
G1 X-0.800 Y-0.719
G1 X-0.800 Y-0.767
G1 X-0.800 Y-0.719
G1 X-0.800 Y-0.580
G1 X-0.800 Y-0.387
G1 X-0.800 Y-0.194
G1 X-0.800 Y-0.052
G1 X-0.800 Y0.019
G1 X-0.800 Y0.024
G1 X-0.800 Y-0.006
G1 X-0.800 Y-0.028
G1 X-0.800 Y-0.001
G1 X-0.800 Y0.103
G1 X-0.800 Y0.285
G1 X-0.800 Y0.499
G1 X-0.800 Y0.679
G1 X-0.800 Y0.757
G1 X-0.800 Y0.702
G1 X-0.800 Y0.530
G1 X-0.800 Y0.276
G1 X-0.800 Y-0.030
G1 X-0.800 Y-0.378
G1 X-0.800 Y-0.746
G1 X-0.800 Y-1.041
G1 X-0.800 Y-1.066
G1 X-0.800 Y-0.571
G1 X-0.800 Y0.483
G1 X-0.800 Y1.687
G1 X-0.800 Y2.285
G1 X-0.800 Y1.800
G1 X-0.800 Y0.528
G1 X-0.800 Y-0.710
G1 X-0.800 Y-1.307
G1 X-0.800 Y-1.234
G1 X-0.800 Y-0.801
G1 X-0.800 Y-0.281
G1 X-0.800 Y0.249
G1 X-0.800 Y0.799
G1 X-0.800 Y1.291
G1 X-0.800 Y1.387
G1 X-0.800 Y0.613
G1 X-0.800 Y-1.055
G1 X-0.800 Y-2.606
G1 X-0.800 Y-2.522
G1 X-0.800 Y-0.473
G1 X-0.800 Y1.936
G1 X-0.800 Y2.772
G1 X-0.800 Y1.735
G1 X-0.800 Y0.040
G1 X-0.800 Y-1.117
G1 X-0.800 Y-1.422
G1 X-0.800 Y-1.176
G1 X-0.800 Y-0.761
G1 X-0.800 Y-0.378
G1 X-0.800 Y-0.076
G1 X-0.800 Y0.169
G1 X-0.800 Y0.379
G1 X-0.800 Y0.551
G1 X-0.800 Y0.663
G1 X-0.800 Y0.695
G1 X-0.800 Y0.651
G1 X-0.800 Y0.550
G1 X-0.800 Y0.424
G1 X-0.800 Y0.306
G1 X-0.800 Y0.210
G1 X-0.800 Y0.142
G1 X-0.800 Y0.102
G1 X-0.800 Y0.082
G1 X-0.800 Y0.075
G1 X-0.800 Y0.068
G1 X-0.800 Y0.040
G1 X-0.800 Y-0.047
G1 X-0.800 Y-0.234
G1 X-0.800 Y-0.555
G1 X-0.800 Y-0.995
G1 X-0.800 Y-1.440
G1 X-0.800 Y-1.654
G1 X-0.800 Y-1.373
G1 X-0.800 Y-0.499
G1 X-0.800 Y0.716
G1 X-0.800 Y1.727
G1 X-0.800 Y2.044
G1 X-0.800 Y1.583
G1 X-0.800 Y0.695
G1 X-0.800 Y-0.144
G1 X-0.800 Y-0.634
G1 X-0.800 Y-0.744
G1 X-0.800 Y-0.598
G1 X-0.800 Y-0.329
G1 X-0.800 Y-0.033
G1 X-0.800 Y0.241
G1 X-0.800 Y0.461
G1 X-0.800 Y0.586
G1 X-0.800 Y0.582
G1 X-0.800 Y0.441
G1 X-0.800 Y0.197
G1 X-0.800 Y-0.078
G1 X-0.800 Y-0.308
G1 X-0.800 Y-0.445
G1 X-0.800 Y-0.479
G1 X-0.800 Y-0.431
G1 X-0.800 Y-0.340
G1 X0.000 Y-0.843
G1 X0.800 Y0.420
G1 X0.800 Y0.553
G1 X0.800 Y0.669
G1 X0.800 Y0.734
G1 X0.800 Y0.708
G1 X0.800 Y0.576
G1 X0.800 Y0.358
G1 X0.800 Y0.112
G1 X0.800 Y-0.090
G1 X0.800 Y-0.192
G1 X0.800 Y-0.179
G1 X0.800 Y-0.069
G1 X0.800 Y0.085
G1 X0.800 Y0.209
G1 X0.800 Y0.205
G1 X0.800 Y-0.037
G1 X0.800 Y-0.572
G1 X0.800 Y-1.296
G1 X0.800 Y-1.875
G1 X0.800 Y-1.870
G1 X0.800 Y-1.056
G1 X0.800 Y0.290
G1 X0.800 Y1.509
G1 X0.800 Y2.023
G1 X0.800 Y1.732
G1 X0.800 Y0.975
G1 X0.800 Y0.194
G1 X0.800 Y-0.335
G1 X0.800 Y-0.564
G1 X0.800 Y-0.570
G1 X0.800 Y-0.461
G1 X0.800 Y-0.317
G1 X0.800 Y-0.188
G1 X0.800 Y-0.093
G1 X0.800 Y-0.039
G1 X0.800 Y-0.027
G1 X0.800 Y-0.053
G1 X0.800 Y-0.104
G1 X0.800 Y-0.174
G1 X0.800 Y-0.247
G1 X0.800 Y-0.308
G1 X0.800 Y-0.344
G1 X0.800 Y-0.338
G1 X0.800 Y-0.283
G1 X0.800 Y-0.180
G1 X0.800 Y-0.026
G1 X0.800 Y0.180
G1 X0.800 Y0.450
G1 X0.800 Y0.780
G1 X0.800 Y1.105
G1 X0.800 Y1.232
G1 X0.800 Y0.848
G1 X0.800 Y-0.267
G1 X0.800 Y-1.800
G1 X0.800 Y-2.692
G1 X0.800 Y-1.846
G1 X0.800 Y0.505
G1 X0.800 Y2.545
G1 X0.800 Y2.630
G1 X0.800 Y0.995
G1 X0.800 Y-0.792
G1 X0.800 Y-1.608
G1 X0.800 Y-1.463
G1 X0.800 Y-0.912
G1 X0.800 Y-0.345
G1 X0.800 Y0.158
G1 X0.800 Y0.683
G1 X0.800 Y1.236
G1 X0.800 Y1.576
G1 X0.800 Y1.251
G1 X0.800 Y0.033
G1 X0.800 Y-1.575
G1 X0.800 Y-2.480
G1 X0.800 Y-1.997
G1 X0.800 Y-0.546
G1 X0.800 Y0.824
G1 X0.800 Y1.447
G1 X0.800 Y1.358
G1 X0.800 Y0.934
G1 X0.800 Y0.481
G1 X0.800 Y0.098
G1 X0.800 Y-0.235
G1 X0.800 Y-0.556
G1 X0.800 Y-0.847
G1 X0.800 Y-1.033
G1 X0.800 Y-1.031
G1 X0.800 Y-0.821
G1 X0.800 Y-0.485
G1 X0.800 Y-0.152
G1 X0.800 Y0.067
G1 X0.800 Y0.138
G1 X0.800 Y0.088
G1 X0.800 Y-0.021
G1 X0.800 Y-0.115
G1 X0.800 Y-0.127
G1 X0.800 Y-0.014
G1 X0.800 Y0.231
G1 X0.800 Y0.548
G1 X0.800 Y0.837
G1 X0.800 Y0.998
G1 X0.800 Y0.988
G1 X0.800 Y0.837
G1 X0.800 Y0.611
G1 X0.800 Y0.378
G1 X0.800 Y0.170
G1 X0.800 Y-0.013
G1 X0.800 Y-0.188
G1 X0.800 Y-0.366
G1 X0.800 Y-0.536
G1 X0.800 Y-0.674
G1 X0.800 Y-0.739
G1 X0.800 Y-0.713
G1 X0.800 Y-0.604
G1 X0.800 Y-0.445
G1 X0.800 Y-0.271
G1 X0.800 Y-0.103
G1 X0.800 Y0.066
G1 X0.800 Y0.257
G1 X0.800 Y0.488
G1 X0.800 Y0.752
G1 X0.800 Y0.997
G1 X0.800 Y1.127
G1 X0.800 Y1.058
G1 X0.800 Y0.764
G1 X0.800 Y0.321
G1 X0.800 Y-0.137
G1 X0.800 Y-0.482
G1 X0.800 Y-0.663
G1 X0.800 Y-0.712
G1 X0.800 Y-0.700
G1 X0.800 Y-0.696
G1 X0.800 Y-0.695
G1 X0.800 Y-0.610
G1 X0.800 Y-0.385
G1 X0.800 Y-0.041
G1 X0.800 Y0.416
G1 X0.800 Y1.018
G1 X0.800 Y1.615
G1 X0.800 Y1.627
G1 X0.800 Y0.330
G1 X0.800 Y-1.934
G1 X0.800 Y-3.123
G1 X0.800 Y-1.617
G1 X0.800 Y1.243
G1 X0.800 Y2.711
G1 X0.800 Y2.079
G1 X0.800 Y0.737
G1 X0.800 Y-0.076
G1 X0.800 Y-0.181
G1 X0.800 Y0.054
G1 X0.800 Y0.200
G1 X0.800 Y-0.107
G1 X0.800 Y-1.000
G1 X0.800 Y-2.043
G1 X0.800 Y-2.305
G1 X0.800 Y-1.266
G1 X0.800 Y0.428
G1 X0.800 Y1.604
G1 X0.800 Y1.763
G1 X0.800 Y1.271
G1 X0.800 Y0.675
G1 X0.800 Y0.231
G1 X0.800 Y-0.091
G1 X0.800 Y-0.404
G1 X0.800 Y-0.749
G1 X0.800 Y-1.042
G1 X0.800 Y-1.142
G1 X0.800 Y-0.993
G1 X0.800 Y-0.678
G1 X0.800 Y-0.349
G1 X0.800 Y-0.081
G1 X0.800 Y0.179
G1 X0.800 Y0.560
G1 X0.800 Y1.131
G1 X0.800 Y1.705
G1 X0.800 Y1.786
G1 X0.800 Y0.933
G1 X0.800 Y-0.613
G1 X0.800 Y-1.886
G1 X0.800 Y-2.112
G1 X0.000 Y1.297
G1 X-0.800 Y1.956
G1 X-0.800 Y1.833
G1 X-0.800 Y0.738
G1 X-0.800 Y-0.758
G1 X-0.800 Y-1.732
G1 X-0.800 Y-1.793
G1 X-0.800 Y-1.265
G1 X-0.800 Y-0.664
G1 X-0.800 Y-0.256
G1 X-0.800 Y-0.021
G1 X-0.800 Y0.173
G1 X-0.800 Y0.427
G1 X-0.800 Y0.739
G1 X-0.800 Y0.989
G1 X-0.800 Y1.051
G1 X-0.800 Y0.888
G1 X-0.800 Y0.582
G1 X-0.800 Y0.232
G1 X-0.800 Y-0.136
G1 X-0.800 Y-0.575
G1 X-0.800 Y-1.105
G1 X-0.800 Y-1.550
G1 X-0.800 Y-1.481
G1 X-0.800 Y-0.532
G1 X-0.800 Y1.008
G1 X-0.800 Y2.150
G1 X-0.800 Y2.138
G1 X-0.800 Y1.222
G1 X-0.800 Y0.266
G1 X-0.800 Y-0.174
G1 X-0.800 Y-0.111
G1 X-0.800 Y0.133
G1 X-0.800 Y0.155
G1 X-0.800 Y-0.460
G1 X-0.800 Y-1.741
G1 X-0.800 Y-2.720
G1 X-0.800 Y-1.821
G1 X-0.800 Y0.947
G1 X-0.800 Y3.045
G1 X-0.800 Y2.405
G1 X-0.800 Y0.112
G1 X-0.800 Y-1.508
G1 X-0.800 Y-1.694
G1 X-0.800 Y-1.106
G1 X-0.800 Y-0.434
G1 X-0.800 Y0.117
G1 X-0.800 Y0.551
G1 X-0.800 Y0.746
G1 X-0.800 Y0.572
G1 X-0.800 Y0.356
G1 X-0.800 Y0.388
G1 X-0.800 Y0.566
G1 X-0.800 Y0.709
G1 X-0.800 Y0.659
G1 X-0.800 Y0.310
G1 X-0.800 Y-0.307
G1 X-0.800 Y-0.980
G1 X-0.800 Y-1.427
G1 X-0.800 Y-1.478
G1 X-0.800 Y-1.188
G1 X-0.800 Y-0.760
G1 X-0.800 Y-0.387
G1 X-0.800 Y-0.152
G1 X-0.800 Y-0.031
G1 X-0.800 Y0.049
G1 X-0.800 Y0.173
G1 X-0.800 Y0.383
G1 X-0.800 Y0.662
G1 X-0.800 Y0.930
G1 X-0.800 Y1.081
G1 X-0.800 Y1.050
G1 X-0.800 Y0.860
G1 X-0.800 Y0.591
G1 X-0.800 Y0.337
G1 X-0.800 Y0.138
G1 X-0.800 Y-0.024
G1 X-0.800 Y-0.197
G1 X-0.800 Y-0.436
G1 X-0.800 Y-0.747
G1 X-0.800 Y-1.065
G1 X-0.800 Y-1.259
G1 X-0.800 Y-1.211
G1 X-0.800 Y-0.900
G1 X-0.800 Y-0.446
G1 X-0.800 Y-0.028
G1 X-0.800 Y0.217
G1 X-0.800 Y0.254
G1 X-0.800 Y0.134
G1 X-0.800 Y-0.056
G1 X-0.800 Y-0.220
G1 X-0.800 Y-0.259
G1 X-0.800 Y-0.095
G1 X-0.800 Y0.286
G1 X-0.800 Y0.774
G1 X-0.800 Y1.175
G1 X-0.800 Y1.307
G1 X-0.800 Y1.145
G1 X-0.800 Y0.803
G1 X-0.800 Y0.441
G1 X-0.800 Y0.136
G1 X-0.800 Y-0.147
G1 X-0.800 Y-0.515
G1 X-0.800 Y-1.033
G1 X-0.800 Y-1.585
G1 X-0.800 Y-1.749
G1 X-0.800 Y-1.017
G1 X-0.800 Y0.618
G1 X-0.800 Y2.218
G1 X-0.800 Y2.547
G1 X-0.800 Y1.337
G1 X-0.800 Y-0.395
G1 X-0.800 Y-1.480
G1 X-0.800 Y-1.590
G1 X-0.800 Y-1.124
G1 X-0.800 Y-0.550
G1 X-0.800 Y-0.042
G1 X-0.800 Y0.457
G1 X-0.800 Y1.030
G1 X-0.800 Y1.549
G1 X-0.800 Y1.574
G1 X-0.800 Y0.613
G1 X-0.800 Y-1.183
G1 X-0.800 Y-2.630
G1 X-0.800 Y-2.394
G1 X-0.800 Y-0.474
G1 X-0.800 Y1.642
G1 X-0.800 Y2.488
G1 X-0.800 Y1.889
G1 X-0.800 Y0.670
G1 X-0.800 Y-0.342
G1 X-0.800 Y-0.835
G1 X-0.800 Y-0.897
G1 X-0.800 Y-0.739
G1 X-0.800 Y-0.518
G1 X-0.800 Y-0.319
G1 X-0.800 Y-0.169
G1 X-0.800 Y-0.073
G1 X-0.800 Y-0.028
G1 X-0.800 Y-0.025
G1 X-0.800 Y-0.055
G1 X-0.800 Y-0.106
G1 X-0.800 Y-0.164
G1 X-0.800 Y-0.214
G1 X-0.800 Y-0.243
G1 X-0.800 Y-0.242
G1 X-0.800 Y-0.204
G1 X-0.800 Y-0.133
G1 X-0.800 Y-0.028
G1 X-0.800 Y0.113
G1 X-0.800 Y0.303
G1 X-0.800 Y0.551
G1 X-0.800 Y0.848
G1 X-0.800 Y1.125
G1 X-0.800 Y1.227
G1 X-0.800 Y0.947
G1 X-0.800 Y0.162
G1 X-0.800 Y-0.966
G1 X-0.800 Y-1.933
G1 X-0.800 Y-2.156
G1 X-0.800 Y-1.432
G1 X-0.800 Y-0.150
G1 X-0.800 Y1.006
G1 X-0.800 Y1.567
G1 X-0.800 Y1.514
G1 X-0.800 Y1.119
G1 X-0.800 Y0.676
G1 X-0.800 Y0.338
G1 X-0.800 Y0.123
G1 X-0.800 Y-0.021
G1 X-0.800 Y-0.156
G1 X-0.800 Y-0.325
G1 X-0.800 Y-0.525
G1 X-0.800 Y-0.722
G1 X-0.800 Y-0.860
G1 X-0.800 Y-0.898
G1 X-0.800 Y-0.830
G1 X-0.800 Y-0.685
G1 X-0.800 Y-0.511
G1 X-0.800 Y-0.347
G1 X-0.800 Y-0.219
G1 X0.000 Y1.367
G1 X0.800 Y-0.200
G1 X0.800 Y-0.187
G1 X0.800 Y-0.115
G1 X0.800 Y0.026
G1 X0.800 Y0.221
G1 X0.800 Y0.428
G1 X0.800 Y0.594
G1 X0.800 Y0.668
G1 X0.800 Y0.627
G1 X0.800 Y0.483
G1 X0.800 Y0.264
G1 X0.800 Y-0.005
G1 X0.800 Y-0.304
G1 X0.800 Y-0.612
G1 X0.800 Y-0.857
G1 X0.800 Y-0.908
G1 X0.800 Y-0.589
G1 X0.800 Y0.178
G1 X0.800 Y1.203
G1 X0.800 Y1.998
G1 X0.800 Y2.042
G1 X0.800 Y1.207
G1 X0.800 Y-0.080
G1 X0.800 Y-1.164
G1 X0.800 Y-1.634
G1 X0.800 Y-1.512
G1 X0.800 Y-1.084
G1 X0.800 Y-0.635
G1 X0.800 Y-0.308
G1 X0.800 Y-0.121
G1 X0.800 Y-0.026
G1 X0.800 Y0.036
G1 X0.800 Y0.108
G1 X0.800 Y0.204
G1 X0.800 Y0.317
G1 X0.800 Y0.421
G1 X0.800 Y0.492
G1 X0.800 Y0.518
G1 X0.800 Y0.502
G1 X0.800 Y0.456
G1 X0.800 Y0.405
G1 X0.800 Y0.362
G1 X0.800 Y0.346
G1 X0.800 Y0.363
G1 X0.800 Y0.411
G1 X0.800 Y0.477
G1 X0.800 Y0.526
G1 X0.800 Y0.486
G1 X0.800 Y0.257
G1 X0.800 Y-0.259
G1 X0.800 Y-1.053
G1 X0.800 Y-1.863
G1 X0.800 Y-2.144
G1 X0.800 Y-1.376
G1 X0.800 Y0.346
G1 X0.800 Y2.048
G1 X0.800 Y2.554
G1 X0.800 Y1.574
G1 X0.800 Y-0.038
G1 X0.800 Y-1.198
G1 X0.800 Y-1.485
G1 X0.800 Y-1.155
G1 X0.800 Y-0.621
G1 X0.800 Y-0.096
G1 X0.800 Y0.423
G1 X0.800 Y0.978
G1 X0.800 Y1.442
G1 X0.800 Y1.418
G1 X0.800 Y0.484
G1 X0.800 Y-1.184
G1 X0.800 Y-2.510
G1 X0.800 Y-2.341
G1 X0.800 Y-0.721
G1 X0.800 Y1.085
G1 X0.800 Y1.941
G1 X0.800 Y1.744
G1 X0.800 Y1.089
G1 X0.800 Y0.508
G1 X0.800 Y0.161
G1 X0.800 Y-0.040
G1 X0.800 Y-0.259
G1 X0.800 Y-0.603
G1 X0.800 Y-1.044
G1 X0.800 Y-1.406
G1 X0.800 Y-1.464
G1 X0.800 Y-1.128
G1 X0.800 Y-0.548
G1 X0.800 Y0.001
G1 X0.800 Y0.311
G1 X0.800 Y0.341
G1 X0.800 Y0.170
G1 X0.800 Y-0.080
G1 X0.800 Y-0.293
G1 X0.800 Y-0.352
G1 X0.800 Y-0.152
G1 X0.800 Y0.318
G1 X0.800 Y0.919
G1 X0.800 Y1.388
G1 X0.800 Y1.504
G1 X0.800 Y1.251
G1 X0.800 Y0.811
G1 X0.800 Y0.401
G1 X0.800 Y0.143
G1 X0.800 Y0.027
G1 X0.800 Y-0.038
G1 X0.800 Y-0.167
G1 X0.800 Y-0.439
G1 X0.800 Y-0.843
G1 X0.800 Y-1.247
G1 X0.800 Y-1.444
G1 X0.800 Y-1.302
G1 X0.800 Y-0.874
G1 X0.800 Y-0.373
G1 X0.800 Y-0.012
G1 X0.800 Y0.120
G1 X0.800 Y0.063
G1 X0.800 Y-0.068
G1 X0.800 Y-0.122
G1 X0.800 Y0.047
G1 X0.800 Y0.523
G1 X0.800 Y1.206
G1 X0.800 Y1.761
G1 X0.800 Y1.793
G1 X0.800 Y1.182
G1 X0.800 Y0.245
G1 X0.800 Y-0.526
G1 X0.800 Y-0.840
G1 X0.800 Y-0.727
G1 X0.800 Y-0.367
G1 X0.800 Y0.072
G1 X0.800 Y0.426
G1 X0.800 Y-0.279
G1 X0.800 Y-1.227
G1 X0.800 Y-0.777
G1 X0.800 Y-0.131
G1 X0.800 Y0.548
G1 X0.800 Y1.243
G1 X0.800 Y1.627
G1 X0.800 Y0.977
G1 X0.800 Y-0.982
G1 X0.800 Y-2.876
G1 X0.800 Y-2.560
G1 X0.800 Y-0.012
G1 X0.800 Y2.269
G1 X0.800 Y2.510
G1 X0.800 Y1.369
G1 X0.800 Y0.287
G1 X0.800 Y-0.128
G1 X0.800 Y-0.051
G1 X0.800 Y0.122
G1 X0.800 Y0.029
G1 X0.800 Y-0.553
G1 X0.800 Y-1.483
G1 X0.800 Y-2.145
G1 X0.800 Y-1.877
G1 X0.800 Y-0.713
G1 X0.800 Y0.583
G1 X0.800 Y1.289
G1 X0.800 Y1.290
G1 X0.800 Y0.899
G1 X0.800 Y0.428
G1 X0.800 Y0.002
G1 X0.800 Y-0.374
G1 X0.800 Y-0.690
G1 X0.800 Y-0.889
G1 X0.800 Y-0.901
G1 X0.800 Y-0.728
G1 X0.800 Y-0.461
G1 X0.800 Y-0.219
G1 X0.800 Y-0.052
G1 X0.800 Y0.093
G1 X0.800 Y0.340
G1 X0.800 Y0.797
G1 X0.800 Y1.405
G1 X0.800 Y1.834
G1 X0.800 Y1.600
G1 X0.800 Y0.545
G1 X0.800 Y-0.829
G1 X0.800 Y-1.724
G1 X0.800 Y-1.769
G1 X0.000 Y1.518
G1 X-0.800 Y1.557
G1 X-0.800 Y1.560
G1 X-0.800 Y0.861
G1 X-0.800 Y-0.339
G1 X-0.800 Y-1.407
G1 X-0.800 Y-1.808
G1 X-0.800 Y-1.528
G1 X-0.800 Y-0.952
G1 X-0.800 Y-0.451
G1 X-0.800 Y-0.156
G1 X-0.800 Y-0.019
G1 X-0.800 Y0.082
G1 X-0.800 Y0.233
G1 X-0.800 Y0.444
G1 X-0.800 Y0.647
G1 X-0.800 Y0.746
G1 X-0.800 Y0.679
G1 X-0.800 Y0.459
G1 X-0.800 Y0.136
G1 X-0.800 Y-0.251
G1 X-0.800 Y-0.662
G1 X-0.800 Y-0.997
G1 X-0.800 Y-1.047
G1 X-0.800 Y-0.566
G1 X-0.800 Y0.442
G1 X-0.800 Y1.520
G1 X-0.800 Y2.015
G1 X-0.800 Y1.683
G1 X-0.800 Y0.899
G1 X-0.800 Y0.232
G1 X-0.800 Y-0.042
G1 X-0.800 Y-0.009
G1 X-0.800 Y0.052
G1 X-0.800 Y-0.209
G1 X-0.800 Y-1.029
G1 X-0.800 Y-2.133
G1 X-0.800 Y-2.448
G1 X-0.800 Y-0.964
G1 X-0.800 Y1.593
G1 X-0.800 Y2.953
G1 X-0.800 Y1.998
G1 X-0.800 Y0.015
G1 X-0.800 Y-1.250
G1 X-0.800 Y-1.360
G1 X-0.800 Y-0.849
G1 X-0.800 Y-0.213
G1 X-0.800 Y0.346
G1 X-0.800 Y0.615
G1 X-0.800 Y0.118
G1 X-0.800 Y-0.312
G1 X-0.800 Y-0.062
G1 X-0.800 Y0.398
G1 X-0.800 Y0.847
G1 X-0.800 Y1.072
G1 X-0.800 Y0.788
G1 X-0.800 Y-0.138
G1 X-0.800 Y-1.357
G1 X-0.800 Y-2.125
G1 X-0.800 Y-1.942
G1 X-0.800 Y-1.026
G1 X-0.800 Y-0.049
G1 X-0.800 Y0.493
G1 X-0.800 Y0.535
G1 X-0.800 Y0.263
G1 X-0.800 Y-0.116
G1 X-0.800 Y-0.438
G1 X-0.800 Y-0.542
G1 X-0.800 Y-0.272
G1 X-0.800 Y0.389
G1 X-0.800 Y1.196
G1 X-0.800 Y1.723
G1 X-0.800 Y1.685
G1 X-0.800 Y1.172
G1 X-0.800 Y0.538
G1 X-0.800 Y0.094
G1 X-0.800 Y-0.064
G1 X-0.800 Y-0.024
G1 X-0.800 Y0.059
G1 X-0.800 Y0.021
G1 X-0.800 Y-0.261
G1 X-0.800 Y-0.792
G1 X-0.800 Y-1.377
G1 X-0.800 Y-1.694
G1 X-0.800 Y-1.515
G1 X-0.800 Y-0.918
G1 X-0.800 Y-0.228
G1 X-0.800 Y0.240
G1 X-0.800 Y0.376
G1 X-0.800 Y0.245
G1 X-0.800 Y-0.017
G1 X-0.800 Y-0.268
G1 X-0.800 Y-0.373
G1 X-0.800 Y-0.207
G1 X-0.800 Y0.272
G1 X-0.800 Y0.924
G1 X-0.800 Y1.447
G1 X-0.800 Y1.572
G1 X-0.800 Y1.278
G1 X-0.800 Y0.783
G1 X-0.800 Y0.352
G1 X-0.800 Y0.105
G1 X-0.800 Y-0.013
G1 X-0.800 Y-0.162
G1 X-0.800 Y-0.528
G1 X-0.800 Y-1.180
G1 X-0.800 Y-1.872
G1 X-0.800 Y-1.991
G1 X-0.800 Y-0.984
G1 X-0.800 Y0.870
G1 X-0.800 Y2.351
G1 X-0.800 Y2.389
G1 X-0.800 Y1.144
G1 X-0.800 Y-0.303
G1 X-0.800 Y-1.096
G1 X-0.800 Y-1.135
G1 X-0.800 Y-0.751
G1 X-0.800 Y-0.240
G1 X-0.800 Y0.277
G1 X-0.800 Y0.761
G1 X-0.800 Y1.098
G1 X-0.800 Y1.046
G1 X-0.800 Y0.374
G1 X-0.800 Y-0.820
G1 X-0.800 Y-1.948
G1 X-0.800 Y-2.267
G1 X-0.800 Y-1.506
G1 X-0.800 Y-0.124
G1 X-0.800 Y1.106
G1 X-0.800 Y1.691
G1 X-0.800 Y1.628
G1 X-0.800 Y1.202
G1 X-0.800 Y0.705
G1 X-0.800 Y0.302
G1 X-0.800 Y0.031
G1 X-0.800 Y-0.133
G1 X-0.800 Y-0.233
G1 X-0.800 Y-0.310
G1 X-0.800 Y-0.393
G1 X-0.800 Y-0.492
G1 X-0.800 Y-0.611
G1 X-0.800 Y-0.732
G1 X-0.800 Y-0.830
G1 X-0.800 Y-0.865
G1 X-0.800 Y-0.810
G1 X-0.800 Y-0.659
G1 X-0.800 Y-0.444
G1 X-0.800 Y-0.222
G1 X-0.800 Y-0.054
G1 X-0.800 Y0.029
G1 X-0.800 Y0.027
G1 X-0.800 Y-0.018
G1 X-0.800 Y-0.037
G1 X-0.800 Y0.059
G1 X-0.800 Y0.353
G1 X-0.800 Y0.861
G1 X-0.800 Y1.449
G1 X-0.800 Y1.806
G1 X-0.800 Y1.585
G1 X-0.800 Y0.684
G1 X-0.800 Y-0.566
G1 X-0.800 Y-1.573
G1 X-0.800 Y-1.904
G1 X-0.800 Y-1.565
G1 X-0.800 Y-0.901
G1 X-0.800 Y-0.285
G1 X-0.800 Y0.084
G1 X-0.800 Y0.196
G1 X-0.800 Y0.139
G1 X-0.800 Y0.009
G1 X-0.800 Y-0.112
G1 X-0.800 Y-0.168
G1 X-0.800 Y-0.131
G1 X-0.800 Y0.000
G1 X-0.800 Y0.189
G1 X-0.800 Y0.381
G1 X-0.800 Y0.521
G1 X-0.800 Y0.582
G1 X-0.800 Y0.560
G1 X-0.800 Y0.480
G1 X-0.800 Y0.373
G1 X0.000 Y3.398
G1 X0.800 Y-0.262
G1 X0.800 Y-0.395
G1 X0.800 Y-0.540
G1 X0.800 Y-0.669
G1 X0.800 Y-0.752
G1 X0.800 Y-0.755
G1 X0.800 Y-0.672
G1 X0.800 Y-0.520
G1 X0.800 Y-0.345
G1 X0.800 Y-0.189
G1 X0.800 Y-0.077
G1 X0.800 Y0.000
G1 X0.800 Y0.090
G1 X0.800 Y0.255
G1 X0.800 Y0.551
G1 X0.800 Y0.974
G1 X0.800 Y1.407
G1 X0.800 Y1.605
G1 X0.800 Y1.313
G1 X0.800 Y0.474
G1 X0.800 Y-0.630
G1 X0.800 Y-1.509
G1 X0.800 Y-1.803
G1 X0.800 Y-1.513
G1 X0.800 Y-0.926
G1 X0.800 Y-0.373
G1 X0.800 Y-0.032
G1 X0.800 Y0.082
G1 X0.800 Y0.046
G1 X0.800 Y-0.038
G1 X0.800 Y-0.078
G1 X0.800 Y-0.012
G1 X0.800 Y0.190
G1 X0.800 Y0.499
G1 X0.800 Y0.833
G1 X0.800 Y1.083
G1 X0.800 Y1.170
G1 X0.800 Y1.083
G1 X0.800 Y0.865
G1 X0.800 Y0.596
G1 X0.800 Y0.338
G1 X0.800 Y0.126
G1 X0.800 Y-0.034
G1 X0.800 Y-0.161
G1 X0.800 Y-0.280
G1 X0.800 Y-0.414
G1 X0.800 Y-0.587
G1 X0.800 Y-0.803
G1 X0.800 Y-1.037
G1 X0.800 Y-1.213
G1 X0.800 Y-1.205
G1 X0.800 Y-0.866
G1 X0.800 Y-0.141
G1 X0.800 Y0.824
G1 X0.800 Y1.652
G1 X0.800 Y1.942
G1 X0.800 Y1.551
G1 X0.800 Y0.727
G1 X0.800 Y-0.084
G1 X0.800 Y-0.555
G1 X0.800 Y-0.615
G1 X0.800 Y-0.381
G1 X0.800 Y-0.005
G1 X0.800 Y0.387
G1 X0.800 Y0.649
G1 X0.800 Y0.568
G1 X0.800 Y-0.062
G1 X0.800 Y-1.176
G1 X0.800 Y-2.184
G1 X0.800 Y-2.240
G1 X0.800 Y-1.044
G1 X0.800 Y0.689
G1 X0.800 Y1.856
G1 X0.800 Y1.962
G1 X0.800 Y1.359
G1 X0.800 Y0.658
G1 X0.800 Y0.213
G1 X0.800 Y0.038
G1 X0.800 Y-0.026
G1 X0.800 Y-0.160
G1 X0.800 Y-0.482
G1 X0.800 Y-0.972
G1 X0.800 Y-1.431
G1 X0.800 Y-1.585
G1 X0.800 Y-1.296
G1 X0.800 Y-0.702
G1 X0.800 Y-0.113
G1 X0.800 Y0.229
G1 X0.800 Y0.271
G1 X0.800 Y0.102
G1 X0.800 Y-0.134
G1 X0.800 Y-0.286
G1 X0.800 Y-0.196
G1 X0.800 Y0.235
G1 X0.800 Y0.934
G1 X0.800 Y1.587
G1 X0.800 Y1.800
G1 X0.800 Y1.430
G1 X0.800 Y0.714
G1 X0.800 Y0.064
G1 X0.800 Y-0.259
G1 X0.800 Y-0.241
G1 X0.800 Y-0.021
G1 X0.800 Y0.218
G1 X0.800 Y0.281
G1 X0.800 Y-0.019
G1 X0.800 Y-0.739
G1 X0.800 Y-1.610
G1 X0.800 Y-2.066
G1 X0.800 Y-1.682
G1 X0.800 Y-0.627
G1 X0.800 Y0.446
G1 X0.800 Y1.001
G1 X0.800 Y0.966
G1 X0.800 Y0.575
G1 X0.800 Y0.053
G1 X0.800 Y-0.489
G1 X0.800 Y-0.942
G1 X0.800 Y-1.071
G1 X0.800 Y-0.540
G1 X0.800 Y0.691
G1 X0.800 Y1.999
G1 X0.800 Y2.395
G1 X0.800 Y1.515
G1 X0.800 Y0.045
G1 X0.800 Y-1.025
G1 X0.800 Y-1.301
G1 X0.800 Y-1.020
G1 X0.800 Y-0.570
G1 X0.800 Y-0.181
G1 X0.800 Y0.046
G1 X0.800 Y0.105
G1 X0.800 Y0.157
G1 X0.800 Y0.385
G1 X0.800 Y0.784
G1 X0.800 Y1.180
G1 X0.800 Y1.193
G1 X0.800 Y0.358
G1 X0.800 Y-1.289
G1 X0.800 Y-2.655
G1 X0.800 Y-2.330
G1 X0.800 Y-0.323
G1 X0.800 Y1.696
G1 X0.800 Y2.314
G1 X0.800 Y1.678
G1 X0.800 Y0.757
G1 X0.800 Y0.185
G1 X0.800 Y0.011
G1 X0.800 Y-0.008
G1 X0.800 Y-0.144
G1 X0.800 Y-0.561
G1 X0.800 Y-1.204
G1 X0.800 Y-1.736
G1 X0.800 Y-1.749
G1 X0.800 Y-1.139
G1 X0.800 Y-0.237
G1 X0.800 Y0.486
G1 X0.800 Y0.780
G1 X0.800 Y0.701
G1 X0.800 Y0.418
G1 X0.800 Y0.081
G1 X0.800 Y-0.225
G1 X0.800 Y-0.450
G1 X0.800 Y-0.551
G1 X0.800 Y-0.516
G1 X0.800 Y-0.379
G1 X0.800 Y-0.213
G1 X0.800 Y-0.087
G1 X0.800 Y-0.010
G1 X0.800 Y0.066
G1 X0.800 Y0.236
G1 X0.800 Y0.590
G1 X0.800 Y1.113
G1 X0.800 Y1.602
G1 X0.800 Y1.710
G1 X0.800 Y1.185
G1 X0.800 Y0.176
G1 X0.800 Y-0.821
G1 X0.800 Y-1.351
G1 X0.800 Y-1.322
G1 X0.000 Y1.784
G1 X-0.800 Y1.072
G1 X-0.800 Y1.109
G1 X-0.800 Y0.715
G1 X-0.800 Y-0.079
G1 X-0.800 Y-0.973
G1 X-0.800 Y-1.554
G1 X-0.800 Y-1.609
G1 X-0.800 Y-1.246
G1 X-0.800 Y-0.748
G1 X-0.800 Y-0.345
G1 X-0.800 Y-0.118
G1 X-0.800 Y-0.024
G1 X-0.800 Y0.016
G1 X-0.800 Y0.072
G1 X-0.800 Y0.169
G1 X-0.800 Y0.282
G1 X-0.800 Y0.360
G1 X-0.800 Y0.352
G1 X-0.800 Y0.239
G1 X-0.800 Y0.037
G1 X-0.800 Y-0.208
G1 X-0.800 Y-0.429
G1 X-0.800 Y-0.521
G1 X-0.800 Y-0.363
G1 X-0.800 Y0.109
G1 X-0.800 Y0.793
G1 X-0.800 Y1.395
G1 X-0.800 Y1.614
G1 X-0.800 Y1.372
G1 X-0.800 Y0.874
G1 X-0.800 Y0.407
G1 X-0.800 Y0.126
G1 X-0.800 Y-0.007
G1 X-0.800 Y-0.165
G1 X-0.800 Y-0.549
G1 X-0.800 Y-1.232
G1 X-0.800 Y-1.935
G1 X-0.800 Y-1.987
G1 X-0.800 Y-0.844
G1 X-0.800 Y1.072
G1 X-0.800 Y2.435
G1 X-0.800 Y2.286
G1 X-0.800 Y0.986
G1 X-0.800 Y-0.371
G1 X-0.800 Y-1.082
G1 X-0.800 Y-1.156
G1 X-0.800 Y-0.919
G1 X-0.800 Y-0.623
G1 X-0.800 Y-0.356
G1 X-0.800 Y-0.089
G1 X-0.800 Y0.232
G1 X-0.800 Y0.644
G1 X-0.800 Y1.107
G1 X-0.800 Y1.395
G1 X-0.800 Y1.086
G1 X-0.800 Y-0.093
G1 X-0.800 Y-1.696
G1 X-0.800 Y-2.563
G1 X-0.800 Y-1.917
G1 X-0.800 Y-0.286
G1 X-0.800 Y1.086
G1 X-0.800 Y1.517
G1 X-0.800 Y1.205
G1 X-0.800 Y0.634
G1 X-0.800 Y0.064
G1 X-0.800 Y-0.492
G1 X-0.800 Y-1.052
G1 X-0.800 Y-1.442
G1 X-0.800 Y-1.272
G1 X-0.800 Y-0.278
G1 X-0.800 Y1.182
G1 X-0.800 Y2.188
G1 X-0.800 Y2.087
G1 X-0.800 Y1.125
G1 X-0.800 Y0.090
G1 X-0.800 Y-0.471
G1 X-0.800 Y-0.502
G1 X-0.800 Y-0.216
G1 X-0.800 Y0.162
G1 X-0.800 Y0.455
G1 X-0.800 Y0.488
G1 X-0.800 Y0.120
G1 X-0.800 Y-0.613
G1 X-0.800 Y-1.397
G1 X-0.800 Y-1.796
G1 X-0.800 Y-1.597
G1 X-0.800 Y-0.991
G1 X-0.800 Y-0.359
G1 X-0.800 Y0.024
G1 X-0.800 Y0.115
G1 X-0.800 Y0.024
G1 X-0.800 Y-0.093
G1 X-0.800 Y-0.089
G1 X-0.800 Y0.145
G1 X-0.800 Y0.603
G1 X-0.800 Y1.128
G1 X-0.800 Y1.464
G1 X-0.800 Y1.432
G1 X-0.800 Y1.077
G1 X-0.800 Y0.613
G1 X-0.800 Y0.249
G1 X-0.800 Y0.064
G1 X-0.800 Y-0.009
G1 X-0.800 Y-0.111
G1 X-0.800 Y-0.399
G1 X-0.800 Y-0.942
G1 X-0.800 Y-1.591
G1 X-0.800 Y-1.922
G1 X-0.800 Y-1.478
G1 X-0.800 Y-0.233
G1 X-0.800 Y1.192
G1 X-0.800 Y2.000
G1 X-0.800 Y1.882
G1 X-0.800 Y1.176
G1 X-0.800 Y0.432
G1 X-0.800 Y-0.014
G1 X-0.800 Y-0.129
G1 X-0.800 Y-0.044
G1 X-0.800 Y0.085
G1 X-0.800 Y0.117
G1 X-0.800 Y-0.053
G1 X-0.800 Y-0.452
G1 X-0.800 Y-0.985
G1 X-0.800 Y-1.436
G1 X-0.800 Y-1.580
G1 X-0.800 Y-1.327
G1 X-0.800 Y-0.781
G1 X-0.800 Y-0.158
G1 X-0.800 Y0.349
G1 X-0.800 Y0.649
G1 X-0.800 Y0.760
G1 X-0.800 Y0.746
G1 X-0.800 Y0.677
G1 X-0.800 Y0.601
G1 X-0.800 Y0.547
G1 X-0.800 Y0.522
G1 X-0.800 Y0.517
G1 X-0.800 Y0.509
G1 X-0.800 Y0.464
G1 X-0.800 Y0.339
G1 X-0.800 Y0.099
G1 X-0.800 Y-0.263
G1 X-0.800 Y-0.696
G1 X-0.800 Y-1.090
G1 X-0.800 Y-1.317
G1 X-0.800 Y-1.292
G1 X-0.800 Y-1.040
G1 X-0.800 Y-0.671
G1 X-0.800 Y-0.324
G1 X-0.800 Y-0.095
G1 X-0.800 Y-0.003
G1 X-0.800 Y0.001
G1 X-0.800 Y0.000
G1 X-0.800 Y0.093
G1 X-0.800 Y0.361
G1 X-0.800 Y0.815
G1 X-0.800 Y1.336
G1 X-0.800 Y1.665
G1 X-0.800 Y1.539
G1 X-0.800 Y0.890
G1 X-0.800 Y-0.051
G1 X-0.800 Y-0.892
G1 X-0.800 Y-1.335
G1 X-0.800 Y-1.339
G1 X-0.800 Y-1.062
G1 X-0.800 Y-0.704
G1 X-0.800 Y-0.391
G1 X-0.800 Y-0.157
G1 X-0.800 Y0.022
G1 X-0.800 Y0.188
G1 X-0.800 Y0.360
G1 X-0.800 Y0.536
G1 X-0.800 Y0.686
G1 X-0.800 Y0.769
G1 X-0.800 Y0.765
G1 X-0.800 Y0.681
G1 X-0.800 Y0.545
G1 X-0.800 Y0.394
G1 X-0.800 Y0.255
G1 X-0.800 Y0.144
G1 X0.000 Y1.117
G1 X0.800 Y-0.100
G1 X0.800 Y-0.212
G1 X0.800 Y-0.347
G1 X0.800 Y-0.498
G1 X0.800 Y-0.640
G1 X0.800 Y-0.739
G1 X0.800 Y-0.762
G1 X0.800 Y-0.698
G1 X0.800 Y-0.564
G1 X0.800 Y-0.394
G1 X0.800 Y-0.220
G1 X0.800 Y-0.056
G1 X0.800 Y0.118
G1 X0.800 Y0.334
G1 X0.800 Y0.621
G1 X0.800 Y0.958
G1 X0.800 Y1.250
G1 X0.800 Y1.326
G1 X0.800 Y1.031
G1 X0.800 Y0.356
G1 X0.800 Y-0.491
G1 X0.800 Y-1.180
G1 X0.800 Y-1.472
G1 X0.800 Y-1.351
G1 X0.800 Y-0.990
G1 X0.800 Y-0.595
G1 X0.800 Y-0.290
G1 X0.800 Y-0.088
G1 X0.800 Y0.065
G1 X0.800 Y0.245
G1 X0.800 Y0.505
G1 X0.800 Y0.833
G1 X0.800 Y1.147
G1 X0.800 Y1.309
G1 X0.800 Y1.208
G1 X0.800 Y0.837
G1 X0.800 Y0.309
G1 X0.800 Y-0.208
G1 X0.800 Y-0.576
G1 X0.800 Y-0.751
G1 X0.800 Y-0.762
G1 X0.800 Y-0.675
G1 X0.800 Y-0.552
G1 X0.800 Y-0.438
G1 X0.800 Y-0.356
G1 X0.800 Y-0.315
G1 X0.800 Y-0.313
G1 X0.800 Y-0.345
G1 X0.800 Y-0.389
G1 X0.800 Y-0.419
G1 X0.800 Y-0.392
G1 X0.800 Y-0.264
G1 X0.800 Y-0.006
G1 X0.800 Y0.372
G1 X0.800 Y0.789
G1 X0.800 Y1.120
G1 X0.800 Y1.251
G1 X0.800 Y1.149
G1 X0.800 Y0.876
G1 X0.800 Y0.554
G1 X0.800 Y0.283
G1 X0.800 Y0.095
G1 X0.800 Y-0.053
G1 X0.800 Y-0.242
G1 X0.800 Y-0.560
G1 X0.800 Y-1.013
G1 X0.800 Y-1.469
G1 X0.800 Y-1.636
G1 X0.800 Y-1.238
G1 X0.800 Y-0.276
G1 X0.800 Y0.850
G1 X0.800 Y1.600
G1 X0.800 Y1.705
G1 X0.800 Y1.309
G1 X0.800 Y0.764
G1 X0.800 Y0.339
G1 X0.800 Y0.107
G1 X0.800 Y-0.003
G1 X0.800 Y-0.110
G1 X0.800 Y-0.314
G1 X0.800 Y-0.644
G1 X0.800 Y-1.018
G1 X0.800 Y-1.274
G1 X0.800 Y-1.277
G1 X0.800 Y-1.019
G1 X0.800 Y-0.637
G1 X0.800 Y-0.295
G1 X0.800 Y-0.093
G1 X0.800 Y-0.011
G1 X0.800 Y0.045
G1 X0.800 Y0.198
G1 X0.800 Y0.544
G1 X0.800 Y1.052
G1 X0.800 Y1.523
G1 X0.800 Y1.650
G1 X0.800 Y1.259
G1 X0.800 Y0.504
G1 X0.800 Y-0.234
G1 X0.800 Y-0.630
G1 X0.800 Y-0.621
G1 X0.800 Y-0.325
G1 X0.800 Y0.099
G1 X0.800 Y0.510
G1 X0.800 Y0.724
G1 X0.800 Y0.474
G1 X0.800 Y-0.417
G1 X0.800 Y-1.660
G1 X0.800 Y-2.402
G1 X0.800 Y-1.889
G1 X0.800 Y-0.344
G1 X0.800 Y1.145
G1 X0.800 Y1.738
G1 X0.800 Y1.474
G1 X0.800 Y0.875
G1 X0.800 Y0.320
G1 X0.800 Y-0.151
G1 X0.800 Y-0.674
G1 X0.800 Y-1.301
G1 X0.800 Y-1.757
G1 X0.800 Y-1.466
G1 X0.800 Y-0.105
G1 X0.800 Y1.685
G1 X0.800 Y2.578
G1 X0.800 Y1.918
G1 X0.800 Y0.400
G1 X0.800 Y-0.822
G1 X0.800 Y-1.235
G1 X0.800 Y-1.034
G1 X0.800 Y-0.599
G1 X0.800 Y-0.153
G1 X0.800 Y0.250
G1 X0.800 Y0.616
G1 X0.800 Y0.919
G1 X0.800 Y1.057
G1 X0.800 Y0.848
G1 X0.800 Y0.121
G1 X0.800 Y-1.032
G1 X0.800 Y-2.079
G1 X0.800 Y-2.262
G1 X0.800 Y-1.278
G1 X0.800 Y0.306
G1 X0.800 Y1.518
G1 X0.800 Y1.832
G1 X0.800 Y1.443
G1 X0.800 Y0.846
G1 X0.800 Y0.379
G1 X0.800 Y0.101
G1 X0.800 Y-0.093
G1 X0.800 Y-0.329
G1 X0.800 Y-0.677
G1 X0.800 Y-1.075
G1 X0.800 Y-1.357
G1 X0.800 Y-1.351
G1 X0.800 Y-1.024
G1 X0.800 Y-0.518
G1 X0.800 Y-0.050
G1 X0.800 Y0.230
G1 X0.800 Y0.298
G1 X0.800 Y0.216
G1 X0.800 Y0.065
G1 X0.800 Y-0.085
G1 X0.800 Y-0.184
G1 X0.800 Y-0.213
G1 X0.800 Y-0.177
G1 X0.800 Y-0.110
G1 X0.800 Y-0.047
G1 X0.800 Y-0.012
G1 X0.800 Y0.008
G1 X0.800 Y0.056
G1 X0.800 Y0.195
G1 X0.800 Y0.479
G1 X0.800 Y0.896
G1 X0.800 Y1.324
G1 X0.800 Y1.545
G1 X0.800 Y1.371
G1 X0.800 Y0.799
G1 X0.800 Y0.054
G1 X0.800 Y-0.560
G1 X0.800 Y-0.851
G1 X0.800 Y-0.818
G1 X0.000 Y1.907
G1 X-0.800 Y0.581
G1 X-0.800 Y0.597
G1 X-0.800 Y0.377
G1 X-0.800 Y-0.087
G1 X-0.800 Y-0.680
G1 X-0.800 Y-1.190
G1 X-0.800 Y-1.427
G1 X-0.800 Y-1.333
G1 X-0.800 Y-1.006
G1 X-0.800 Y-0.616
G1 X-0.800 Y-0.299
G1 X-0.800 Y-0.105
G1 X-0.800 Y-0.022
G1 X-0.800 Y-0.002
G1 X-0.800 Y0.003
G1 X-0.800 Y0.020
G1 X-0.800 Y0.054
G1 X-0.800 Y0.088
G1 X-0.800 Y0.099
G1 X-0.800 Y0.072
G1 X-0.800 Y0.005
G1 X-0.800 Y-0.079
G1 X-0.800 Y-0.136
G1 X-0.800 Y-0.114
G1 X-0.800 Y0.036
G1 X-0.800 Y0.323
G1 X-0.800 Y0.692
G1 X-0.800 Y1.019
G1 X-0.800 Y1.175
G1 X-0.800 Y1.107
G1 X-0.800 Y0.864
G1 X-0.800 Y0.555
G1 X-0.800 Y0.274
G1 X-0.800 Y0.037
G1 X-0.800 Y-0.205
G1 X-0.800 Y-0.527
G1 X-0.800 Y-0.960
G1 X-0.800 Y-1.399
G1 X-0.800 Y-1.573
G1 X-0.800 Y-1.180
G1 X-0.800 Y-0.164
G1 X-0.800 Y1.089
G1 X-0.800 Y1.939
G1 X-0.800 Y1.977
G1 X-0.800 Y1.310
G1 X-0.800 Y0.399
G1 X-0.800 Y-0.320
G1 X-0.800 Y-0.654
G1 X-0.800 Y-0.636
G1 X-0.800 Y-0.385
G1 X-0.800 Y-0.015
G1 X-0.800 Y0.383
G1 X-0.800 Y0.695
G1 X-0.800 Y0.712
G1 X-0.800 Y0.178
G1 X-0.800 Y-0.937
G1 X-0.800 Y-2.096
G1 X-0.800 Y-2.366
G1 X-0.800 Y-1.303
G1 X-0.800 Y0.415
G1 X-0.800 Y1.626
G1 X-0.800 Y1.807
G1 X-0.800 Y1.299
G1 X-0.800 Y0.673
G1 X-0.800 Y0.198
G1 X-0.800 Y-0.183
G1 X-0.800 Y-0.650
G1 X-0.800 Y-1.272
G1 X-0.800 Y-1.793
G1 X-0.800 Y-1.653
G1 X-0.800 Y-0.485
G1 X-0.800 Y1.236
G1 X-0.800 Y2.355
G1 X-0.800 Y2.139
G1 X-0.800 Y0.983
G1 X-0.800 Y-0.170
G1 X-0.800 Y-0.736
G1 X-0.800 Y-0.720
G1 X-0.800 Y-0.387
G1 X-0.800 Y0.043
G1 X-0.800 Y0.435
G1 X-0.800 Y0.677
G1 X-0.800 Y0.644
G1 X-0.800 Y0.262
G1 X-0.800 Y-0.372
G1 X-0.800 Y-0.995
G1 X-0.800 Y-1.334
G1 X-0.800 Y-1.298
G1 X-0.800 Y-1.000
G1 X-0.800 Y-0.629
G1 X-0.800 Y-0.308
G1 X-0.800 Y-0.060
G1 X-0.800 Y0.160
G1 X-0.800 Y0.398
G1 X-0.800 Y0.662
G1 X-0.800 Y0.900
G1 X-0.800 Y1.025
G1 X-0.800 Y0.979
G1 X-0.800 Y0.780
G1 X-0.800 Y0.513
G1 X-0.800 Y0.273
G1 X-0.800 Y0.104
G1 X-0.800 Y-0.017
G1 X-0.800 Y-0.157
G1 X-0.800 Y-0.398
G1 X-0.800 Y-0.771
G1 X-0.800 Y-1.205
G1 X-0.800 Y-1.509
G1 X-0.800 Y-1.446
G1 X-0.800 Y-0.926
G1 X-0.800 Y-0.108
G1 X-0.800 Y0.667
G1 X-0.800 Y1.113
G1 X-0.800 Y1.168
G1 X-0.800 Y0.947
G1 X-0.800 Y0.619
G1 X-0.800 Y0.291
G1 X-0.800 Y-0.005
G1 X-0.800 Y-0.283
G1 X-0.800 Y-0.553
G1 X-0.800 Y-0.790
G1 X-0.800 Y-0.937
G1 X-0.800 Y-0.933
G1 X-0.800 Y-0.761
G1 X-0.800 Y-0.464
G1 X-0.800 Y-0.139
G1 X-0.800 Y0.129
G1 X-0.800 Y0.287
G1 X-0.800 Y0.333
G1 X-0.800 Y0.300
G1 X-0.800 Y0.225
G1 X-0.800 Y0.143
G1 X-0.800 Y0.079
G1 X-0.800 Y0.046
G1 X-0.800 Y0.054
G1 X-0.800 Y0.101
G1 X-0.800 Y0.193
G1 X-0.800 Y0.328
G1 X-0.800 Y0.502
G1 X-0.800 Y0.700
G1 X-0.800 Y0.878
G1 X-0.800 Y0.964
G1 X-0.800 Y0.873
G1 X-0.800 Y0.560
G1 X-0.800 Y0.064
G1 X-0.800 Y-0.478
G1 X-0.800 Y-0.894
G1 X-0.800 Y-1.067
G1 X-0.800 Y-0.997
G1 X-0.800 Y-0.763
G1 X-0.800 Y-0.466
G1 X-0.800 Y-0.166
G1 X-0.800 Y0.132
G1 X-0.800 Y0.445
G1 X-0.800 Y0.772
G1 X-0.800 Y1.051
G1 X-0.800 Y1.152
G1 X-0.800 Y0.939
G1 X-0.800 Y0.381
G1 X-0.800 Y-0.373
G1 X-0.800 Y-1.043
G1 X-0.800 Y-1.393
G1 X-0.800 Y-1.364
G1 X-0.800 Y-1.073
G1 X-0.800 Y-0.702
G1 X-0.800 Y-0.388
G1 X-0.800 Y-0.176
G1 X-0.800 Y-0.044
G1 X-0.800 Y0.053
G1 X-0.800 Y0.163
G1 X-0.800 Y0.305
G1 X-0.800 Y0.468
G1 X-0.800 Y0.618
G1 X-0.800 Y0.711
G1 X-0.800 Y0.724
G1 X-0.800 Y0.654
G1 X-0.800 Y0.528
G1 X-0.800 Y0.375
G1 X-0.800 Y0.222
G1 X-0.800 Y0.081
G1 X0.000 Y-0.497
G1 X0.800 Y-0.055
G1 X0.800 Y-0.216
G1 X0.800 Y-0.372
G1 X0.800 Y-0.505
G1 X0.800 Y-0.584
G1 X0.800 Y-0.588
G1 X0.800 Y-0.508
G1 X0.800 Y-0.363
G1 X0.800 Y-0.197
G1 X0.800 Y-0.060
G1 X0.800 Y0.014
G1 X0.800 Y0.023
G1 X0.800 Y-0.008
G1 X0.800 Y-0.028
G1 X0.800 Y0.031
G1 X0.800 Y0.226
G1 X0.800 Y0.581
G1 X0.800 Y1.030
G1 X0.800 Y1.410
G1 X0.800 Y1.521
G1 X0.800 Y1.250
G1 X0.800 Y0.669
G1 X0.800 Y0.005
G1 X0.800 Y-0.496
G1 X0.800 Y-0.717
G1 X0.800 Y-0.673
G1 X0.800 Y-0.461
G1 X0.800 Y-0.172
G1 X0.800 Y0.133
G1 X0.800 Y0.411
G1 X0.800 Y0.615
G1 X0.800 Y0.678
G1 X0.800 Y0.545
G1 X0.800 Y0.212
G1 X0.800 Y-0.239
G1 X0.800 Y-0.667
G1 X0.800 Y-0.940
G1 X0.800 Y-1.009
G1 X0.800 Y-0.902
G1 X0.800 Y-0.701
G1 X0.800 Y-0.478
G1 X0.800 Y-0.278
G1 X0.800 Y-0.116
G1 X0.800 Y0.011
G1 X0.800 Y0.106
G1 X0.800 Y0.166
G1 X0.800 Y0.185
G1 X0.800 Y0.157
G1 X0.800 Y0.080
G1 X0.800 Y-0.036
G1 X0.800 Y-0.180
G1 X0.800 Y-0.328
G1 X0.800 Y-0.448
G1 X0.800 Y-0.496
G1 X0.800 Y-0.432
G1 X0.800 Y-0.238
G1 X0.800 Y0.057
G1 X0.800 Y0.374
G1 X0.800 Y0.619
G1 X0.800 Y0.718
G1 X0.800 Y0.661
G1 X0.800 Y0.481
G1 X0.800 Y0.228
G1 X0.800 Y-0.062
G1 X0.800 Y-0.359
G1 X0.800 Y-0.631
G1 X0.800 Y-0.805
G1 X0.800 Y-0.779
G1 X0.800 Y-0.475
G1 X0.800 Y0.083
G1 X0.800 Y0.728
G1 X0.800 Y1.220
G1 X0.800 Y1.390
G1 X0.800 Y1.236
G1 X0.800 Y0.902
G1 X0.800 Y0.548
G1 X0.800 Y0.278
G1 X0.800 Y0.104
G1 X0.800 Y-0.012
G1 X0.800 Y-0.119
G1 X0.800 Y-0.255
G1 X0.800 Y-0.413
G1 X0.800 Y-0.560
G1 X0.800 Y-0.643
G1 X0.800 Y-0.629
G1 X0.800 Y-0.515
G1 X0.800 Y-0.325
G1 X0.800 Y-0.091
G1 X0.800 Y0.172
G1 X0.800 Y0.445
G1 X0.800 Y0.696
G1 X0.800 Y0.859
G1 X0.800 Y0.846
G1 X0.800 Y0.611
G1 X0.800 Y0.199
G1 X0.800 Y-0.238
G1 X0.800 Y-0.534
G1 X0.800 Y-0.596
G1 X0.800 Y-0.437
G1 X0.800 Y-0.131
G1 X0.800 Y0.237
G1 X0.800 Y0.570
G1 X0.800 Y0.706
G1 X0.800 Y0.420
G1 X0.800 Y-0.425
G1 X0.800 Y-1.578
G1 X0.800 Y-2.312
G1 X0.800 Y-1.929
G1 X0.800 Y-0.523
G1 X0.800 Y0.993
G1 X0.800 Y1.749
G1 X0.800 Y1.622
G1 X0.800 Y1.062
G1 X0.800 Y0.511
G1 X0.800 Y0.106
G1 X0.800 Y-0.244
G1 X0.800 Y-0.694
G1 X0.800 Y-1.261
G1 X0.800 Y-1.703
G1 X0.800 Y-1.565
G1 X0.800 Y-0.602
G1 X0.800 Y0.819
G1 X0.800 Y1.873
G1 X0.800 Y2.013
G1 X0.800 Y1.401
G1 X0.800 Y0.608
G1 X0.800 Y0.069
G1 X0.800 Y-0.116
G1 X0.800 Y-0.061
G1 X0.800 Y0.065
G1 X0.800 Y0.110
G1 X0.800 Y-0.039
G1 X0.800 Y-0.434
G1 X0.800 Y-1.006
G1 X0.800 Y-1.539
G1 X0.800 Y-1.736
G1 X0.800 Y-1.407
G1 X0.800 Y-0.613
G1 X0.800 Y0.322
G1 X0.800 Y1.029
G1 X0.800 Y1.307
G1 X0.800 Y1.203
G1 X0.800 Y0.892
G1 X0.800 Y0.546
G1 X0.800 Y0.246
G1 X0.800 Y-0.003
G1 X0.800 Y-0.236
G1 X0.800 Y-0.477
G1 X0.800 Y-0.716
G1 X0.800 Y-0.902
G1 X0.800 Y-0.972
G1 X0.800 Y-0.894
G1 X0.800 Y-0.689
G1 X0.800 Y-0.431
G1 X0.800 Y-0.196
G1 X0.800 Y-0.038
G1 X0.800 Y0.034
G1 X0.800 Y0.041
G1 X0.800 Y0.014
G1 X0.800 Y-0.017
G1 X0.800 Y-0.031
G1 X0.800 Y-0.028
G1 X0.800 Y-0.013
G1 X0.800 Y0.000
G1 X0.800 Y0.003
G1 X0.800 Y-0.003
G1 X0.800 Y0.003
G1 X0.800 Y0.052
G1 X0.800 Y0.180
G1 X0.800 Y0.413
G1 X0.800 Y0.729
G1 X0.800 Y1.057
G1 X0.800 Y1.277
G1 X0.800 Y1.280
G1 X0.800 Y1.035
G1 X0.800 Y0.612
G1 X0.800 Y0.158
G1 X0.800 Y-0.192
G1 X0.800 Y-0.370
G1 X0.800 Y-0.377
G1 X0.000 Y1.701
G1 X-0.800 Y0.217
G1 X-0.800 Y0.181
G1 X-0.800 Y0.027
G1 X-0.800 Y-0.242
G1 X-0.800 Y-0.583
G1 X-0.800 Y-0.912
G1 X-0.800 Y-1.130
G1 X-0.800 Y-1.175
G1 X-0.800 Y-1.042
G1 X-0.800 Y-0.794
G1 X-0.800 Y-0.513
G1 X-0.800 Y-0.270
G1 X-0.800 Y-0.105
G1 X-0.800 Y-0.018
G1 X-0.800 Y0.012
G1 X-0.800 Y0.009
G1 X-0.800 Y-0.002
G1 X-0.800 Y-0.009
G1 X-0.800 Y-0.008
G1 X-0.800 Y-0.002
G1 X-0.800 Y0.002
G1 X-0.800 Y0.001
G1 X-0.800 Y-0.003
G1 X-0.800 Y0.004
G1 X-0.800 Y0.038
G1 X-0.800 Y0.115
G1 X-0.800 Y0.244
G1 X-0.800 Y0.413
G1 X-0.800 Y0.590
G1 X-0.800 Y0.725
G1 X-0.800 Y0.781
G1 X-0.800 Y0.740
G1 X-0.800 Y0.614
G1 X-0.800 Y0.437
G1 X-0.800 Y0.237
G1 X-0.800 Y0.029
G1 X-0.800 Y-0.193
G1 X-0.800 Y-0.437
G1 X-0.800 Y-0.701
G1 X-0.800 Y-0.935
G1 X-0.800 Y-1.057
G1 X-0.800 Y-0.962
G1 X-0.800 Y-0.595
G1 X-0.800 Y-0.011
G1 X-0.800 Y0.625
G1 X-0.800 Y1.105
G1 X-0.800 Y1.292
G1 X-0.800 Y1.187
G1 X-0.800 Y0.896
G1 X-0.800 Y0.562
G1 X-0.800 Y0.270
G1 X-0.800 Y0.028
G1 X-0.800 Y-0.217
G1 X-0.800 Y-0.536
G1 X-0.800 Y-0.948
G1 X-0.800 Y-1.346
G1 X-0.800 Y-1.494
G1 X-0.800 Y-1.155
G1 X-0.800 Y-0.330
G1 X-0.800 Y0.644
G1 X-0.800 Y1.315
G1 X-0.800 Y1.450
G1 X-0.800 Y1.163
G1 X-0.800 Y0.718
G1 X-0.800 Y0.301
G1 X-0.800 Y-0.063
G1 X-0.800 Y-0.450
G1 X-0.800 Y-0.919
G1 X-0.800 Y-1.383
G1 X-0.800 Y-1.553
G1 X-0.800 Y-1.089
G1 X-0.800 Y0.041
G1 X-0.800 Y1.342
G1 X-0.800 Y2.077
G1 X-0.800 Y1.897
G1 X-0.800 Y1.078
G1 X-0.800 Y0.197
G1 X-0.800 Y-0.353
G1 X-0.800 Y-0.504
G1 X-0.800 Y-0.380
G1 X-0.800 Y-0.137
G1 X-0.800 Y0.117
G1 X-0.800 Y0.311
G1 X-0.800 Y0.397
G1 X-0.800 Y0.351
G1 X-0.800 Y0.196
G1 X-0.800 Y-0.011
G1 X-0.800 Y-0.194
G1 X-0.800 Y-0.296
G1 X-0.800 Y-0.296
G1 X-0.800 Y-0.217
G1 X-0.800 Y-0.091
G1 X-0.800 Y0.043
G1 X-0.800 Y0.154
G1 X-0.800 Y0.217
G1 X-0.800 Y0.228
G1 X-0.800 Y0.192
G1 X-0.800 Y0.131
G1 X-0.800 Y0.071
G1 X-0.800 Y0.024
G1 X-0.800 Y-0.018
G1 X-0.800 Y-0.084
G1 X-0.800 Y-0.216
G1 X-0.800 Y-0.448
G1 X-0.800 Y-0.777
G1 X-0.800 Y-1.126
G1 X-0.800 Y-1.354
G1 X-0.800 Y-1.318
G1 X-0.800 Y-0.969
G1 X-0.800 Y-0.413
G1 X-0.800 Y0.151
G1 X-0.800 Y0.534
G1 X-0.800 Y0.664
G1 X-0.800 Y0.577
G1 X-0.800 Y0.356
G1 X-0.800 Y0.078
G1 X-0.800 Y-0.203
G1 X-0.800 Y-0.443
G1 X-0.800 Y-0.594
G1 X-0.800 Y-0.597
G1 X-0.800 Y-0.424
G1 X-0.800 Y-0.099
G1 X-0.800 Y0.282
G1 X-0.800 Y0.600
G1 X-0.800 Y0.769
G1 X-0.800 Y0.772
G1 X-0.800 Y0.647
G1 X-0.800 Y0.454
G1 X-0.800 Y0.245
G1 X-0.800 Y0.046
G1 X-0.800 Y-0.129
G1 X-0.800 Y-0.268
G1 X-0.800 Y-0.361
G1 X-0.800 Y-0.399
G1 X-0.800 Y-0.375
G1 X-0.800 Y-0.301
G1 X-0.800 Y-0.186
G1 X-0.800 Y-0.044
G1 X-0.800 Y0.120
G1 X-0.800 Y0.310
G1 X-0.800 Y0.522
G1 X-0.800 Y0.732
G1 X-0.800 Y0.890
G1 X-0.800 Y0.930
G1 X-0.800 Y0.808
G1 X-0.800 Y0.535
G1 X-0.800 Y0.189
G1 X-0.800 Y-0.116
G1 X-0.800 Y-0.297
G1 X-0.800 Y-0.319
G1 X-0.800 Y-0.209
G1 X-0.800 Y-0.020
G1 X-0.800 Y0.184
G1 X-0.800 Y0.329
G1 X-0.800 Y0.330
G1 X-0.800 Y0.112
G1 X-0.800 Y-0.337
G1 X-0.800 Y-0.913
G1 X-0.800 Y-1.401
G1 X-0.800 Y-1.578
G1 X-0.800 Y-1.364
G1 X-0.800 Y-0.871
G1 X-0.800 Y-0.321
G1 X-0.800 Y0.093
G1 X-0.800 Y0.289
G1 X-0.800 Y0.293
G1 X-0.800 Y0.173
G1 X-0.800 Y0.007
G1 X-0.800 Y-0.148
G1 X-0.800 Y-0.246
G1 X-0.800 Y-0.258
G1 X-0.800 Y-0.176
G1 X-0.800 Y-0.023
G1 X-0.800 Y0.152
G1 X-0.800 Y0.297
G1 X-0.800 Y0.371
G1 X-0.800 Y0.365
G1 X-0.800 Y0.290
G1 X-0.800 Y0.170
G1 X-0.800 Y0.035
G1 X0.000 Y0.189
G1 X0.800 Y-0.027
G1 X0.800 Y-0.117
G1 X0.800 Y-0.182
G1 X0.800 Y-0.195
G1 X0.800 Y-0.137
G1 X0.800 Y-0.006
G1 X0.800 Y0.172
G1 X0.800 Y0.347
G1 X0.800 Y0.466
G1 X0.800 Y0.491
G1 X0.800 Y0.413
G1 X0.800 Y0.252
G1 X0.800 Y0.032
G1 X0.800 Y-0.212
G1 X0.800 Y-0.442
G1 X0.800 Y-0.597
G1 X0.800 Y-0.589
G1 X0.800 Y-0.337
G1 X0.800 Y0.174
G1 X0.800 Y0.822
G1 X0.800 Y1.372
G1 X0.800 Y1.592
G1 X0.800 Y1.407
G1 X0.800 Y0.942
G1 X0.800 Y0.423
G1 X0.800 Y0.036
G1 X0.800 Y-0.145
G1 X0.800 Y-0.148
G1 X0.800 Y-0.050
G1 X0.800 Y0.071
G1 X0.800 Y0.147
G1 X0.800 Y0.126
G1 X0.800 Y-0.012
G1 X0.800 Y-0.243
G1 X0.800 Y-0.498
G1 X0.800 Y-0.698
G1 X0.800 Y-0.781
G1 X0.800 Y-0.738
G1 X0.800 Y-0.599
G1 X0.800 Y-0.408
G1 X0.800 Y-0.206
G1 X0.800 Y-0.011
G1 X0.800 Y0.168
G1 X0.800 Y0.321
G1 X0.800 Y0.436
G1 X0.800 Y0.495
G1 X0.800 Y0.488
G1 X0.800 Y0.419
G1 X0.800 Y0.304
G1 X0.800 Y0.163
G1 X0.800 Y0.002
G1 X0.800 Y-0.182
G1 X0.800 Y-0.398
G1 X0.800 Y-0.646
G1 X0.800 Y-0.892
G1 X0.800 Y-1.055
G1 X0.800 Y-1.041
G1 X0.800 Y-0.796
G1 X0.800 Y-0.361
G1 X0.800 Y0.125
G1 X0.800 Y0.504
G1 X0.800 Y0.671
G1 X0.800 Y0.626
G1 X0.800 Y0.425
G1 X0.800 Y0.144
G1 X0.800 Y-0.166
G1 X0.800 Y-0.458
G1 X0.800 Y-0.666
G1 X0.800 Y-0.699
G1 X0.800 Y-0.464
G1 X0.800 Y0.051
G1 X0.800 Y0.717
G1 X0.800 Y1.287
G1 X0.800 Y1.541
G1 X0.800 Y1.410
G1 X0.800 Y1.012
G1 X0.800 Y0.547
G1 X0.800 Y0.176
G1 X0.800 Y-0.039
G1 X0.800 Y-0.109
G1 X0.800 Y-0.087
G1 X0.800 Y-0.029
G1 X0.800 Y0.029
G1 X0.800 Y0.063
G1 X0.800 Y0.070
G1 X0.800 Y0.054
G1 X0.800 Y0.032
G1 X0.800 Y0.014
G1 X0.800 Y0.003
G1 X0.800 Y-0.002
G1 X0.800 Y-0.013
G1 X0.800 Y-0.036
G1 X0.800 Y-0.074
G1 X0.800 Y-0.119
G1 X0.800 Y-0.151
G1 X0.800 Y-0.152
G1 X0.800 Y-0.106
G1 X0.800 Y-0.014
G1 X0.800 Y0.106
G1 X0.800 Y0.213
G1 X0.800 Y0.241
G1 X0.800 Y0.109
G1 X0.800 Y-0.255
G1 X0.800 Y-0.828
G1 X0.800 Y-1.438
G1 X0.800 Y-1.777
G1 X0.800 Y-1.581
G1 X0.800 Y-0.849
G1 X0.800 Y0.101
G1 X0.800 Y0.854
G1 X0.800 Y1.169
G1 X0.800 Y1.081
G1 X0.800 Y0.770
G1 X0.800 Y0.399
G1 X0.800 Y0.039
G1 X0.800 Y-0.306
G1 X0.800 Y-0.642
G1 X0.800 Y-0.922
G1 X0.800 Y-1.052
G1 X0.800 Y-0.930
G1 X0.800 Y-0.550
G1 X0.800 Y-0.031
G1 X0.800 Y0.434
G1 X0.800 Y0.693
G1 X0.800 Y0.716
G1 X0.800 Y0.556
G1 X0.800 Y0.303
G1 X0.800 Y0.017
G1 X0.800 Y-0.259
G1 X0.800 Y-0.493
G1 X0.800 Y-0.643
G1 X0.800 Y-0.658
G1 X0.800 Y-0.507
G1 X0.800 Y-0.209
G1 X0.800 Y0.165
G1 X0.800 Y0.513
G1 X0.800 Y0.747
G1 X0.800 Y0.828
G1 X0.800 Y0.773
G1 X0.800 Y0.626
G1 X0.800 Y0.437
G1 X0.800 Y0.240
G1 X0.800 Y0.053
G1 X0.800 Y-0.125
G1 X0.800 Y-0.289
G1 X0.800 Y-0.434
G1 X0.800 Y-0.548
G1 X0.800 Y-0.609
G1 X0.800 Y-0.611
G1 X0.800 Y-0.550
G1 X0.800 Y-0.447
G1 X0.800 Y-0.325
G1 X0.800 Y-0.211
G1 X0.800 Y-0.121
G1 X0.800 Y-0.061
G1 X0.800 Y-0.026
G1 X0.800 Y-0.008
G1 X0.800 Y0.000
G1 X0.800 Y0.007
G1 X0.800 Y0.011
G1 X0.800 Y0.012
G1 X0.800 Y0.008
G1 X0.800 Y-0.004
G1 X0.800 Y-0.019
G1 X0.800 Y-0.024
G1 X0.800 Y-0.007
G1 X0.800 Y0.054
G1 X0.800 Y0.173
G1 X0.800 Y0.353
G1 X0.800 Y0.575
G1 X0.800 Y0.800
G1 X0.800 Y0.976
G1 X0.800 Y1.048
G1 X0.800 Y0.991
G1 X0.800 Y0.819
G1 X0.800 Y0.576
G1 X0.800 Y0.322
G1 X0.800 Y0.109
G1 X0.800 Y-0.033
G1 X0.800 Y-0.097
G1 X0.000 Y1.323
G1 X-0.800 Y0.002
G1 X-0.800 Y-0.084
G1 X-0.800 Y-0.218
G1 X-0.800 Y-0.390
G1 X-0.800 Y-0.578
G1 X-0.800 Y-0.750
G1 X-0.800 Y-0.871
G1 X-0.800 Y-0.916
G1 X-0.800 Y-0.874
G1 X-0.800 Y-0.757
G1 X-0.800 Y-0.588
G1 X-0.800 Y-0.404
G1 X-0.800 Y-0.237
G1 X-0.800 Y-0.105
G1 X-0.800 Y-0.020
G1 X-0.800 Y0.024
G1 X-0.800 Y0.036
G1 X-0.800 Y0.029
G1 X-0.800 Y0.013
G1 X-0.800 Y-0.001
G1 X-0.800 Y-0.011
G1 X-0.800 Y-0.013
G1 X-0.800 Y-0.011
G1 X-0.800 Y-0.005
G1 X-0.800 Y0.006
G1 X-0.800 Y0.020
G1 X-0.800 Y0.044
G1 X-0.800 Y0.081
G1 X-0.800 Y0.137
G1 X-0.800 Y0.209
G1 X-0.800 Y0.295
G1 X-0.800 Y0.382
G1 X-0.800 Y0.454
G1 X-0.800 Y0.497
G1 X-0.800 Y0.500
G1 X-0.800 Y0.458
G1 X-0.800 Y0.380
G1 X-0.800 Y0.272
G1 X-0.800 Y0.145
G1 X-0.800 Y0.006
G1 X-0.800 Y-0.140
G1 X-0.800 Y-0.290
G1 X-0.800 Y-0.433
G1 X-0.800 Y-0.553
G1 X-0.800 Y-0.627
G1 X-0.800 Y-0.633
G1 X-0.800 Y-0.558
G1 X-0.800 Y-0.415
G1 X-0.800 Y-0.234
G1 X-0.800 Y-0.065
G1 X-0.800 Y0.055
G1 X-0.800 Y0.102
G1 X-0.800 Y0.083
G1 X-0.800 Y0.018
G1 X-0.800 Y-0.056
G1 X-0.800 Y-0.102
G1 X-0.800 Y-0.087
G1 X-0.800 Y0.007
G1 X-0.800 Y0.166
G1 X-0.800 Y0.351
G1 X-0.800 Y0.500
G1 X-0.800 Y0.564
G1 X-0.800 Y0.525
G1 X-0.800 Y0.389
G1 X-0.800 Y0.188
G1 X-0.800 Y-0.052
G1 X-0.800 Y-0.301
G1 X-0.800 Y-0.525
G1 X-0.800 Y-0.670
G1 X-0.800 Y-0.660
G1 X-0.800 Y-0.433
G1 X-0.800 Y0.007
G1 X-0.800 Y0.560
G1 X-0.800 Y1.054
G1 X-0.800 Y1.328
G1 X-0.800 Y1.323
G1 X-0.800 Y1.090
G1 X-0.800 Y0.751
G1 X-0.800 Y0.424
G1 X-0.800 Y0.175
G1 X-0.800 Y0.022
G1 X-0.800 Y-0.051
G1 X-0.800 Y-0.074
G1 X-0.800 Y-0.072
G1 X-0.800 Y-0.065
G1 X-0.800 Y-0.064
G1 X-0.800 Y-0.073
G1 X-0.800 Y-0.096
G1 X-0.800 Y-0.133
G1 X-0.800 Y-0.181
G1 X-0.800 Y-0.236
G1 X-0.800 Y-0.287
G1 X-0.800 Y-0.321
G1 X-0.800 Y-0.323
G1 X-0.800 Y-0.281
G1 X-0.800 Y-0.189
G1 X-0.800 Y-0.051
G1 X-0.800 Y0.129
G1 X-0.800 Y0.330
G1 X-0.800 Y0.522
G1 X-0.800 Y0.642
G1 X-0.800 Y0.595
G1 X-0.800 Y0.283
G1 X-0.800 Y-0.321
G1 X-0.800 Y-1.078
G1 X-0.800 Y-1.684
G1 X-0.800 Y-1.816
G1 X-0.800 Y-1.362
G1 X-0.800 Y-0.534
G1 X-0.800 Y0.282
G1 X-0.800 Y0.785
G1 X-0.800 Y0.899
G1 X-0.800 Y0.728
G1 X-0.800 Y0.416
G1 X-0.800 Y0.061
G1 X-0.800 Y-0.290
G1 X-0.800 Y-0.602
G1 X-0.800 Y-0.813
G1 X-0.800 Y-0.822
G1 X-0.800 Y-0.555
G1 X-0.800 Y-0.034
G1 X-0.800 Y0.580
G1 X-0.800 Y1.068
G1 X-0.800 Y1.273
G1 X-0.800 Y1.187
G1 X-0.800 Y0.922
G1 X-0.800 Y0.614
G1 X-0.800 Y0.350
G1 X-0.800 Y0.157
G1 X-0.800 Y0.017
G1 X-0.800 Y-0.100
G1 X-0.800 Y-0.214
G1 X-0.800 Y-0.323
G1 X-0.800 Y-0.411
G1 X-0.800 Y-0.450
G1 X-0.800 Y-0.427
G1 X-0.800 Y-0.339
G1 X-0.800 Y-0.200
G1 X-0.800 Y-0.028
G1 X-0.800 Y0.160
G1 X-0.800 Y0.344
G1 X-0.800 Y0.499
G1 X-0.800 Y0.591
G1 X-0.800 Y0.588
G1 X-0.800 Y0.483
G1 X-0.800 Y0.300
G1 X-0.800 Y0.099
G1 X-0.800 Y-0.058
G1 X-0.800 Y-0.126
G1 X-0.800 Y-0.100
G1 X-0.800 Y-0.008
G1 X-0.800 Y0.097
G1 X-0.800 Y0.140
G1 X-0.800 Y0.048
G1 X-0.800 Y-0.241
G1 X-0.800 Y-0.712
G1 X-0.800 Y-1.232
G1 X-0.800 Y-1.578
G1 X-0.800 Y-1.541
G1 X-0.800 Y-1.090
G1 X-0.800 Y-0.398
G1 X-0.800 Y0.258
G1 X-0.800 Y0.671
G1 X-0.800 Y0.789
G1 X-0.800 Y0.680
G1 X-0.800 Y0.451
G1 X-0.800 Y0.182
G1 X-0.800 Y-0.081
G1 X-0.800 Y-0.316
G1 X-0.800 Y-0.497
G1 X-0.800 Y-0.599
G1 X-0.800 Y-0.597
G1 X-0.800 Y-0.493
G1 X-0.800 Y-0.318
G1 X-0.800 Y-0.126
G1 X-0.800 Y0.029
G1 X-0.800 Y0.117
G1 X-0.800 Y0.134
G1 X-0.800 Y0.096
G1 X-0.800 Y0.031
G1 X0.000 Y1.480
G1 X0.800 Y-0.054
G1 X0.800 Y-0.136
G1 X0.800 Y-0.191
G1 X0.800 Y-0.190
G1 X0.800 Y-0.114
G1 X0.800 Y0.040
G1 X0.800 Y0.244
G1 X0.800 Y0.445
G1 X0.800 Y0.581
G1 X0.800 Y0.615
G1 X0.800 Y0.536
G1 X0.800 Y0.367
G1 X0.800 Y0.138
G1 X0.800 Y-0.125
G1 X0.800 Y-0.399
G1 X0.800 Y-0.641
G1 X0.800 Y-0.778
G1 X0.800 Y-0.700
G1 X0.800 Y-0.329
G1 X0.800 Y0.313
G1 X0.800 Y1.033
G1 X0.800 Y1.543
G1 X0.800 Y1.633
G1 X0.800 Y1.302
G1 X0.800 Y0.749
G1 X0.800 Y0.225
G1 X0.800 Y-0.111
G1 X0.800 Y-0.229
G1 X0.800 Y-0.184
G1 X0.800 Y-0.053
G1 X0.800 Y0.087
G1 X0.800 Y0.182
G1 X0.800 Y0.194
G1 X0.800 Y0.110
G1 X0.800 Y-0.047
G1 X0.800 Y-0.230
G1 X0.800 Y-0.375
G1 X0.800 Y-0.444
G1 X0.800 Y-0.423
G1 X0.800 Y-0.325
G1 X0.800 Y-0.181
G1 X0.800 Y-0.022
G1 X0.800 Y0.128
G1 X0.800 Y0.245
G1 X0.800 Y0.315
G1 X0.800 Y0.328
G1 X0.800 Y0.288
G1 X0.800 Y0.216
G1 X0.800 Y0.131
G1 X0.800 Y0.043
G1 X0.800 Y-0.050
G1 X0.800 Y-0.178
G1 X0.800 Y-0.374
G1 X0.800 Y-0.658
G1 X0.800 Y-0.995
G1 X0.800 Y-1.277
G1 X0.800 Y-1.345
G1 X0.800 Y-1.071
G1 X0.800 Y-0.483
G1 X0.800 Y0.223
G1 X0.800 Y0.781
G1 X0.800 Y1.022
G1 X0.800 Y0.949
G1 X0.800 Y0.675
G1 X0.800 Y0.319
G1 X0.800 Y-0.061
G1 X0.800 Y-0.455
G1 X0.800 Y-0.839
G1 X0.800 Y-1.106
G1 X0.800 Y-1.047
G1 X0.800 Y-0.472
G1 X0.800 Y0.576
G1 X0.800 Y1.660
G1 X0.800 Y2.161
G1 X0.800 Y1.745
G1 X0.800 Y0.657
G1 X0.800 Y-0.491
G1 X0.800 Y-1.201
G1 X0.800 Y-1.358
G1 X0.800 Y-1.138
G1 X0.800 Y-0.784
G1 X0.800 Y-0.449
G1 X0.800 Y-0.184
G1 X0.800 Y0.027
G1 X0.800 Y0.215
G1 X0.800 Y0.400
G1 X0.800 Y0.572
G1 X0.800 Y0.712
G1 X0.800 Y0.787
G1 X0.800 Y0.785
G1 X0.800 Y0.706
G1 X0.800 Y0.575
G1 X0.800 Y0.420
G1 X0.800 Y0.265
G1 X0.800 Y0.125
G1 X0.800 Y0.006
G1 X0.800 Y-0.101
G1 X0.800 Y-0.202
G1 X0.800 Y-0.306
G1 X0.800 Y-0.422
G1 X0.800 Y-0.549
G1 X0.800 Y-0.679
G1 X0.800 Y-0.793
G1 X0.800 Y-0.867
G1 X0.800 Y-0.872
G1 X0.800 Y-0.790
G1 X0.800 Y-0.625
G1 X0.800 Y-0.404
G1 X0.800 Y-0.170
G1 X0.800 Y0.031
G1 X0.800 Y0.166
G1 X0.800 Y0.225
G1 X0.800 Y0.216
G1 X0.800 Y0.158
G1 X0.800 Y0.076
G1 X0.800 Y-0.008
G1 X0.800 Y-0.078
G1 X0.800 Y-0.123
G1 X0.800 Y-0.140
G1 X0.800 Y-0.131
G1 X0.800 Y-0.105
G1 X0.800 Y-0.070
G1 X0.800 Y-0.036
G1 X0.800 Y0.000
G1 X0.800 Y0.038
G1 X0.800 Y0.090
G1 X0.800 Y0.157
G1 X0.800 Y0.244
G1 X0.800 Y0.338
G1 X0.800 Y0.426
G1 X0.800 Y0.487
G1 X0.800 Y0.508
G1 X0.800 Y0.482
G1 X0.800 Y0.416
G1 X0.800 Y0.319
G1 X0.800 Y0.205
G1 X0.800 Y0.082
G1 X0.800 Y-0.040
G1 X0.800 Y-0.159
G1 X0.800 Y-0.270
G1 X0.800 Y-0.364
G1 X0.800 Y-0.435
G1 X0.800 Y-0.473
G1 X0.800 Y-0.475
G1 X0.800 Y-0.440
G1 X0.800 Y-0.380
G1 X0.800 Y-0.303
G1 X0.800 Y-0.224
G1 X0.800 Y-0.153
G1 X0.800 Y-0.097
G1 X0.800 Y-0.057
G1 X0.800 Y-0.029
G1 X0.800 Y-0.011
G1 X0.800 Y0.000
G1 X0.800 Y0.010
G1 X0.800 Y0.017
G1 X0.800 Y0.021
G1 X0.800 Y0.019
G1 X0.800 Y0.011
G1 X0.800 Y-0.003
G1 X0.800 Y-0.021
G1 X0.800 Y-0.037
G1 X0.800 Y-0.045
G1 X0.800 Y-0.036
G1 X0.800 Y-0.004
G1 X0.800 Y0.060
G1 X0.800 Y0.154
G1 X0.800 Y0.277
G1 X0.800 Y0.416
G1 X0.800 Y0.554
G1 X0.800 Y0.676
G1 X0.800 Y0.759
G1 X0.800 Y0.792
G1 X0.800 Y0.773
G1 X0.800 Y0.700
G1 X0.800 Y0.588
G1 X0.800 Y0.453
G1 X0.800 Y0.312
G1 X0.800 Y0.184
G1 X0.800 Y0.082
G1 X0.000 Y1.140
G1 X-0.800 Y-0.160
G1 X-0.800 Y-0.278
G1 X-0.800 Y-0.403
G1 X-0.800 Y-0.518
G1 X-0.800 Y-0.612
G1 X-0.800 Y-0.673
G1 X-0.800 Y-0.698
G1 X-0.800 Y-0.689
G1 X-0.800 Y-0.647
G1 X-0.800 Y-0.578
G1 X-0.800 Y-0.489
G1 X-0.800 Y-0.388
G1 X-0.800 Y-0.283
G1 X-0.800 Y-0.183
G1 X-0.800 Y-0.097
G1 X-0.800 Y-0.028
G1 X-0.800 Y0.018
G1 X-0.800 Y0.044
G1 X-0.800 Y0.048
G1 X-0.800 Y0.039
G1 X-0.800 Y0.022
G1 X-0.800 Y0.001
G1 X-0.800 Y-0.018
G1 X-0.800 Y-0.029
G1 X-0.800 Y-0.034
G1 X-0.800 Y-0.031
G1 X-0.800 Y-0.024
G1 X-0.800 Y-0.015
G1 X-0.800 Y-0.007
G1 X-0.800 Y-0.002
G1 X-0.800 Y0.005
G1 X-0.800 Y0.018
G1 X-0.800 Y0.041
G1 X-0.800 Y0.083
G1 X-0.800 Y0.146
G1 X-0.800 Y0.232
G1 X-0.800 Y0.330
G1 X-0.800 Y0.429
G1 X-0.800 Y0.510
G1 X-0.800 Y0.556
G1 X-0.800 Y0.558
G1 X-0.800 Y0.517
G1 X-0.800 Y0.438
G1 X-0.800 Y0.335
G1 X-0.800 Y0.219
G1 X-0.800 Y0.100
G1 X-0.800 Y-0.018
G1 X-0.800 Y-0.135
G1 X-0.800 Y-0.247
G1 X-0.800 Y-0.346
G1 X-0.800 Y-0.428
G1 X-0.800 Y-0.482
G1 X-0.800 Y-0.501
G1 X-0.800 Y-0.484
G1 X-0.800 Y-0.438
G1 X-0.800 Y-0.373
G1 X-0.800 Y-0.299
G1 X-0.800 Y-0.230
G1 X-0.800 Y-0.169
G1 X-0.800 Y-0.121
G1 X-0.800 Y-0.086
G1 X-0.800 Y-0.062
G1 X-0.800 Y-0.045
G1 X-0.800 Y-0.032
G1 X-0.800 Y-0.022
G1 X-0.800 Y-0.011
G1 X-0.800 Y0.006
G1 X-0.800 Y0.028
G1 X-0.800 Y0.057
G1 X-0.800 Y0.094
G1 X-0.800 Y0.138
G1 X-0.800 Y0.185
G1 X-0.800 Y0.233
G1 X-0.800 Y0.279
G1 X-0.800 Y0.323
G1 X-0.800 Y0.363
G1 X-0.800 Y0.404
G1 X-0.800 Y0.446
G1 X-0.800 Y0.493
G1 X-0.800 Y0.546
G1 X-0.800 Y0.598
G1 X-0.800 Y0.641
G1 X-0.800 Y0.655
G1 X-0.800 Y0.610
G1 X-0.800 Y0.474
G1 X-0.800 Y0.223
G1 X-0.800 Y-0.145
G1 X-0.800 Y-0.580
G1 X-0.800 Y-0.992
G1 X-0.800 Y-1.262
G1 X-0.800 Y-1.306
G1 X-0.800 Y-1.121
G1 X-0.800 Y-0.785
G1 X-0.800 Y-0.427
G1 X-0.800 Y-0.157
G1 X-0.800 Y-0.020
G1 X-0.800 Y0.005
G1 X-0.800 Y-0.006
G1 X-0.800 Y0.054
G1 X-0.800 Y0.305
G1 X-0.800 Y0.813
G1 X-0.800 Y1.481
G1 X-0.800 Y1.943
G1 X-0.800 Y1.687
G1 X-0.800 Y0.481
G1 X-0.800 Y-1.196
G1 X-0.800 Y-2.327
G1 X-0.800 Y-2.193
G1 X-0.800 Y-1.017
G1 X-0.800 Y0.336
G1 X-0.800 Y1.153
G1 X-0.800 Y1.289
G1 X-0.800 Y0.999
G1 X-0.800 Y0.573
G1 X-0.800 Y0.157
G1 X-0.800 Y-0.230
G1 X-0.800 Y-0.605
G1 X-0.800 Y-0.939
G1 X-0.800 Y-1.125
G1 X-0.800 Y-1.022
G1 X-0.800 Y-0.573
G1 X-0.800 Y0.111
G1 X-0.800 Y0.778
G1 X-0.800 Y1.196
G1 X-0.800 Y1.274
G1 X-0.800 Y1.090
G1 X-0.800 Y0.791
G1 X-0.800 Y0.499
G1 X-0.800 Y0.272
G1 X-0.800 Y0.111
G1 X-0.800 Y-0.004
G1 X-0.800 Y-0.094
G1 X-0.800 Y-0.167
G1 X-0.800 Y-0.216
G1 X-0.800 Y-0.230
G1 X-0.800 Y-0.198
G1 X-0.800 Y-0.120
G1 X-0.800 Y-0.005
G1 X-0.800 Y0.128
G1 X-0.800 Y0.258
G1 X-0.800 Y0.353
G1 X-0.800 Y0.384
G1 X-0.800 Y0.329
G1 X-0.800 Y0.191
G1 X-0.800 Y0.001
G1 X-0.800 Y-0.181
G1 X-0.800 Y-0.300
G1 X-0.800 Y-0.318
G1 X-0.800 Y-0.235
G1 X-0.800 Y-0.075
G1 X-0.800 Y0.120
G1 X-0.800 Y0.297
G1 X-0.800 Y0.384
G1 X-0.800 Y0.293
G1 X-0.800 Y-0.038
G1 X-0.800 Y-0.590
G1 X-0.800 Y-1.201
G1 X-0.800 Y-1.614
G1 X-0.800 Y-1.612
G1 X-0.800 Y-1.177
G1 X-0.800 Y-0.507
G1 X-0.800 Y0.119
G1 X-0.800 Y0.506
G1 X-0.800 Y0.616
G1 X-0.800 Y0.514
G1 X-0.800 Y0.299
G1 X-0.800 Y0.044
G1 X-0.800 Y-0.197
G1 X-0.800 Y-0.389
G1 X-0.800 Y-0.499
G1 X-0.800 Y-0.494
G1 X-0.800 Y-0.373
G1 X-0.800 Y-0.164
G1 X-0.800 Y0.071
G1 X-0.800 Y0.265
G1 X-0.800 Y0.375
G1 X-0.800 Y0.391
G1 X-0.800 Y0.330
G1 X-0.800 Y0.222
G1 X-0.800 Y0.098
G1 X0.000 Y3.097
G1 X0.800 Y-0.123
G1 X0.800 Y-0.276
G1 X0.800 Y-0.434
G1 X0.800 Y-0.573
G1 X0.800 Y-0.659
G1 X0.800 Y-0.655
G1 X0.800 Y-0.537
G1 X0.800 Y-0.323
G1 X0.800 Y-0.065
G1 X0.800 Y0.162
G1 X0.800 Y0.296
G1 X0.800 Y0.308
G1 X0.800 Y0.211
G1 X0.800 Y0.039
G1 X0.800 Y-0.155
G1 X0.800 Y-0.312
G1 X0.800 Y-0.354
G1 X0.800 Y-0.201
G1 X0.800 Y0.193
G1 X0.800 Y0.763
G1 X0.800 Y1.323
G1 X0.800 Y1.622
G1 X0.800 Y1.502
G1 X0.800 Y1.012
G1 X0.800 Y0.377
G1 X0.800 Y-0.156
G1 X0.800 Y-0.448
G1 X0.800 Y-0.492
G1 X0.800 Y-0.364
G1 X0.800 Y-0.150
G1 X0.800 Y0.082
G1 X0.800 Y0.281
G1 X0.800 Y0.404
G1 X0.800 Y0.420
G1 X0.800 Y0.315
G1 X0.800 Y0.114
G1 X0.800 Y-0.126
G1 X0.800 Y-0.331
G1 X0.800 Y-0.453
G1 X0.800 Y-0.473
G1 X0.800 Y-0.408
G1 X0.800 Y-0.291
G1 X0.800 Y-0.154
G1 X0.800 Y-0.024
G1 X0.800 Y0.079
G1 X0.800 Y0.143
G1 X0.800 Y0.162
G1 X0.800 Y0.136
G1 X0.800 Y0.066
G1 X0.800 Y-0.040
G1 X0.800 Y-0.187
G1 X0.800 Y-0.375
G1 X0.800 Y-0.600
G1 X0.800 Y-0.834
G1 X0.800 Y-1.007
G1 X0.800 Y-1.016
G1 X0.800 Y-0.777
G1 X0.800 Y-0.290
G1 X0.800 Y0.315
G1 X0.800 Y0.828
G1 X0.800 Y1.082
G1 X0.800 Y1.040
G1 X0.800 Y0.786
G1 X0.800 Y0.441
G1 X0.800 Y0.071
G1 X0.800 Y-0.324
G1 X0.800 Y-0.762
G1 X0.800 Y-1.177
G1 X0.800 Y-1.341
G1 X0.800 Y-0.897
G1 X0.800 Y0.320
G1 X0.800 Y1.845
G1 X0.800 Y2.602
G1 X0.800 Y1.786
G1 X0.800 Y-0.181
G1 X0.800 Y-1.910
G1 X0.800 Y-2.354
G1 X0.800 Y-1.625
G1 X0.800 Y-0.541
G1 X0.800 Y0.219
G1 X0.800 Y0.473
G1 X0.800 Y0.360
G1 X0.800 Y0.076
G1 X0.800 Y-0.226
G1 X0.800 Y-0.421
G1 X0.800 Y-0.392
G1 X0.800 Y-0.052
G1 X0.800 Y0.575
G1 X0.800 Y1.280
G1 X0.800 Y1.740
G1 X0.800 Y1.696
G1 X0.800 Y1.142
G1 X0.800 Y0.320
G1 X0.800 Y-0.445
G1 X0.800 Y-0.934
G1 X0.800 Y-1.101
G1 X0.800 Y-1.026
G1 X0.800 Y-0.829
G1 X0.800 Y-0.608
G1 X0.800 Y-0.410
G1 X0.800 Y-0.257
G1 X0.800 Y-0.144
G1 X0.800 Y-0.065
G1 X0.800 Y-0.008
G1 X0.800 Y0.027
G1 X0.800 Y0.047
G1 X0.800 Y0.051
G1 X0.800 Y0.041
G1 X0.800 Y0.019
G1 X0.800 Y-0.015
G1 X0.800 Y-0.055
G1 X0.800 Y-0.099
G1 X0.800 Y-0.140
G1 X0.800 Y-0.175
G1 X0.800 Y-0.194
G1 X0.800 Y-0.193
G1 X0.800 Y-0.164
G1 X0.800 Y-0.101
G1 X0.800 Y-0.003
G1 X0.800 Y0.126
G1 X0.800 Y0.274
G1 X0.800 Y0.425
G1 X0.800 Y0.556
G1 X0.800 Y0.646
G1 X0.800 Y0.680
G1 X0.800 Y0.656
G1 X0.800 Y0.582
G1 X0.800 Y0.471
G1 X0.800 Y0.343
G1 X0.800 Y0.210
G1 X0.800 Y0.077
G1 X0.800 Y-0.055
G1 X0.800 Y-0.191
G1 X0.800 Y-0.329
G1 X0.800 Y-0.466
G1 X0.800 Y-0.586
G1 X0.800 Y-0.669
G1 X0.800 Y-0.694
G1 X0.800 Y-0.653
G1 X0.800 Y-0.552
G1 X0.800 Y-0.414
G1 X0.800 Y-0.266
G1 X0.800 Y-0.138
G1 X0.800 Y-0.045
G1 X0.800 Y0.008
G1 X0.800 Y0.025
G1 X0.800 Y0.019
G1 X0.800 Y0.002
G1 X0.800 Y-0.014
G1 X0.800 Y-0.021
G1 X0.800 Y-0.016
G1 X0.800 Y-0.003
G1 X0.800 Y0.016
G1 X0.800 Y0.032
G1 X0.800 Y0.042
G1 X0.800 Y0.040
G1 X0.800 Y0.028
G1 X0.800 Y0.008
G1 X0.800 Y-0.015
G1 X0.800 Y-0.035
G1 X0.800 Y-0.046
G1 X0.800 Y-0.043
G1 X0.800 Y-0.026
G1 X0.800 Y0.008
G1 X0.800 Y0.057
G1 X0.800 Y0.117
G1 X0.800 Y0.185
G1 X0.800 Y0.258
G1 X0.800 Y0.333
G1 X0.800 Y0.409
G1 X0.800 Y0.483
G1 X0.800 Y0.552
G1 X0.800 Y0.612
G1 X0.800 Y0.657
G1 X0.800 Y0.673
G1 X0.800 Y0.656
G1 X0.800 Y0.595
G1 X0.800 Y0.494
G1 X0.800 Y0.363
G1 X0.800 Y0.225
G1 X0.000 Y1.205
G1 X-0.800 Y-0.257
G1 X-0.800 Y-0.428
G1 X-0.800 Y-0.580
G1 X-0.800 Y-0.681
G1 X-0.800 Y-0.722
G1 X-0.800 Y-0.707
G1 X-0.800 Y-0.650
G1 X-0.800 Y-0.572
G1 X-0.800 Y-0.486
G1 X-0.800 Y-0.405
G1 X-0.800 Y-0.332
G1 X-0.800 Y-0.269
G1 X-0.800 Y-0.213
G1 X-0.800 Y-0.162
G1 X-0.800 Y-0.116
G1 X-0.800 Y-0.071
G1 X-0.800 Y-0.031
G1 X-0.800 Y0.003
G1 X-0.800 Y0.027
G1 X-0.800 Y0.039
G1 X-0.800 Y0.038
G1 X-0.800 Y0.024
G1 X-0.800 Y0.003
G1 X-0.800 Y-0.019
G1 X-0.800 Y-0.037
G1 X-0.800 Y-0.042
G1 X-0.800 Y-0.031
G1 X-0.800 Y-0.004
G1 X-0.800 Y0.034
G1 X-0.800 Y0.076
G1 X-0.800 Y0.107
G1 X-0.800 Y0.118
G1 X-0.800 Y0.103
G1 X-0.800 Y0.061
G1 X-0.800 Y-0.001
G1 X-0.800 Y-0.069
G1 X-0.800 Y-0.127
G1 X-0.800 Y-0.150
G1 X-0.800 Y-0.122
G1 X-0.800 Y-0.027
G1 X-0.800 Y0.134
G1 X-0.800 Y0.337
G1 X-0.800 Y0.542
G1 X-0.800 Y0.702
G1 X-0.800 Y0.780
G1 X-0.800 Y0.763
G1 X-0.800 Y0.667
G1 X-0.800 Y0.519
G1 X-0.800 Y0.352
G1 X-0.800 Y0.183
G1 X-0.800 Y0.017
G1 X-0.800 Y-0.149
G1 X-0.800 Y-0.322
G1 X-0.800 Y-0.498
G1 X-0.800 Y-0.664
G1 X-0.800 Y-0.786
G1 X-0.800 Y-0.831
G1 X-0.800 Y-0.767
G1 X-0.800 Y-0.592
G1 X-0.800 Y-0.333
G1 X-0.800 Y-0.042
G1 X-0.800 Y0.220
G1 X-0.800 Y0.408
G1 X-0.800 Y0.502
G1 X-0.800 Y0.502
G1 X-0.800 Y0.431
G1 X-0.800 Y0.315
G1 X-0.800 Y0.176
G1 X-0.800 Y0.031
G1 X-0.800 Y-0.107
G1 X-0.800 Y-0.228
G1 X-0.800 Y-0.320
G1 X-0.800 Y-0.373
G1 X-0.800 Y-0.381
G1 X-0.800 Y-0.346
G1 X-0.800 Y-0.279
G1 X-0.800 Y-0.195
G1 X-0.800 Y-0.114
G1 X-0.800 Y-0.042
G1 X-0.800 Y0.028
G1 X-0.800 Y0.127
G1 X-0.800 Y0.295
G1 X-0.800 Y0.570
G1 X-0.800 Y0.952
G1 X-0.800 Y1.349
G1 X-0.800 Y1.550
G1 X-0.800 Y1.283
G1 X-0.800 Y0.415
G1 X-0.800 Y-0.830
G1 X-0.800 Y-1.872
G1 X-0.800 Y-2.134
G1 X-0.800 Y-1.511
G1 X-0.800 Y-0.435
G1 X-0.800 Y0.488
G1 X-0.800 Y0.915
G1 X-0.800 Y0.865
G1 X-0.800 Y0.531
G1 X-0.800 Y0.084
G1 X-0.800 Y-0.389
G1 X-0.800 Y-0.810
G1 X-0.800 Y-1.000
G1 X-0.800 Y-0.662
G1 X-0.800 Y0.398
G1 X-0.800 Y1.826
G1 X-0.800 Y2.604
G1 X-0.800 Y1.791
G1 X-0.800 Y-0.323
G1 X-0.800 Y-2.207
G1 X-0.800 Y-2.544
G1 X-0.800 Y-1.430
G1 X-0.800 Y0.047
G1 X-0.800 Y0.981
G1 X-0.800 Y1.190
G1 X-0.800 Y0.942
G1 X-0.800 Y0.538
G1 X-0.800 Y0.134
G1 X-0.800 Y-0.233
G1 X-0.800 Y-0.559
G1 X-0.800 Y-0.810
G1 X-0.800 Y-0.915
G1 X-0.800 Y-0.818
G1 X-0.800 Y-0.518
G1 X-0.800 Y-0.108
G1 X-0.800 Y0.281
G1 X-0.800 Y0.542
G1 X-0.800 Y0.638
G1 X-0.800 Y0.594
G1 X-0.800 Y0.467
G1 X-0.800 Y0.307
G1 X-0.800 Y0.153
G1 X-0.800 Y0.027
G1 X-0.800 Y-0.059
G1 X-0.800 Y-0.100
G1 X-0.800 Y-0.094
G1 X-0.800 Y-0.041
G1 X-0.800 Y0.052
G1 X-0.800 Y0.178
G1 X-0.800 Y0.332
G1 X-0.800 Y0.495
G1 X-0.800 Y0.642
G1 X-0.800 Y0.731
G1 X-0.800 Y0.716
G1 X-0.800 Y0.571
G1 X-0.800 Y0.314
G1 X-0.800 Y0.007
G1 X-0.800 Y-0.259
G1 X-0.800 Y-0.410
G1 X-0.800 Y-0.421
G1 X-0.800 Y-0.307
G1 X-0.800 Y-0.108
G1 X-0.800 Y0.124
G1 X-0.800 Y0.341
G1 X-0.800 Y0.471
G1 X-0.800 Y0.435
G1 X-0.800 Y0.165
G1 X-0.800 Y-0.331
G1 X-0.800 Y-0.924
G1 X-0.800 Y-1.392
G1 X-0.800 Y-1.538
G1 X-0.800 Y-1.319
G1 X-0.800 Y-0.864
G1 X-0.800 Y-0.380
G1 X-0.800 Y-0.032
G1 X-0.800 Y0.128
G1 X-0.800 Y0.127
G1 X-0.800 Y0.034
G1 X-0.800 Y-0.073
G1 X-0.800 Y-0.132
G1 X-0.800 Y-0.096
G1 X-0.800 Y0.055
G1 X-0.800 Y0.300
G1 X-0.800 Y0.571
G1 X-0.800 Y0.790
G1 X-0.800 Y0.895
G1 X-0.800 Y0.870
G1 X-0.800 Y0.744
G1 X-0.800 Y0.569
G1 X-0.800 Y0.389
G1 X-0.800 Y0.229
G1 X-0.800 Y0.096
G1 X0.000 Y2.162
G1 X0.800 Y-0.047
G1 X0.800 Y-0.129
G1 X0.800 Y-0.251
G1 X0.800 Y-0.420
G1 X0.800 Y-0.631
G1 X0.800 Y-0.843
G1 X0.800 Y-0.999
G1 X0.800 Y-1.033
G1 X0.800 Y-0.916
G1 X0.800 Y-0.675
G1 X0.800 Y-0.387
G1 X0.800 Y-0.137
G1 X0.800 Y0.013
G1 X0.800 Y0.053
G1 X0.800 Y0.018
G1 X0.800 Y-0.041
G1 X0.800 Y-0.048
G1 X0.800 Y0.059
G1 X0.800 Y0.323
G1 X0.800 Y0.718
G1 X0.800 Y1.132
G1 X0.800 Y1.398
G1 X0.800 Y1.379
G1 X0.800 Y1.067
G1 X0.800 Y0.588
G1 X0.800 Y0.129
G1 X0.800 Y-0.173
G1 X0.800 Y-0.276
G1 X0.800 Y-0.216
G1 X0.800 Y-0.064
G1 X0.800 Y0.108
G1 X0.800 Y0.235
G1 X0.800 Y0.256
G1 X0.800 Y0.134
G1 X0.800 Y-0.131
G1 X0.800 Y-0.480
G1 X0.800 Y-0.808
G1 X0.800 Y-1.014
G1 X0.800 Y-1.048
G1 X0.800 Y-0.932
G1 X0.800 Y-0.729
G1 X0.800 Y-0.509
G1 X0.800 Y-0.320
G1 X0.800 Y-0.176
G1 X0.800 Y-0.075
G1 X0.800 Y-0.003
G1 X0.800 Y0.048
G1 X0.800 Y0.077
G1 X0.800 Y0.081
G1 X0.800 Y0.056
G1 X0.800 Y0.002
G1 X0.800 Y-0.075
G1 X0.800 Y-0.155
G1 X0.800 Y-0.213
G1 X0.800 Y-0.221
G1 X0.800 Y-0.151
G1 X0.800 Y0.001
G1 X0.800 Y0.211
G1 X0.800 Y0.422
G1 X0.800 Y0.565
G1 X0.800 Y0.594
G1 X0.800 Y0.492
G1 X0.800 Y0.284
G1 X0.800 Y0.001
G1 X0.800 Y-0.326
G1 X0.800 Y-0.641
G1 X0.800 Y-0.829
G1 X0.800 Y-0.681
G1 X0.800 Y0.018
G1 X0.800 Y1.213
G1 X0.800 Y2.299
G1 X0.800 Y2.315
G1 X0.800 Y0.822
G1 X0.800 Y-1.341
G1 X0.800 Y-2.602
G1 X0.800 Y-2.166
G1 X0.800 Y-0.669
G1 X0.800 Y0.692
G1 X0.800 Y1.268
G1 X0.800 Y1.149
G1 X0.800 Y0.709
G1 X0.800 Y0.203
G1 X0.800 Y-0.294
G1 X0.800 Y-0.780
G1 X0.800 Y-1.164
G1 X0.800 Y-1.195
G1 X0.800 Y-0.592
G1 X0.800 Y0.637
G1 X0.800 Y1.919
G1 X0.800 Y2.387
G1 X0.800 Y1.616
G1 X0.800 Y0.069
G1 X0.800 Y-1.306
G1 X0.800 Y-1.873
G1 X0.800 Y-1.659
G1 X0.800 Y-1.077
G1 X0.800 Y-0.521
G1 X0.800 Y-0.170
G1 X0.800 Y-0.023
G1 X0.800 Y0.004
G1 X0.800 Y-0.004
G1 X0.800 Y0.019
G1 X0.800 Y0.105
G1 X0.800 Y0.253
G1 X0.800 Y0.426
G1 X0.800 Y0.573
G1 X0.800 Y0.652
G1 X0.800 Y0.639
G1 X0.800 Y0.545
G1 X0.800 Y0.393
G1 X0.800 Y0.208
G1 X0.800 Y0.010
G1 X0.800 Y-0.196
G1 X0.800 Y-0.401
G1 X0.800 Y-0.588
G1 X0.800 Y-0.722
G1 X0.800 Y-0.759
G1 X0.800 Y-0.659
G1 X0.800 Y-0.414
G1 X0.800 Y-0.062
G1 X0.800 Y0.311
G1 X0.800 Y0.617
G1 X0.800 Y0.788
G1 X0.800 Y0.809
G1 X0.800 Y0.708
G1 X0.800 Y0.533
G1 X0.800 Y0.329
G1 X0.800 Y0.118
G1 X0.800 Y-0.090
G1 X0.800 Y-0.294
G1 X0.800 Y-0.489
G1 X0.800 Y-0.653
G1 X0.800 Y-0.752
G1 X0.800 Y-0.752
G1 X0.800 Y-0.634
G1 X0.800 Y-0.419
G1 X0.800 Y-0.151
G1 X0.800 Y0.099
G1 X0.800 Y0.279
G1 X0.800 Y0.365
G1 X0.800 Y0.356
G1 X0.800 Y0.278
G1 X0.800 Y0.159
G1 X0.800 Y0.026
G1 X0.800 Y-0.101
G1 X0.800 Y-0.204
G1 X0.800 Y-0.269
G1 X0.800 Y-0.290
G1 X0.800 Y-0.269
G1 X0.800 Y-0.213
G1 X0.800 Y-0.140
G1 X0.800 Y-0.066
G1 X0.800 Y-0.009
G1 X0.800 Y0.025
G1 X0.800 Y0.036
G1 X0.800 Y0.026
G1 X0.800 Y0.009
G1 X0.800 Y-0.012
G1 X0.800 Y-0.026
G1 X0.800 Y-0.029
G1 X0.800 Y-0.024
G1 X0.800 Y-0.007
G1 X0.800 Y0.015
G1 X0.800 Y0.041
G1 X0.800 Y0.068
G1 X0.800 Y0.096
G1 X0.800 Y0.126
G1 X0.800 Y0.163
G1 X0.800 Y0.211
G1 X0.800 Y0.273
G1 X0.800 Y0.355
G1 X0.800 Y0.455
G1 X0.800 Y0.570
G1 X0.800 Y0.683
G1 X0.800 Y0.773
G1 X0.800 Y0.808
G1 X0.800 Y0.766
G1 X0.800 Y0.640
G1 X0.800 Y0.450
G1 X0.800 Y0.241
G1 X0.000 Y1.254
G1 X-0.800 Y-0.165
G1 X-0.800 Y-0.407
G1 X-0.800 Y-0.650
G1 X-0.800 Y-0.828
G1 X-0.800 Y-0.900
G1 X-0.800 Y-0.865
G1 X-0.800 Y-0.756
G1 X-0.800 Y-0.609
G1 X-0.800 Y-0.463
G1 X-0.800 Y-0.337
G1 X-0.800 Y-0.240
G1 X-0.800 Y-0.170
G1 X-0.800 Y-0.121
G1 X-0.800 Y-0.090
G1 X-0.800 Y-0.069
G1 X-0.800 Y-0.052
G1 X-0.800 Y-0.037
G1 X-0.800 Y-0.022
G1 X-0.800 Y-0.007
G1 X-0.800 Y0.007
G1 X-0.800 Y0.017
G1 X-0.800 Y0.019
G1 X-0.800 Y0.014
G1 X-0.800 Y0.000
G1 X-0.800 Y-0.015
G1 X-0.800 Y-0.024
G1 X-0.800 Y-0.018
G1 X-0.800 Y0.017
G1 X-0.800 Y0.083
G1 X-0.800 Y0.180
G1 X-0.800 Y0.294
G1 X-0.800 Y0.401
G1 X-0.800 Y0.479
G1 X-0.800 Y0.505
G1 X-0.800 Y0.471
G1 X-0.800 Y0.383
G1 X-0.800 Y0.251
G1 X-0.800 Y0.090
G1 X-0.800 Y-0.088
G1 X-0.800 Y-0.270
G1 X-0.800 Y-0.440
G1 X-0.800 Y-0.574
G1 X-0.800 Y-0.633
G1 X-0.800 Y-0.584
G1 X-0.800 Y-0.415
G1 X-0.800 Y-0.150
G1 X-0.800 Y0.152
G1 X-0.800 Y0.412
G1 X-0.800 Y0.570
G1 X-0.800 Y0.602
G1 X-0.800 Y0.523
G1 X-0.800 Y0.363
G1 X-0.800 Y0.162
G1 X-0.800 Y-0.059
G1 X-0.800 Y-0.276
G1 X-0.800 Y-0.466
G1 X-0.800 Y-0.597
G1 X-0.800 Y-0.622
G1 X-0.800 Y-0.506
G1 X-0.800 Y-0.249
G1 X-0.800 Y0.103
G1 X-0.800 Y0.458
G1 X-0.800 Y0.723
G1 X-0.800 Y0.839
G1 X-0.800 Y0.803
G1 X-0.800 Y0.656
G1 X-0.800 Y0.451
G1 X-0.800 Y0.226
G1 X-0.800 Y0.002
G1 X-0.800 Y-0.220
G1 X-0.800 Y-0.436
G1 X-0.800 Y-0.626
G1 X-0.800 Y-0.757
G1 X-0.800 Y-0.784
G1 X-0.800 Y-0.685
G1 X-0.800 Y-0.484
G1 X-0.800 Y-0.239
G1 X-0.800 Y-0.032
G1 X-0.800 Y0.080
G1 X-0.800 Y0.082
G1 X-0.800 Y0.004
G1 X-0.800 Y-0.085
G1 X-0.800 Y-0.086
G1 X-0.800 Y0.122
G1 X-0.800 Y0.628
G1 X-0.800 Y1.365
G1 X-0.800 Y1.978
G1 X-0.800 Y1.906
G1 X-0.800 Y0.798
G1 X-0.800 Y-0.950
G1 X-0.800 Y-2.281
G1 X-0.800 Y-2.320
G1 X-0.800 Y-1.183
G1 X-0.800 Y0.234
G1 X-0.800 Y1.118
G1 X-0.800 Y1.272
G1 X-0.800 Y0.955
G1 X-0.800 Y0.480
G1 X-0.800 Y-0.012
G1 X-0.800 Y-0.505
G1 X-0.800 Y-0.982
G1 X-0.800 Y-1.286
G1 X-0.800 Y-1.092
G1 X-0.800 Y-0.143
G1 X-0.800 Y1.322
G1 X-0.800 Y2.418
G1 X-0.800 Y2.224
G1 X-0.800 Y0.716
G1 X-0.800 Y-1.102
G1 X-0.800 Y-2.112
G1 X-0.800 Y-1.992
G1 X-0.800 Y-1.202
G1 X-0.800 Y-0.374
G1 X-0.800 Y0.149
G1 X-0.800 Y0.328
G1 X-0.800 Y0.278
G1 X-0.800 Y0.129
G1 X-0.800 Y-0.034
G1 X-0.800 Y-0.158
G1 X-0.800 Y-0.217
G1 X-0.800 Y-0.212
G1 X-0.800 Y-0.158
G1 X-0.800 Y-0.086
G1 X-0.800 Y-0.021
G1 X-0.800 Y0.015
G1 X-0.800 Y0.022
G1 X-0.800 Y0.009
G1 X-0.800 Y-0.011
G1 X-0.800 Y-0.021
G1 X-0.800 Y-0.014
G1 X-0.800 Y0.009
G1 X-0.800 Y0.033
G1 X-0.800 Y0.049
G1 X-0.800 Y0.040
G1 X-0.800 Y0.010
G1 X-0.800 Y-0.034
G1 X-0.800 Y-0.063
G1 X-0.800 Y-0.044
G1 X-0.800 Y0.063
G1 X-0.800 Y0.277
G1 X-0.800 Y0.582
G1 X-0.800 Y0.908
G1 X-0.800 Y1.151
G1 X-0.800 Y1.219
G1 X-0.800 Y1.079
G1 X-0.800 Y0.793
G1 X-0.800 Y0.468
G1 X-0.800 Y0.205
G1 X-0.800 Y0.053
G1 X-0.800 Y0.001
G1 X-0.800 Y0.001
G1 X-0.800 Y-0.017
G1 X-0.800 Y-0.119
G1 X-0.800 Y-0.342
G1 X-0.800 Y-0.673
G1 X-0.800 Y-1.025
G1 X-0.800 Y-1.263
G1 X-0.800 Y-1.279
G1 X-0.800 Y-1.055
G1 X-0.800 Y-0.682
G1 X-0.800 Y-0.303
G1 X-0.800 Y-0.032
G1 X-0.800 Y0.088
G1 X-0.800 Y0.081
G1 X-0.800 Y0.004
G1 X-0.800 Y-0.075
G1 X-0.800 Y-0.090
G1 X-0.800 Y0.004
G1 X-0.800 Y0.225
G1 X-0.800 Y0.535
G1 X-0.800 Y0.850
G1 X-0.800 Y1.066
G1 X-0.800 Y1.117
G1 X-0.800 Y1.001
G1 X-0.800 Y0.779
G1 X-0.800 Y0.530
G1 X-0.800 Y0.316
G1 X-0.800 Y0.166
G1 X-0.800 Y0.073
G1 X-0.800 Y0.021
G1 X0.000 Y1.071
G1 X0.800 Y-0.022
G1 X0.800 Y-0.093
G1 X0.800 Y-0.200
G1 X0.800 Y-0.366
G1 X0.800 Y-0.591
G1 X0.800 Y-0.847
G1 X0.800 Y-1.062
G1 X0.800 Y-1.153
G1 X0.800 Y-1.054
G1 X0.800 Y-0.766
G1 X0.800 Y-0.376
G1 X0.800 Y-0.002
G1 X0.800 Y0.249
G1 X0.800 Y0.338
G1 X0.800 Y0.280
G1 X0.800 Y0.127
G1 X0.800 Y-0.064
G1 X0.800 Y-0.238
G1 X0.800 Y-0.333
G1 X0.800 Y-0.297
G1 X0.800 Y-0.098
G1 X0.800 Y0.237
G1 X0.800 Y0.621
G1 X0.800 Y0.925
G1 X0.800 Y1.056
G1 X0.800 Y0.993
G1 X0.800 Y0.793
G1 X0.800 Y0.537
G1 X0.800 Y0.287
G1 X0.800 Y0.059
G1 X0.800 Y-0.160
G1 X0.800 Y-0.398
G1 X0.800 Y-0.658
G1 X0.800 Y-0.901
G1 X0.800 Y-1.052
G1 X0.800 Y-1.033
G1 X0.800 Y-0.811
G1 X0.800 Y-0.437
G1 X0.800 Y-0.026
G1 X0.800 Y0.300
G1 X0.800 Y0.472
G1 X0.800 Y0.488
G1 X0.800 Y0.386
G1 X0.800 Y0.220
G1 X0.800 Y0.035
G1 X0.800 Y-0.139
G1 X0.800 Y-0.275
G1 X0.800 Y-0.357
G1 X0.800 Y-0.375
G1 X0.800 Y-0.331
G1 X0.800 Y-0.246
G1 X0.800 Y-0.146
G1 X0.800 Y-0.061
G1 X0.800 Y-0.004
G1 X0.800 Y0.017
G1 X0.800 Y0.016
G1 X0.800 Y0.002
G1 X0.800 Y-0.009
G1 X0.800 Y-0.014
G1 X0.800 Y-0.010
G1 X0.800 Y-0.004
G1 X0.800 Y0.000
G1 X0.800 Y0.006
G1 X0.800 Y0.033
G1 X0.800 Y0.125
G1 X0.800 Y0.331
G1 X0.800 Y0.692
G1 X0.800 Y1.170
G1 X0.800 Y1.600
G1 X0.800 Y1.665
G1 X0.800 Y1.070
G1 X0.800 Y-0.160
G1 X0.800 Y-1.512
G1 X0.800 Y-2.229
G1 X0.800 Y-1.915
G1 X0.800 Y-0.851
G1 X0.800 Y0.271
G1 X0.800 Y0.929
G1 X0.800 Y1.025
G1 X0.800 Y0.752
G1 X0.800 Y0.328
G1 X0.800 Y-0.135
G1 X0.800 Y-0.592
G1 X0.800 Y-0.961
G1 X0.800 Y-1.048
G1 X0.800 Y-0.587
G1 X0.800 Y0.494
G1 X0.800 Y1.772
G1 X0.800 Y2.406
G1 X0.800 Y1.788
G1 X0.800 Y0.196
G1 X0.800 Y-1.372
G1 X0.800 Y-2.068
G1 X0.800 Y-1.802
G1 X0.800 Y-1.056
G1 X0.800 Y-0.354
G1 X0.800 Y0.052
G1 X0.800 Y0.164
G1 X0.800 Y0.097
G1 X0.800 Y-0.031
G1 X0.800 Y-0.128
G1 X0.800 Y-0.132
G1 X0.800 Y-0.022
G1 X0.800 Y0.188
G1 X0.800 Y0.434
G1 X0.800 Y0.635
G1 X0.800 Y0.732
G1 X0.800 Y0.705
G1 X0.800 Y0.578
G1 X0.800 Y0.389
G1 X0.800 Y0.173
G1 X0.800 Y-0.048
G1 X0.800 Y-0.268
G1 X0.800 Y-0.475
G1 X0.800 Y-0.643
G1 X0.800 Y-0.735
G1 X0.800 Y-0.715
G1 X0.800 Y-0.569
G1 X0.800 Y-0.328
G1 X0.800 Y-0.054
G1 X0.800 Y0.179
G1 X0.800 Y0.316
G1 X0.800 Y0.340
G1 X0.800 Y0.268
G1 X0.800 Y0.129
G1 X0.800 Y-0.037
G1 X0.800 Y-0.197
G1 X0.800 Y-0.312
G1 X0.800 Y-0.347
G1 X0.800 Y-0.269
G1 X0.800 Y-0.076
G1 X0.800 Y0.203
G1 X0.800 Y0.498
G1 X0.800 Y0.733
G1 X0.800 Y0.848
G1 X0.800 Y0.832
G1 X0.800 Y0.712
G1 X0.800 Y0.534
G1 X0.800 Y0.338
G1 X0.800 Y0.148
G1 X0.800 Y-0.032
G1 X0.800 Y-0.205
G1 X0.800 Y-0.373
G1 X0.800 Y-0.525
G1 X0.800 Y-0.643
G1 X0.800 Y-0.704
G1 X0.800 Y-0.690
G1 X0.800 Y-0.605
G1 X0.800 Y-0.472
G1 X0.800 Y-0.321
G1 X0.800 Y-0.183
G1 X0.800 Y-0.081
G1 X0.800 Y-0.017
G1 X0.800 Y0.010
G1 X0.800 Y0.014
G1 X0.800 Y0.005
G1 X0.800 Y-0.004
G1 X0.800 Y-0.010
G1 X0.800 Y-0.010
G1 X0.800 Y-0.005
G1 X0.800 Y0.004
G1 X0.800 Y0.011
G1 X0.800 Y0.019
G1 X0.800 Y0.026
G1 X0.800 Y0.033
G1 X0.800 Y0.044
G1 X0.800 Y0.063
G1 X0.800 Y0.096
G1 X0.800 Y0.151
G1 X0.800 Y0.234
G1 X0.800 Y0.355
G1 X0.800 Y0.512
G1 X0.800 Y0.692
G1 X0.800 Y0.863
G1 X0.800 Y0.973
G1 X0.800 Y0.971
G1 X0.800 Y0.833
G1 X0.800 Y0.582
G1 X0.800 Y0.289
G1 X0.800 Y0.041
G1 X0.000 Y1.116
G1 X-0.800 Y0.092
G1 X-0.800 Y-0.113
G1 X-0.800 Y-0.421
G1 X-0.800 Y-0.744
G1 X-0.800 Y-0.980
G1 X-0.800 Y-1.064
G1 X-0.800 Y-0.993
G1 X-0.800 Y-0.820
G1 X-0.800 Y-0.608
G1 X-0.800 Y-0.414
G1 X-0.800 Y-0.260
G1 X-0.800 Y-0.155
G1 X-0.800 Y-0.088
G1 X-0.800 Y-0.050
G1 X-0.800 Y-0.028
G1 X-0.800 Y-0.019
G1 X-0.800 Y-0.013
G1 X-0.800 Y-0.011
G1 X-0.800 Y-0.009
G1 X-0.800 Y-0.007
G1 X-0.800 Y-0.003
G1 X-0.800 Y0.002
G1 X-0.800 Y0.004
G1 X-0.800 Y0.004
G1 X-0.800 Y0.000
G1 X-0.800 Y-0.005
G1 X-0.800 Y-0.005
G1 X-0.800 Y0.013
G1 X-0.800 Y0.062
G1 X-0.800 Y0.153
G1 X-0.800 Y0.289
G1 X-0.800 Y0.460
G1 X-0.800 Y0.638
G1 X-0.800 Y0.783
G1 X-0.800 Y0.856
G1 X-0.800 Y0.837
G1 X-0.800 Y0.733
G1 X-0.800 Y0.575
G1 X-0.800 Y0.401
G1 X-0.800 Y0.240
G1 X-0.800 Y0.101
G1 X-0.800 Y-0.022
G1 X-0.800 Y-0.155
G1 X-0.800 Y-0.314
G1 X-0.800 Y-0.509
G1 X-0.800 Y-0.718
G1 X-0.800 Y-0.899
G1 X-0.800 Y-0.991
G1 X-0.800 Y-0.952
G1 X-0.800 Y-0.779
G1 X-0.800 Y-0.520
G1 X-0.800 Y-0.246
G1 X-0.800 Y-0.026
G1 X-0.800 Y0.101
G1 X-0.800 Y0.131
G1 X-0.800 Y0.087
G1 X-0.800 Y0.008
G1 X-0.800 Y-0.072
G1 X-0.800 Y-0.120
G1 X-0.800 Y-0.110
G1 X-0.800 Y-0.032
G1 X-0.800 Y0.101
G1 X-0.800 Y0.258
G1 X-0.800 Y0.396
G1 X-0.800 Y0.474
G1 X-0.800 Y0.477
G1 X-0.800 Y0.404
G1 X-0.800 Y0.272
G1 X-0.800 Y0.106
G1 X-0.800 Y-0.074
G1 X-0.800 Y-0.249
G1 X-0.800 Y-0.393
G1 X-0.800 Y-0.483
G1 X-0.800 Y-0.495
G1 X-0.800 Y-0.419
G1 X-0.800 Y-0.273
G1 X-0.800 Y-0.103
G1 X-0.800 Y0.038
G1 X-0.800 Y0.108
G1 X-0.800 Y0.091
G1 X-0.800 Y0.011
G1 X-0.800 Y-0.089
G1 X-0.800 Y-0.127
G1 X-0.800 Y-0.009
G1 X-0.800 Y0.354
G1 X-0.800 Y0.967
G1 X-0.800 Y1.633
G1 X-0.800 Y1.950
G1 X-0.800 Y1.511
G1 X-0.800 Y0.288
G1 X-0.800 Y-1.174
G1 X-0.800 Y-2.083
G1 X-0.800 Y-2.012
G1 X-0.800 Y-1.201
G1 X-0.800 Y-0.240
G1 X-0.800 Y0.401
G1 X-0.800 Y0.601
G1 X-0.800 Y0.466
G1 X-0.800 Y0.166
G1 X-0.800 Y-0.176
G1 X-0.800 Y-0.461
G1 X-0.800 Y-0.578
G1 X-0.800 Y-0.403
G1 X-0.800 Y0.124
G1 X-0.800 Y0.896
G1 X-0.800 Y1.596
G1 X-0.800 Y1.859
G1 X-0.800 Y1.518
G1 X-0.800 Y0.730
G1 X-0.800 Y-0.143
G1 X-0.800 Y-0.781
G1 X-0.800 Y-1.062
G1 X-0.800 Y-1.044
G1 X-0.800 Y-0.864
G1 X-0.800 Y-0.637
G1 X-0.800 Y-0.433
G1 X-0.800 Y-0.276
G1 X-0.800 Y-0.172
G1 X-0.800 Y-0.111
G1 X-0.800 Y-0.090
G1 X-0.800 Y-0.102
G1 X-0.800 Y-0.139
G1 X-0.800 Y-0.188
G1 X-0.800 Y-0.228
G1 X-0.800 Y-0.235
G1 X-0.800 Y-0.187
G1 X-0.800 Y-0.064
G1 X-0.800 Y0.130
G1 X-0.800 Y0.363
G1 X-0.800 Y0.579
G1 X-0.800 Y0.724
G1 X-0.800 Y0.762
G1 X-0.800 Y0.689
G1 X-0.800 Y0.535
G1 X-0.800 Y0.334
G1 X-0.800 Y0.115
G1 X-0.800 Y-0.115
G1 X-0.800 Y-0.348
G1 X-0.800 Y-0.578
G1 X-0.800 Y-0.764
G1 X-0.800 Y-0.854
G1 X-0.800 Y-0.792
G1 X-0.800 Y-0.563
G1 X-0.800 Y-0.217
G1 X-0.800 Y0.142
G1 X-0.800 Y0.410
G1 X-0.800 Y0.523
G1 X-0.800 Y0.482
G1 X-0.800 Y0.328
G1 X-0.800 Y0.109
G1 X-0.800 Y-0.126
G1 X-0.800 Y-0.341
G1 X-0.800 Y-0.487
G1 X-0.800 Y-0.518
G1 X-0.800 Y-0.394
G1 X-0.800 Y-0.126
G1 X-0.800 Y0.219
G1 X-0.800 Y0.538
G1 X-0.800 Y0.729
G1 X-0.800 Y0.758
G1 X-0.800 Y0.639
G1 X-0.800 Y0.428
G1 X-0.800 Y0.174
G1 X-0.800 Y-0.097
G1 X-0.800 Y-0.366
G1 X-0.800 Y-0.608
G1 X-0.800 Y-0.774
G1 X-0.800 Y-0.795
G1 X-0.800 Y-0.614
G1 X-0.800 Y-0.234
G1 X-0.800 Y0.253
G1 X-0.800 Y0.702
G1 X-0.800 Y0.990
G1 X-0.800 Y1.062
G1 X-0.800 Y0.956
G1 X-0.800 Y0.749
G1 X-0.800 Y0.522
G1 X-0.800 Y0.320
G1 X-0.800 Y0.158
G1 X-0.800 Y0.031
G1 X0.000 Y-0.848
G1 X0.800 Y-0.038
G1 X0.800 Y-0.201
G1 X0.800 Y-0.386
G1 X0.800 Y-0.573
G1 X0.800 Y-0.723
G1 X0.800 Y-0.773
G1 X0.800 Y-0.656
G1 X0.800 Y-0.333
G1 X0.800 Y0.153
G1 X0.800 Y0.680
G1 X0.800 Y1.084
G1 X0.800 Y1.246
G1 X0.800 Y1.157
G1 X0.800 Y0.903
G1 X0.800 Y0.602
G1 X0.800 Y0.338
G1 X0.800 Y0.143
G1 X0.800 Y-0.006
G1 X0.800 Y-0.152
G1 X0.800 Y-0.335
G1 X0.800 Y-0.565
G1 X0.800 Y-0.807
G1 X0.800 Y-0.994
G1 X0.800 Y-1.053
G1 X0.800 Y-0.951
G1 X0.800 Y-0.723
G1 X0.800 Y-0.450
G1 X0.800 Y-0.213
G1 X0.800 Y-0.064
G1 X0.800 Y-0.004
G1 X0.800 Y0.001
G1 X0.800 Y-0.001
G1 X0.800 Y0.040
G1 X0.800 Y0.157
G1 X0.800 Y0.353
G1 X0.800 Y0.589
G1 X0.800 Y0.798
G1 X0.800 Y0.912
G1 X0.800 Y0.895
G1 X0.800 Y0.763
G1 X0.800 Y0.564
G1 X0.800 Y0.351
G1 X0.800 Y0.147
G1 X0.800 Y-0.046
G1 X0.800 Y-0.250
G1 X0.800 Y-0.480
G1 X0.800 Y-0.728
G1 X0.800 Y-0.948
G1 X0.800 Y-1.059
G1 X0.800 Y-0.994
G1 X0.800 Y-0.730
G1 X0.800 Y-0.324
G1 X0.800 Y0.114
G1 X0.800 Y0.469
G1 X0.800 Y0.677
G1 X0.800 Y0.731
G1 X0.800 Y0.675
G1 X0.800 Y0.558
G1 X0.800 Y0.426
G1 X0.800 Y0.311
G1 X0.800 Y0.225
G1 X0.800 Y0.178
G1 X0.800 Y0.170
G1 X0.800 Y0.202
G1 X0.800 Y0.264
G1 X0.800 Y0.347
G1 X0.800 Y0.421
G1 X0.800 Y0.451
G1 X0.800 Y0.387
G1 X0.800 Y0.182
G1 X0.800 Y-0.179
G1 X0.800 Y-0.646
G1 X0.800 Y-1.097
G1 X0.800 Y-1.377
G1 X0.800 Y-1.377
G1 X0.800 Y-1.108
G1 X0.800 Y-0.691
G1 X0.800 Y-0.290
G1 X0.800 Y-0.021
G1 X0.800 Y0.078
G1 X0.800 Y0.047
G1 X0.800 Y-0.039
G1 X0.800 Y-0.082
G1 X0.800 Y0.016
G1 X0.800 Y0.336
G1 X0.800 Y0.870
G1 X0.800 Y1.455
G1 X0.800 Y1.784
G1 X0.800 Y1.563
G1 X0.800 Y0.742
G1 X0.800 Y-0.370
G1 X0.800 Y-1.295
G1 X0.800 Y-1.692
G1 X0.800 Y-1.545
G1 X0.800 Y-1.081
G1 X0.800 Y-0.577
G1 X0.800 Y-0.205
G1 X0.800 Y-0.007
G1 X0.800 Y0.050
G1 X0.800 Y0.029
G1 X0.800 Y-0.014
G1 X0.800 Y-0.041
G1 X0.800 Y-0.032
G1 X0.800 Y0.010
G1 X0.800 Y0.071
G1 X0.800 Y0.130
G1 X0.800 Y0.162
G1 X0.800 Y0.160
G1 X0.800 Y0.120
G1 X0.800 Y0.054
G1 X0.800 Y-0.025
G1 X0.800 Y-0.096
G1 X0.800 Y-0.146
G1 X0.800 Y-0.164
G1 X0.800 Y-0.145
G1 X0.800 Y-0.097
G1 X0.800 Y-0.037
G1 X0.800 Y0.018
G1 X0.800 Y0.047
G1 X0.800 Y0.046
G1 X0.800 Y0.016
G1 X0.800 Y-0.026
G1 X0.800 Y-0.056
G1 X0.800 Y-0.043
G1 X0.800 Y0.038
G1 X0.800 Y0.205
G1 X0.800 Y0.446
G1 X0.800 Y0.715
G1 X0.800 Y0.943
G1 X0.800 Y1.062
G1 X0.800 Y1.035
G1 X0.800 Y0.878
G1 X0.800 Y0.646
G1 X0.800 Y0.411
G1 X0.800 Y0.222
G1 X0.800 Y0.098
G1 X0.800 Y0.029
G1 X0.800 Y-0.018
G1 X0.800 Y-0.079
G1 X0.800 Y-0.182
G1 X0.800 Y-0.340
G1 X0.800 Y-0.542
G1 X0.800 Y-0.745
G1 X0.800 Y-0.899
G1 X0.800 Y-0.957
G1 X0.800 Y-0.904
G1 X0.800 Y-0.761
G1 X0.800 Y-0.567
G1 X0.800 Y-0.374
G1 X0.800 Y-0.213
G1 X0.800 Y-0.103
G1 X0.800 Y-0.038
G1 X0.800 Y-0.008
G1 X0.800 Y0.001
G1 X0.800 Y0.001
G1 X0.800 Y-0.001
G1 X0.800 Y-0.001
G1 X0.800 Y0.001
G1 X0.800 Y0.003
G1 X0.800 Y0.005
G1 X0.800 Y0.004
G1 X0.800 Y0.004
G1 X0.800 Y0.004
G1 X0.800 Y0.006
G1 X0.800 Y0.011
G1 X0.800 Y0.024
G1 X0.800 Y0.049
G1 X0.800 Y0.100
G1 X0.800 Y0.187
G1 X0.800 Y0.329
G1 X0.800 Y0.525
G1 X0.800 Y0.758
G1 X0.800 Y0.978
G1 X0.800 Y1.111
G1 X0.800 Y1.085
G1 X0.800 Y0.879
G1 X0.800 Y0.545
G1 X0.800 Y0.190
G1 X0.800 Y-0.074
G1 X0.800 Y-0.182
G1 X0.000 Y1.013
G1 X-0.800 Y0.184
G1 X-0.800 Y0.201
G1 X-0.800 Y0.048
G1 X-0.800 Y-0.261
G1 X-0.800 Y-0.645
G1 X-0.800 Y-0.978
G1 X-0.800 Y-1.150
G1 X-0.800 Y-1.125
G1 X-0.800 Y-0.947
G1 X-0.800 Y-0.698
G1 X-0.800 Y-0.455
G1 X-0.800 Y-0.266
G1 X-0.800 Y-0.139
G1 X-0.800 Y-0.066
G1 X-0.800 Y-0.028
G1 X-0.800 Y-0.011
G1 X-0.800 Y-0.004
G1 X-0.800 Y0.000
G1 X-0.800 Y0.000
G1 X-0.800 Y0.000
G1 X-0.800 Y-0.002
G1 X-0.800 Y-0.003
G1 X-0.800 Y-0.004
G1 X-0.800 Y-0.004
G1 X-0.800 Y-0.001
G1 X-0.800 Y-0.001
G1 X-0.800 Y0.001
G1 X-0.800 Y0.004
G1 X-0.800 Y0.019
G1 X-0.800 Y0.053
G1 X-0.800 Y0.125
G1 X-0.800 Y0.245
G1 X-0.800 Y0.414
G1 X-0.800 Y0.617
G1 X-0.800 Y0.818
G1 X-0.800 Y0.963
G1 X-0.800 Y1.005
G1 X-0.800 Y0.923
G1 X-0.800 Y0.736
G1 X-0.800 Y0.497
G1 X-0.800 Y0.268
G1 X-0.800 Y0.100
G1 X-0.800 Y0.010
G1 X-0.800 Y-0.011
G1 X-0.800 Y0.002
G1 X-0.800 Y0.011
G1 X-0.800 Y-0.028
G1 X-0.800 Y-0.148
G1 X-0.800 Y-0.359
G1 X-0.800 Y-0.634
G1 X-0.800 Y-0.911
G1 X-0.800 Y-1.104
G1 X-0.800 Y-1.148
G1 X-0.800 Y-1.023
G1 X-0.800 Y-0.772
G1 X-0.800 Y-0.468
G1 X-0.800 Y-0.190
G1 X-0.800 Y0.010
G1 X-0.800 Y0.117
G1 X-0.800 Y0.144
G1 X-0.800 Y0.117
G1 X-0.800 Y0.062
G1 X-0.800 Y0.003
G1 X-0.800 Y-0.046
G1 X-0.800 Y-0.077
G1 X-0.800 Y-0.087
G1 X-0.800 Y-0.080
G1 X-0.800 Y-0.065
G1 X-0.800 Y-0.044
G1 X-0.800 Y-0.027
G1 X-0.800 Y-0.014
G1 X-0.800 Y-0.006
G1 X-0.800 Y0.001
G1 X-0.800 Y0.005
G1 X-0.800 Y0.008
G1 X-0.800 Y0.007
G1 X-0.800 Y0.003
G1 X-0.800 Y-0.008
G1 X-0.800 Y-0.018
G1 X-0.800 Y-0.019
G1 X-0.800 Y0.014
G1 X-0.800 Y0.106
G1 X-0.800 Y0.283
G1 X-0.800 Y0.558
G1 X-0.800 Y0.902
G1 X-0.800 Y1.228
G1 X-0.800 Y1.402
G1 X-0.800 Y1.288
G1 X-0.800 Y0.837
G1 X-0.800 Y0.145
G1 X-0.800 Y-0.577
G1 X-0.800 Y-1.098
G1 X-0.800 Y-1.296
G1 X-0.800 Y-1.197
G1 X-0.800 Y-0.922
G1 X-0.800 Y-0.609
G1 X-0.800 Y-0.342
G1 X-0.800 Y-0.144
G1 X-0.800 Y0.010
G1 X-0.800 Y0.156
G1 X-0.800 Y0.332
G1 X-0.800 Y0.539
G1 X-0.800 Y0.753
G1 X-0.800 Y0.921
G1 X-0.800 Y0.988
G1 X-0.800 Y0.922
G1 X-0.800 Y0.744
G1 X-0.800 Y0.504
G1 X-0.800 Y0.268
G1 X-0.800 Y0.083
G1 X-0.800 Y-0.030
G1 X-0.800 Y-0.076
G1 X-0.800 Y-0.076
G1 X-0.800 Y-0.053
G1 X-0.800 Y-0.027
G1 X-0.800 Y-0.008
G1 X-0.800 Y-0.005
G1 X-0.800 Y-0.018
G1 X-0.800 Y-0.051
G1 X-0.800 Y-0.108
G1 X-0.800 Y-0.205
G1 X-0.800 Y-0.354
G1 X-0.800 Y-0.567
G1 X-0.800 Y-0.825
G1 X-0.800 Y-1.073
G1 X-0.800 Y-1.212
G1 X-0.800 Y-1.132
G1 X-0.800 Y-0.774
G1 X-0.800 Y-0.190
G1 X-0.800 Y0.455
G1 X-0.800 Y0.962
G1 X-0.800 Y1.197
G1 X-0.800 Y1.156
G1 X-0.800 Y0.932
G1 X-0.800 Y0.645
G1 X-0.800 Y0.380
G1 X-0.800 Y0.168
G1 X-0.800 Y-0.003
G1 X-0.800 Y-0.163
G1 X-0.800 Y-0.327
G1 X-0.800 Y-0.494
G1 X-0.800 Y-0.640
G1 X-0.800 Y-0.724
G1 X-0.800 Y-0.725
G1 X-0.800 Y-0.641
G1 X-0.800 Y-0.497
G1 X-0.800 Y-0.327
G1 X-0.800 Y-0.155
G1 X-0.800 Y0.015
G1 X-0.800 Y0.195
G1 X-0.800 Y0.399
G1 X-0.800 Y0.625
G1 X-0.800 Y0.838
G1 X-0.800 Y0.977
G1 X-0.800 Y0.976
G1 X-0.800 Y0.814
G1 X-0.800 Y0.528
G1 X-0.800 Y0.210
G1 X-0.800 Y-0.043
G1 X-0.800 Y-0.172
G1 X-0.800 Y-0.171
G1 X-0.800 Y-0.076
G1 X-0.800 Y0.060
G1 X-0.800 Y0.169
G1 X-0.800 Y0.184
G1 X-0.800 Y0.046
G1 X-0.800 Y-0.269
G1 X-0.800 Y-0.713
G1 X-0.800 Y-1.149
G1 X-0.800 Y-1.410
G1 X-0.800 Y-1.383
G1 X-0.800 Y-1.077
G1 X-0.800 Y-0.619
G1 X-0.800 Y-0.167
G1 X-0.800 Y0.157
G1 X-0.800 Y0.318
G1 X-0.800 Y0.336
G1 X-0.800 Y0.265
G1 X-0.800 Y0.153
G1 X-0.800 Y0.036
G1 X0.000 Y0.001
G1 X0.800 Y-0.013
G1 X0.800 Y-0.031
G1 X0.800 Y-0.023
G1 X0.800 Y0.048
G1 X0.800 Y0.215
G1 X0.800 Y0.494
G1 X0.800 Y0.855
G1 X0.800 Y1.203
G1 X0.800 Y1.397
G1 X0.800 Y1.312
G1 X0.800 Y0.926
G1 X0.800 Y0.348
G1 X0.800 Y-0.223
G1 X0.800 Y-0.619
G1 X0.800 Y-0.766
G1 X0.800 Y-0.695
G1 X0.800 Y-0.488
G1 X0.800 Y-0.220
G1 X0.800 Y0.062
G1 X0.800 Y0.334
G1 X0.800 Y0.562
G1 X0.800 Y0.701
G1 X0.800 Y0.691
G1 X0.800 Y0.502
G1 X0.800 Y0.159
G1 X0.800 Y-0.246
G1 X0.800 Y-0.591
G1 X0.800 Y-0.786
G1 X0.800 Y-0.809
G1 X0.800 Y-0.695
G1 X0.800 Y-0.505
G1 X0.800 Y-0.293
G1 X0.800 Y-0.085
G1 X0.800 Y0.103
G1 X0.800 Y0.265
G1 X0.800 Y0.389
G1 X0.800 Y0.462
G1 X0.800 Y0.473
G1 X0.800 Y0.422
G1 X0.800 Y0.325
G1 X0.800 Y0.197
G1 X0.800 Y0.048
G1 X0.800 Y-0.120
G1 X0.800 Y-0.325
G1 X0.800 Y-0.574
G1 X0.800 Y-0.850
G1 X0.800 Y-1.082
G1 X0.800 Y-1.154
G1 X0.800 Y-0.946
G1 X0.800 Y-0.418
G1 X0.800 Y0.317
G1 X0.800 Y1.021
G1 X0.800 Y1.448
G1 X0.800 Y1.492
G1 X0.800 Y1.214
G1 X0.800 Y0.792
G1 X0.800 Y0.394
G1 X0.800 Y0.116
G1 X0.800 Y-0.023
G1 X0.800 Y-0.057
G1 X0.800 Y-0.033
G1 X0.800 Y0.008
G1 X0.800 Y0.036
G1 X0.800 Y0.043
G1 X0.800 Y0.026
G1 X0.800 Y-0.001
G1 X0.800 Y-0.023
G1 X0.800 Y-0.029
G1 X0.800 Y-0.015
G1 X0.800 Y0.009
G1 X0.800 Y0.030
G1 X0.800 Y0.029
G1 X0.800 Y-0.013
G1 X0.800 Y-0.106
G1 X0.800 Y-0.242
G1 X0.800 Y-0.399
G1 X0.800 Y-0.537
G1 X0.800 Y-0.624
G1 X0.800 Y-0.634
G1 X0.800 Y-0.567
G1 X0.800 Y-0.441
G1 X0.800 Y-0.275
G1 X0.800 Y-0.089
G1 X0.800 Y0.111
G1 X0.800 Y0.318
G1 X0.800 Y0.520
G1 X0.800 Y0.694
G1 X0.800 Y0.789
G1 X0.800 Y0.756
G1 X0.800 Y0.552
G1 X0.800 Y0.189
G1 X0.800 Y-0.271
G1 X0.800 Y-0.719
G1 X0.800 Y-1.048
G1 X0.800 Y-1.194
G1 X0.800 Y-1.150
G1 X0.800 Y-0.968
G1 X0.800 Y-0.714
G1 X0.800 Y-0.453
G1 X0.800 Y-0.227
G1 X0.800 Y-0.054
G1 X0.800 Y0.066
G1 X0.800 Y0.143
G1 X0.800 Y0.190
G1 X0.800 Y0.217
G1 X0.800 Y0.233
G1 X0.800 Y0.242
G1 X0.800 Y0.247
G1 X0.800 Y0.245
G1 X0.800 Y0.234
G1 X0.800 Y0.212
G1 X0.800 Y0.175
G1 X0.800 Y0.118
G1 X0.800 Y0.045
G1 X0.800 Y-0.047
G1 X0.800 Y-0.154
G1 X0.800 Y-0.269
G1 X0.800 Y-0.377
G1 X0.800 Y-0.456
G1 X0.800 Y-0.475
G1 X0.800 Y-0.395
G1 X0.800 Y-0.192
G1 X0.800 Y0.137
G1 X0.800 Y0.542
G1 X0.800 Y0.932
G1 X0.800 Y1.199
G1 X0.800 Y1.266
G1 X0.800 Y1.123
G1 X0.800 Y0.835
G1 X0.800 Y0.503
G1 X0.800 Y0.220
G1 X0.800 Y0.039
G1 X0.800 Y-0.036
G1 X0.800 Y-0.032
G1 X0.800 Y0.010
G1 X0.800 Y0.039
G1 X0.800 Y0.018
G1 X0.800 Y-0.084
G1 X0.800 Y-0.272
G1 X0.800 Y-0.518
G1 X0.800 Y-0.767
G1 X0.800 Y-0.950
G1 X0.800 Y-1.018
G1 X0.800 Y-0.958
G1 X0.800 Y-0.800
G1 X0.800 Y-0.595
G1 X0.800 Y-0.395
G1 X0.800 Y-0.233
G1 X0.800 Y-0.120
G1 X0.800 Y-0.054
G1 X0.800 Y-0.021
G1 X0.800 Y-0.007
G1 X0.800 Y0.000
G1 X0.800 Y0.002
G1 X0.800 Y0.004
G1 X0.800 Y0.006
G1 X0.800 Y0.006
G1 X0.800 Y0.003
G1 X0.800 Y0.000
G1 X0.800 Y-0.003
G1 X0.800 Y-0.004
G1 X0.800 Y-0.004
G1 X0.800 Y0.000
G1 X0.800 Y0.007
G1 X0.800 Y0.019
G1 X0.800 Y0.050
G1 X0.800 Y0.113
G1 X0.800 Y0.229
G1 X0.800 Y0.410
G1 X0.800 Y0.652
G1 X0.800 Y0.914
G1 X0.800 Y1.121
G1 X0.800 Y1.180
G1 X0.800 Y1.037
G1 X0.800 Y0.714
G1 X0.800 Y0.315
G1 X0.800 Y-0.026
G1 X0.800 Y-0.211
G1 X0.800 Y-0.218
G1 X0.800 Y-0.089
G1 X0.000 Y1.221
G1 X-0.800 Y-0.073
G1 X-0.800 Y0.119
G1 X-0.800 Y0.241
G1 X-0.800 Y0.216
G1 X-0.800 Y0.012
G1 X-0.800 Y-0.343
G1 X-0.800 Y-0.743
G1 X-0.800 Y-1.057
G1 X-0.800 Y-1.182
G1 X-0.800 Y-1.106
G1 X-0.800 Y-0.891
G1 X-0.800 Y-0.628
G1 X-0.800 Y-0.392
G1 X-0.800 Y-0.218
G1 X-0.800 Y-0.108
G1 X-0.800 Y-0.047
G1 X-0.800 Y-0.019
G1 X-0.800 Y-0.004
G1 X-0.800 Y0.004
G1 X-0.800 Y0.008
G1 X-0.800 Y0.010
G1 X-0.800 Y0.007
G1 X-0.800 Y0.002
G1 X-0.800 Y-0.004
G1 X-0.800 Y-0.010
G1 X-0.800 Y-0.012
G1 X-0.800 Y-0.011
G1 X-0.800 Y-0.008
G1 X-0.800 Y-0.003
G1 X-0.800 Y0.004
G1 X-0.800 Y0.014
G1 X-0.800 Y0.040
G1 X-0.800 Y0.089
G1 X-0.800 Y0.179
G1 X-0.800 Y0.317
G1 X-0.800 Y0.497
G1 X-0.800 Y0.698
G1 X-0.800 Y0.876
G1 X-0.800 Y0.981
G1 X-0.800 Y0.972
G1 X-0.800 Y0.846
G1 X-0.800 Y0.634
G1 X-0.800 Y0.395
G1 X-0.800 Y0.189
G1 X-0.800 Y0.054
G1 X-0.800 Y-0.006
G1 X-0.800 Y-0.007
G1 X-0.800 Y0.010
G1 X-0.800 Y-0.002
G1 X-0.800 Y-0.089
G1 X-0.800 Y-0.284
G1 X-0.800 Y-0.585
G1 X-0.800 Y-0.939
G1 X-0.800 Y-1.242
G1 X-0.800 Y-1.363
G1 X-0.800 Y-1.218
G1 X-0.800 Y-0.816
G1 X-0.800 Y-0.257
G1 X-0.800 Y0.297
G1 X-0.800 Y0.714
G1 X-0.800 Y0.925
G1 X-0.800 Y0.946
G1 X-0.800 Y0.833
G1 X-0.800 Y0.656
G1 X-0.800 Y0.465
G1 X-0.800 Y0.290
G1 X-0.800 Y0.138
G1 X-0.800 Y0.005
G1 X-0.800 Y-0.120
G1 X-0.800 Y-0.242
G1 X-0.800 Y-0.369
G1 X-0.800 Y-0.494
G1 X-0.800 Y-0.611
G1 X-0.800 Y-0.705
G1 X-0.800 Y-0.753
G1 X-0.800 Y-0.739
G1 X-0.800 Y-0.638
G1 X-0.800 Y-0.444
G1 X-0.800 Y-0.155
G1 X-0.800 Y0.206
G1 X-0.800 Y0.592
G1 X-0.800 Y0.941
G1 X-0.800 Y1.183
G1 X-0.800 Y1.259
G1 X-0.800 Y1.146
G1 X-0.800 Y0.869
G1 X-0.800 Y0.492
G1 X-0.800 Y0.104
G1 X-0.800 Y-0.216
G1 X-0.800 Y-0.420
G1 X-0.800 Y-0.495
G1 X-0.800 Y-0.461
G1 X-0.800 Y-0.350
G1 X-0.800 Y-0.195
G1 X-0.800 Y-0.023
G1 X-0.800 Y0.144
G1 X-0.800 Y0.291
G1 X-0.800 Y0.396
G1 X-0.800 Y0.440
G1 X-0.800 Y0.410
G1 X-0.800 Y0.310
G1 X-0.800 Y0.159
G1 X-0.800 Y-0.003
G1 X-0.800 Y-0.137
G1 X-0.800 Y-0.212
G1 X-0.800 Y-0.219
G1 X-0.800 Y-0.166
G1 X-0.800 Y-0.071
G1 X-0.800 Y0.040
G1 X-0.800 Y0.141
G1 X-0.800 Y0.205
G1 X-0.800 Y0.216
G1 X-0.800 Y0.164
G1 X-0.800 Y0.060
G1 X-0.800 Y-0.068
G1 X-0.800 Y-0.178
G1 X-0.800 Y-0.238
G1 X-0.800 Y-0.224
G1 X-0.800 Y-0.142
G1 X-0.800 Y-0.009
G1 X-0.800 Y0.140
G1 X-0.800 Y0.261
G1 X-0.800 Y0.292
G1 X-0.800 Y0.164
G1 X-0.800 Y-0.164
G1 X-0.800 Y-0.664
G1 X-0.800 Y-1.203
G1 X-0.800 Y-1.564
G1 X-0.800 Y-1.559
G1 X-0.800 Y-1.149
G1 X-0.800 Y-0.483
G1 X-0.800 Y0.189
G1 X-0.800 Y0.663
G1 X-0.800 Y0.864
G1 X-0.800 Y0.832
G1 X-0.800 Y0.666
G1 X-0.800 Y0.451
G1 X-0.800 Y0.241
G1 X-0.800 Y0.057
G1 X-0.800 Y-0.090
G1 X-0.800 Y-0.195
G1 X-0.800 Y-0.252
G1 X-0.800 Y-0.257
G1 X-0.800 Y-0.209
G1 X-0.800 Y-0.113
G1 X-0.800 Y0.020
G1 X-0.800 Y0.189
G1 X-0.800 Y0.381
G1 X-0.800 Y0.579
G1 X-0.800 Y0.744
G1 X-0.800 Y0.814
G1 X-0.800 Y0.723
G1 X-0.800 Y0.435
G1 X-0.800 Y-0.012
G1 X-0.800 Y-0.498
G1 X-0.800 Y-0.878
G1 X-0.800 Y-1.048
G1 X-0.800 Y-0.997
G1 X-0.800 Y-0.794
G1 X-0.800 Y-0.527
G1 X-0.800 Y-0.254
G1 X-0.800 Y0.005
G1 X-0.800 Y0.268
G1 X-0.800 Y0.554
G1 X-0.800 Y0.842
G1 X-0.800 Y1.062
G1 X-0.800 Y1.104
G1 X-0.800 Y0.868
G1 X-0.800 Y0.360
G1 X-0.800 Y-0.293
G1 X-0.800 Y-0.878
G1 X-0.800 Y-1.224
G1 X-0.800 Y-1.273
G1 X-0.800 Y-1.095
G1 X-0.800 Y-0.810
G1 X-0.800 Y-0.528
G1 X-0.800 Y-0.308
G1 X-0.800 Y-0.162
G1 X-0.800 Y-0.077
G1 X-0.800 Y-0.029
G1 X0.000 Y1.354
G1 X0.800 Y0.058
G1 X0.800 Y0.118
G1 X0.800 Y0.217
G1 X0.800 Y0.373
G1 X0.800 Y0.591
G1 X0.800 Y0.853
G1 X0.800 Y1.099
G1 X0.800 Y1.224
G1 X0.800 Y1.117
G1 X0.800 Y0.725
G1 X0.800 Y0.111
G1 X0.800 Y-0.543
G1 X0.800 Y-1.030
G1 X0.800 Y-1.221
G1 X0.800 Y-1.132
G1 X0.800 Y-0.870
G1 X0.800 Y-0.562
G1 X0.800 Y-0.285
G1 X0.800 Y-0.048
G1 X0.800 Y0.180
G1 X0.800 Y0.435
G1 X0.800 Y0.730
G1 X0.800 Y1.016
G1 X0.800 Y1.189
G1 X0.800 Y1.133
G1 X0.800 Y0.797
G1 X0.800 Y0.246
G1 X0.800 Y-0.348
G1 X0.800 Y-0.804
G1 X0.800 Y-1.022
G1 X0.800 Y-1.009
G1 X0.800 Y-0.847
G1 X0.800 Y-0.627
G1 X0.800 Y-0.414
G1 X0.800 Y-0.237
G1 X0.800 Y-0.102
G1 X0.800 Y-0.005
G1 X0.800 Y0.057
G1 X0.800 Y0.083
G1 X0.800 Y0.067
G1 X0.800 Y0.011
G1 X0.800 Y-0.083
G1 X0.800 Y-0.201
G1 X0.800 Y-0.319
G1 X0.800 Y-0.396
G1 X0.800 Y-0.381
G1 X0.800 Y-0.213
G1 X0.800 Y0.133
G1 X0.800 Y0.621
G1 X0.800 Y1.125
G1 X0.800 Y1.459
G1 X0.800 Y1.482
G1 X0.800 Y1.173
G1 X0.800 Y0.658
G1 X0.800 Y0.132
G1 X0.800 Y-0.247
G1 X0.800 Y-0.414
G1 X0.800 Y-0.396
G1 X0.800 Y-0.254
G1 X0.800 Y-0.058
G1 X0.800 Y0.143
G1 X0.800 Y0.303
G1 X0.800 Y0.380
G1 X0.800 Y0.347
G1 X0.800 Y0.193
G1 X0.800 Y-0.049
G1 X0.800 Y-0.314
G1 X0.800 Y-0.527
G1 X0.800 Y-0.635
G1 X0.800 Y-0.623
G1 X0.800 Y-0.512
G1 X0.800 Y-0.340
G1 X0.800 Y-0.137
G1 X0.800 Y0.076
G1 X0.800 Y0.281
G1 X0.800 Y0.461
G1 X0.800 Y0.590
G1 X0.800 Y0.633
G1 X0.800 Y0.568
G1 X0.800 Y0.394
G1 X0.800 Y0.147
G1 X0.800 Y-0.112
G1 X0.800 Y-0.320
G1 X0.800 Y-0.433
G1 X0.800 Y-0.440
G1 X0.800 Y-0.356
G1 X0.800 Y-0.211
G1 X0.800 Y-0.031
G1 X0.800 Y0.159
G1 X0.800 Y0.332
G1 X0.800 Y0.455
G1 X0.800 Y0.484
G1 X0.800 Y0.371
G1 X0.800 Y0.088
G1 X0.800 Y-0.349
G1 X0.800 Y-0.859
G1 X0.800 Y-1.302
G1 X0.800 Y-1.525
G1 X0.800 Y-1.422
G1 X0.800 Y-0.990
G1 X0.800 Y-0.339
G1 X0.800 Y0.351
G1 X0.800 Y0.903
G1 X0.800 Y1.212
G1 X0.800 Y1.257
G1 X0.800 Y1.100
G1 X0.800 Y0.834
G1 X0.800 Y0.553
G1 X0.800 Y0.317
G1 X0.800 Y0.154
G1 X0.800 Y0.060
G1 X0.800 Y0.011
G1 X0.800 Y-0.030
G1 X0.800 Y-0.101
G1 X0.800 Y-0.236
G1 X0.800 Y-0.458
G1 X0.800 Y-0.757
G1 X0.800 Y-1.074
G1 X0.800 Y-1.302
G1 X0.800 Y-1.313
G1 X0.800 Y-1.022
G1 X0.800 Y-0.452
G1 X0.800 Y0.257
G1 X0.800 Y0.891
G1 X0.800 Y1.273
G1 X0.800 Y1.337
G1 X0.800 Y1.148
G1 X0.800 Y0.834
G1 X0.800 Y0.517
G1 X0.800 Y0.274
G1 X0.800 Y0.120
G1 X0.800 Y0.032
G1 X0.800 Y-0.028
G1 X0.800 Y-0.104
G1 X0.800 Y-0.223
G1 X0.800 Y-0.390
G1 X0.800 Y-0.587
G1 X0.800 Y-0.772
G1 X0.800 Y-0.894
G1 X0.800 Y-0.921
G1 X0.800 Y-0.845
G1 X0.800 Y-0.695
G1 X0.800 Y-0.511
G1 X0.800 Y-0.336
G1 X0.800 Y-0.196
G1 X0.800 Y-0.102
G1 X0.800 Y-0.045
G1 X0.800 Y-0.018
G1 X0.800 Y-0.003
G1 X0.800 Y0.006
G1 X0.800 Y0.013
G1 X0.800 Y0.021
G1 X0.800 Y0.027
G1 X0.800 Y0.026
G1 X0.800 Y0.021
G1 X0.800 Y0.010
G1 X0.800 Y-0.003
G1 X0.800 Y-0.012
G1 X0.800 Y-0.018
G1 X0.800 Y-0.017
G1 X0.800 Y-0.011
G1 X0.800 Y0.001
G1 X0.800 Y0.021
G1 X0.800 Y0.056
G1 X0.800 Y0.119
G1 X0.800 Y0.229
G1 X0.800 Y0.400
G1 X0.800 Y0.628
G1 X0.800 Y0.880
G1 X0.800 Y1.086
G1 X0.800 Y1.158
G1 X0.800 Y1.037
G1 X0.800 Y0.732
G1 X0.800 Y0.339
G1 X0.800 Y-0.013
G1 X0.800 Y-0.220
G1 X0.800 Y-0.251
G1 X0.800 Y-0.135
G1 X0.800 Y0.055
G1 X0.800 Y0.231
G1 X0.000 Y1.457
G1 X-0.800 Y-0.282
G1 X-0.800 Y-0.226
G1 X-0.800 Y-0.050
G1 X-0.800 Y0.137
G1 X-0.800 Y0.251
G1 X-0.800 Y0.225
G1 X-0.800 Y0.030
G1 X-0.800 Y-0.303
G1 X-0.800 Y-0.680
G1 X-0.800 Y-0.977
G1 X-0.800 Y-1.109
G1 X-0.800 Y-1.056
G1 X-0.800 Y-0.876
G1 X-0.800 Y-0.644
G1 X-0.800 Y-0.426
G1 X-0.800 Y-0.258
G1 X-0.800 Y-0.142
G1 X-0.800 Y-0.069
G1 X-0.800 Y-0.024
G1 X-0.800 Y0.004
G1 X-0.800 Y0.022
G1 X-0.800 Y0.031
G1 X-0.800 Y0.029
G1 X-0.800 Y0.017
G1 X-0.800 Y-0.002
G1 X-0.800 Y-0.023
G1 X-0.800 Y-0.044
G1 X-0.800 Y-0.056
G1 X-0.800 Y-0.058
G1 X-0.800 Y-0.050
G1 X-0.800 Y-0.037
G1 X-0.800 Y-0.023
G1 X-0.800 Y-0.010
G1 X-0.800 Y-0.001
G1 X-0.800 Y0.010
G1 X-0.800 Y0.031
G1 X-0.800 Y0.076
G1 X-0.800 Y0.155
G1 X-0.800 Y0.274
G1 X-0.800 Y0.424
G1 X-0.800 Y0.581
G1 X-0.800 Y0.712
G1 X-0.800 Y0.785
G1 X-0.800 Y0.777
G1 X-0.800 Y0.692
G1 X-0.800 Y0.553
G1 X-0.800 Y0.389
G1 X-0.800 Y0.227
G1 X-0.800 Y0.071
G1 X-0.800 Y-0.086
G1 X-0.800 Y-0.269
G1 X-0.800 Y-0.493
G1 X-0.800 Y-0.755
G1 X-0.800 Y-1.008
G1 X-0.800 Y-1.161
G1 X-0.800 Y-1.099
G1 X-0.800 Y-0.741
G1 X-0.800 Y-0.116
G1 X-0.800 Y0.621
G1 X-0.800 Y1.233
G1 X-0.800 Y1.527
G1 X-0.800 Y1.447
G1 X-0.800 Y1.086
G1 X-0.800 Y0.622
G1 X-0.800 Y0.215
G1 X-0.800 Y-0.043
G1 X-0.800 Y-0.142
G1 X-0.800 Y-0.116
G1 X-0.800 Y-0.020
G1 X-0.800 Y0.086
G1 X-0.800 Y0.145
G1 X-0.800 Y0.096
G1 X-0.800 Y-0.114
G1 X-0.800 Y-0.497
G1 X-0.800 Y-0.999
G1 X-0.800 Y-1.459
G1 X-0.800 Y-1.656
G1 X-0.800 Y-1.400
G1 X-0.800 Y-0.660
G1 X-0.800 Y0.357
G1 X-0.800 Y1.284
G1 X-0.800 Y1.779
G1 X-0.800 Y1.702
G1 X-0.800 Y1.175
G1 X-0.800 Y0.474
G1 X-0.800 Y-0.138
G1 X-0.800 Y-0.511
G1 X-0.800 Y-0.628
G1 X-0.800 Y-0.552
G1 X-0.800 Y-0.364
G1 X-0.800 Y-0.127
G1 X-0.800 Y0.117
G1 X-0.800 Y0.340
G1 X-0.800 Y0.510
G1 X-0.800 Y0.580
G1 X-0.800 Y0.506
G1 X-0.800 Y0.269
G1 X-0.800 Y-0.100
G1 X-0.800 Y-0.510
G1 X-0.800 Y-0.847
G1 X-0.800 Y-1.021
G1 X-0.800 Y-1.009
G1 X-0.800 Y-0.854
G1 X-0.800 Y-0.626
G1 X-0.800 Y-0.389
G1 X-0.800 Y-0.174
G1 X-0.800 Y0.023
G1 X-0.800 Y0.222
G1 X-0.800 Y0.442
G1 X-0.800 Y0.676
G1 X-0.800 Y0.889
G1 X-0.800 Y1.009
G1 X-0.800 Y0.977
G1 X-0.800 Y0.771
G1 X-0.800 Y0.441
G1 X-0.800 Y0.083
G1 X-0.800 Y-0.197
G1 X-0.800 Y-0.340
G1 X-0.800 Y-0.339
G1 X-0.800 Y-0.225
G1 X-0.800 Y-0.047
G1 X-0.800 Y0.144
G1 X-0.800 Y0.299
G1 X-0.800 Y0.365
G1 X-0.800 Y0.286
G1 X-0.800 Y0.039
G1 X-0.800 Y-0.347
G1 X-0.800 Y-0.778
G1 X-0.800 Y-1.119
G1 X-0.800 Y-1.263
G1 X-0.800 Y-1.182
G1 X-0.800 Y-0.937
G1 X-0.800 Y-0.626
G1 X-0.800 Y-0.346
G1 X-0.800 Y-0.145
G1 X-0.800 Y-0.032
G1 X-0.800 Y0.013
G1 X-0.800 Y0.018
G1 X-0.800 Y0.007
G1 X-0.800 Y-0.002
G1 X-0.800 Y-0.006
G1 X-0.800 Y-0.002
G1 X-0.800 Y0.006
G1 X-0.800 Y0.026
G1 X-0.800 Y0.072
G1 X-0.800 Y0.165
G1 X-0.800 Y0.335
G1 X-0.800 Y0.596
G1 X-0.800 Y0.917
G1 X-0.800 Y1.218
G1 X-0.800 Y1.361
G1 X-0.800 Y1.213
G1 X-0.800 Y0.741
G1 X-0.800 Y0.059
G1 X-0.800 Y-0.607
G1 X-0.800 Y-1.045
G1 X-0.800 Y-1.167
G1 X-0.800 Y-1.025
G1 X-0.800 Y-0.745
G1 X-0.800 Y-0.439
G1 X-0.800 Y-0.156
G1 X-0.800 Y0.109
G1 X-0.800 Y0.385
G1 X-0.800 Y0.683
G1 X-0.800 Y0.965
G1 X-0.800 Y1.137
G1 X-0.800 Y1.078
G1 X-0.800 Y0.726
G1 X-0.800 Y0.134
G1 X-0.800 Y-0.521
G1 X-0.800 Y-1.031
G1 X-0.800 Y-1.267
G1 X-0.800 Y-1.225
G1 X-0.800 Y-1.002
G1 X-0.800 Y-0.715
G1 X-0.800 Y-0.455
G1 X-0.800 Y-0.262
G1 X-0.800 Y-0.139
G1 X-0.800 Y-0.069
G1 X-0.800 Y-0.034
G1 X0.000 Y1.413
G1 X0.800 Y-0.069
G1 X0.800 Y-0.080
G1 X0.800 Y-0.077
G1 X0.800 Y-0.037
G1 X0.800 Y0.072
G1 X0.800 Y0.278
G1 X0.800 Y0.583
G1 X0.800 Y0.946
G1 X0.800 Y1.265
G1 X0.800 Y1.403
G1 X0.800 Y1.249
G1 X0.800 Y0.802
G1 X0.800 Y0.190
G1 X0.800 Y-0.386
G1 X0.800 Y-0.755
G1 X0.800 Y-0.862
G1 X0.800 Y-0.749
G1 X0.800 Y-0.506
G1 X0.800 Y-0.208
G1 X0.800 Y0.104
G1 X0.800 Y0.416
G1 X0.800 Y0.694
G1 X0.800 Y0.871
G1 X0.800 Y0.838
G1 X0.800 Y0.510
G1 X0.800 Y-0.100
G1 X0.800 Y-0.819
G1 X0.800 Y-1.389
G1 X0.800 Y-1.597
G1 X0.800 Y-1.403
G1 X0.800 Y-0.948
G1 X0.800 Y-0.439
G1 X0.800 Y-0.037
G1 X0.800 Y0.194
G1 X0.800 Y0.268
G1 X0.800 Y0.238
G1 X0.800 Y0.158
G1 X0.800 Y0.066
G1 X0.800 Y-0.006
G1 X0.800 Y-0.051
G1 X0.800 Y-0.063
G1 X0.800 Y-0.047
G1 X0.800 Y-0.004
G1 X0.800 Y0.060
G1 X0.800 Y0.149
G1 X0.800 Y0.269
G1 X0.800 Y0.423
G1 X0.800 Y0.602
G1 X0.800 Y0.777
G1 X0.800 Y0.904
G1 X0.800 Y0.933
G1 X0.800 Y0.836
G1 X0.800 Y0.624
G1 X0.800 Y0.352
G1 X0.800 Y0.095
G1 X0.800 Y-0.086
G1 X0.800 Y-0.159
G1 X0.800 Y-0.135
G1 X0.800 Y-0.044
G1 X0.800 Y0.068
G1 X0.800 Y0.151
G1 X0.800 Y0.156
G1 X0.800 Y0.041
G1 X0.800 Y-0.206
G1 X0.800 Y-0.546
G1 X0.800 Y-0.887
G1 X0.800 Y-1.120
G1 X0.800 Y-1.170
G1 X0.800 Y-1.032
G1 X0.800 Y-0.778
G1 X0.800 Y-0.498
G1 X0.800 Y-0.269
G1 X0.800 Y-0.116
G1 X0.800 Y-0.018
G1 X0.800 Y0.067
G1 X0.800 Y0.195
G1 X0.800 Y0.405
G1 X0.800 Y0.700
G1 X0.800 Y1.020
G1 X0.800 Y1.256
G1 X0.800 Y1.285
G1 X0.800 Y1.045
G1 X0.800 Y0.584
G1 X0.800 Y0.049
G1 X0.800 Y-0.396
G1 X0.800 Y-0.641
G1 X0.800 Y-0.673
G1 X0.800 Y-0.537
G1 X0.800 Y-0.305
G1 X0.800 Y-0.027
G1 X0.800 Y0.263
G1 X0.800 Y0.530
G1 X0.800 Y0.710
G1 X0.800 Y0.705
G1 X0.800 Y0.400
G1 X0.800 Y-0.243
G1 X0.800 Y-1.090
G1 X0.800 Y-1.802
G1 X0.800 Y-1.972
G1 X0.800 Y-1.384
G1 X0.800 Y-0.226
G1 X0.800 Y0.994
G1 X0.800 Y1.755
G1 X0.800 Y1.829
G1 X0.800 Y1.359
G1 X0.800 Y0.679
G1 X0.800 Y0.094
G1 X0.800 Y-0.249
G1 X0.800 Y-0.345
G1 X0.800 Y-0.265
G1 X0.800 Y-0.090
G1 X0.800 Y0.109
G1 X0.800 Y0.269
G1 X0.800 Y0.332
G1 X0.800 Y0.236
G1 X0.800 Y-0.059
G1 X0.800 Y-0.524
G1 X0.800 Y-1.048
G1 X0.800 Y-1.446
G1 X0.800 Y-1.546
G1 X0.800 Y-1.281
G1 X0.800 Y-0.737
G1 X0.800 Y-0.103
G1 X0.800 Y0.423
G1 X0.800 Y0.732
G1 X0.800 Y0.811
G1 X0.800 Y0.722
G1 X0.800 Y0.540
G1 X0.800 Y0.328
G1 X0.800 Y0.116
G1 X0.800 Y-0.081
G1 X0.800 Y-0.256
G1 X0.800 Y-0.404
G1 X0.800 Y-0.510
G1 X0.800 Y-0.560
G1 X0.800 Y-0.548
G1 X0.800 Y-0.479
G1 X0.800 Y-0.371
G1 X0.800 Y-0.252
G1 X0.800 Y-0.146
G1 X0.800 Y-0.069
G1 X0.800 Y-0.024
G1 X0.800 Y-0.005
G1 X0.800 Y0.000
G1 X0.800 Y0.002
G1 X0.800 Y0.010
G1 X0.800 Y0.028
G1 X0.800 Y0.056
G1 X0.800 Y0.085
G1 X0.800 Y0.107
G1 X0.800 Y0.117
G1 X0.800 Y0.108
G1 X0.800 Y0.085
G1 X0.800 Y0.050
G1 X0.800 Y0.013
G1 X0.800 Y-0.019
G1 X0.800 Y-0.042
G1 X0.800 Y-0.048
G1 X0.800 Y-0.040
G1 X0.800 Y-0.016
G1 X0.800 Y0.024
G1 X0.800 Y0.083
G1 X0.800 Y0.169
G1 X0.800 Y0.293
G1 X0.800 Y0.460
G1 X0.800 Y0.663
G1 X0.800 Y0.864
G1 X0.800 Y1.009
G1 X0.800 Y1.025
G1 X0.800 Y0.879
G1 X0.800 Y0.588
G1 X0.800 Y0.238
G1 X0.800 Y-0.061
G1 X0.800 Y-0.230
G1 X0.800 Y-0.241
G1 X0.800 Y-0.125
G1 X0.800 Y0.057
G1 X0.800 Y0.225
G1 X0.800 Y0.276
G1 X0.800 Y0.100
G1 X0.000 Y0.807
G1 X-0.800 Y0.387
G1 X-0.800 Y-0.075
G1 X-0.800 Y-0.262
G1 X-0.800 Y-0.227
G1 X-0.800 Y-0.075
G1 X-0.800 Y0.099
G1 X-0.800 Y0.221
G1 X-0.800 Y0.231
G1 X-0.800 Y0.102
G1 X-0.800 Y-0.152
G1 X-0.800 Y-0.464
G1 X-0.800 Y-0.740
G1 X-0.800 Y-0.906
G1 X-0.800 Y-0.926
G1 X-0.800 Y-0.829
G1 X-0.800 Y-0.664
G1 X-0.800 Y-0.484
G1 X-0.800 Y-0.320
G1 X-0.800 Y-0.188
G1 X-0.800 Y-0.088
G1 X-0.800 Y-0.015
G1 X-0.800 Y0.036
G1 X-0.800 Y0.064
G1 X-0.800 Y0.071
G1 X-0.800 Y0.056
G1 X-0.800 Y0.019
G1 X-0.800 Y-0.032
G1 X-0.800 Y-0.090
G1 X-0.800 Y-0.147
G1 X-0.800 Y-0.189
G1 X-0.800 Y-0.211
G1 X-0.800 Y-0.205
G1 X-0.800 Y-0.175
G1 X-0.800 Y-0.127
G1 X-0.800 Y-0.071
G1 X-0.800 Y-0.023
G1 X-0.800 Y0.008
G1 X-0.800 Y0.019
G1 X-0.800 Y0.011
G1 X-0.800 Y-0.004
G1 X-0.800 Y-0.018
G1 X-0.800 Y-0.015
G1 X-0.800 Y0.010
G1 X-0.800 Y0.060
G1 X-0.800 Y0.127
G1 X-0.800 Y0.196
G1 X-0.800 Y0.248
G1 X-0.800 Y0.265
G1 X-0.800 Y0.238
G1 X-0.800 Y0.165
G1 X-0.800 Y0.056
G1 X-0.800 Y-0.078
G1 X-0.800 Y-0.214
G1 X-0.800 Y-0.323
G1 X-0.800 Y-0.365
G1 X-0.800 Y-0.297
G1 X-0.800 Y-0.080
G1 X-0.800 Y0.284
G1 X-0.800 Y0.735
G1 X-0.800 Y1.152
G1 X-0.800 Y1.392
G1 X-0.800 Y1.363
G1 X-0.800 Y1.070
G1 X-0.800 Y0.622
G1 X-0.800 Y0.172
G1 X-0.800 Y-0.156
G1 X-0.800 Y-0.310
G1 X-0.800 Y-0.298
G1 X-0.800 Y-0.167
G1 X-0.800 Y0.022
G1 X-0.800 Y0.211
G1 X-0.800 Y0.332
G1 X-0.800 Y0.300
G1 X-0.800 Y0.028
G1 X-0.800 Y-0.514
G1 X-0.800 Y-1.217
G1 X-0.800 Y-1.791
G1 X-0.800 Y-1.864
G1 X-0.800 Y-1.210
G1 X-0.800 Y0.010
G1 X-0.800 Y1.263
G1 X-0.800 Y1.973
G1 X-0.800 Y1.881
G1 X-0.800 Y1.186
G1 X-0.800 Y0.319
G1 X-0.800 Y-0.348
G1 X-0.800 Y-0.661
G1 X-0.800 Y-0.664
G1 X-0.800 Y-0.475
G1 X-0.800 Y-0.199
G1 X-0.800 Y0.098
G1 X-0.800 Y0.371
G1 X-0.800 Y0.577
G1 X-0.800 Y0.645
G1 X-0.800 Y0.509
G1 X-0.800 Y0.138
G1 X-0.800 Y-0.401
G1 X-0.800 Y-0.952
G1 X-0.800 Y-1.323
G1 X-0.800 Y-1.399
G1 X-0.800 Y-1.194
G1 X-0.800 Y-0.831
G1 X-0.800 Y-0.461
G1 X-0.800 Y-0.186
G1 X-0.800 Y-0.041
G1 X-0.800 Y0.003
G1 X-0.800 Y-0.002
G1 X-0.800 Y0.006
G1 X-0.800 Y0.077
G1 X-0.800 Y0.243
G1 X-0.800 Y0.497
G1 X-0.800 Y0.783
G1 X-0.800 Y1.017
G1 X-0.800 Y1.120
G1 X-0.800 Y1.056
G1 X-0.800 Y0.853
G1 X-0.800 Y0.588
G1 X-0.800 Y0.338
G1 X-0.800 Y0.154
G1 X-0.800 Y0.052
G1 X-0.800 Y0.011
G1 X-0.800 Y-0.003
G1 X-0.800 Y-0.026
G1 X-0.800 Y-0.082
G1 X-0.800 Y-0.186
G1 X-0.800 Y-0.326
G1 X-0.800 Y-0.474
G1 X-0.800 Y-0.591
G1 X-0.800 Y-0.651
G1 X-0.800 Y-0.637
G1 X-0.800 Y-0.561
G1 X-0.800 Y-0.443
G1 X-0.800 Y-0.306
G1 X-0.800 Y-0.170
G1 X-0.800 Y-0.041
G1 X-0.800 Y0.069
G1 X-0.800 Y0.160
G1 X-0.800 Y0.222
G1 X-0.800 Y0.247
G1 X-0.800 Y0.229
G1 X-0.800 Y0.165
G1 X-0.800 Y0.059
G1 X-0.800 Y-0.088
G1 X-0.800 Y-0.266
G1 X-0.800 Y-0.464
G1 X-0.800 Y-0.650
G1 X-0.800 Y-0.766
G1 X-0.800 Y-0.726
G1 X-0.800 Y-0.448
G1 X-0.800 Y0.087
G1 X-0.800 Y0.769
G1 X-0.800 Y1.370
G1 X-0.800 Y1.648
G1 X-0.800 Y1.489
G1 X-0.800 Y0.992
G1 X-0.800 Y0.389
G1 X-0.800 Y-0.090
G1 X-0.800 Y-0.333
G1 X-0.800 Y-0.349
G1 X-0.800 Y-0.209
G1 X-0.800 Y0.002
G1 X-0.800 Y0.211
G1 X-0.800 Y0.342
G1 X-0.800 Y0.327
G1 X-0.800 Y0.106
G1 X-0.800 Y-0.311
G1 X-0.800 Y-0.832
G1 X-0.800 Y-1.275
G1 X-0.800 Y-1.475
G1 X-0.800 Y-1.353
G1 X-0.800 Y-0.975
G1 X-0.800 Y-0.493
G1 X-0.800 Y-0.057
G1 X-0.800 Y0.243
G1 X-0.800 Y0.390
G1 X-0.800 Y0.418
G1 X-0.800 Y0.375
G1 X-0.800 Y0.302
G1 X-0.800 Y0.231
G1 X-0.800 Y0.182
G1 X0.000 Y4.131
G1 X0.800 Y-0.164
G1 X0.800 Y-0.212
G1 X0.800 Y-0.298
G1 X0.800 Y-0.418
G1 X0.800 Y-0.567
G1 X0.800 Y-0.721
G1 X0.800 Y-0.838
G1 X0.800 Y-0.853
G1 X0.800 Y-0.694
G1 X0.800 Y-0.324
G1 X0.800 Y0.218
G1 X0.800 Y0.799
G1 X0.800 Y1.240
G1 X0.800 Y1.400
G1 X0.800 Y1.264
G1 X0.800 Y0.932
G1 X0.800 Y0.559
G1 X0.800 Y0.261
G1 X0.800 Y0.089
G1 X0.800 Y0.017
G1 X0.800 Y-0.020
G1 X0.800 Y-0.102
G1 X0.800 Y-0.296
G1 X0.800 Y-0.630
G1 X0.800 Y-1.049
G1 X0.800 Y-1.401
G1 X0.800 Y-1.494
G1 X0.800 Y-1.199
G1 X0.800 Y-0.569
G1 X0.800 Y0.181
G1 X0.800 Y0.792
G1 X0.800 Y1.106
G1 X0.800 Y1.117
G1 X0.800 Y0.932
G1 X0.800 Y0.670
G1 X0.800 Y0.417
G1 X0.800 Y0.204
G1 X0.800 Y0.034
G1 X0.800 Y-0.111
G1 X0.800 Y-0.237
G1 X0.800 Y-0.344
G1 X0.800 Y-0.418
G1 X0.800 Y-0.452
G1 X0.800 Y-0.435
G1 X0.800 Y-0.375
G1 X0.800 Y-0.279
G1 X0.800 Y-0.162
G1 X0.800 Y-0.034
G1 X0.800 Y0.096
G1 X0.800 Y0.223
G1 X0.800 Y0.337
G1 X0.800 Y0.426
G1 X0.800 Y0.480
G1 X0.800 Y0.485
G1 X0.800 Y0.445
G1 X0.800 Y0.369
G1 X0.800 Y0.271
G1 X0.800 Y0.167
G1 X0.800 Y0.064
G1 X0.800 Y-0.043
G1 X0.800 Y-0.163
G1 X0.800 Y-0.307
G1 X0.800 Y-0.477
G1 X0.800 Y-0.657
G1 X0.800 Y-0.813
G1 X0.800 Y-0.898
G1 X0.800 Y-0.878
G1 X0.800 Y-0.749
G1 X0.800 Y-0.543
G1 X0.800 Y-0.317
G1 X0.800 Y-0.130
G1 X0.800 Y-0.016
G1 X0.800 Y0.022
G1 X0.800 Y0.006
G1 X0.800 Y-0.020
G1 X0.800 Y-0.006
G1 X0.800 Y0.095
G1 X0.800 Y0.317
G1 X0.800 Y0.645
G1 X0.800 Y1.008
G1 X0.800 Y1.283
G1 X0.800 Y1.345
G1 X0.800 Y1.140
G1 X0.800 Y0.724
G1 X0.800 Y0.239
G1 X0.800 Y-0.161
G1 X0.800 Y-0.383
G1 X0.800 Y-0.414
G1 X0.800 Y-0.296
G1 X0.800 Y-0.090
G1 X0.800 Y0.146
G1 X0.800 Y0.351
G1 X0.800 Y0.449
G1 X0.800 Y0.347
G1 X0.800 Y-0.031
G1 X0.800 Y-0.671
G1 X0.800 Y-1.391
G1 X0.800 Y-1.857
G1 X0.800 Y-1.744
G1 X0.800 Y-0.978
G1 X0.800 Y0.165
G1 X0.800 Y1.195
G1 X0.800 Y1.719
G1 X0.800 Y1.652
G1 X0.800 Y1.189
G1 X0.800 Y0.625
G1 X0.800 Y0.177
G1 X0.800 Y-0.068
G1 X0.800 Y-0.131
G1 X0.800 Y-0.076
G1 X0.800 Y0.023
G1 X0.800 Y0.105
G1 X0.800 Y0.117
G1 X0.800 Y0.019
G1 X0.800 Y-0.196
G1 X0.800 Y-0.501
G1 X0.800 Y-0.822
G1 X0.800 Y-1.069
G1 X0.800 Y-1.166
G1 X0.800 Y-1.089
G1 X0.800 Y-0.876
G1 X0.800 Y-0.598
G1 X0.800 Y-0.331
G1 X0.800 Y-0.127
G1 X0.800 Y-0.005
G1 X0.800 Y0.043
G1 X0.800 Y0.040
G1 X0.800 Y0.013
G1 X0.800 Y-0.019
G1 X0.800 Y-0.036
G1 X0.800 Y-0.035
G1 X0.800 Y-0.014
G1 X0.800 Y0.017
G1 X0.800 Y0.046
G1 X0.800 Y0.065
G1 X0.800 Y0.063
G1 X0.800 Y0.043
G1 X0.800 Y0.006
G1 X0.800 Y-0.033
G1 X0.800 Y-0.065
G1 X0.800 Y-0.076
G1 X0.800 Y-0.056
G1 X0.800 Y-0.003
G1 X0.800 Y0.078
G1 X0.800 Y0.173
G1 X0.800 Y0.260
G1 X0.800 Y0.325
G1 X0.800 Y0.353
G1 X0.800 Y0.339
G1 X0.800 Y0.291
G1 X0.800 Y0.218
G1 X0.800 Y0.135
G1 X0.800 Y0.052
G1 X0.800 Y-0.020
G1 X0.800 Y-0.072
G1 X0.800 Y-0.099
G1 X0.800 Y-0.098
G1 X0.800 Y-0.067
G1 X0.800 Y-0.008
G1 X0.800 Y0.075
G1 X0.800 Y0.187
G1 X0.800 Y0.321
G1 X0.800 Y0.474
G1 X0.800 Y0.628
G1 X0.800 Y0.751
G1 X0.800 Y0.802
G1 X0.800 Y0.743
G1 X0.800 Y0.571
G1 X0.800 Y0.318
G1 X0.800 Y0.054
G1 X0.800 Y-0.142
G1 X0.800 Y-0.225
G1 X0.800 Y-0.189
G1 X0.800 Y-0.062
G1 X0.800 Y0.101
G1 X0.800 Y0.232
G1 X0.800 Y0.236
G1 X0.800 Y0.027
G1 X0.800 Y-0.439
G1 X0.800 Y-1.067
G1 X0.000 Y-0.563
G1 X-0.800 Y1.588
G1 X-0.800 Y1.118
G1 X-0.800 Y0.522
G1 X-0.800 Y0.048
G1 X-0.800 Y-0.197
G1 X-0.800 Y-0.232
G1 X-0.800 Y-0.134
G1 X-0.800 Y0.015
G1 X-0.800 Y0.146
G1 X-0.800 Y0.208
G1 X-0.800 Y0.173
G1 X-0.800 Y0.037
G1 X-0.800 Y-0.166
G1 X-0.800 Y-0.382
G1 X-0.800 Y-0.549
G1 X-0.800 Y-0.632
G1 X-0.800 Y-0.622
G1 X-0.800 Y-0.540
G1 X-0.800 Y-0.418
G1 X-0.800 Y-0.282
G1 X-0.800 Y-0.151
G1 X-0.800 Y-0.040
G1 X-0.800 Y0.048
G1 X-0.800 Y0.107
G1 X-0.800 Y0.134
G1 X-0.800 Y0.129
G1 X-0.800 Y0.093
G1 X-0.800 Y0.028
G1 X-0.800 Y-0.058
G1 X-0.800 Y-0.161
G1 X-0.800 Y-0.272
G1 X-0.800 Y-0.379
G1 X-0.800 Y-0.468
G1 X-0.800 Y-0.524
G1 X-0.800 Y-0.529
G1 X-0.800 Y-0.476
G1 X-0.800 Y-0.370
G1 X-0.800 Y-0.229
G1 X-0.800 Y-0.082
G1 X-0.800 Y0.043
G1 X-0.800 Y0.128
G1 X-0.800 Y0.165
G1 X-0.800 Y0.157
G1 X-0.800 Y0.117
G1 X-0.800 Y0.060
G1 X-0.800 Y-0.001
G1 X-0.800 Y-0.053
G1 X-0.800 Y-0.089
G1 X-0.800 Y-0.105
G1 X-0.800 Y-0.101
G1 X-0.800 Y-0.084
G1 X-0.800 Y-0.061
G1 X-0.800 Y-0.033
G1 X-0.800 Y-0.007
G1 X-0.800 Y0.024
G1 X-0.800 Y0.067
G1 X-0.800 Y0.132
G1 X-0.800 Y0.230
G1 X-0.800 Y0.362
G1 X-0.800 Y0.518
G1 X-0.800 Y0.677
G1 X-0.800 Y0.802
G1 X-0.800 Y0.860
G1 X-0.800 Y0.832
G1 X-0.800 Y0.724
G1 X-0.800 Y0.559
G1 X-0.800 Y0.382
G1 X-0.800 Y0.227
G1 X-0.800 Y0.112
G1 X-0.800 Y0.035
G1 X-0.800 Y-0.024
G1 X-0.800 Y-0.107
G1 X-0.800 Y-0.250
G1 X-0.800 Y-0.485
G1 X-0.800 Y-0.806
G1 X-0.800 Y-1.146
G1 X-0.800 Y-1.376
G1 X-0.800 Y-1.336
G1 X-0.800 Y-0.926
G1 X-0.800 Y-0.192
G1 X-0.800 Y0.652
G1 X-0.800 Y1.314
G1 X-0.800 Y1.586
G1 X-0.800 Y1.444
G1 X-0.800 Y1.031
G1 X-0.800 Y0.557
G1 X-0.800 Y0.179
G1 X-0.800 Y-0.033
G1 X-0.800 Y-0.092
G1 X-0.800 Y-0.051
G1 X-0.800 Y0.029
G1 X-0.800 Y0.084
G1 X-0.800 Y0.066
G1 X-0.800 Y-0.061
G1 X-0.800 Y-0.301
G1 X-0.800 Y-0.613
G1 X-0.800 Y-0.914
G1 X-0.800 Y-1.112
G1 X-0.800 Y-1.145
G1 X-0.800 Y-1.010
G1 X-0.800 Y-0.765
G1 X-0.800 Y-0.490
G1 X-0.800 Y-0.257
G1 X-0.800 Y-0.103
G1 X-0.800 Y-0.025
G1 X-0.800 Y-0.002
G1 X-0.800 Y0.001
G1 X-0.800 Y0.016
G1 X-0.800 Y0.066
G1 X-0.800 Y0.162
G1 X-0.800 Y0.292
G1 X-0.800 Y0.432
G1 X-0.800 Y0.549
G1 X-0.800 Y0.613
G1 X-0.800 Y0.613
G1 X-0.800 Y0.549
G1 X-0.800 Y0.443
G1 X-0.800 Y0.312
G1 X-0.800 Y0.173
G1 X-0.800 Y0.037
G1 X-0.800 Y-0.089
G1 X-0.800 Y-0.204
G1 X-0.800 Y-0.298
G1 X-0.800 Y-0.364
G1 X-0.800 Y-0.395
G1 X-0.800 Y-0.385
G1 X-0.800 Y-0.338
G1 X-0.800 Y-0.263
G1 X-0.800 Y-0.166
G1 X-0.800 Y-0.060
G1 X-0.800 Y0.059
G1 X-0.800 Y0.184
G1 X-0.800 Y0.319
G1 X-0.800 Y0.451
G1 X-0.800 Y0.567
G1 X-0.800 Y0.642
G1 X-0.800 Y0.657
G1 X-0.800 Y0.605
G1 X-0.800 Y0.498
G1 X-0.800 Y0.363
G1 X-0.800 Y0.228
G1 X-0.800 Y0.110
G1 X-0.800 Y0.004
G1 X-0.800 Y-0.112
G1 X-0.800 Y-0.273
G1 X-0.800 Y-0.507
G1 X-0.800 Y-0.807
G1 X-0.800 Y-1.112
G1 X-0.800 Y-1.299
G1 X-0.800 Y-1.229
G1 X-0.800 Y-0.834
G1 X-0.800 Y-0.191
G1 X-0.800 Y0.495
G1 X-0.800 Y0.996
G1 X-0.800 Y1.189
G1 X-0.800 Y1.095
G1 X-0.800 Y0.835
G1 X-0.800 Y0.530
G1 X-0.800 Y0.249
G1 X-0.800 Y-0.003
G1 X-0.800 Y-0.252
G1 X-0.800 Y-0.526
G1 X-0.800 Y-0.817
G1 X-0.800 Y-1.059
G1 X-0.800 Y-1.149
G1 X-0.800 Y-0.987
G1 X-0.800 Y-0.556
G1 X-0.800 Y0.043
G1 X-0.800 Y0.632
G1 X-0.800 Y1.042
G1 X-0.800 Y1.196
G1 X-0.800 Y1.120
G1 X-0.800 Y0.910
G1 X-0.800 Y0.661
G1 X-0.800 Y0.439
G1 X-0.800 Y0.272
G1 X-0.800 Y0.161
G1 X-0.800 Y0.094
G1 X-0.800 Y0.056
G1 X-0.800 Y0.038
G1 X0.000 Y0.955
G1 X0.800 Y0.052
G1 X0.800 Y0.056
G1 X0.800 Y0.068
G1 X0.800 Y0.074
G1 X0.800 Y0.060
G1 X0.800 Y0.001
G1 X0.800 Y-0.134
G1 X0.800 Y-0.361
G1 X0.800 Y-0.674
G1 X0.800 Y-1.017
G1 X0.800 Y-1.285
G1 X0.800 Y-1.357
G1 X0.800 Y-1.147
G1 X0.800 Y-0.683
G1 X0.800 Y-0.099
G1 X0.800 Y0.422
G1 X0.800 Y0.741
G1 X0.800 Y0.818
G1 X0.800 Y0.700
G1 X0.800 Y0.469
G1 X0.800 Y0.188
G1 X0.800 Y-0.105
G1 X0.800 Y-0.394
G1 X0.800 Y-0.648
G1 X0.800 Y-0.809
G1 X0.800 Y-0.792
G1 X0.800 Y-0.529
G1 X0.800 Y-0.038
G1 X0.800 Y0.557
G1 X0.800 Y1.061
G1 X0.800 Y1.315
G1 X0.800 Y1.275
G1 X0.800 Y1.022
G1 X0.800 Y0.693
G1 X0.800 Y0.400
G1 X0.800 Y0.194
G1 X0.800 Y0.069
G1 X0.800 Y-0.009
G1 X0.800 Y-0.090
G1 X0.800 Y-0.203
G1 X0.800 Y-0.360
G1 X0.800 Y-0.544
G1 X0.800 Y-0.714
G1 X0.800 Y-0.826
G1 X0.800 Y-0.846
G1 X0.800 Y-0.774
G1 X0.800 Y-0.638
G1 X0.800 Y-0.474
G1 X0.800 Y-0.317
G1 X0.800 Y-0.186
G1 X0.800 Y-0.081
G1 X0.800 Y0.005
G1 X0.800 Y0.082
G1 X0.800 Y0.159
G1 X0.800 Y0.235
G1 X0.800 Y0.303
G1 X0.800 Y0.348
G1 X0.800 Y0.364
G1 X0.800 Y0.341
G1 X0.800 Y0.284
G1 X0.800 Y0.197
G1 X0.800 Y0.092
G1 X0.800 Y-0.025
G1 X0.800 Y-0.140
G1 X0.800 Y-0.248
G1 X0.800 Y-0.335
G1 X0.800 Y-0.391
G1 X0.800 Y-0.409
G1 X0.800 Y-0.387
G1 X0.800 Y-0.330
G1 X0.800 Y-0.254
G1 X0.800 Y-0.175
G1 X0.800 Y-0.104
G1 X0.800 Y-0.050
G1 X0.800 Y-0.008
G1 X0.800 Y0.036
G1 X0.800 Y0.095
G1 X0.800 Y0.185
G1 X0.800 Y0.311
G1 X0.800 Y0.467
G1 X0.800 Y0.629
G1 X0.800 Y0.761
G1 X0.800 Y0.830
G1 X0.800 Y0.817
G1 X0.800 Y0.723
G1 X0.800 Y0.576
G1 X0.800 Y0.411
G1 X0.800 Y0.259
G1 X0.800 Y0.135
G1 X0.800 Y0.033
G1 X0.800 Y-0.063
G1 X0.800 Y-0.181
G1 X0.800 Y-0.344
G1 X0.800 Y-0.556
G1 X0.800 Y-0.799
G1 X0.800 Y-1.015
G1 X0.800 Y-1.129
G1 X0.800 Y-1.071
G1 X0.800 Y-0.814
G1 X0.800 Y-0.401
G1 X0.800 Y0.070
G1 X0.800 Y0.484
G1 X0.800 Y0.754
G1 X0.800 Y0.855
G1 X0.800 Y0.812
G1 X0.800 Y0.675
G1 X0.800 Y0.499
G1 X0.800 Y0.317
G1 X0.800 Y0.149
G1 X0.800 Y-0.005
G1 X0.800 Y-0.143
G1 X0.800 Y-0.270
G1 X0.800 Y-0.378
G1 X0.800 Y-0.461
G1 X0.800 Y-0.509
G1 X0.800 Y-0.517
G1 X0.800 Y-0.484
G1 X0.800 Y-0.422
G1 X0.800 Y-0.341
G1 X0.800 Y-0.257
G1 X0.800 Y-0.177
G1 X0.800 Y-0.108
G1 X0.800 Y-0.053
G1 X0.800 Y-0.004
G1 X0.800 Y0.036
G1 X0.800 Y0.072
G1 X0.800 Y0.101
G1 X0.800 Y0.119
G1 X0.800 Y0.123
G1 X0.800 Y0.107
G1 X0.800 Y0.070
G1 X0.800 Y0.012
G1 X0.800 Y-0.060
G1 X0.800 Y-0.136
G1 X0.800 Y-0.205
G1 X0.800 Y-0.248
G1 X0.800 Y-0.248
G1 X0.800 Y-0.189
G1 X0.800 Y-0.067
G1 X0.800 Y0.110
G1 X0.800 Y0.317
G1 X0.800 Y0.512
G1 X0.800 Y0.659
G1 X0.800 Y0.729
G1 X0.800 Y0.719
G1 X0.800 Y0.642
G1 X0.800 Y0.525
G1 X0.800 Y0.390
G1 X0.800 Y0.259
G1 X0.800 Y0.142
G1 X0.800 Y0.039
G1 X0.800 Y-0.043
G1 X0.800 Y-0.108
G1 X0.800 Y-0.148
G1 X0.800 Y-0.161
G1 X0.800 Y-0.143
G1 X0.800 Y-0.092
G1 X0.800 Y-0.013
G1 X0.800 Y0.088
G1 X0.800 Y0.202
G1 X0.800 Y0.314
G1 X0.800 Y0.404
G1 X0.800 Y0.450
G1 X0.800 Y0.431
G1 X0.800 Y0.342
G1 X0.800 Y0.196
G1 X0.800 Y0.029
G1 X0.800 Y-0.110
G1 X0.800 Y-0.185
G1 X0.800 Y-0.175
G1 X0.800 Y-0.090
G1 X0.800 Y0.038
G1 X0.800 Y0.165
G1 X0.800 Y0.224
G1 X0.800 Y0.139
G1 X0.800 Y-0.149
G1 X0.800 Y-0.633
G1 X0.800 Y-1.188
G1 X0.800 Y-1.578
G1 X0.800 Y-1.586
G1 X0.000 Y-0.054
G1 X-0.800 Y1.032
G1 X-0.800 Y1.481
G1 X-0.800 Y1.560
G1 X-0.800 Y1.266
G1 X-0.800 Y0.765
G1 X-0.800 Y0.277
G1 X-0.800 Y-0.058
G1 X-0.800 Y-0.199
G1 X-0.800 Y-0.190
G1 X-0.800 Y-0.093
G1 X-0.800 Y0.027
G1 X-0.800 Y0.125
G1 X-0.800 Y0.171
G1 X-0.800 Y0.151
G1 X-0.800 Y0.073
G1 X-0.800 Y-0.038
G1 X-0.800 Y-0.150
G1 X-0.800 Y-0.230
G1 X-0.800 Y-0.262
G1 X-0.800 Y-0.244
G1 X-0.800 Y-0.185
G1 X-0.800 Y-0.104
G1 X-0.800 Y-0.018
G1 X-0.800 Y0.059
G1 X-0.800 Y0.115
G1 X-0.800 Y0.144
G1 X-0.800 Y0.148
G1 X-0.800 Y0.129
G1 X-0.800 Y0.093
G1 X-0.800 Y0.047
G1 X-0.800 Y-0.006
G1 X-0.800 Y-0.071
G1 X-0.800 Y-0.158
G1 X-0.800 Y-0.271
G1 X-0.800 Y-0.417
G1 X-0.800 Y-0.584
G1 X-0.800 Y-0.750
G1 X-0.800 Y-0.876
G1 X-0.800 Y-0.923
G1 X-0.800 Y-0.863
G1 X-0.800 Y-0.700
G1 X-0.800 Y-0.463
G1 X-0.800 Y-0.205
G1 X-0.800 Y0.024
G1 X-0.800 Y0.186
G1 X-0.800 Y0.270
G1 X-0.800 Y0.283
G1 X-0.800 Y0.241
G1 X-0.800 Y0.168
G1 X-0.800 Y0.081
G1 X-0.800 Y-0.002
G1 X-0.800 Y-0.073
G1 X-0.800 Y-0.124
G1 X-0.800 Y-0.153
G1 X-0.800 Y-0.159
G1 X-0.800 Y-0.148
G1 X-0.800 Y-0.125
G1 X-0.800 Y-0.095
G1 X-0.800 Y-0.065
G1 X-0.800 Y-0.036
G1 X-0.800 Y-0.008
G1 X-0.800 Y0.019
G1 X-0.800 Y0.045
G1 X-0.800 Y0.074
G1 X-0.800 Y0.102
G1 X-0.800 Y0.126
G1 X-0.800 Y0.142
G1 X-0.800 Y0.145
G1 X-0.800 Y0.130
G1 X-0.800 Y0.097
G1 X-0.800 Y0.046
G1 X-0.800 Y-0.019
G1 X-0.800 Y-0.091
G1 X-0.800 Y-0.160
G1 X-0.800 Y-0.216
G1 X-0.800 Y-0.244
G1 X-0.800 Y-0.234
G1 X-0.800 Y-0.175
G1 X-0.800 Y-0.067
G1 X-0.800 Y0.078
G1 X-0.800 Y0.241
G1 X-0.800 Y0.393
G1 X-0.800 Y0.506
G1 X-0.800 Y0.565
G1 X-0.800 Y0.563
G1 X-0.800 Y0.509
G1 X-0.800 Y0.414
G1 X-0.800 Y0.299
G1 X-0.800 Y0.173
G1 X-0.800 Y0.047
G1 X-0.800 Y-0.074
G1 X-0.800 Y-0.188
G1 X-0.800 Y-0.287
G1 X-0.800 Y-0.364
G1 X-0.800 Y-0.415
G1 X-0.800 Y-0.431
G1 X-0.800 Y-0.412
G1 X-0.800 Y-0.366
G1 X-0.800 Y-0.300
G1 X-0.800 Y-0.225
G1 X-0.800 Y-0.155
G1 X-0.800 Y-0.090
G1 X-0.800 Y-0.033
G1 X-0.800 Y0.019
G1 X-0.800 Y0.072
G1 X-0.800 Y0.130
G1 X-0.800 Y0.193
G1 X-0.800 Y0.255
G1 X-0.800 Y0.307
G1 X-0.800 Y0.342
G1 X-0.800 Y0.347
G1 X-0.800 Y0.322
G1 X-0.800 Y0.265
G1 X-0.800 Y0.184
G1 X-0.800 Y0.083
G1 X-0.800 Y-0.027
G1 X-0.800 Y-0.141
G1 X-0.800 Y-0.247
G1 X-0.800 Y-0.337
G1 X-0.800 Y-0.396
G1 X-0.800 Y-0.419
G1 X-0.800 Y-0.398
G1 X-0.800 Y-0.340
G1 X-0.800 Y-0.260
G1 X-0.800 Y-0.175
G1 X-0.800 Y-0.100
G1 X-0.800 Y-0.047
G1 X-0.800 Y-0.010
G1 X-0.800 Y0.027
G1 X-0.800 Y0.080
G1 X-0.800 Y0.175
G1 X-0.800 Y0.322
G1 X-0.800 Y0.513
G1 X-0.800 Y0.720
G1 X-0.800 Y0.888
G1 X-0.800 Y0.965
G1 X-0.800 Y0.925
G1 X-0.800 Y0.777
G1 X-0.800 Y0.569
G1 X-0.800 Y0.359
G1 X-0.800 Y0.190
G1 X-0.800 Y0.078
G1 X-0.800 Y0.002
G1 X-0.800 Y-0.077
G1 X-0.800 Y-0.205
G1 X-0.800 Y-0.415
G1 X-0.800 Y-0.707
G1 X-0.800 Y-1.019
G1 X-0.800 Y-1.246
G1 X-0.800 Y-1.267
G1 X-0.800 Y-1.029
G1 X-0.800 Y-0.586
G1 X-0.800 Y-0.084
G1 X-0.800 Y0.320
G1 X-0.800 Y0.533
G1 X-0.800 Y0.543
G1 X-0.800 Y0.403
G1 X-0.800 Y0.177
G1 X-0.800 Y-0.079
G1 X-0.800 Y-0.323
G1 X-0.800 Y-0.505
G1 X-0.800 Y-0.562
G1 X-0.800 Y-0.428
G1 X-0.800 Y-0.080
G1 X-0.800 Y0.428
G1 X-0.800 Y0.952
G1 X-0.800 Y1.319
G1 X-0.800 Y1.411
G1 X-0.800 Y1.226
G1 X-0.800 Y0.862
G1 X-0.800 Y0.457
G1 X-0.800 Y0.121
G1 X-0.800 Y-0.099
G1 X-0.800 Y-0.204
G1 X-0.800 Y-0.223
G1 X-0.800 Y-0.195
G1 X-0.800 Y-0.148
G1 X-0.800 Y-0.105
G1 X-0.800 Y-0.077
G1 X-0.800 Y-0.070
G1 X0.000 Y0.834
G1 X0.800 Y0.058
G1 X0.800 Y0.058
G1 X0.800 Y0.083
G1 X0.800 Y0.128
G1 X0.800 Y0.189
G1 X0.800 Y0.251
G1 X0.800 Y0.289
G1 X0.800 Y0.270
G1 X0.800 Y0.155
G1 X0.800 Y-0.087
G1 X0.800 Y-0.448
G1 X0.800 Y-0.872
G1 X0.800 Y-1.239
G1 X0.800 Y-1.411
G1 X0.800 Y-1.305
G1 X0.800 Y-0.942
G1 X0.800 Y-0.447
G1 X0.800 Y0.016
G1 X0.800 Y0.322
G1 X0.800 Y0.432
G1 X0.800 Y0.374
G1 X0.800 Y0.205
G1 X0.800 Y-0.013
G1 X0.800 Y-0.225
G1 X0.800 Y-0.383
G1 X0.800 Y-0.424
G1 X0.800 Y-0.301
G1 X0.800 Y0.004
G1 X0.800 Y0.435
G1 X0.800 Y0.869
G1 X0.800 Y1.165
G1 X0.800 Y1.236
G1 X0.800 Y1.091
G1 X0.800 Y0.817
G1 X0.800 Y0.523
G1 X0.800 Y0.286
G1 X0.800 Y0.126
G1 X0.800 Y0.027
G1 X0.800 Y-0.053
G1 X0.800 Y-0.160
G1 X0.800 Y-0.316
G1 X0.800 Y-0.523
G1 X0.800 Y-0.746
G1 X0.800 Y-0.925
G1 X0.800 Y-1.003
G1 X0.800 Y-0.951
G1 X0.800 Y-0.787
G1 X0.800 Y-0.563
G1 X0.800 Y-0.343
G1 X0.800 Y-0.171
G1 X0.800 Y-0.065
G1 X0.800 Y-0.016
G1 X0.800 Y-0.001
G1 X0.800 Y0.008
G1 X0.800 Y0.035
G1 X0.800 Y0.097
G1 X0.800 Y0.192
G1 X0.800 Y0.310
G1 X0.800 Y0.425
G1 X0.800 Y0.510
G1 X0.800 Y0.548
G1 X0.800 Y0.531
G1 X0.800 Y0.466
G1 X0.800 Y0.365
G1 X0.800 Y0.246
G1 X0.800 Y0.118
G1 X0.800 Y-0.007
G1 X0.800 Y-0.129
G1 X0.800 Y-0.239
G1 X0.800 Y-0.333
G1 X0.800 Y-0.404
G1 X0.800 Y-0.443
G1 X0.800 Y-0.448
G1 X0.800 Y-0.419
G1 X0.800 Y-0.366
G1 X0.800 Y-0.297
G1 X0.800 Y-0.224
G1 X0.800 Y-0.159
G1 X0.800 Y-0.102
G1 X0.800 Y-0.061
G1 X0.800 Y-0.028
G1 X0.800 Y-0.002
G1 X0.800 Y0.019
G1 X0.800 Y0.039
G1 X0.800 Y0.060
G1 X0.800 Y0.076
G1 X0.800 Y0.089
G1 X0.800 Y0.093
G1 X0.800 Y0.090
G1 X0.800 Y0.076
G1 X0.800 Y0.054
G1 X0.800 Y0.025
G1 X0.800 Y-0.005
G1 X0.800 Y-0.036
G1 X0.800 Y-0.062
G1 X0.800 Y-0.081
G1 X0.800 Y-0.093
G1 X0.800 Y-0.095
G1 X0.800 Y-0.090
G1 X0.800 Y-0.079
G1 X0.800 Y-0.064
G1 X0.800 Y-0.050
G1 X0.800 Y-0.035
G1 X0.800 Y-0.022
G1 X0.800 Y-0.012
G1 X0.800 Y-0.003
G1 X0.800 Y0.004
G1 X0.800 Y0.010
G1 X0.800 Y0.015
G1 X0.800 Y0.019
G1 X0.800 Y0.018
G1 X0.800 Y0.015
G1 X0.800 Y0.005
G1 X0.800 Y-0.006
G1 X0.800 Y-0.021
G1 X0.800 Y-0.033
G1 X0.800 Y-0.042
G1 X0.800 Y-0.040
G1 X0.800 Y-0.026
G1 X0.800 Y0.000
G1 X0.800 Y0.039
G1 X0.800 Y0.083
G1 X0.800 Y0.123
G1 X0.800 Y0.152
G1 X0.800 Y0.161
G1 X0.800 Y0.144
G1 X0.800 Y0.101
G1 X0.800 Y0.034
G1 X0.800 Y-0.047
G1 X0.800 Y-0.128
G1 X0.800 Y-0.193
G1 X0.800 Y-0.220
G1 X0.800 Y-0.184
G1 X0.800 Y-0.068
G1 X0.800 Y0.132
G1 X0.800 Y0.398
G1 X0.800 Y0.680
G1 X0.800 Y0.917
G1 X0.800 Y1.049
G1 X0.800 Y1.046
G1 X0.800 Y0.919
G1 X0.800 Y0.712
G1 X0.800 Y0.482
G1 X0.800 Y0.279
G1 X0.800 Y0.132
G1 X0.800 Y0.045
G1 X0.800 Y0.008
G1 X0.800 Y-0.001
G1 X0.800 Y0.001
G1 X0.800 Y-0.002
G1 X0.800 Y-0.015
G1 X0.800 Y-0.038
G1 X0.800 Y-0.063
G1 X0.800 Y-0.081
G1 X0.800 Y-0.082
G1 X0.800 Y-0.062
G1 X0.800 Y-0.023
G1 X0.800 Y0.024
G1 X0.800 Y0.071
G1 X0.800 Y0.098
G1 X0.800 Y0.098
G1 X0.800 Y0.064
G1 X0.800 Y0.004
G1 X0.800 Y-0.070
G1 X0.800 Y-0.128
G1 X0.800 Y-0.154
G1 X0.800 Y-0.131
G1 X0.800 Y-0.060
G1 X0.800 Y0.042
G1 X0.800 Y0.143
G1 X0.800 Y0.200
G1 X0.800 Y0.151
G1 X0.800 Y-0.053
G1 X0.800 Y-0.428
G1 X0.800 Y-0.908
G1 X0.800 Y-1.337
G1 X0.800 Y-1.522
G1 X0.800 Y-1.353
G1 X0.800 Y-0.882
G1 X0.800 Y-0.302
G1 X0.000 Y1.390
G1 X-0.800 Y-0.190
G1 X-0.800 Y0.197
G1 X-0.800 Y0.720
G1 X-0.800 Y1.201
G1 X-0.800 Y1.456
G1 X-0.800 Y1.386
G1 X-0.800 Y1.048
G1 X-0.800 Y0.597
G1 X-0.800 Y0.192
G1 X-0.800 Y-0.074
G1 X-0.800 Y-0.186
G1 X-0.800 Y-0.181
G1 X-0.800 Y-0.108
G1 X-0.800 Y-0.014
G1 X-0.800 Y0.067
G1 X-0.800 Y0.120
G1 X-0.800 Y0.133
G1 X-0.800 Y0.117
G1 X-0.800 Y0.079
G1 X-0.800 Y0.040
G1 X-0.800 Y0.009
G1 X-0.800 Y-0.005
G1 X-0.800 Y-0.005
G1 X-0.800 Y0.002
G1 X-0.800 Y0.006
G1 X-0.800 Y0.000
G1 X-0.800 Y-0.023
G1 X-0.800 Y-0.059
G1 X-0.800 Y-0.098
G1 X-0.800 Y-0.129
G1 X-0.800 Y-0.138
G1 X-0.800 Y-0.118
G1 X-0.800 Y-0.068
G1 X-0.800 Y0.005
G1 X-0.800 Y0.087
G1 X-0.800 Y0.157
G1 X-0.800 Y0.188
G1 X-0.800 Y0.156
G1 X-0.800 Y0.034
G1 X-0.800 Y-0.180
G1 X-0.800 Y-0.465
G1 X-0.800 Y-0.764
G1 X-0.800 Y-1.006
G1 X-0.800 Y-1.125
G1 X-0.800 Y-1.089
G1 X-0.800 Y-0.917
G1 X-0.800 Y-0.661
G1 X-0.800 Y-0.393
G1 X-0.800 Y-0.169
G1 X-0.800 Y-0.017
G1 X-0.800 Y0.057
G1 X-0.800 Y0.069
G1 X-0.800 Y0.041
G1 X-0.800 Y-0.004
G1 X-0.800 Y-0.042
G1 X-0.800 Y-0.062
G1 X-0.800 Y-0.052
G1 X-0.800 Y-0.010
G1 X-0.800 Y0.058
G1 X-0.800 Y0.141
G1 X-0.800 Y0.224
G1 X-0.800 Y0.293
G1 X-0.800 Y0.337
G1 X-0.800 Y0.352
G1 X-0.800 Y0.337
G1 X-0.800 Y0.298
G1 X-0.800 Y0.243
G1 X-0.800 Y0.176
G1 X-0.800 Y0.105
G1 X-0.800 Y0.036
G1 X-0.800 Y-0.031
G1 X-0.800 Y-0.090
G1 X-0.800 Y-0.141
G1 X-0.800 Y-0.183
G1 X-0.800 Y-0.214
G1 X-0.800 Y-0.235
G1 X-0.800 Y-0.245
G1 X-0.800 Y-0.246
G1 X-0.800 Y-0.238
G1 X-0.800 Y-0.222
G1 X-0.800 Y-0.201
G1 X-0.800 Y-0.175
G1 X-0.800 Y-0.144
G1 X-0.800 Y-0.111
G1 X-0.800 Y-0.077
G1 X-0.800 Y-0.041
G1 X-0.800 Y-0.008
G1 X-0.800 Y0.022
G1 X-0.800 Y0.046
G1 X-0.800 Y0.063
G1 X-0.800 Y0.068
G1 X-0.800 Y0.064
G1 X-0.800 Y0.049
G1 X-0.800 Y0.023
G1 X-0.800 Y-0.010
G1 X-0.800 Y-0.043
G1 X-0.800 Y-0.072
G1 X-0.800 Y-0.087
G1 X-0.800 Y-0.080
G1 X-0.800 Y-0.043
G1 X-0.800 Y0.031
G1 X-0.800 Y0.138
G1 X-0.800 Y0.271
G1 X-0.800 Y0.411
G1 X-0.800 Y0.536
G1 X-0.800 Y0.621
G1 X-0.800 Y0.655
G1 X-0.800 Y0.629
G1 X-0.800 Y0.556
G1 X-0.800 Y0.446
G1 X-0.800 Y0.319
G1 X-0.800 Y0.186
G1 X-0.800 Y0.052
G1 X-0.800 Y-0.083
G1 X-0.800 Y-0.220
G1 X-0.800 Y-0.358
G1 X-0.800 Y-0.488
G1 X-0.800 Y-0.593
G1 X-0.800 Y-0.654
G1 X-0.800 Y-0.655
G1 X-0.800 Y-0.591
G1 X-0.800 Y-0.476
G1 X-0.800 Y-0.339
G1 X-0.800 Y-0.208
G1 X-0.800 Y-0.107
G1 X-0.800 Y-0.043
G1 X-0.800 Y-0.009
G1 X-0.800 Y0.017
G1 X-0.800 Y0.063
G1 X-0.800 Y0.154
G1 X-0.800 Y0.305
G1 X-0.800 Y0.507
G1 X-0.800 Y0.726
G1 X-0.800 Y0.904
G1 X-0.800 Y0.987
G1 X-0.800 Y0.944
G1 X-0.800 Y0.792
G1 X-0.800 Y0.579
G1 X-0.800 Y0.366
G1 X-0.800 Y0.195
G1 X-0.800 Y0.081
G1 X-0.800 Y0.003
G1 X-0.800 Y-0.075
G1 X-0.800 Y-0.197
G1 X-0.800 Y-0.394
G1 X-0.800 Y-0.665
G1 X-0.800 Y-0.956
G1 X-0.800 Y-1.176
G1 X-0.800 Y-1.220
G1 X-0.800 Y-1.041
G1 X-0.800 Y-0.678
G1 X-0.800 Y-0.246
G1 X-0.800 Y0.118
G1 X-0.800 Y0.330
G1 X-0.800 Y0.372
G1 X-0.800 Y0.278
G1 X-0.800 Y0.101
G1 X-0.800 Y-0.102
G1 X-0.800 Y-0.280
G1 X-0.800 Y-0.376
G1 X-0.800 Y-0.332
G1 X-0.800 Y-0.106
G1 X-0.800 Y0.285
G1 X-0.800 Y0.758
G1 X-0.800 Y1.165
G1 X-0.800 Y1.370
G1 X-0.800 Y1.308
G1 X-0.800 Y1.022
G1 X-0.800 Y0.627
G1 X-0.800 Y0.246
G1 X-0.800 Y-0.039
G1 X-0.800 Y-0.202
G1 X-0.800 Y-0.259
G1 X-0.800 Y-0.246
G1 X-0.800 Y-0.195
G1 X-0.800 Y-0.135
G1 X-0.800 Y-0.084
G1 X-0.800 Y-0.050
G1 X-0.800 Y-0.039
G1 X-0.800 Y-0.048
G1 X0.000 Y1.597
G1 X0.800 Y0.050
G1 X0.800 Y0.031
G1 X0.800 Y0.029
G1 X0.800 Y0.046
G1 X0.800 Y0.080
G1 X0.800 Y0.122
G1 X0.800 Y0.165
G1 X0.800 Y0.186
G1 X0.800 Y0.155
G1 X0.800 Y0.044
G1 X0.800 Y-0.169
G1 X0.800 Y-0.481
G1 X0.800 Y-0.840
G1 X0.800 Y-1.154
G1 X0.800 Y-1.312
G1 X0.800 Y-1.241
G1 X0.800 Y-0.949
G1 X0.800 Y-0.529
G1 X0.800 Y-0.114
G1 X0.800 Y0.182
G1 X0.800 Y0.315
G1 X0.800 Y0.295
G1 X0.800 Y0.168
G1 X0.800 Y-0.010
G1 X0.800 Y-0.185
G1 X0.800 Y-0.304
G1 X0.800 Y-0.309
G1 X0.800 Y-0.157
G1 X0.800 Y0.159
G1 X0.800 Y0.580
G1 X0.800 Y0.981
G1 X0.800 Y1.234
G1 X0.800 Y1.257
G1 X0.800 Y1.068
G1 X0.800 Y0.761
G1 X0.800 Y0.450
G1 X0.800 Y0.212
G1 X0.800 Y0.074
G1 X0.800 Y0.016
G1 X0.800 Y-0.003
G1 X0.800 Y-0.034
G1 X0.800 Y-0.111
G1 X0.800 Y-0.257
G1 X0.800 Y-0.460
G1 X0.800 Y-0.679
G1 X0.800 Y-0.857
G1 X0.800 Y-0.941
G1 X0.800 Y-0.910
G1 X0.800 Y-0.779
G1 X0.800 Y-0.596
G1 X0.800 Y-0.407
G1 X0.800 Y-0.244
G1 X0.800 Y-0.123
G1 X0.800 Y-0.029
G1 X0.800 Y0.052
G1 X0.800 Y0.141
G1 X0.800 Y0.249
G1 X0.800 Y0.376
G1 X0.800 Y0.503
G1 X0.800 Y0.607
G1 X0.800 Y0.664
G1 X0.800 Y0.659
G1 X0.800 Y0.596
G1 X0.800 Y0.489
G1 X0.800 Y0.360
G1 X0.800 Y0.225
G1 X0.800 Y0.091
G1 X0.800 Y-0.042
G1 X0.800 Y-0.181
G1 X0.800 Y-0.331
G1 X0.800 Y-0.491
G1 X0.800 Y-0.647
G1 X0.800 Y-0.769
G1 X0.800 Y-0.828
G1 X0.800 Y-0.795
G1 X0.800 Y-0.660
G1 X0.800 Y-0.443
G1 X0.800 Y-0.183
G1 X0.800 Y0.071
G1 X0.800 Y0.275
G1 X0.800 Y0.404
G1 X0.800 Y0.451
G1 X0.800 Y0.428
G1 X0.800 Y0.355
G1 X0.800 Y0.249
G1 X0.800 Y0.127
G1 X0.800 Y0.002
G1 X0.800 Y-0.120
G1 X0.800 Y-0.230
G1 X0.800 Y-0.320
G1 X0.800 Y-0.383
G1 X0.800 Y-0.407
G1 X0.800 Y-0.382
G1 X0.800 Y-0.308
G1 X0.800 Y-0.183
G1 X0.800 Y-0.021
G1 X0.800 Y0.161
G1 X0.800 Y0.341
G1 X0.800 Y0.496
G1 X0.800 Y0.609
G1 X0.800 Y0.668
G1 X0.800 Y0.675
G1 X0.800 Y0.633
G1 X0.800 Y0.557
G1 X0.800 Y0.460
G1 X0.800 Y0.355
G1 X0.800 Y0.251
G1 X0.800 Y0.152
G1 X0.800 Y0.058
G1 X0.800 Y-0.033
G1 X0.800 Y-0.125
G1 X0.800 Y-0.224
G1 X0.800 Y-0.325
G1 X0.800 Y-0.427
G1 X0.800 Y-0.521
G1 X0.800 Y-0.589
G1 X0.800 Y-0.623
G1 X0.800 Y-0.612
G1 X0.800 Y-0.555
G1 X0.800 Y-0.462
G1 X0.800 Y-0.351
G1 X0.800 Y-0.240
G1 X0.800 Y-0.146
G1 X0.800 Y-0.076
G1 X0.800 Y-0.028
G1 X0.800 Y0.011
G1 X0.800 Y0.056
G1 X0.800 Y0.133
G1 X0.800 Y0.257
G1 X0.800 Y0.435
G1 X0.800 Y0.655
G1 X0.800 Y0.878
G1 X0.800 Y1.043
G1 X0.800 Y1.091
G1 X0.800 Y0.983
G1 X0.800 Y0.729
G1 X0.800 Y0.381
G1 X0.800 Y0.027
G1 X0.800 Y-0.262
G1 X0.800 Y-0.436
G1 X0.800 Y-0.492
G1 X0.800 Y-0.449
G1 X0.800 Y-0.343
G1 X0.800 Y-0.204
G1 X0.800 Y-0.057
G1 X0.800 Y0.080
G1 X0.800 Y0.195
G1 X0.800 Y0.279
G1 X0.800 Y0.324
G1 X0.800 Y0.329
G1 X0.800 Y0.298
G1 X0.800 Y0.243
G1 X0.800 Y0.180
G1 X0.800 Y0.119
G1 X0.800 Y0.069
G1 X0.800 Y0.032
G1 X0.800 Y0.004
G1 X0.800 Y-0.021
G1 X0.800 Y-0.047
G1 X0.800 Y-0.074
G1 X0.800 Y-0.097
G1 X0.800 Y-0.107
G1 X0.800 Y-0.096
G1 X0.800 Y-0.056
G1 X0.800 Y0.009
G1 X0.800 Y0.090
G1 X0.800 Y0.164
G1 X0.800 Y0.197
G1 X0.800 Y0.143
G1 X0.800 Y-0.036
G1 X0.800 Y-0.356
G1 X0.800 Y-0.771
G1 X0.800 Y-1.169
G1 X0.800 Y-1.402
G1 X0.800 Y-1.354
G1 X0.800 Y-1.032
G1 X0.800 Y-0.555
G1 X0.800 Y-0.099
G1 X0.800 Y0.201
G1 X0.800 Y0.302
G1 X0.000 Y1.305
G1 X-0.800 Y-0.148
G1 X-0.800 Y-0.241
G1 X-0.800 Y-0.200
G1 X-0.800 Y0.018
G1 X-0.800 Y0.400
G1 X-0.800 Y0.852
G1 X-0.800 Y1.222
G1 X-0.800 Y1.373
G1 X-0.800 Y1.257
G1 X-0.800 Y0.935
G1 X-0.800 Y0.534
G1 X-0.800 Y0.177
G1 X-0.800 Y-0.066
G1 X-0.800 Y-0.183
G1 X-0.800 Y-0.200
G1 X-0.800 Y-0.158
G1 X-0.800 Y-0.089
G1 X-0.800 Y-0.022
G1 X-0.800 Y0.029
G1 X-0.800 Y0.058
G1 X-0.800 Y0.064
G1 X-0.800 Y0.052
G1 X-0.800 Y0.028
G1 X-0.800 Y-0.008
G1 X-0.800 Y-0.052
G1 X-0.800 Y-0.108
G1 X-0.800 Y-0.176
G1 X-0.800 Y-0.254
G1 X-0.800 Y-0.339
G1 X-0.800 Y-0.416
G1 X-0.800 Y-0.471
G1 X-0.800 Y-0.492
G1 X-0.800 Y-0.469
G1 X-0.800 Y-0.407
G1 X-0.800 Y-0.309
G1 X-0.800 Y-0.187
G1 X-0.800 Y-0.048
G1 X-0.800 Y0.107
G1 X-0.800 Y0.272
G1 X-0.800 Y0.444
G1 X-0.800 Y0.607
G1 X-0.800 Y0.729
G1 X-0.800 Y0.770
G1 X-0.800 Y0.688
G1 X-0.800 Y0.469
G1 X-0.800 Y0.135
G1 X-0.800 Y-0.251
G1 X-0.800 Y-0.602
G1 X-0.800 Y-0.844
G1 X-0.800 Y-0.939
G1 X-0.800 Y-0.898
G1 X-0.800 Y-0.762
G1 X-0.800 Y-0.582
G1 X-0.800 Y-0.400
G1 X-0.800 Y-0.235
G1 X-0.800 Y-0.094
G1 X-0.800 Y0.034
G1 X-0.800 Y0.156
G1 X-0.800 Y0.281
G1 X-0.800 Y0.406
G1 X-0.800 Y0.524
G1 X-0.800 Y0.616
G1 X-0.800 Y0.666
G1 X-0.800 Y0.662
G1 X-0.800 Y0.607
G1 X-0.800 Y0.511
G1 X-0.800 Y0.394
G1 X-0.800 Y0.277
G1 X-0.800 Y0.176
G1 X-0.800 Y0.099
G1 X-0.800 Y0.042
G1 X-0.800 Y-0.004
G1 X-0.800 Y-0.051
G1 X-0.800 Y-0.117
G1 X-0.800 Y-0.217
G1 X-0.800 Y-0.356
G1 X-0.800 Y-0.531
G1 X-0.800 Y-0.721
G1 X-0.800 Y-0.893
G1 X-0.800 Y-0.999
G1 X-0.800 Y-0.998
G1 X-0.800 Y-0.866
G1 X-0.800 Y-0.609
G1 X-0.800 Y-0.268
G1 X-0.800 Y0.095
G1 X-0.800 Y0.413
G1 X-0.800 Y0.637
G1 X-0.800 Y0.741
G1 X-0.800 Y0.737
G1 X-0.800 Y0.649
G1 X-0.800 Y0.511
G1 X-0.800 Y0.349
G1 X-0.800 Y0.183
G1 X-0.800 Y0.016
G1 X-0.800 Y-0.152
G1 X-0.800 Y-0.323
G1 X-0.800 Y-0.492
G1 X-0.800 Y-0.642
G1 X-0.800 Y-0.745
G1 X-0.800 Y-0.762
G1 X-0.800 Y-0.663
G1 X-0.800 Y-0.439
G1 X-0.800 Y-0.118
G1 X-0.800 Y0.242
G1 X-0.800 Y0.564
G1 X-0.800 Y0.786
G1 X-0.800 Y0.876
G1 X-0.800 Y0.844
G1 X-0.800 Y0.722
G1 X-0.800 Y0.557
G1 X-0.800 Y0.384
G1 X-0.800 Y0.221
G1 X-0.800 Y0.076
G1 X-0.800 Y-0.056
G1 X-0.800 Y-0.181
G1 X-0.800 Y-0.301
G1 X-0.800 Y-0.408
G1 X-0.800 Y-0.491
G1 X-0.800 Y-0.537
G1 X-0.800 Y-0.534
G1 X-0.800 Y-0.486
G1 X-0.800 Y-0.401
G1 X-0.800 Y-0.292
G1 X-0.800 Y-0.173
G1 X-0.800 Y-0.048
G1 X-0.800 Y0.082
G1 X-0.800 Y0.226
G1 X-0.800 Y0.388
G1 X-0.800 Y0.559
G1 X-0.800 Y0.719
G1 X-0.800 Y0.828
G1 X-0.800 Y0.849
G1 X-0.800 Y0.761
G1 X-0.800 Y0.574
G1 X-0.800 Y0.336
G1 X-0.800 Y0.108
G1 X-0.800 Y-0.054
G1 X-0.800 Y-0.127
G1 X-0.800 Y-0.110
G1 X-0.800 Y-0.034
G1 X-0.800 Y0.062
G1 X-0.800 Y0.131
G1 X-0.800 Y0.117
G1 X-0.800 Y-0.022
G1 X-0.800 Y-0.302
G1 X-0.800 Y-0.686
G1 X-0.800 Y-1.069
G1 X-0.800 Y-1.316
G1 X-0.800 Y-1.323
G1 X-0.800 Y-1.083
G1 X-0.800 Y-0.688
G1 X-0.800 Y-0.278
G1 X-0.800 Y0.029
G1 X-0.800 Y0.180
G1 X-0.800 Y0.186
G1 X-0.800 Y0.095
G1 X-0.800 Y-0.037
G1 X-0.800 Y-0.152
G1 X-0.800 Y-0.195
G1 X-0.800 Y-0.120
G1 X-0.800 Y0.094
G1 X-0.800 Y0.424
G1 X-0.800 Y0.794
G1 X-0.800 Y1.095
G1 X-0.800 Y1.231
G1 X-0.800 Y1.166
G1 X-0.800 Y0.938
G1 X-0.800 Y0.630
G1 X-0.800 Y0.329
G1 X-0.800 Y0.096
G1 X-0.800 Y-0.049
G1 X-0.800 Y-0.113
G1 X-0.800 Y-0.122
G1 X-0.800 Y-0.101
G1 X-0.800 Y-0.069
G1 X-0.800 Y-0.041
G1 X-0.800 Y-0.025
G1 X-0.800 Y-0.024
G1 X-0.800 Y-0.035
G1 X-0.800 Y-0.062
G1 X0.000 Y1.159
G1 X0.800 Y0.094
G1 X0.800 Y0.056
G1 X0.800 Y0.032
G1 X0.800 Y0.021
G1 X0.800 Y0.025
G1 X0.800 Y0.041
G1 X0.800 Y0.068
G1 X0.800 Y0.097
G1 X0.800 Y0.113
G1 X0.800 Y0.100
G1 X0.800 Y0.033
G1 X0.800 Y-0.108
G1 X0.800 Y-0.326
G1 X0.800 Y-0.596
G1 X0.800 Y-0.869
G1 X0.800 Y-1.068
G1 X0.800 Y-1.131
G1 X0.800 Y-1.030
G1 X0.800 Y-0.803
G1 X0.800 Y-0.519
G1 X0.800 Y-0.260
G1 X0.800 Y-0.083
G1 X0.800 Y0.000
G1 X0.800 Y0.010
G1 X0.800 Y-0.009
G1 X0.800 Y-0.002
G1 X0.800 Y0.088
G1 X0.800 Y0.295
G1 X0.800 Y0.618
G1 X0.800 Y0.988
G1 X0.800 Y1.283
G1 X0.800 Y1.369
G1 X0.800 Y1.175
G1 X0.800 Y0.749
G1 X0.800 Y0.231
G1 X0.800 Y-0.219
G1 X0.800 Y-0.491
G1 X0.800 Y-0.569
G1 X0.800 Y-0.488
G1 X0.800 Y-0.314
G1 X0.800 Y-0.097
G1 X0.800 Y0.124
G1 X0.800 Y0.320
G1 X0.800 Y0.462
G1 X0.800 Y0.515
G1 X0.800 Y0.452
G1 X0.800 Y0.269
G1 X0.800 Y-0.002
G1 X0.800 Y-0.298
G1 X0.800 Y-0.548
G1 X0.800 Y-0.699
G1 X0.800 Y-0.737
G1 X0.800 Y-0.675
G1 X0.800 Y-0.551
G1 X0.800 Y-0.398
G1 X0.800 Y-0.243
G1 X0.800 Y-0.098
G1 X0.800 Y0.030
G1 X0.800 Y0.140
G1 X0.800 Y0.228
G1 X0.800 Y0.288
G1 X0.800 Y0.316
G1 X0.800 Y0.308
G1 X0.800 Y0.268
G1 X0.800 Y0.196
G1 X0.800 Y0.103
G1 X0.800 Y-0.009
G1 X0.800 Y-0.140
G1 X0.800 Y-0.283
G1 X0.800 Y-0.437
G1 X0.800 Y-0.585
G1 X0.800 Y-0.704
G1 X0.800 Y-0.754
G1 X0.800 Y-0.703
G1 X0.800 Y-0.529
G1 X0.800 Y-0.241
G1 X0.800 Y0.111
G1 X0.800 Y0.458
G1 X0.800 Y0.724
G1 X0.800 Y0.866
G1 X0.800 Y0.874
G1 X0.800 Y0.775
G1 X0.800 Y0.616
G1 X0.800 Y0.432
G1 X0.800 Y0.253
G1 X0.800 Y0.083
G1 X0.800 Y-0.081
G1 X0.800 Y-0.253
G1 X0.800 Y-0.440
G1 X0.800 Y-0.632
G1 X0.800 Y-0.807
G1 X0.800 Y-0.916
G1 X0.800 Y-0.906
G1 X0.800 Y-0.733
G1 X0.800 Y-0.396
G1 X0.800 Y0.058
G1 X0.800 Y0.534
G1 X0.800 Y0.925
G1 X0.800 Y1.150
G1 X0.800 Y1.180
G1 X0.800 Y1.043
G1 X0.800 Y0.806
G1 X0.800 Y0.546
G1 X0.800 Y0.315
G1 X0.800 Y0.150
G1 X0.800 Y0.050
G1 X0.800 Y0.008
G1 X0.800 Y-0.001
G1 X0.800 Y0.001
G1 X0.800 Y-0.006
G1 X0.800 Y-0.036
G1 X0.800 Y-0.101
G1 X0.800 Y-0.193
G1 X0.800 Y-0.305
G1 X0.800 Y-0.413
G1 X0.800 Y-0.496
G1 X0.800 Y-0.538
G1 X0.800 Y-0.526
G1 X0.800 Y-0.467
G1 X0.800 Y-0.367
G1 X0.800 Y-0.240
G1 X0.800 Y-0.094
G1 X0.800 Y0.063
G1 X0.800 Y0.229
G1 X0.800 Y0.395
G1 X0.800 Y0.549
G1 X0.800 Y0.664
G1 X0.800 Y0.703
G1 X0.800 Y0.630
G1 X0.800 Y0.428
G1 X0.800 Y0.115
G1 X0.800 Y-0.254
G1 X0.800 Y-0.600
G1 X0.800 Y-0.845
G1 X0.800 Y-0.950
G1 X0.800 Y-0.918
G1 X0.800 Y-0.785
G1 X0.800 Y-0.605
G1 X0.800 Y-0.419
G1 X0.800 Y-0.253
G1 X0.800 Y-0.113
G1 X0.800 Y0.008
G1 X0.800 Y0.122
G1 X0.800 Y0.235
G1 X0.800 Y0.348
G1 X0.800 Y0.451
G1 X0.800 Y0.531
G1 X0.800 Y0.575
G1 X0.800 Y0.573
G1 X0.800 Y0.531
G1 X0.800 Y0.456
G1 X0.800 Y0.367
G1 X0.800 Y0.274
G1 X0.800 Y0.190
G1 X0.800 Y0.119
G1 X0.800 Y0.064
G1 X0.800 Y0.024
G1 X0.800 Y0.000
G1 X0.800 Y-0.004
G1 X0.800 Y0.012
G1 X0.800 Y0.049
G1 X0.800 Y0.102
G1 X0.800 Y0.160
G1 X0.800 Y0.205
G1 X0.800 Y0.209
G1 X0.800 Y0.136
G1 X0.800 Y-0.044
G1 X0.800 Y-0.339
G1 X0.800 Y-0.711
G1 X0.800 Y-1.071
G1 X0.800 Y-1.299
G1 X0.800 Y-1.302
G1 X0.800 Y-1.066
G1 X0.800 Y-0.676
G1 X0.800 Y-0.267
G1 X0.800 Y0.038
G1 X0.800 Y0.183
G1 X0.800 Y0.177
G1 X0.800 Y0.069
G1 X0.800 Y-0.073
G1 X0.000 Y0.865
G1 X-0.800 Y0.153
G1 X-0.800 Y0.108
G1 X-0.800 Y-0.004
G1 X-0.800 Y-0.111
G1 X-0.800 Y-0.151
G1 X-0.800 Y-0.067
G1 X-0.800 Y0.166
G1 X-0.800 Y0.518
G1 X-0.800 Y0.904
G1 X-0.800 Y1.195
G1 X-0.800 Y1.292
G1 X-0.800 Y1.164
G1 X-0.800 Y0.869
G1 X-0.800 Y0.507
G1 X-0.800 Y0.180
G1 X-0.800 Y-0.056
G1 X-0.800 Y-0.186
G1 X-0.800 Y-0.227
G1 X-0.800 Y-0.212
G1 X-0.800 Y-0.170
G1 X-0.800 Y-0.121
G1 X-0.800 Y-0.083
G1 X-0.800 Y-0.061
G1 X-0.800 Y-0.060
G1 X-0.800 Y-0.079
G1 X-0.800 Y-0.118
G1 X-0.800 Y-0.177
G1 X-0.800 Y-0.251
G1 X-0.800 Y-0.338
G1 X-0.800 Y-0.431
G1 X-0.800 Y-0.517
G1 X-0.800 Y-0.581
G1 X-0.800 Y-0.609
G1 X-0.800 Y-0.590
G1 X-0.800 Y-0.527
G1 X-0.800 Y-0.432
G1 X-0.800 Y-0.321
G1 X-0.800 Y-0.215
G1 X-0.800 Y-0.124
G1 X-0.800 Y-0.052
G1 X-0.800 Y0.011
G1 X-0.800 Y0.081
G1 X-0.800 Y0.178
G1 X-0.800 Y0.317
G1 X-0.800 Y0.500
G1 X-0.800 Y0.708
G1 X-0.800 Y0.901
G1 X-0.800 Y1.023
G1 X-0.800 Y1.024
G1 X-0.800 Y0.882
G1 X-0.800 Y0.615
G1 X-0.800 Y0.282
G1 X-0.800 Y-0.041
G1 X-0.800 Y-0.292
G1 X-0.800 Y-0.437
G1 X-0.800 Y-0.476
G1 X-0.800 Y-0.429
G1 X-0.800 Y-0.325
G1 X-0.800 Y-0.191
G1 X-0.800 Y-0.049
G1 X-0.800 Y0.086
G1 X-0.800 Y0.205
G1 X-0.800 Y0.295
G1 X-0.800 Y0.350
G1 X-0.800 Y0.362
G1 X-0.800 Y0.332
G1 X-0.800 Y0.272
G1 X-0.800 Y0.191
G1 X-0.800 Y0.111
G1 X-0.800 Y0.048
G1 X-0.800 Y0.008
G1 X-0.800 Y-0.006
G1 X-0.800 Y-0.001
G1 X-0.800 Y0.006
G1 X-0.800 Y-0.005
G1 X-0.800 Y-0.056
G1 X-0.800 Y-0.168
G1 X-0.800 Y-0.351
G1 X-0.800 Y-0.595
G1 X-0.800 Y-0.864
G1 X-0.800 Y-1.091
G1 X-0.800 Y-1.201
G1 X-0.800 Y-1.130
G1 X-0.800 Y-0.860
G1 X-0.800 Y-0.438
G1 X-0.800 Y0.043
G1 X-0.800 Y0.472
G1 X-0.800 Y0.766
G1 X-0.800 Y0.892
G1 X-0.800 Y0.866
G1 X-0.800 Y0.739
G1 X-0.800 Y0.559
G1 X-0.800 Y0.370
G1 X-0.800 Y0.189
G1 X-0.800 Y0.020
G1 X-0.800 Y-0.144
G1 X-0.800 Y-0.309
G1 X-0.800 Y-0.475
G1 X-0.800 Y-0.630
G1 X-0.800 Y-0.745
G1 X-0.800 Y-0.794
G1 X-0.800 Y-0.748
G1 X-0.800 Y-0.604
G1 X-0.800 Y-0.383
G1 X-0.800 Y-0.124
G1 X-0.800 Y0.121
G1 X-0.800 Y0.311
G1 X-0.800 Y0.425
G1 X-0.800 Y0.461
G1 X-0.800 Y0.432
G1 X-0.800 Y0.362
G1 X-0.800 Y0.269
G1 X-0.800 Y0.174
G1 X-0.800 Y0.084
G1 X-0.800 Y0.013
G1 X-0.800 Y-0.037
G1 X-0.800 Y-0.062
G1 X-0.800 Y-0.059
G1 X-0.800 Y-0.028
G1 X-0.800 Y0.030
G1 X-0.800 Y0.113
G1 X-0.800 Y0.220
G1 X-0.800 Y0.348
G1 X-0.800 Y0.487
G1 X-0.800 Y0.619
G1 X-0.800 Y0.714
G1 X-0.800 Y0.728
G1 X-0.800 Y0.625
G1 X-0.800 Y0.384
G1 X-0.800 Y0.032
G1 X-0.800 Y-0.364
G1 X-0.800 Y-0.707
G1 X-0.800 Y-0.917
G1 X-0.800 Y-0.961
G1 X-0.800 Y-0.859
G1 X-0.800 Y-0.666
G1 X-0.800 Y-0.440
G1 X-0.800 Y-0.217
G1 X-0.800 Y-0.001
G1 X-0.800 Y0.219
G1 X-0.800 Y0.461
G1 X-0.800 Y0.721
G1 X-0.800 Y0.951
G1 X-0.800 Y1.069
G1 X-0.800 Y0.980
G1 X-0.800 Y0.637
G1 X-0.800 Y0.090
G1 X-0.800 Y-0.508
G1 X-0.800 Y-0.977
G1 X-0.800 Y-1.197
G1 X-0.800 Y-1.158
G1 X-0.800 Y-0.943
G1 X-0.800 Y-0.662
G1 X-0.800 Y-0.403
G1 X-0.800 Y-0.197
G1 X-0.800 Y-0.036
G1 X-0.800 Y0.110
G1 X-0.800 Y0.271
G1 X-0.800 Y0.462
G1 X-0.800 Y0.668
G1 X-0.800 Y0.850
G1 X-0.800 Y0.956
G1 X-0.800 Y0.946
G1 X-0.800 Y0.814
G1 X-0.800 Y0.593
G1 X-0.800 Y0.339
G1 X-0.800 Y0.109
G1 X-0.800 Y-0.058
G1 X-0.800 Y-0.152
G1 X-0.800 Y-0.182
G1 X-0.800 Y-0.167
G1 X-0.800 Y-0.128
G1 X-0.800 Y-0.084
G1 X-0.800 Y-0.047
G1 X-0.800 Y-0.025
G1 X-0.800 Y-0.020
G1 X-0.800 Y-0.034
G1 X-0.800 Y-0.064
G1 X-0.800 Y-0.111
G1 X-0.800 Y-0.174
G1 X0.000 Y-0.239
G1 X0.800 Y0.301
G1 X0.800 Y0.209
G1 X0.800 Y0.129
G1 X0.800 Y0.067
G1 X0.800 Y0.025
G1 X0.800 Y0.005
G1 X0.800 Y0.010
G1 X0.800 Y0.040
G1 X0.800 Y0.092
G1 X0.800 Y0.162
G1 X0.800 Y0.237
G1 X0.800 Y0.306
G1 X0.800 Y0.349
G1 X0.800 Y0.344
G1 X0.800 Y0.273
G1 X0.800 Y0.133
G1 X0.800 Y-0.065
G1 X0.800 Y-0.281
G1 X0.800 Y-0.472
G1 X0.800 Y-0.590
G1 X0.800 Y-0.614
G1 X0.800 Y-0.547
G1 X0.800 Y-0.406
G1 X0.800 Y-0.219
G1 X0.800 Y-0.005
G1 X0.800 Y0.223
G1 X0.800 Y0.447
G1 X0.800 Y0.637
G1 X0.800 Y0.740
G1 X0.800 Y0.685
G1 X0.800 Y0.422
G1 X0.800 Y-0.037
G1 X0.800 Y-0.592
G1 X0.800 Y-1.073
G1 X0.800 Y-1.333
G1 X0.800 Y-1.311
G1 X0.800 Y-1.062
G1 X0.800 Y-0.715
G1 X0.800 Y-0.392
G1 X0.800 Y-0.168
G1 X0.800 Y-0.051
G1 X0.800 Y-0.007
G1 X0.800 Y0.020
G1 X0.800 Y0.088
G1 X0.800 Y0.243
G1 X0.800 Y0.504
G1 X0.800 Y0.834
G1 X0.800 Y1.150
G1 X0.800 Y1.325
G1 X0.800 Y1.260
G1 X0.800 Y0.933
G1 X0.800 Y0.417
G1 X0.800 Y-0.140
G1 X0.800 Y-0.602
G1 X0.800 Y-0.879
G1 X0.800 Y-0.964
G1 X0.800 Y-0.903
G1 X0.800 Y-0.759
G1 X0.800 Y-0.590
G1 X0.800 Y-0.433
G1 X0.800 Y-0.304
G1 X0.800 Y-0.207
G1 X0.800 Y-0.140
G1 X0.800 Y-0.097
G1 X0.800 Y-0.075
G1 X0.800 Y-0.068
G1 X0.800 Y-0.075
G1 X0.800 Y-0.089
G1 X0.800 Y-0.106
G1 X0.800 Y-0.116
G1 X0.800 Y-0.114
G1 X0.800 Y-0.089
G1 X0.800 Y-0.034
G1 X0.800 Y0.050
G1 X0.800 Y0.157
G1 X0.800 Y0.277
G1 X0.800 Y0.389
G1 X0.800 Y0.475
G1 X0.800 Y0.520
G1 X0.800 Y0.515
G1 X0.800 Y0.465
G1 X0.800 Y0.375
G1 X0.800 Y0.260
G1 X0.800 Y0.125
G1 X0.800 Y-0.020
G1 X0.800 Y-0.172
G1 X0.800 Y-0.328
G1 X0.800 Y-0.474
G1 X0.800 Y-0.595
G1 X0.800 Y-0.657
G1 X0.800 Y-0.631
G1 X0.800 Y-0.491
G1 X0.800 Y-0.233
G1 X0.800 Y0.111
G1 X0.800 Y0.482
G1 X0.800 Y0.802
G1 X0.800 Y1.008
G1 X0.800 Y1.069
G1 X0.800 Y0.993
G1 X0.800 Y0.823
G1 X0.800 Y0.611
G1 X0.800 Y0.408
G1 X0.800 Y0.243
G1 X0.800 Y0.128
G1 X0.800 Y0.058
G1 X0.800 Y0.021
G1 X0.800 Y-0.001
G1 X0.800 Y-0.020
G1 X0.800 Y-0.047
G1 X0.800 Y-0.087
G1 X0.800 Y-0.136
G1 X0.800 Y-0.186
G1 X0.800 Y-0.227
G1 X0.800 Y-0.247
G1 X0.800 Y-0.239
G1 X0.800 Y-0.199
G1 X0.800 Y-0.129
G1 X0.800 Y-0.034
G1 X0.800 Y0.074
G1 X0.800 Y0.185
G1 X0.800 Y0.284
G1 X0.800 Y0.345
G1 X0.800 Y0.347
G1 X0.800 Y0.265
G1 X0.800 Y0.086
G1 X0.800 Y-0.178
G1 X0.800 Y-0.487
G1 X0.800 Y-0.780
G1 X0.800 Y-0.989
G1 X0.800 Y-1.068
G1 X0.800 Y-1.008
G1 X0.800 Y-0.842
G1 X0.800 Y-0.622
G1 X0.800 Y-0.405
G1 X0.800 Y-0.230
G1 X0.800 Y-0.110
G1 X0.800 Y-0.043
G1 X0.800 Y-0.010
G1 X0.800 Y0.012
G1 X0.800 Y0.043
G1 X0.800 Y0.099
G1 X0.800 Y0.184
G1 X0.800 Y0.293
G1 X0.800 Y0.410
G1 X0.800 Y0.514
G1 X0.800 Y0.583
G1 X0.800 Y0.607
G1 X0.800 Y0.586
G1 X0.800 Y0.528
G1 X0.800 Y0.447
G1 X0.800 Y0.359
G1 X0.800 Y0.277
G1 X0.800 Y0.206
G1 X0.800 Y0.153
G1 X0.800 Y0.119
G1 X0.800 Y0.107
G1 X0.800 Y0.114
G1 X0.800 Y0.140
G1 X0.800 Y0.177
G1 X0.800 Y0.217
G1 X0.800 Y0.238
G1 X0.800 Y0.220
G1 X0.800 Y0.132
G1 X0.800 Y-0.049
G1 X0.800 Y-0.325
G1 X0.800 Y-0.663
G1 X0.800 Y-0.991
G1 X0.800 Y-1.209
G1 X0.800 Y-1.242
G1 X0.800 Y-1.069
G1 X0.800 Y-0.751
G1 X0.800 Y-0.392
G1 X0.800 Y-0.100
G1 X0.800 Y0.069
G1 X0.800 Y0.107
G1 X0.800 Y0.052
G1 X0.800 Y-0.041
G1 X0.800 Y-0.106
G1 X0.800 Y-0.080
G1 X0.800 Y0.088
G1 X0.000 Y2.094
G1 X-0.800 Y-0.646
G1 X-0.800 Y-0.288
G1 X-0.800 Y-0.045
G1 X-0.800 Y0.059
G1 X-0.800 Y0.054
G1 X-0.800 Y-0.007
G1 X-0.800 Y-0.061
G1 X-0.800 Y-0.049
G1 X-0.800 Y0.070
G1 X-0.800 Y0.305
G1 X-0.800 Y0.624
G1 X-0.800 Y0.943
G1 X-0.800 Y1.164
G1 X-0.800 Y1.209
G1 X-0.800 Y1.067
G1 X-0.800 Y0.790
G1 X-0.800 Y0.462
G1 X-0.800 Y0.163
G1 X-0.800 Y-0.057
G1 X-0.800 Y-0.187
G1 X-0.800 Y-0.238
G1 X-0.800 Y-0.239
G1 X-0.800 Y-0.210
G1 X-0.800 Y-0.175
G1 X-0.800 Y-0.146
G1 X-0.800 Y-0.131
G1 X-0.800 Y-0.135
G1 X-0.800 Y-0.159
G1 X-0.800 Y-0.202
G1 X-0.800 Y-0.263
G1 X-0.800 Y-0.337
G1 X-0.800 Y-0.419
G1 X-0.800 Y-0.497
G1 X-0.800 Y-0.560
G1 X-0.800 Y-0.592
G1 X-0.800 Y-0.581
G1 X-0.800 Y-0.526
G1 X-0.800 Y-0.433
G1 X-0.800 Y-0.321
G1 X-0.800 Y-0.207
G1 X-0.800 Y-0.113
G1 X-0.800 Y-0.049
G1 X-0.800 Y-0.015
G1 X-0.800 Y-0.002
G1 X-0.800 Y0.009
G1 X-0.800 Y0.036
G1 X-0.800 Y0.104
G1 X-0.800 Y0.228
G1 X-0.800 Y0.410
G1 X-0.800 Y0.632
G1 X-0.800 Y0.851
G1 X-0.800 Y1.014
G1 X-0.800 Y1.070
G1 X-0.800 Y0.987
G1 X-0.800 Y0.779
G1 X-0.800 Y0.490
G1 X-0.800 Y0.184
G1 X-0.800 Y-0.079
G1 X-0.800 Y-0.262
G1 X-0.800 Y-0.353
G1 X-0.800 Y-0.362
G1 X-0.800 Y-0.314
G1 X-0.800 Y-0.228
G1 X-0.800 Y-0.128
G1 X-0.800 Y-0.028
G1 X-0.800 Y0.062
G1 X-0.800 Y0.134
G1 X-0.800 Y0.183
G1 X-0.800 Y0.206
G1 X-0.800 Y0.207
G1 X-0.800 Y0.186
G1 X-0.800 Y0.154
G1 X-0.800 Y0.112
G1 X-0.800 Y0.069
G1 X-0.800 Y0.025
G1 X-0.800 Y-0.023
G1 X-0.800 Y-0.079
G1 X-0.800 Y-0.150
G1 X-0.800 Y-0.242
G1 X-0.800 Y-0.358
G1 X-0.800 Y-0.491
G1 X-0.800 Y-0.628
G1 X-0.800 Y-0.747
G1 X-0.800 Y-0.821
G1 X-0.800 Y-0.827
G1 X-0.800 Y-0.756
G1 X-0.800 Y-0.611
G1 X-0.800 Y-0.417
G1 X-0.800 Y-0.204
G1 X-0.800 Y-0.009
G1 X-0.800 Y0.146
G1 X-0.800 Y0.244
G1 X-0.800 Y0.285
G1 X-0.800 Y0.278
G1 X-0.800 Y0.235
G1 X-0.800 Y0.171
G1 X-0.800 Y0.096
G1 X-0.800 Y0.023
G1 X-0.800 Y-0.043
G1 X-0.800 Y-0.098
G1 X-0.800 Y-0.136
G1 X-0.800 Y-0.158
G1 X-0.800 Y-0.164
G1 X-0.800 Y-0.156
G1 X-0.800 Y-0.141
G1 X-0.800 Y-0.118
G1 X-0.800 Y-0.096
G1 X-0.800 Y-0.074
G1 X-0.800 Y-0.055
G1 X-0.800 Y-0.042
G1 X-0.800 Y-0.032
G1 X-0.800 Y-0.028
G1 X-0.800 Y-0.029
G1 X-0.800 Y-0.032
G1 X-0.800 Y-0.037
G1 X-0.800 Y-0.036
G1 X-0.800 Y-0.021
G1 X-0.800 Y0.023
G1 X-0.800 Y0.114
G1 X-0.800 Y0.270
G1 X-0.800 Y0.502
G1 X-0.800 Y0.796
G1 X-0.800 Y1.099
G1 X-0.800 Y1.315
G1 X-0.800 Y1.315
G1 X-0.800 Y0.999
G1 X-0.800 Y0.367
G1 X-0.800 Y-0.446
G1 X-0.800 Y-1.185
G1 X-0.800 Y-1.601
G1 X-0.800 Y-1.581
G1 X-0.800 Y-1.196
G1 X-0.800 Y-0.645
G1 X-0.800 Y-0.141
G1 X-0.800 Y0.185
G1 X-0.800 Y0.304
G1 X-0.800 Y0.259
G1 X-0.800 Y0.115
G1 X-0.800 Y-0.065
G1 X-0.800 Y-0.221
G1 X-0.800 Y-0.297
G1 X-0.800 Y-0.239
G1 X-0.800 Y-0.013
G1 X-0.800 Y0.361
G1 X-0.800 Y0.801
G1 X-0.800 Y1.168
G1 X-0.800 Y1.336
G1 X-0.800 Y1.255
G1 X-0.800 Y0.969
G1 X-0.800 Y0.595
G1 X-0.800 Y0.252
G1 X-0.800 Y0.016
G1 X-0.800 Y-0.093
G1 X-0.800 Y-0.101
G1 X-0.800 Y-0.044
G1 X-0.800 Y0.030
G1 X-0.800 Y0.085
G1 X-0.800 Y0.095
G1 X-0.800 Y0.042
G1 X-0.800 Y-0.069
G1 X-0.800 Y-0.217
G1 X-0.800 Y-0.372
G1 X-0.800 Y-0.494
G1 X-0.800 Y-0.562
G1 X-0.800 Y-0.567
G1 X-0.800 Y-0.518
G1 X-0.800 Y-0.431
G1 X-0.800 Y-0.328
G1 X-0.800 Y-0.224
G1 X-0.800 Y-0.130
G1 X-0.800 Y-0.053
G1 X-0.800 Y0.002
G1 X-0.800 Y0.032
G1 X-0.800 Y0.035
G1 X-0.800 Y0.013
G1 X-0.800 Y-0.037
G1 X-0.800 Y-0.106
G1 X-0.800 Y-0.191
G1 X-0.800 Y-0.281
G1 X-0.800 Y-0.364
G1 X0.000 Y-0.478
G1 X0.800 Y0.211
G1 X0.800 Y0.203
G1 X0.800 Y0.160
G1 X0.800 Y0.102
G1 X0.800 Y0.040
G1 X0.800 Y-0.011
G1 X0.800 Y-0.047
G1 X0.800 Y-0.063
G1 X0.800 Y-0.059
G1 X0.800 Y-0.040
G1 X0.800 Y-0.005
G1 X0.800 Y0.042
G1 X0.800 Y0.103
G1 X0.800 Y0.179
G1 X0.800 Y0.271
G1 X0.800 Y0.375
G1 X0.800 Y0.481
G1 X0.800 Y0.570
G1 X0.800 Y0.626
G1 X0.800 Y0.632
G1 X0.800 Y0.584
G1 X0.800 Y0.493
G1 X0.800 Y0.375
G1 X0.800 Y0.247
G1 X0.800 Y0.123
G1 X0.800 Y-0.002
G1 X0.800 Y-0.136
G1 X0.800 Y-0.297
G1 X0.800 Y-0.491
G1 X0.800 Y-0.709
G1 X0.800 Y-0.909
G1 X0.800 Y-1.027
G1 X0.800 Y-0.999
G1 X0.800 Y-0.789
G1 X0.800 Y-0.432
G1 X0.800 Y-0.019
G1 X0.800 Y0.338
G1 X0.800 Y0.556
G1 X0.800 Y0.605
G1 X0.800 Y0.511
G1 X0.800 Y0.318
G1 X0.800 Y0.073
G1 X0.800 Y-0.190
G1 X0.800 Y-0.442
G1 X0.800 Y-0.628
G1 X0.800 Y-0.668
G1 X0.800 Y-0.458
G1 X0.800 Y0.053
G1 X0.800 Y0.798
G1 X0.800 Y1.528
G1 X0.800 Y1.897
G1 X0.800 Y1.645
G1 X0.800 Y0.796
G1 X0.800 Y-0.323
G1 X0.800 Y-1.265
G1 X0.800 Y-1.713
G1 X0.800 Y-1.619
G1 X0.800 Y-1.161
G1 X0.800 Y-0.587
G1 X0.800 Y-0.091
G1 X0.800 Y0.236
G1 X0.800 Y0.389
G1 X0.800 Y0.413
G1 X0.800 Y0.357
G1 X0.800 Y0.261
G1 X0.800 Y0.157
G1 X0.800 Y0.058
G1 X0.800 Y-0.025
G1 X0.800 Y-0.091
G1 X0.800 Y-0.137
G1 X0.800 Y-0.166
G1 X0.800 Y-0.179
G1 X0.800 Y-0.179
G1 X0.800 Y-0.172
G1 X0.800 Y-0.159
G1 X0.800 Y-0.145
G1 X0.800 Y-0.130
G1 X0.800 Y-0.117
G1 X0.800 Y-0.104
G1 X0.800 Y-0.092
G1 X0.800 Y-0.079
G1 X0.800 Y-0.062
G1 X0.800 Y-0.040
G1 X0.800 Y-0.007
G1 X0.800 Y0.036
G1 X0.800 Y0.095
G1 X0.800 Y0.165
G1 X0.800 Y0.247
G1 X0.800 Y0.334
G1 X0.800 Y0.420
G1 X0.800 Y0.491
G1 X0.800 Y0.544
G1 X0.800 Y0.567
G1 X0.800 Y0.561
G1 X0.800 Y0.526
G1 X0.800 Y0.468
G1 X0.800 Y0.394
G1 X0.800 Y0.314
G1 X0.800 Y0.235
G1 X0.800 Y0.159
G1 X0.800 Y0.091
G1 X0.800 Y0.029
G1 X0.800 Y-0.029
G1 X0.800 Y-0.082
G1 X0.800 Y-0.131
G1 X0.800 Y-0.173
G1 X0.800 Y-0.206
G1 X0.800 Y-0.225
G1 X0.800 Y-0.224
G1 X0.800 Y-0.204
G1 X0.800 Y-0.161
G1 X0.800 Y-0.097
G1 X0.800 Y-0.015
G1 X0.800 Y0.082
G1 X0.800 Y0.190
G1 X0.800 Y0.299
G1 X0.800 Y0.398
G1 X0.800 Y0.467
G1 X0.800 Y0.484
G1 X0.800 Y0.425
G1 X0.800 Y0.273
G1 X0.800 Y0.028
G1 X0.800 Y-0.279
G1 X0.800 Y-0.598
G1 X0.800 Y-0.863
G1 X0.800 Y-1.018
G1 X0.800 Y-1.041
G1 X0.800 Y-0.940
G1 X0.800 Y-0.756
G1 X0.800 Y-0.545
G1 X0.800 Y-0.350
G1 X0.800 Y-0.197
G1 X0.800 Y-0.097
G1 X0.800 Y-0.039
G1 X0.800 Y-0.005
G1 X0.800 Y0.021
G1 X0.800 Y0.059
G1 X0.800 Y0.118
G1 X0.800 Y0.203
G1 X0.800 Y0.303
G1 X0.800 Y0.407
G1 X0.800 Y0.495
G1 X0.800 Y0.551
G1 X0.800 Y0.570
G1 X0.800 Y0.548
G1 X0.800 Y0.495
G1 X0.800 Y0.425
G1 X0.800 Y0.347
G1 X0.800 Y0.274
G1 X0.800 Y0.211
G1 X0.800 Y0.165
G1 X0.800 Y0.134
G1 X0.800 Y0.124
G1 X0.800 Y0.131
G1 X0.800 Y0.154
G1 X0.800 Y0.188
G1 X0.800 Y0.220
G1 X0.800 Y0.238
G1 X0.800 Y0.218
G1 X0.800 Y0.137
G1 X0.800 Y-0.023
G1 X0.800 Y-0.269
G1 X0.800 Y-0.572
G1 X0.800 Y-0.875
G1 X0.800 Y-1.099
G1 X0.800 Y-1.174
G1 X0.800 Y-1.076
G1 X0.800 Y-0.835
G1 X0.800 Y-0.534
G1 X0.800 Y-0.258
G1 X0.800 Y-0.069
G1 X0.800 Y0.016
G1 X0.800 Y0.021
G1 X0.800 Y-0.012
G1 X0.800 Y-0.025
G1 X0.800 Y0.037
G1 X0.800 Y0.217
G1 X0.800 Y0.514
G1 X0.800 Y0.872
G1 X0.800 Y1.175
G1 X0.000 Y3.290
G1 X-0.800 Y-1.226
G1 X-0.800 Y-1.241
G1 X-0.800 Y-1.047
G1 X-0.800 Y-0.735
G1 X-0.800 Y-0.420
G1 X-0.800 Y-0.182
G1 X-0.800 Y-0.050
G1 X-0.800 Y-0.005
G1 X-0.800 Y0.000
G1 X-0.800 Y0.016
G1 X-0.800 Y0.090
G1 X-0.800 Y0.246
G1 X-0.800 Y0.483
G1 X-0.800 Y0.757
G1 X-0.800 Y0.995
G1 X-0.800 Y1.122
G1 X-0.800 Y1.093
G1 X-0.800 Y0.916
G1 X-0.800 Y0.642
G1 X-0.800 Y0.348
G1 X-0.800 Y0.092
G1 X-0.800 Y-0.089
G1 X-0.800 Y-0.189
G1 X-0.800 Y-0.224
G1 X-0.800 Y-0.213
G1 X-0.800 Y-0.181
G1 X-0.800 Y-0.142
G1 X-0.800 Y-0.110
G1 X-0.800 Y-0.090
G1 X-0.800 Y-0.087
G1 X-0.800 Y-0.101
G1 X-0.800 Y-0.131
G1 X-0.800 Y-0.176
G1 X-0.800 Y-0.236
G1 X-0.800 Y-0.304
G1 X-0.800 Y-0.378
G1 X-0.800 Y-0.446
G1 X-0.800 Y-0.499
G1 X-0.800 Y-0.528
G1 X-0.800 Y-0.523
G1 X-0.800 Y-0.486
G1 X-0.800 Y-0.418
G1 X-0.800 Y-0.334
G1 X-0.800 Y-0.245
G1 X-0.800 Y-0.160
G1 X-0.800 Y-0.086
G1 X-0.800 Y-0.018
G1 X-0.800 Y0.050
G1 X-0.800 Y0.132
G1 X-0.800 Y0.241
G1 X-0.800 Y0.385
G1 X-0.800 Y0.557
G1 X-0.800 Y0.737
G1 X-0.800 Y0.890
G1 X-0.800 Y0.969
G1 X-0.800 Y0.940
G1 X-0.800 Y0.782
G1 X-0.800 Y0.518
G1 X-0.800 Y0.192
G1 X-0.800 Y-0.132
G1 X-0.800 Y-0.398
G1 X-0.800 Y-0.570
G1 X-0.800 Y-0.640
G1 X-0.800 Y-0.624
G1 X-0.800 Y-0.547
G1 X-0.800 Y-0.436
G1 X-0.800 Y-0.313
G1 X-0.800 Y-0.190
G1 X-0.800 Y-0.075
G1 X-0.800 Y0.029
G1 X-0.800 Y0.121
G1 X-0.800 Y0.199
G1 X-0.800 Y0.262
G1 X-0.800 Y0.306
G1 X-0.800 Y0.330
G1 X-0.800 Y0.334
G1 X-0.800 Y0.318
G1 X-0.800 Y0.287
G1 X-0.800 Y0.245
G1 X-0.800 Y0.197
G1 X-0.800 Y0.148
G1 X-0.800 Y0.099
G1 X-0.800 Y0.050
G1 X-0.800 Y0.005
G1 X-0.800 Y-0.043
G1 X-0.800 Y-0.089
G1 X-0.800 Y-0.140
G1 X-0.800 Y-0.192
G1 X-0.800 Y-0.247
G1 X-0.800 Y-0.303
G1 X-0.800 Y-0.357
G1 X-0.800 Y-0.408
G1 X-0.800 Y-0.453
G1 X-0.800 Y-0.487
G1 X-0.800 Y-0.509
G1 X-0.800 Y-0.515
G1 X-0.800 Y-0.504
G1 X-0.800 Y-0.470
G1 X-0.800 Y-0.415
G1 X-0.800 Y-0.334
G1 X-0.800 Y-0.230
G1 X-0.800 Y-0.104
G1 X-0.800 Y0.038
G1 X-0.800 Y0.186
G1 X-0.800 Y0.328
G1 X-0.800 Y0.450
G1 X-0.800 Y0.538
G1 X-0.800 Y0.583
G1 X-0.800 Y0.581
G1 X-0.800 Y0.532
G1 X-0.800 Y0.445
G1 X-0.800 Y0.330
G1 X-0.800 Y0.195
G1 X-0.800 Y0.043
G1 X-0.800 Y-0.128
G1 X-0.800 Y-0.318
G1 X-0.800 Y-0.529
G1 X-0.800 Y-0.736
G1 X-0.800 Y-0.888
G1 X-0.800 Y-0.893
G1 X-0.800 Y-0.638
G1 X-0.800 Y-0.055
G1 X-0.800 Y0.787
G1 X-0.800 Y1.619
G1 X-0.800 Y2.031
G1 X-0.800 Y1.687
G1 X-0.800 Y0.605
G1 X-0.800 Y-0.767
G1 X-0.800 Y-1.793
G1 X-0.800 Y-2.040
G1 X-0.800 Y-1.531
G1 X-0.800 Y-0.644
G1 X-0.800 Y0.181
G1 X-0.800 Y0.685
G1 X-0.800 Y0.837
G1 X-0.800 Y0.735
G1 X-0.800 Y0.507
G1 X-0.800 Y0.237
G1 X-0.800 Y-0.029
G1 X-0.800 Y-0.277
G1 X-0.800 Y-0.487
G1 X-0.800 Y-0.634
G1 X-0.800 Y-0.678
G1 X-0.800 Y-0.597
G1 X-0.800 Y-0.391
G1 X-0.800 Y-0.108
G1 X-0.800 Y0.186
G1 X-0.800 Y0.416
G1 X-0.800 Y0.541
G1 X-0.800 Y0.556
G1 X-0.800 Y0.480
G1 X-0.800 Y0.348
G1 X-0.800 Y0.188
G1 X-0.800 Y0.024
G1 X-0.800 Y-0.130
G1 X-0.800 Y-0.261
G1 X-0.800 Y-0.362
G1 X-0.800 Y-0.416
G1 X-0.800 Y-0.424
G1 X-0.800 Y-0.384
G1 X-0.800 Y-0.311
G1 X-0.800 Y-0.222
G1 X-0.800 Y-0.136
G1 X-0.800 Y-0.068
G1 X-0.800 Y-0.024
G1 X-0.800 Y-0.004
G1 X-0.800 Y0.002
G1 X-0.800 Y0.000
G1 X-0.800 Y-0.002
G1 X-0.800 Y0.001
G1 X-0.800 Y0.008
G1 X-0.800 Y0.016
G1 X-0.800 Y0.020
G1 X-0.800 Y0.014
G1 X-0.800 Y0.001
G1 X-0.800 Y-0.015
G1 X-0.800 Y-0.027
G1 X-0.800 Y-0.018
G1 X-0.800 Y0.024
G1 X-0.800 Y0.109
G1 X0.000 Y0.972
G1 X0.800 Y-0.261
G1 X0.800 Y-0.145
G1 X0.800 Y-0.066
G1 X0.800 Y-0.024
G1 X0.800 Y-0.006
G1 X0.800 Y0.000
G1 X0.800 Y0.004
G1 X0.800 Y0.013
G1 X0.800 Y0.025
G1 X0.800 Y0.039
G1 X0.800 Y0.045
G1 X0.800 Y0.041
G1 X0.800 Y0.024
G1 X0.800 Y-0.002
G1 X0.800 Y-0.032
G1 X0.800 Y-0.055
G1 X0.800 Y-0.061
G1 X0.800 Y-0.040
G1 X0.800 Y0.008
G1 X0.800 Y0.079
G1 X0.800 Y0.160
G1 X0.800 Y0.233
G1 X0.800 Y0.278
G1 X0.800 Y0.283
G1 X0.800 Y0.242
G1 X0.800 Y0.161
G1 X0.800 Y0.051
G1 X0.800 Y-0.077
G1 X0.800 Y-0.200
G1 X0.800 Y-0.299
G1 X0.800 Y-0.348
G1 X0.800 Y-0.323
G1 X0.800 Y-0.212
G1 X0.800 Y-0.022
G1 X0.800 Y0.210
G1 X0.800 Y0.432
G1 X0.800 Y0.584
G1 X0.800 Y0.637
G1 X0.800 Y0.582
G1 X0.800 Y0.440
G1 X0.800 Y0.241
G1 X0.800 Y0.004
G1 X0.800 Y-0.254
G1 X0.800 Y-0.515
G1 X0.800 Y-0.733
G1 X0.800 Y-0.823
G1 X0.800 Y-0.655
G1 X0.800 Y-0.130
G1 X0.800 Y0.714
G1 X0.800 Y1.604
G1 X0.800 Y2.080
G1 X0.800 Y1.748
G1 X0.800 Y0.611
G1 X0.800 Y-0.840
G1 X0.800 Y-1.895
G1 X0.800 Y-2.095
G1 X0.800 Y-1.481
G1 X0.800 Y-0.484
G1 X0.800 Y0.424
G1 X0.800 Y0.967
G1 X0.800 Y1.121
G1 X0.800 Y1.005
G1 X0.800 Y0.767
G1 X0.800 Y0.507
G1 X0.800 Y0.277
G1 X0.800 Y0.080
G1 X0.800 Y-0.095
G1 X0.800 Y-0.260
G1 X0.800 Y-0.423
G1 X0.800 Y-0.576
G1 X0.800 Y-0.701
G1 X0.800 Y-0.775
G1 X0.800 Y-0.773
G1 X0.800 Y-0.686
G1 X0.800 Y-0.518
G1 X0.800 Y-0.290
G1 X0.800 Y-0.033
G1 X0.800 Y0.218
G1 X0.800 Y0.433
G1 X0.800 Y0.592
G1 X0.800 Y0.688
G1 X0.800 Y0.723
G1 X0.800 Y0.707
G1 X0.800 Y0.652
G1 X0.800 Y0.574
G1 X0.800 Y0.485
G1 X0.800 Y0.394
G1 X0.800 Y0.307
G1 X0.800 Y0.231
G1 X0.800 Y0.167
G1 X0.800 Y0.112
G1 X0.800 Y0.068
G1 X0.800 Y0.031
G1 X0.800 Y-0.004
G1 X0.800 Y-0.039
G1 X0.800 Y-0.075
G1 X0.800 Y-0.119
G1 X0.800 Y-0.169
G1 X0.800 Y-0.223
G1 X0.800 Y-0.282
G1 X0.800 Y-0.337
G1 X0.800 Y-0.383
G1 X0.800 Y-0.414
G1 X0.800 Y-0.426
G1 X0.800 Y-0.413
G1 X0.800 Y-0.378
G1 X0.800 Y-0.321
G1 X0.800 Y-0.248
G1 X0.800 Y-0.163
G1 X0.800 Y-0.067
G1 X0.800 Y0.038
G1 X0.800 Y0.152
G1 X0.800 Y0.276
G1 X0.800 Y0.406
G1 X0.800 Y0.535
G1 X0.800 Y0.641
G1 X0.800 Y0.703
G1 X0.800 Y0.688
G1 X0.800 Y0.577
G1 X0.800 Y0.363
G1 X0.800 Y0.069
G1 X0.800 Y-0.260
G1 X0.800 Y-0.563
G1 X0.800 Y-0.784
G1 X0.800 Y-0.893
G1 X0.800 Y-0.888
G1 X0.800 Y-0.793
G1 X0.800 Y-0.646
G1 X0.800 Y-0.482
G1 X0.800 Y-0.330
G1 X0.800 Y-0.199
G1 X0.800 Y-0.091
G1 X0.800 Y0.001
G1 X0.800 Y0.087
G1 X0.800 Y0.174
G1 X0.800 Y0.260
G1 X0.800 Y0.346
G1 X0.800 Y0.419
G1 X0.800 Y0.472
G1 X0.800 Y0.498
G1 X0.800 Y0.491
G1 X0.800 Y0.456
G1 X0.800 Y0.401
G1 X0.800 Y0.334
G1 X0.800 Y0.265
G1 X0.800 Y0.199
G1 X0.800 Y0.145
G1 X0.800 Y0.101
G1 X0.800 Y0.071
G1 X0.800 Y0.059
G1 X0.800 Y0.060
G1 X0.800 Y0.079
G1 X0.800 Y0.112
G1 X0.800 Y0.152
G1 X0.800 Y0.192
G1 X0.800 Y0.216
G1 X0.800 Y0.203
G1 X0.800 Y0.132
G1 X0.800 Y-0.013
G1 X0.800 Y-0.237
G1 X0.800 Y-0.516
G1 X0.800 Y-0.798
G1 X0.800 Y-1.016
G1 X0.800 Y-1.106
G1 X0.800 Y-1.044
G1 X0.800 Y-0.854
G1 X0.800 Y-0.600
G1 X0.800 Y-0.353
G1 X0.800 Y-0.166
G1 X0.800 Y-0.058
G1 X0.800 Y-0.012
G1 X0.800 Y0.011
G1 X0.800 Y0.057
G1 X0.800 Y0.175
G1 X0.800 Y0.386
G1 X0.800 Y0.676
G1 X0.800 Y0.981
G1 X0.800 Y1.193
G1 X0.800 Y1.222
G1 X0.800 Y1.036
G1 X0.000 Y-3.056
G1 X-0.800 Y-1.277
G1 X-0.800 Y-1.113
G1 X-0.800 Y-0.801
G1 X-0.800 Y-0.462
G1 X-0.800 Y-0.195
G1 X-0.800 Y-0.043
G1 X-0.800 Y0.009
G1 X-0.800 Y0.001
G1 X-0.800 Y-0.010
G1 X-0.800 Y0.028
G1 X-0.800 Y0.151
G1 X-0.800 Y0.368
G1 X-0.800 Y0.648
G1 X-0.800 Y0.924
G1 X-0.800 Y1.111
G1 X-0.800 Y1.146
G1 X-0.800 Y1.016
G1 X-0.800 Y0.763
G1 X-0.800 Y0.460
G1 X-0.800 Y0.177
G1 X-0.800 Y-0.036
G1 X-0.800 Y-0.167
G1 X-0.800 Y-0.225
G1 X-0.800 Y-0.228
G1 X-0.800 Y-0.204
G1 X-0.800 Y-0.167
G1 X-0.800 Y-0.135
G1 X-0.800 Y-0.114
G1 X-0.800 Y-0.109
G1 X-0.800 Y-0.122
G1 X-0.800 Y-0.152
G1 X-0.800 Y-0.200
G1 X-0.800 Y-0.260
G1 X-0.800 Y-0.333
G1 X-0.800 Y-0.408
G1 X-0.800 Y-0.477
G1 X-0.800 Y-0.529
G1 X-0.800 Y-0.552
G1 X-0.800 Y-0.539
G1 X-0.800 Y-0.490
G1 X-0.800 Y-0.411
G1 X-0.800 Y-0.317
G1 X-0.800 Y-0.222
G1 X-0.800 Y-0.139
G1 X-0.800 Y-0.074
G1 X-0.800 Y-0.024
G1 X-0.800 Y0.021
G1 X-0.800 Y0.077
G1 X-0.800 Y0.160
G1 X-0.800 Y0.283
G1 X-0.800 Y0.450
G1 X-0.800 Y0.644
G1 X-0.800 Y0.835
G1 X-0.800 Y0.976
G1 X-0.800 Y1.019
G1 X-0.800 Y0.933
G1 X-0.800 Y0.723
G1 X-0.800 Y0.422
G1 X-0.800 Y0.092
G1 X-0.800 Y-0.204
G1 X-0.800 Y-0.420
G1 X-0.800 Y-0.539
G1 X-0.800 Y-0.564
G1 X-0.800 Y-0.520
G1 X-0.800 Y-0.431
G1 X-0.800 Y-0.319
G1 X-0.800 Y-0.202
G1 X-0.800 Y-0.090
G1 X-0.800 Y0.011
G1 X-0.800 Y0.100
G1 X-0.800 Y0.170
G1 X-0.800 Y0.223
G1 X-0.800 Y0.256
G1 X-0.800 Y0.267
G1 X-0.800 Y0.259
G1 X-0.800 Y0.234
G1 X-0.800 Y0.199
G1 X-0.800 Y0.153
G1 X-0.800 Y0.104
G1 X-0.800 Y0.052
G1 X-0.800 Y-0.001
G1 X-0.800 Y-0.056
G1 X-0.800 Y-0.115
G1 X-0.800 Y-0.174
G1 X-0.800 Y-0.237
G1 X-0.800 Y-0.298
G1 X-0.800 Y-0.357
G1 X-0.800 Y-0.407
G1 X-0.800 Y-0.445
G1 X-0.800 Y-0.468
G1 X-0.800 Y-0.474
G1 X-0.800 Y-0.463
G1 X-0.800 Y-0.435
G1 X-0.800 Y-0.397
G1 X-0.800 Y-0.346
G1 X-0.800 Y-0.292
G1 X-0.800 Y-0.233
G1 X-0.800 Y-0.172
G1 X-0.800 Y-0.111
G1 X-0.800 Y-0.049
G1 X-0.800 Y0.015
G1 X-0.800 Y0.079
G1 X-0.800 Y0.144
G1 X-0.800 Y0.207
G1 X-0.800 Y0.267
G1 X-0.800 Y0.319
G1 X-0.800 Y0.358
G1 X-0.800 Y0.377
G1 X-0.800 Y0.376
G1 X-0.800 Y0.347
G1 X-0.800 Y0.292
G1 X-0.800 Y0.214
G1 X-0.800 Y0.109
G1 X-0.800 Y-0.015
G1 X-0.800 Y-0.160
G1 X-0.800 Y-0.319
G1 X-0.800 Y-0.481
G1 X-0.800 Y-0.615
G1 X-0.800 Y-0.673
G1 X-0.800 Y-0.580
G1 X-0.800 Y-0.263
G1 X-0.800 Y0.303
G1 X-0.800 Y1.026
G1 X-0.800 Y1.667
G1 X-0.800 Y1.895
G1 X-0.800 Y1.466
G1 X-0.800 Y0.426
G1 X-0.800 Y-0.832
G1 X-0.800 Y-1.758
G1 X-0.800 Y-1.977
G1 X-0.800 Y-1.506
G1 X-0.800 Y-0.673
G1 X-0.800 Y0.119
G1 X-0.800 Y0.621
G1 X-0.800 Y0.787
G1 X-0.800 Y0.702
G1 X-0.800 Y0.484
G1 X-0.800 Y0.216
G1 X-0.800 Y-0.054
G1 X-0.800 Y-0.307
G1 X-0.800 Y-0.516
G1 X-0.800 Y-0.650
G1 X-0.800 Y-0.661
G1 X-0.800 Y-0.523
G1 X-0.800 Y-0.247
G1 X-0.800 Y0.108
G1 X-0.800 Y0.451
G1 X-0.800 Y0.697
G1 X-0.800 Y0.802
G1 X-0.800 Y0.771
G1 X-0.800 Y0.646
G1 X-0.800 Y0.472
G1 X-0.800 Y0.286
G1 X-0.800 Y0.105
G1 X-0.800 Y-0.062
G1 X-0.800 Y-0.215
G1 X-0.800 Y-0.353
G1 X-0.800 Y-0.463
G1 X-0.800 Y-0.535
G1 X-0.800 Y-0.557
G1 X-0.800 Y-0.530
G1 X-0.800 Y-0.461
G1 X-0.800 Y-0.367
G1 X-0.800 Y-0.267
G1 X-0.800 Y-0.180
G1 X-0.800 Y-0.110
G1 X-0.800 Y-0.059
G1 X-0.800 Y-0.024
G1 X-0.800 Y0.003
G1 X-0.800 Y0.022
G1 X-0.800 Y0.039
G1 X-0.800 Y0.048
G1 X-0.800 Y0.048
G1 X-0.800 Y0.034
G1 X-0.800 Y0.006
G1 X-0.800 Y-0.032
G1 X-0.800 Y-0.071
G1 X-0.800 Y-0.099
G1 X-0.800 Y-0.099
G1 X-0.800 Y-0.059
G1 X0.000 Y-0.264
G1 X0.800 Y0.319
G1 X0.800 Y0.265
G1 X0.800 Y0.192
G1 X0.800 Y0.112
G1 X0.800 Y0.041
G1 X0.800 Y-0.014
G1 X0.800 Y-0.048
G1 X0.800 Y-0.057
G1 X0.800 Y-0.042
G1 X0.800 Y-0.006
G1 X0.800 Y0.052
G1 X0.800 Y0.127
G1 X0.800 Y0.219
G1 X0.800 Y0.323
G1 X0.800 Y0.433
G1 X0.800 Y0.534
G1 X0.800 Y0.608
G1 X0.800 Y0.638
G1 X0.800 Y0.611
G1 X0.800 Y0.529
G1 X0.800 Y0.410
G1 X0.800 Y0.280
G1 X0.800 Y0.164
G1 X0.800 Y0.081
G1 X0.800 Y0.026
G1 X0.800 Y-0.013
G1 X0.800 Y-0.067
G1 X0.800 Y-0.167
G1 X0.800 Y-0.339
G1 X0.800 Y-0.585
G1 X0.800 Y-0.869
G1 X0.800 Y-1.112
G1 X0.800 Y-1.221
G1 X0.800 Y-1.122
G1 X0.800 Y-0.818
G1 X0.800 Y-0.390
G1 X0.800 Y0.033
G1 X0.800 Y0.339
G1 X0.800 Y0.472
G1 X0.800 Y0.444
G1 X0.800 Y0.295
G1 X0.800 Y0.079
G1 X0.800 Y-0.157
G1 X0.800 Y-0.371
G1 X0.800 Y-0.500
G1 X0.800 Y-0.467
G1 X0.800 Y-0.199
G1 X0.800 Y0.321
G1 X0.800 Y0.990
G1 X0.800 Y1.571
G1 X0.800 Y1.782
G1 X0.800 Y1.456
G1 X0.800 Y0.663
G1 X0.800 Y-0.307
G1 X0.800 Y-1.107
G1 X0.800 Y-1.511
G1 X0.800 Y-1.493
G1 X0.800 Y-1.180
G1 X0.800 Y-0.755
G1 X0.800 Y-0.359
G1 X0.800 Y-0.068
G1 X0.800 Y0.103
G1 X0.800 Y0.178
G1 X0.800 Y0.185
G1 X0.800 Y0.155
G1 X0.800 Y0.111
G1 X0.800 Y0.065
G1 X0.800 Y0.028
G1 X0.800 Y0.000
G1 X0.800 Y-0.016
G1 X0.800 Y-0.023
G1 X0.800 Y-0.023
G1 X0.800 Y-0.018
G1 X0.800 Y-0.011
G1 X0.800 Y-0.003
G1 X0.800 Y0.003
G1 X0.800 Y0.004
G1 X0.800 Y0.002
G1 X0.800 Y-0.008
G1 X0.800 Y-0.023
G1 X0.800 Y-0.045
G1 X0.800 Y-0.071
G1 X0.800 Y-0.096
G1 X0.800 Y-0.120
G1 X0.800 Y-0.131
G1 X0.800 Y-0.124
G1 X0.800 Y-0.094
G1 X0.800 Y-0.031
G1 X0.800 Y0.062
G1 X0.800 Y0.184
G1 X0.800 Y0.323
G1 X0.800 Y0.462
G1 X0.800 Y0.581
G1 X0.800 Y0.664
G1 X0.800 Y0.698
G1 X0.800 Y0.681
G1 X0.800 Y0.622
G1 X0.800 Y0.533
G1 X0.800 Y0.428
G1 X0.800 Y0.324
G1 X0.800 Y0.227
G1 X0.800 Y0.145
G1 X0.800 Y0.074
G1 X0.800 Y0.014
G1 X0.800 Y-0.040
G1 X0.800 Y-0.090
G1 X0.800 Y-0.135
G1 X0.800 Y-0.172
G1 X0.800 Y-0.200
G1 X0.800 Y-0.210
G1 X0.800 Y-0.200
G1 X0.800 Y-0.167
G1 X0.800 Y-0.111
G1 X0.800 Y-0.034
G1 X0.800 Y0.059
G1 X0.800 Y0.161
G1 X0.800 Y0.264
G1 X0.800 Y0.354
G1 X0.800 Y0.409
G1 X0.800 Y0.407
G1 X0.800 Y0.326
G1 X0.800 Y0.153
G1 X0.800 Y-0.104
G1 X0.800 Y-0.413
G1 X0.800 Y-0.715
G1 X0.800 Y-0.945
G1 X0.800 Y-1.057
G1 X0.800 Y-1.031
G1 X0.800 Y-0.891
G1 X0.800 Y-0.683
G1 X0.800 Y-0.462
G1 X0.800 Y-0.274
G1 X0.800 Y-0.137
G1 X0.800 Y-0.056
G1 X0.800 Y-0.017
G1 X0.800 Y0.000
G1 X0.800 Y0.016
G1 X0.800 Y0.049
G1 X0.800 Y0.108
G1 X0.800 Y0.195
G1 X0.800 Y0.303
G1 X0.800 Y0.413
G1 X0.800 Y0.506
G1 X0.800 Y0.565
G1 X0.800 Y0.582
G1 X0.800 Y0.559
G1 X0.800 Y0.502
G1 X0.800 Y0.429
G1 X0.800 Y0.348
G1 X0.800 Y0.275
G1 X0.800 Y0.212
G1 X0.800 Y0.166
G1 X0.800 Y0.139
G1 X0.800 Y0.131
G1 X0.800 Y0.142
G1 X0.800 Y0.167
G1 X0.800 Y0.201
G1 X0.800 Y0.232
G1 X0.800 Y0.241
G1 X0.800 Y0.205
G1 X0.800 Y0.101
G1 X0.800 Y-0.090
G1 X0.800 Y-0.364
G1 X0.800 Y-0.682
G1 X0.800 Y-0.977
G1 X0.800 Y-1.164
G1 X0.800 Y-1.180
G1 X0.800 Y-1.018
G1 X0.800 Y-0.734
G1 X0.800 Y-0.418
G1 X0.800 Y-0.158
G1 X0.800 Y-0.003
G1 X0.800 Y0.046
G1 X0.800 Y0.019
G1 X0.800 Y-0.030
G1 X0.800 Y-0.043
G1 X0.800 Y0.037
G1 X0.800 Y0.248
G1 X0.800 Y0.575
G1 X0.800 Y0.946
G1 X0.000 Y-2.604
G1 X-0.800 Y-0.341
G1 X-0.800 Y-0.061
G1 X-0.800 Y0.073
G1 X-0.800 Y0.079
G1 X-0.800 Y0.014
G1 X-0.800 Y-0.062
G1 X-0.800 Y-0.086
G1 X-0.800 Y-0.006
G1 X-0.800 Y0.198
G1 X-0.800 Y0.510
G1 X-0.800 Y0.853
G1 X-0.800 Y1.125
G1 X-0.800 Y1.235
G1 X-0.800 Y1.146
G1 X-0.800 Y0.893
G1 X-0.800 Y0.562
G1 X-0.800 Y0.241
G1 X-0.800 Y-0.007
G1 X-0.800 Y-0.162
G1 X-0.800 Y-0.232
G1 X-0.800 Y-0.240
G1 X-0.800 Y-0.215
G1 X-0.800 Y-0.178
G1 X-0.800 Y-0.145
G1 X-0.800 Y-0.125
G1 X-0.800 Y-0.124
G1 X-0.800 Y-0.143
G1 X-0.800 Y-0.181
G1 X-0.800 Y-0.240
G1 X-0.800 Y-0.313
G1 X-0.800 Y-0.396
G1 X-0.800 Y-0.479
G1 X-0.800 Y-0.551
G1 X-0.800 Y-0.594
G1 X-0.800 Y-0.597
G1 X-0.800 Y-0.554
G1 X-0.800 Y-0.468
G1 X-0.800 Y-0.358
G1 X-0.800 Y-0.240
G1 X-0.800 Y-0.139
G1 X-0.800 Y-0.064
G1 X-0.800 Y-0.023
G1 X-0.800 Y-0.004
G1 X-0.800 Y0.007
G1 X-0.800 Y0.034
G1 X-0.800 Y0.096
G1 X-0.800 Y0.215
G1 X-0.800 Y0.392
G1 X-0.800 Y0.611
G1 X-0.800 Y0.834
G1 X-0.800 Y1.005
G1 X-0.800 Y1.072
G1 X-0.800 Y0.999
G1 X-0.800 Y0.800
G1 X-0.800 Y0.513
G1 X-0.800 Y0.208
G1 X-0.800 Y-0.056
G1 X-0.800 Y-0.241
G1 X-0.800 Y-0.331
G1 X-0.800 Y-0.340
G1 X-0.800 Y-0.289
G1 X-0.800 Y-0.201
G1 X-0.800 Y-0.098
G1 X-0.800 Y0.004
G1 X-0.800 Y0.094
G1 X-0.800 Y0.163
G1 X-0.800 Y0.206
G1 X-0.800 Y0.221
G1 X-0.800 Y0.211
G1 X-0.800 Y0.182
G1 X-0.800 Y0.141
G1 X-0.800 Y0.097
G1 X-0.800 Y0.058
G1 X-0.800 Y0.023
G1 X-0.800 Y-0.012
G1 X-0.800 Y-0.053
G1 X-0.800 Y-0.113
G1 X-0.800 Y-0.203
G1 X-0.800 Y-0.326
G1 X-0.800 Y-0.485
G1 X-0.800 Y-0.659
G1 X-0.800 Y-0.822
G1 X-0.800 Y-0.933
G1 X-0.800 Y-0.957
G1 X-0.800 Y-0.870
G1 X-0.800 Y-0.677
G1 X-0.800 Y-0.409
G1 X-0.800 Y-0.116
G1 X-0.800 Y0.148
G1 X-0.800 Y0.344
G1 X-0.800 Y0.453
G1 X-0.800 Y0.479
G1 X-0.800 Y0.436
G1 X-0.800 Y0.348
G1 X-0.800 Y0.236
G1 X-0.800 Y0.115
G1 X-0.800 Y-0.005
G1 X-0.800 Y-0.116
G1 X-0.800 Y-0.210
G1 X-0.800 Y-0.283
G1 X-0.800 Y-0.328
G1 X-0.800 Y-0.345
G1 X-0.800 Y-0.332
G1 X-0.800 Y-0.294
G1 X-0.800 Y-0.240
G1 X-0.800 Y-0.178
G1 X-0.800 Y-0.120
G1 X-0.800 Y-0.070
G1 X-0.800 Y-0.032
G1 X-0.800 Y-0.007
G1 X-0.800 Y0.008
G1 X-0.800 Y0.015
G1 X-0.800 Y0.019
G1 X-0.800 Y0.024
G1 X-0.800 Y0.034
G1 X-0.800 Y0.050
G1 X-0.800 Y0.081
G1 X-0.800 Y0.134
G1 X-0.800 Y0.218
G1 X-0.800 Y0.344
G1 X-0.800 Y0.518
G1 X-0.800 Y0.729
G1 X-0.800 Y0.949
G1 X-0.800 Y1.112
G1 X-0.800 Y1.134
G1 X-0.800 Y0.931
G1 X-0.800 Y0.477
G1 X-0.800 Y-0.165
G1 X-0.800 Y-0.832
G1 X-0.800 Y-1.323
G1 X-0.800 Y-1.496
G1 X-0.800 Y-1.335
G1 X-0.800 Y-0.952
G1 X-0.800 Y-0.514
G1 X-0.800 Y-0.158
G1 X-0.800 Y0.046
G1 X-0.800 Y0.103
G1 X-0.800 Y0.057
G1 X-0.800 Y-0.031
G1 X-0.800 Y-0.097
G1 X-0.800 Y-0.078
G1 X-0.800 Y0.073
G1 X-0.800 Y0.369
G1 X-0.800 Y0.763
G1 X-0.800 Y1.143
G1 X-0.800 Y1.367
G1 X-0.800 Y1.332
G1 X-0.800 Y1.036
G1 X-0.800 Y0.583
G1 X-0.800 Y0.124
G1 X-0.800 Y-0.217
G1 X-0.800 Y-0.389
G1 X-0.800 Y-0.400
G1 X-0.800 Y-0.301
G1 X-0.800 Y-0.141
G1 X-0.800 Y0.033
G1 X-0.800 Y0.193
G1 X-0.800 Y0.307
G1 X-0.800 Y0.354
G1 X-0.800 Y0.320
G1 X-0.800 Y0.205
G1 X-0.800 Y0.035
G1 X-0.800 Y-0.154
G1 X-0.800 Y-0.318
G1 X-0.800 Y-0.426
G1 X-0.800 Y-0.467
G1 X-0.800 Y-0.446
G1 X-0.800 Y-0.382
G1 X-0.800 Y-0.293
G1 X-0.800 Y-0.201
G1 X-0.800 Y-0.115
G1 X-0.800 Y-0.049
G1 X-0.800 Y-0.004
G1 X-0.800 Y0.014
G1 X-0.800 Y0.005
G1 X-0.800 Y-0.030
G1 X-0.800 Y-0.088
G1 X-0.800 Y-0.166
G1 X-0.800 Y-0.256
G1 X-0.800 Y-0.352
G1 X0.000 Y0.695
G1 X0.800 Y0.235
G1 X0.800 Y0.157
G1 X0.800 Y0.093
G1 X0.800 Y0.048
G1 X0.800 Y0.021
G1 X0.800 Y0.016
G1 X0.800 Y0.032
G1 X0.800 Y0.067
G1 X0.800 Y0.120
G1 X0.800 Y0.177
G1 X0.800 Y0.230
G1 X0.800 Y0.254
G1 X0.800 Y0.232
G1 X0.800 Y0.144
G1 X0.800 Y-0.018
G1 X0.800 Y-0.236
G1 X0.800 Y-0.475
G1 X0.800 Y-0.680
G1 X0.800 Y-0.803
G1 X0.800 Y-0.817
G1 X0.800 Y-0.731
G1 X0.800 Y-0.574
G1 X0.800 Y-0.381
G1 X0.800 Y-0.180
G1 X0.800 Y0.025
G1 X0.800 Y0.243
G1 X0.800 Y0.481
G1 X0.800 Y0.727
G1 X0.800 Y0.934
G1 X0.800 Y1.018
G1 X0.800 Y0.896
G1 X0.800 Y0.525
G1 X0.800 Y-0.030
G1 X0.800 Y-0.619
G1 X0.800 Y-1.064
G1 X0.800 Y-1.247
G1 X0.800 Y-1.171
G1 X0.800 Y-0.926
G1 X0.800 Y-0.630
G1 X0.800 Y-0.368
G1 X0.800 Y-0.172
G1 X0.800 Y-0.023
G1 X0.800 Y0.115
G1 X0.800 Y0.284
G1 X0.800 Y0.504
G1 X0.800 Y0.765
G1 X0.800 Y1.007
G1 X0.800 Y1.150
G1 X0.800 Y1.111
G1 X0.800 Y0.866
G1 X0.800 Y0.458
G1 X0.800 Y-0.011
G1 X0.800 Y-0.422
G1 X0.800 Y-0.698
G1 X0.800 Y-0.814
G1 X0.800 Y-0.796
G1 X0.800 Y-0.694
G1 X0.800 Y-0.554
G1 X0.800 Y-0.411
G1 X0.800 Y-0.287
G1 X0.800 Y-0.185
G1 X0.800 Y-0.112
G1 X0.800 Y-0.062
G1 X0.800 Y-0.039
G1 X0.800 Y-0.038
G1 X0.800 Y-0.058
G1 X0.800 Y-0.096
G1 X0.800 Y-0.147
G1 X0.800 Y-0.203
G1 X0.800 Y-0.250
G1 X0.800 Y-0.278
G1 X0.800 Y-0.270
G1 X0.800 Y-0.215
G1 X0.800 Y-0.105
G1 X0.800 Y0.053
G1 X0.800 Y0.238
G1 X0.800 Y0.422
G1 X0.800 Y0.571
G1 X0.800 Y0.660
G1 X0.800 Y0.674
G1 X0.800 Y0.622
G1 X0.800 Y0.516
G1 X0.800 Y0.380
G1 X0.800 Y0.228
G1 X0.800 Y0.071
G1 X0.800 Y-0.091
G1 X0.800 Y-0.262
G1 X0.800 Y-0.437
G1 X0.800 Y-0.606
G1 X0.800 Y-0.742
G1 X0.800 Y-0.803
G1 X0.800 Y-0.747
G1 X0.800 Y-0.545
G1 X0.800 Y-0.205
G1 X0.800 Y0.221
G1 X0.800 Y0.645
G1 X0.800 Y0.971
G1 X0.800 Y1.137
G1 X0.800 Y1.125
G1 X0.800 Y0.971
G1 X0.800 Y0.740
G1 X0.800 Y0.495
G1 X0.800 Y0.288
G1 X0.800 Y0.140
G1 X0.800 Y0.052
G1 X0.800 Y0.013
G1 X0.800 Y0.002
G1 X0.800 Y-0.002
G1 X0.800 Y-0.012
G1 X0.800 Y-0.039
G1 X0.800 Y-0.086
G1 X0.800 Y-0.147
G1 X0.800 Y-0.212
G1 X0.800 Y-0.264
G1 X0.800 Y-0.293
G1 X0.800 Y-0.287
G1 X0.800 Y-0.243
G1 X0.800 Y-0.167
G1 X0.800 Y-0.063
G1 X0.800 Y0.058
G1 X0.800 Y0.183
G1 X0.800 Y0.296
G1 X0.800 Y0.377
G1 X0.800 Y0.397
G1 X0.800 Y0.333
G1 X0.800 Y0.166
G1 X0.800 Y-0.093
G1 X0.800 Y-0.411
G1 X0.800 Y-0.720
G1 X0.800 Y-0.952
G1 X0.800 Y-1.056
G1 X0.800 Y-1.019
G1 X0.800 Y-0.868
G1 X0.800 Y-0.659
G1 X0.800 Y-0.444
G1 X0.800 Y-0.266
G1 X0.800 Y-0.140
G1 X0.800 Y-0.060
G1 X0.800 Y-0.013
G1 X0.800 Y0.028
G1 X0.800 Y0.077
G1 X0.800 Y0.150
G1 X0.800 Y0.248
G1 X0.800 Y0.360
G1 X0.800 Y0.471
G1 X0.800 Y0.558
G1 X0.800 Y0.605
G1 X0.800 Y0.604
G1 X0.800 Y0.562
G1 X0.800 Y0.488
G1 X0.800 Y0.400
G1 X0.800 Y0.310
G1 X0.800 Y0.230
G1 X0.800 Y0.165
G1 X0.800 Y0.118
G1 X0.800 Y0.091
G1 X0.800 Y0.086
G1 X0.800 Y0.099
G1 X0.800 Y0.131
G1 X0.800 Y0.174
G1 X0.800 Y0.215
G1 X0.800 Y0.235
G1 X0.800 Y0.204
G1 X0.800 Y0.097
G1 X0.800 Y-0.111
G1 X0.800 Y-0.414
G1 X0.800 Y-0.766
G1 X0.800 Y-1.081
G1 X0.800 Y-1.259
G1 X0.800 Y-1.229
G1 X0.800 Y-0.994
G1 X0.800 Y-0.638
G1 X0.800 Y-0.278
G1 X0.800 Y-0.010
G1 X0.800 Y0.116
G1 X0.800 Y0.116
G1 X0.800 Y0.032
G1 X0.800 Y-0.072
G1 X0.800 Y-0.132
G1 X0.800 Y-0.080
G1 X0.000 Y-0.968
G1 X-0.800 Y0.144
G1 X-0.800 Y0.032
G1 X-0.800 Y-0.096
G1 X-0.800 Y-0.171
G1 X-0.800 Y-0.132
G1 X-0.800 Y0.060
G1 X-0.800 Y0.394
G1 X-0.800 Y0.797
G1 X-0.800 Y1.141
G1 X-0.800 Y1.307
G1 X-0.800 Y1.238
G1 X-0.800 Y0.970
G1 X-0.800 Y0.607
G1 X-0.800 Y0.255
G1 X-0.800 Y-0.009
G1 X-0.800 Y-0.163
G1 X-0.800 Y-0.219
G1 X-0.800 Y-0.209
G1 X-0.800 Y-0.164
G1 X-0.800 Y-0.111
G1 X-0.800 Y-0.065
G1 X-0.800 Y-0.037
G1 X-0.800 Y-0.027
G1 X-0.800 Y-0.039
G1 X-0.800 Y-0.070
G1 X-0.800 Y-0.120
G1 X-0.800 Y-0.185
G1 X-0.800 Y-0.267
G1 X-0.800 Y-0.358
G1 X-0.800 Y-0.451
G1 X-0.800 Y-0.532
G1 X-0.800 Y-0.585
G1 X-0.800 Y-0.599
G1 X-0.800 Y-0.566
G1 X-0.800 Y-0.494
G1 X-0.800 Y-0.393
G1 X-0.800 Y-0.285
G1 X-0.800 Y-0.179
G1 X-0.800 Y-0.085
G1 X-0.800 Y0.005
G1 X-0.800 Y0.100
G1 X-0.800 Y0.219
G1 X-0.800 Y0.372
G1 X-0.800 Y0.558
G1 X-0.800 Y0.757
G1 X-0.800 Y0.923
G1 X-0.800 Y1.006
G1 X-0.800 Y0.957
G1 X-0.800 Y0.766
G1 X-0.800 Y0.459
G1 X-0.800 Y0.105
G1 X-0.800 Y-0.220
G1 X-0.800 Y-0.452
G1 X-0.800 Y-0.567
G1 X-0.800 Y-0.571
G1 X-0.800 Y-0.491
G1 X-0.800 Y-0.361
G1 X-0.800 Y-0.208
G1 X-0.800 Y-0.051
G1 X-0.800 Y0.099
G1 X-0.800 Y0.233
G1 X-0.800 Y0.343
G1 X-0.800 Y0.418
G1 X-0.800 Y0.447
G1 X-0.800 Y0.431
G1 X-0.800 Y0.370
G1 X-0.800 Y0.281
G1 X-0.800 Y0.181
G1 X-0.800 Y0.094
G1 X-0.800 Y0.030
G1 X-0.800 Y-0.003
G1 X-0.800 Y-0.007
G1 X-0.800 Y0.003
G1 X-0.800 Y0.008
G1 X-0.800 Y-0.014
G1 X-0.800 Y-0.084
G1 X-0.800 Y-0.226
G1 X-0.800 Y-0.438
G1 X-0.800 Y-0.704
G1 X-0.800 Y-0.972
G1 X-0.800 Y-1.166
G1 X-0.800 Y-1.209
G1 X-0.800 Y-1.054
G1 X-0.800 Y-0.703
G1 X-0.800 Y-0.230
G1 X-0.800 Y0.259
G1 X-0.800 Y0.651
G1 X-0.800 Y0.883
G1 X-0.800 Y0.939
G1 X-0.800 Y0.856
G1 X-0.800 Y0.691
G1 X-0.800 Y0.496
G1 X-0.800 Y0.305
G1 X-0.800 Y0.128
G1 X-0.800 Y-0.037
G1 X-0.800 Y-0.202
G1 X-0.800 Y-0.374
G1 X-0.800 Y-0.553
G1 X-0.800 Y-0.718
G1 X-0.800 Y-0.833
G1 X-0.800 Y-0.861
G1 X-0.800 Y-0.772
G1 X-0.800 Y-0.566
G1 X-0.800 Y-0.273
G1 X-0.800 Y0.047
G1 X-0.800 Y0.328
G1 X-0.800 Y0.524
G1 X-0.800 Y0.617
G1 X-0.800 Y0.613
G1 X-0.800 Y0.538
G1 X-0.800 Y0.424
G1 X-0.800 Y0.294
G1 X-0.800 Y0.167
G1 X-0.800 Y0.051
G1 X-0.800 Y-0.047
G1 X-0.800 Y-0.122
G1 X-0.800 Y-0.171
G1 X-0.800 Y-0.189
G1 X-0.800 Y-0.177
G1 X-0.800 Y-0.134
G1 X-0.800 Y-0.063
G1 X-0.800 Y0.032
G1 X-0.800 Y0.150
G1 X-0.800 Y0.286
G1 X-0.800 Y0.431
G1 X-0.800 Y0.571
G1 X-0.800 Y0.676
G1 X-0.800 Y0.710
G1 X-0.800 Y0.638
G1 X-0.800 Y0.442
G1 X-0.800 Y0.144
G1 X-0.800 Y-0.195
G1 X-0.800 Y-0.497
G1 X-0.800 Y-0.691
G1 X-0.800 Y-0.746
G1 X-0.800 Y-0.673
G1 X-0.800 Y-0.510
G1 X-0.800 Y-0.297
G1 X-0.800 Y-0.062
G1 X-0.800 Y0.184
G1 X-0.800 Y0.431
G1 X-0.800 Y0.656
G1 X-0.800 Y0.808
G1 X-0.800 Y0.811
G1 X-0.800 Y0.602
G1 X-0.800 Y0.171
G1 X-0.800 Y-0.390
G1 X-0.800 Y-0.922
G1 X-0.800 Y-1.255
G1 X-0.800 Y-1.310
G1 X-0.800 Y-1.125
G1 X-0.800 Y-0.812
G1 X-0.800 Y-0.496
G1 X-0.800 Y-0.255
G1 X-0.800 Y-0.106
G1 X-0.800 Y-0.022
G1 X-0.800 Y0.041
G1 X-0.800 Y0.129
G1 X-0.800 Y0.277
G1 X-0.800 Y0.486
G1 X-0.800 Y0.726
G1 X-0.800 Y0.938
G1 X-0.800 Y1.054
G1 X-0.800 Y1.032
G1 X-0.800 Y0.877
G1 X-0.800 Y0.632
G1 X-0.800 Y0.367
G1 X-0.800 Y0.137
G1 X-0.800 Y-0.024
G1 X-0.800 Y-0.111
G1 X-0.800 Y-0.136
G1 X-0.800 Y-0.123
G1 X-0.800 Y-0.092
G1 X-0.800 Y-0.058
G1 X-0.800 Y-0.033
G1 X-0.800 Y-0.021
G1 X-0.800 Y-0.025
G1 X-0.800 Y-0.044
G1 X-0.800 Y-0.078
G1 X-0.800 Y-0.127
G1 X0.000 Y-0.935
G1 X0.800 Y0.073
G1 X0.800 Y0.043
G1 X0.800 Y0.026
G1 X0.800 Y0.021
G1 X0.800 Y0.031
G1 X0.800 Y0.053
G1 X0.800 Y0.080
G1 X0.800 Y0.106
G1 X0.800 Y0.108
G1 X0.800 Y0.069
G1 X0.800 Y-0.039
G1 X0.800 Y-0.228
G1 X0.800 Y-0.491
G1 X0.800 Y-0.787
G1 X0.800 Y-1.044
G1 X0.800 Y-1.178
G1 X0.800 Y-1.139
G1 X0.800 Y-0.928
G1 X0.800 Y-0.616
G1 X0.800 Y-0.294
G1 X0.800 Y-0.048
G1 X0.800 Y0.079
G1 X0.800 Y0.096
G1 X0.800 Y0.035
G1 X0.800 Y-0.050
G1 X0.800 Y-0.102
G1 X0.800 Y-0.063
G1 X0.800 Y0.111
G1 X0.800 Y0.426
G1 X0.800 Y0.825
G1 X0.800 Y1.187
G1 X0.800 Y1.371
G1 X0.800 Y1.291
G1 X0.800 Y0.967
G1 X0.800 Y0.518
G1 X0.800 Y0.094
G1 X0.800 Y-0.198
G1 X0.800 Y-0.318
G1 X0.800 Y-0.293
G1 X0.800 Y-0.173
G1 X0.800 Y-0.011
G1 X0.800 Y0.148
G1 X0.800 Y0.262
G1 X0.800 Y0.298
G1 X0.800 Y0.231
G1 X0.800 Y0.057
G1 X0.800 Y-0.188
G1 X0.800 Y-0.451
G1 X0.800 Y-0.663
G1 X0.800 Y-0.778
G1 X0.800 Y-0.781
G1 X0.800 Y-0.694
G1 X0.800 Y-0.550
G1 X0.800 Y-0.386
G1 X0.800 Y-0.225
G1 X0.800 Y-0.076
G1 X0.800 Y0.059
G1 X0.800 Y0.181
G1 X0.800 Y0.288
G1 X0.800 Y0.371
G1 X0.800 Y0.424
G1 X0.800 Y0.436
G1 X0.800 Y0.410
G1 X0.800 Y0.345
G1 X0.800 Y0.256
G1 X0.800 Y0.148
G1 X0.800 Y0.027
G1 X0.800 Y-0.106
G1 X0.800 Y-0.254
G1 X0.800 Y-0.416
G1 X0.800 Y-0.585
G1 X0.800 Y-0.734
G1 X0.800 Y-0.827
G1 X0.800 Y-0.823
G1 X0.800 Y-0.688
G1 X0.800 Y-0.423
G1 X0.800 Y-0.072
G1 X0.800 Y0.299
G1 X0.800 Y0.608
G1 X0.800 Y0.798
G1 X0.800 Y0.853
G1 X0.800 Y0.791
G1 X0.800 Y0.652
G1 X0.800 Y0.477
G1 X0.800 Y0.297
G1 X0.800 Y0.124
G1 X0.800 Y-0.045
G1 X0.800 Y-0.215
G1 X0.800 Y-0.393
G1 X0.800 Y-0.574
G1 X0.800 Y-0.738
G1 X0.800 Y-0.846
G1 X0.800 Y-0.854
G1 X0.800 Y-0.723
G1 X0.800 Y-0.445
G1 X0.800 Y-0.053
G1 X0.800 Y0.382
G1 X0.800 Y0.770
G1 X0.800 Y1.029
G1 X0.800 Y1.123
G1 X0.800 Y1.058
G1 X0.800 Y0.879
G1 X0.800 Y0.650
G1 X0.800 Y0.427
G1 X0.800 Y0.247
G1 X0.800 Y0.122
G1 X0.800 Y0.049
G1 X0.800 Y0.015
G1 X0.800 Y-0.003
G1 X0.800 Y-0.024
G1 X0.800 Y-0.063
G1 X0.800 Y-0.132
G1 X0.800 Y-0.229
G1 X0.800 Y-0.345
G1 X0.800 Y-0.462
G1 X0.800 Y-0.559
G1 X0.800 Y-0.612
G1 X0.800 Y-0.614
G1 X0.800 Y-0.563
G1 X0.800 Y-0.469
G1 X0.800 Y-0.348
G1 X0.800 Y-0.213
G1 X0.800 Y-0.069
G1 X0.800 Y0.080
G1 X0.800 Y0.242
G1 X0.800 Y0.412
G1 X0.800 Y0.586
G1 X0.800 Y0.734
G1 X0.800 Y0.821
G1 X0.800 Y0.801
G1 X0.800 Y0.645
G1 X0.800 Y0.359
G1 X0.800 Y-0.011
G1 X0.800 Y-0.385
G1 X0.800 Y-0.681
G1 X0.800 Y-0.845
G1 X0.800 Y-0.869
G1 X0.800 Y-0.779
G1 X0.800 Y-0.625
G1 X0.800 Y-0.446
G1 X0.800 Y-0.273
G1 X0.800 Y-0.116
G1 X0.800 Y0.026
G1 X0.800 Y0.159
G1 X0.800 Y0.281
G1 X0.800 Y0.393
G1 X0.800 Y0.479
G1 X0.800 Y0.533
G1 X0.800 Y0.543
G1 X0.800 Y0.511
G1 X0.800 Y0.446
G1 X0.800 Y0.361
G1 X0.800 Y0.271
G1 X0.800 Y0.187
G1 X0.800 Y0.116
G1 X0.800 Y0.058
G1 X0.800 Y0.014
G1 X0.800 Y-0.018
G1 X0.800 Y-0.035
G1 X0.800 Y-0.032
G1 X0.800 Y-0.010
G1 X0.800 Y0.034
G1 X0.800 Y0.094
G1 X0.800 Y0.158
G1 X0.800 Y0.202
G1 X0.800 Y0.197
G1 X0.800 Y0.104
G1 X0.800 Y-0.106
G1 X0.800 Y-0.431
G1 X0.800 Y-0.820
G1 X0.800 Y-1.168
G1 X0.800 Y-1.345
G1 X0.800 Y-1.274
G1 X0.800 Y-0.970
G1 X0.800 Y-0.543
G1 X0.800 Y-0.141
G1 X0.800 Y0.125
G1 X0.800 Y0.220
G1 X0.800 Y0.169
G1 X0.800 Y0.033
G1 X0.000 Y-1.141
G1 X-0.800 Y-0.247
G1 X-0.800 Y-0.260
G1 X-0.800 Y-0.097
G1 X-0.800 Y0.251
G1 X-0.800 Y0.713
G1 X-0.800 Y1.142
G1 X-0.800 Y1.378
G1 X-0.800 Y1.337
G1 X-0.800 Y1.052
G1 X-0.800 Y0.647
G1 X-0.800 Y0.259
G1 X-0.800 Y-0.020
G1 X-0.800 Y-0.166
G1 X-0.800 Y-0.198
G1 X-0.800 Y-0.159
G1 X-0.800 Y-0.088
G1 X-0.800 Y-0.014
G1 X-0.800 Y0.045
G1 X-0.800 Y0.079
G1 X-0.800 Y0.088
G1 X-0.800 Y0.079
G1 X-0.800 Y0.057
G1 X-0.800 Y0.027
G1 X-0.800 Y-0.005
G1 X-0.800 Y-0.044
G1 X-0.800 Y-0.092
G1 X-0.800 Y-0.153
G1 X-0.800 Y-0.225
G1 X-0.800 Y-0.299
G1 X-0.800 Y-0.366
G1 X-0.800 Y-0.410
G1 X-0.800 Y-0.417
G1 X-0.800 Y-0.384
G1 X-0.800 Y-0.310
G1 X-0.800 Y-0.201
G1 X-0.800 Y-0.067
G1 X-0.800 Y0.085
G1 X-0.800 Y0.249
G1 X-0.800 Y0.409
G1 X-0.800 Y0.547
G1 X-0.800 Y0.631
G1 X-0.800 Y0.621
G1 X-0.800 Y0.488
G1 X-0.800 Y0.226
G1 X-0.800 Y-0.129
G1 X-0.800 Y-0.506
G1 X-0.800 Y-0.818
G1 X-0.800 Y-0.998
G1 X-0.800 Y-1.023
G1 X-0.800 Y-0.918
G1 X-0.800 Y-0.735
G1 X-0.800 Y-0.532
G1 X-0.800 Y-0.347
G1 X-0.800 Y-0.200
G1 X-0.800 Y-0.088
G1 X-0.800 Y0.002
G1 X-0.800 Y0.086
G1 X-0.800 Y0.180
G1 X-0.800 Y0.288
G1 X-0.800 Y0.407
G1 X-0.800 Y0.522
G1 X-0.800 Y0.615
G1 X-0.800 Y0.668
G1 X-0.800 Y0.671
G1 X-0.800 Y0.624
G1 X-0.800 Y0.538
G1 X-0.800 Y0.430
G1 X-0.800 Y0.319
G1 X-0.800 Y0.215
G1 X-0.800 Y0.125
G1 X-0.800 Y0.047
G1 X-0.800 Y-0.025
G1 X-0.800 Y-0.103
G1 X-0.800 Y-0.195
G1 X-0.800 Y-0.308
G1 X-0.800 Y-0.441
G1 X-0.800 Y-0.587
G1 X-0.800 Y-0.723
G1 X-0.800 Y-0.825
G1 X-0.800 Y-0.864
G1 X-0.800 Y-0.819
G1 X-0.800 Y-0.682
G1 X-0.800 Y-0.463
G1 X-0.800 Y-0.197
G1 X-0.800 Y0.078
G1 X-0.800 Y0.317
G1 X-0.800 Y0.489
G1 X-0.800 Y0.580
G1 X-0.800 Y0.589
G1 X-0.800 Y0.532
G1 X-0.800 Y0.429
G1 X-0.800 Y0.297
G1 X-0.800 Y0.152
G1 X-0.800 Y-0.002
G1 X-0.800 Y-0.157
G1 X-0.800 Y-0.311
G1 X-0.800 Y-0.455
G1 X-0.800 Y-0.568
G1 X-0.800 Y-0.627
G1 X-0.800 Y-0.604
G1 X-0.800 Y-0.478
G1 X-0.800 Y-0.249
G1 X-0.800 Y0.052
G1 X-0.800 Y0.372
G1 X-0.800 Y0.644
G1 X-0.800 Y0.819
G1 X-0.800 Y0.874
G1 X-0.800 Y0.818
G1 X-0.800 Y0.689
G1 X-0.800 Y0.522
G1 X-0.800 Y0.352
G1 X-0.800 Y0.196
G1 X-0.800 Y0.055
G1 X-0.800 Y-0.078
G1 X-0.800 Y-0.206
G1 X-0.800 Y-0.336
G1 X-0.800 Y-0.456
G1 X-0.800 Y-0.554
G1 X-0.800 Y-0.612
G1 X-0.800 Y-0.617
G1 X-0.800 Y-0.566
G1 X-0.800 Y-0.472
G1 X-0.800 Y-0.356
G1 X-0.800 Y-0.234
G1 X-0.800 Y-0.120
G1 X-0.800 Y-0.011
G1 X-0.800 Y0.104
G1 X-0.800 Y0.235
G1 X-0.800 Y0.395
G1 X-0.800 Y0.573
G1 X-0.800 Y0.746
G1 X-0.800 Y0.869
G1 X-0.800 Y0.904
G1 X-0.800 Y0.827
G1 X-0.800 Y0.652
G1 X-0.800 Y0.428
G1 X-0.800 Y0.214
G1 X-0.800 Y0.060
G1 X-0.800 Y-0.017
G1 X-0.800 Y-0.023
G1 X-0.800 Y0.007
G1 X-0.800 Y0.028
G1 X-0.800 Y-0.012
G1 X-0.800 Y-0.154
G1 X-0.800 Y-0.413
G1 X-0.800 Y-0.757
G1 X-0.800 Y-1.092
G1 X-0.800 Y-1.294
G1 X-0.800 Y-1.270
G1 X-0.800 Y-1.011
G1 X-0.800 Y-0.603
G1 X-0.800 Y-0.189
G1 X-0.800 Y0.118
G1 X-0.800 Y0.260
G1 X-0.800 Y0.253
G1 X-0.800 Y0.140
G1 X-0.800 Y-0.021
G1 X-0.800 Y-0.173
G1 X-0.800 Y-0.264
G1 X-0.800 Y-0.239
G1 X-0.800 Y-0.065
G1 X-0.800 Y0.255
G1 X-0.800 Y0.656
G1 X-0.800 Y1.027
G1 X-0.800 Y1.248
G1 X-0.800 Y1.252
G1 X-0.800 Y1.058
G1 X-0.800 Y0.743
G1 X-0.800 Y0.411
G1 X-0.800 Y0.138
G1 X-0.800 Y-0.041
G1 X-0.800 Y-0.130
G1 X-0.800 Y-0.149
G1 X-0.800 Y-0.129
G1 X-0.800 Y-0.093
G1 X-0.800 Y-0.057
G1 X-0.800 Y-0.034
G1 X-0.800 Y-0.024
G1 X-0.800 Y-0.032
G1 X-0.800 Y-0.054
G1 X0.000 Y-1.568
G1 X0.800 Y0.047
G1 X0.800 Y0.034
G1 X0.800 Y0.038
G1 X0.800 Y0.063
G1 X0.800 Y0.106
G1 X0.800 Y0.158
G1 X0.800 Y0.206
G1 X0.800 Y0.224
G1 X0.800 Y0.183
G1 X0.800 Y0.048
G1 X0.800 Y-0.200
G1 X0.800 Y-0.548
G1 X0.800 Y-0.930
G1 X0.800 Y-1.236
G1 X0.800 Y-1.351
G1 X0.800 Y-1.216
G1 X0.800 Y-0.861
G1 X0.800 Y-0.408
G1 X0.800 Y0.002
G1 X0.800 Y0.268
G1 X0.800 Y0.357
G1 X0.800 Y0.297
G1 X0.800 Y0.142
G1 X0.800 Y-0.051
G1 X0.800 Y-0.231
G1 X0.800 Y-0.342
G1 X0.800 Y-0.331
G1 X0.800 Y-0.154
G1 X0.800 Y0.183
G1 X0.800 Y0.608
G1 X0.800 Y0.996
G1 X0.800 Y1.219
G1 X0.800 Y1.216
G1 X0.800 Y1.019
G1 X0.800 Y0.725
G1 X0.800 Y0.436
G1 X0.800 Y0.220
G1 X0.800 Y0.088
G1 X0.800 Y0.017
G1 X0.800 Y-0.035
G1 X0.800 Y-0.113
G1 X0.800 Y-0.245
G1 X0.800 Y-0.436
G1 X0.800 Y-0.655
G1 X0.800 Y-0.848
G1 X0.800 Y-0.958
G1 X0.800 Y-0.951
G1 X0.800 Y-0.832
G1 X0.800 Y-0.642
G1 X0.800 Y-0.437
G1 X0.800 Y-0.260
G1 X0.800 Y-0.133
G1 X0.800 Y-0.052
G1 X0.800 Y0.002
G1 X0.800 Y0.056
G1 X0.800 Y0.129
G1 X0.800 Y0.234
G1 X0.800 Y0.364
G1 X0.800 Y0.500
G1 X0.800 Y0.613
G1 X0.800 Y0.675
G1 X0.800 Y0.673
G1 X0.800 Y0.611
G1 X0.800 Y0.502
G1 X0.800 Y0.370
G1 X0.800 Y0.231
G1 X0.800 Y0.095
G1 X0.800 Y-0.040
G1 X0.800 Y-0.177
G1 X0.800 Y-0.321
G1 X0.800 Y-0.467
G1 X0.800 Y-0.602
G1 X0.800 Y-0.705
G1 X0.800 Y-0.752
G1 X0.800 Y-0.725
G1 X0.800 Y-0.620
G1 X0.800 Y-0.453
G1 X0.800 Y-0.257
G1 X0.800 Y-0.064
G1 X0.800 Y0.094
G1 X0.800 Y0.202
G1 X0.800 Y0.251
G1 X0.800 Y0.251
G1 X0.800 Y0.210
G1 X0.800 Y0.146
G1 X0.800 Y0.068
G1 X0.800 Y-0.012
G1 X0.800 Y-0.088
G1 X0.800 Y-0.149
G1 X0.800 Y-0.193
G1 X0.800 Y-0.215
G1 X0.800 Y-0.212
G1 X0.800 Y-0.181
G1 X0.800 Y-0.125
G1 X0.800 Y-0.049
G1 X0.800 Y0.043
G1 X0.800 Y0.141
G1 X0.800 Y0.239
G1 X0.800 Y0.325
G1 X0.800 Y0.395
G1 X0.800 Y0.442
G1 X0.800 Y0.464
G1 X0.800 Y0.459
G1 X0.800 Y0.433
G1 X0.800 Y0.386
G1 X0.800 Y0.323
G1 X0.800 Y0.251
G1 X0.800 Y0.171
G1 X0.800 Y0.087
G1 X0.800 Y-0.002
G1 X0.800 Y-0.091
G1 X0.800 Y-0.185
G1 X0.800 Y-0.277
G1 X0.800 Y-0.364
G1 X0.800 Y-0.439
G1 X0.800 Y-0.491
G1 X0.800 Y-0.512
G1 X0.800 Y-0.496
G1 X0.800 Y-0.441
G1 X0.800 Y-0.356
G1 X0.800 Y-0.255
G1 X0.800 Y-0.155
G1 X0.800 Y-0.074
G1 X0.800 Y-0.021
G1 X0.800 Y0.003
G1 X0.800 Y0.003
G1 X0.800 Y-0.004
G1 X0.800 Y0.001
G1 X0.800 Y0.042
G1 X0.800 Y0.140
G1 X0.800 Y0.308
G1 X0.800 Y0.534
G1 X0.800 Y0.786
G1 X0.800 Y1.003
G1 X0.800 Y1.119
G1 X0.800 Y1.086
G1 X0.800 Y0.898
G1 X0.800 Y0.599
G1 X0.800 Y0.263
G1 X0.800 Y-0.031
G1 X0.800 Y-0.233
G1 X0.800 Y-0.327
G1 X0.800 Y-0.324
G1 X0.800 Y-0.254
G1 X0.800 Y-0.147
G1 X0.800 Y-0.028
G1 X0.800 Y0.082
G1 X0.800 Y0.167
G1 X0.800 Y0.219
G1 X0.800 Y0.234
G1 X0.800 Y0.216
G1 X0.800 Y0.174
G1 X0.800 Y0.123
G1 X0.800 Y0.075
G1 X0.800 Y0.038
G1 X0.800 Y0.015
G1 X0.800 Y0.003
G1 X0.800 Y-0.009
G1 X0.800 Y-0.025
G1 X0.800 Y-0.050
G1 X0.800 Y-0.081
G1 X0.800 Y-0.109
G1 X0.800 Y-0.122
G1 X0.800 Y-0.109
G1 X0.800 Y-0.064
G1 X0.800 Y0.009
G1 X0.800 Y0.097
G1 X0.800 Y0.171
G1 X0.800 Y0.193
G1 X0.800 Y0.114
G1 X0.800 Y-0.106
G1 X0.800 Y-0.467
G1 X0.800 Y-0.906
G1 X0.800 Y-1.283
G1 X0.800 Y-1.443
G1 X0.800 Y-1.298
G1 X0.800 Y-0.891
G1 X0.800 Y-0.381
G1 X0.800 Y0.050
G1 X0.800 Y0.290
G1 X0.000 Y-1.513
G1 X-0.800 Y0.009
G1 X-0.800 Y0.521
G1 X-0.800 Y1.064
G1 X-0.800 Y1.429
G1 X-0.800 Y1.469
G1 X-0.800 Y1.195
G1 X-0.800 Y0.744
G1 X-0.800 Y0.298
G1 X-0.800 Y-0.020
G1 X-0.800 Y-0.174
G1 X-0.800 Y-0.190
G1 X-0.800 Y-0.124
G1 X-0.800 Y-0.025
G1 X-0.800 Y0.066
G1 X-0.800 Y0.127
G1 X-0.800 Y0.144
G1 X-0.800 Y0.122
G1 X-0.800 Y0.075
G1 X-0.800 Y0.020
G1 X-0.800 Y-0.023
G1 X-0.800 Y-0.043
G1 X-0.800 Y-0.039
G1 X-0.800 Y-0.017
G1 X-0.800 Y0.010
G1 X-0.800 Y0.033
G1 X-0.800 Y0.041
G1 X-0.800 Y0.031
G1 X-0.800 Y0.006
G1 X-0.800 Y-0.024
G1 X-0.800 Y-0.048
G1 X-0.800 Y-0.054
G1 X-0.800 Y-0.039
G1 X-0.800 Y-0.006
G1 X-0.800 Y0.036
G1 X-0.800 Y0.065
G1 X-0.800 Y0.060
G1 X-0.800 Y-0.003
G1 X-0.800 Y-0.141
G1 X-0.800 Y-0.355
G1 X-0.800 Y-0.616
G1 X-0.800 Y-0.870
G1 X-0.800 Y-1.053
G1 X-0.800 Y-1.108
G1 X-0.800 Y-1.016
G1 X-0.800 Y-0.803
G1 X-0.800 Y-0.526
G1 X-0.800 Y-0.253
G1 X-0.800 Y-0.039
G1 X-0.800 Y0.096
G1 X-0.800 Y0.148
G1 X-0.800 Y0.138
G1 X-0.800 Y0.086
G1 X-0.800 Y0.018
G1 X-0.800 Y-0.048
G1 X-0.800 Y-0.098
G1 X-0.800 Y-0.122
G1 X-0.800 Y-0.115
G1 X-0.800 Y-0.081
G1 X-0.800 Y-0.028
G1 X-0.800 Y0.035
G1 X-0.800 Y0.096
G1 X-0.800 Y0.142
G1 X-0.800 Y0.170
G1 X-0.800 Y0.177
G1 X-0.800 Y0.164
G1 X-0.800 Y0.138
G1 X-0.800 Y0.101
G1 X-0.800 Y0.061
G1 X-0.800 Y0.022
G1 X-0.800 Y-0.013
G1 X-0.800 Y-0.040
G1 X-0.800 Y-0.060
G1 X-0.800 Y-0.073
G1 X-0.800 Y-0.078
G1 X-0.800 Y-0.077
G1 X-0.800 Y-0.073
G1 X-0.800 Y-0.066
G1 X-0.800 Y-0.059
G1 X-0.800 Y-0.051
G1 X-0.800 Y-0.046
G1 X-0.800 Y-0.042
G1 X-0.800 Y-0.040
G1 X-0.800 Y-0.040
G1 X-0.800 Y-0.040
G1 X-0.800 Y-0.043
G1 X-0.800 Y-0.045
G1 X-0.800 Y-0.046
G1 X-0.800 Y-0.044
G1 X-0.800 Y-0.041
G1 X-0.800 Y-0.034
G1 X-0.800 Y-0.026
G1 X-0.800 Y-0.017
G1 X-0.800 Y-0.009
G1 X-0.800 Y-0.003
G1 X-0.800 Y0.000
G1 X-0.800 Y0.000
G1 X-0.800 Y0.000
G1 X-0.800 Y0.002
G1 X-0.800 Y0.014
G1 X-0.800 Y0.038
G1 X-0.800 Y0.083
G1 X-0.800 Y0.149
G1 X-0.800 Y0.233
G1 X-0.800 Y0.329
G1 X-0.800 Y0.422
G1 X-0.800 Y0.498
G1 X-0.800 Y0.541
G1 X-0.800 Y0.544
G1 X-0.800 Y0.503
G1 X-0.800 Y0.426
G1 X-0.800 Y0.324
G1 X-0.800 Y0.207
G1 X-0.800 Y0.081
G1 X-0.800 Y-0.050
G1 X-0.800 Y-0.184
G1 X-0.800 Y-0.317
G1 X-0.800 Y-0.442
G1 X-0.800 Y-0.544
G1 X-0.800 Y-0.605
G1 X-0.800 Y-0.609
G1 X-0.800 Y-0.553
G1 X-0.800 Y-0.448
G1 X-0.800 Y-0.317
G1 X-0.800 Y-0.190
G1 X-0.800 Y-0.092
G1 X-0.800 Y-0.033
G1 X-0.800 Y-0.006
G1 X-0.800 Y0.004
G1 X-0.800 Y0.027
G1 X-0.800 Y0.091
G1 X-0.800 Y0.215
G1 X-0.800 Y0.404
G1 X-0.800 Y0.630
G1 X-0.800 Y0.842
G1 X-0.800 Y0.976
G1 X-0.800 Y0.990
G1 X-0.800 Y0.878
G1 X-0.800 Y0.682
G1 X-0.800 Y0.460
G1 X-0.800 Y0.265
G1 X-0.800 Y0.125
G1 X-0.800 Y0.031
G1 X-0.800 Y-0.051
G1 X-0.800 Y-0.162
G1 X-0.800 Y-0.340
G1 X-0.800 Y-0.595
G1 X-0.800 Y-0.887
G1 X-0.800 Y-1.134
G1 X-0.800 Y-1.228
G1 X-0.800 Y-1.102
G1 X-0.800 Y-0.770
G1 X-0.800 Y-0.336
G1 X-0.800 Y0.060
G1 X-0.800 Y0.317
G1 X-0.800 Y0.397
G1 X-0.800 Y0.327
G1 X-0.800 Y0.158
G1 X-0.800 Y-0.050
G1 X-0.800 Y-0.248
G1 X-0.800 Y-0.380
G1 X-0.800 Y-0.384
G1 X-0.800 Y-0.211
G1 X-0.800 Y0.148
G1 X-0.800 Y0.624
G1 X-0.800 Y1.081
G1 X-0.800 Y1.359
G1 X-0.800 Y1.370
G1 X-0.800 Y1.125
G1 X-0.800 Y0.731
G1 X-0.800 Y0.324
G1 X-0.800 Y0.000
G1 X-0.800 Y-0.198
G1 X-0.800 Y-0.279
G1 X-0.800 Y-0.277
G1 X-0.800 Y-0.228
G1 X-0.800 Y-0.164
G1 X-0.800 Y-0.107
G1 X-0.800 Y-0.066
G1 X-0.800 Y-0.047
G1 X-0.800 Y-0.052
G1 X0.000 Y-1.130
G1 X0.800 Y0.065
G1 X0.800 Y0.069
G1 X0.800 Y0.098
G1 X0.800 Y0.144
G1 X0.800 Y0.203
G1 X0.800 Y0.253
G1 X0.800 Y0.271
G1 X0.800 Y0.216
G1 X0.800 Y0.053
G1 X0.800 Y-0.236
G1 X0.800 Y-0.631
G1 X0.800 Y-1.045
G1 X0.800 Y-1.346
G1 X0.800 Y-1.408
G1 X0.800 Y-1.181
G1 X0.800 Y-0.730
G1 X0.800 Y-0.213
G1 X0.800 Y0.210
G1 X0.800 Y0.442
G1 X0.800 Y0.476
G1 X0.800 Y0.356
G1 X0.800 Y0.149
G1 X0.800 Y-0.087
G1 X0.800 Y-0.306
G1 X0.800 Y-0.452
G1 X0.800 Y-0.465
G1 X0.800 Y-0.296
G1 X0.800 Y0.059
G1 X0.800 Y0.524
G1 X0.800 Y0.959
G1 X0.800 Y1.222
G1 X0.800 Y1.240
G1 X0.800 Y1.050
G1 X0.800 Y0.754
G1 X0.800 Y0.462
G1 X0.800 Y0.238
G1 X0.800 Y0.097
G1 X0.800 Y0.009
G1 X0.800 Y-0.069
G1 X0.800 Y-0.180
G1 X0.800 Y-0.346
G1 X0.800 Y-0.559
G1 X0.800 Y-0.776
G1 X0.800 Y-0.939
G1 X0.800 Y-0.994
G1 X0.800 Y-0.921
G1 X0.800 Y-0.748
G1 X0.800 Y-0.529
G1 X0.800 Y-0.320
G1 X0.800 Y-0.162
G1 X0.800 Y-0.066
G1 X0.800 Y-0.019
G1 X0.800 Y0.000
G1 X0.800 Y0.020
G1 X0.800 Y0.058
G1 X0.800 Y0.125
G1 X0.800 Y0.218
G1 X0.800 Y0.319
G1 X0.800 Y0.410
G1 X0.800 Y0.466
G1 X0.800 Y0.477
G1 X0.800 Y0.440
G1 X0.800 Y0.365
G1 X0.800 Y0.263
G1 X0.800 Y0.147
G1 X0.800 Y0.027
G1 X0.800 Y-0.088
G1 X0.800 Y-0.192
G1 X0.800 Y-0.280
G1 X0.800 Y-0.342
G1 X0.800 Y-0.376
G1 X0.800 Y-0.377
G1 X0.800 Y-0.349
G1 X0.800 Y-0.300
G1 X0.800 Y-0.238
G1 X0.800 Y-0.175
G1 X0.800 Y-0.116
G1 X0.800 Y-0.064
G1 X0.800 Y-0.017
G1 X0.800 Y0.025
G1 X0.800 Y0.067
G1 X0.800 Y0.111
G1 X0.800 Y0.153
G1 X0.800 Y0.191
G1 X0.800 Y0.219
G1 X0.800 Y0.233
G1 X0.800 Y0.225
G1 X0.800 Y0.198
G1 X0.800 Y0.150
G1 X0.800 Y0.086
G1 X0.800 Y0.012
G1 X0.800 Y-0.067
G1 X0.800 Y-0.145
G1 X0.800 Y-0.212
G1 X0.800 Y-0.265
G1 X0.800 Y-0.295
G1 X0.800 Y-0.299
G1 X0.800 Y-0.276
G1 X0.800 Y-0.229
G1 X0.800 Y-0.169
G1 X0.800 Y-0.102
G1 X0.800 Y-0.043
G1 X0.800 Y0.004
G1 X0.800 Y0.033
G1 X0.800 Y0.045
G1 X0.800 Y0.041
G1 X0.800 Y0.027
G1 X0.800 Y0.010
G1 X0.800 Y-0.008
G1 X0.800 Y-0.020
G1 X0.800 Y-0.027
G1 X0.800 Y-0.028
G1 X0.800 Y-0.024
G1 X0.800 Y-0.018
G1 X0.800 Y-0.010
G1 X0.800 Y-0.005
G1 X0.800 Y0.002
G1 X0.800 Y0.010
G1 X0.800 Y0.022
G1 X0.800 Y0.039
G1 X0.800 Y0.065
G1 X0.800 Y0.096
G1 X0.800 Y0.128
G1 X0.800 Y0.155
G1 X0.800 Y0.171
G1 X0.800 Y0.166
G1 X0.800 Y0.139
G1 X0.800 Y0.087
G1 X0.800 Y0.015
G1 X0.800 Y-0.070
G1 X0.800 Y-0.157
G1 X0.800 Y-0.229
G1 X0.800 Y-0.264
G1 X0.800 Y-0.243
G1 X0.800 Y-0.144
G1 X0.800 Y0.039
G1 X0.800 Y0.289
G1 X0.800 Y0.564
G1 X0.800 Y0.807
G1 X0.800 Y0.964
G1 X0.800 Y0.998
G1 X0.800 Y0.918
G1 X0.800 Y0.754
G1 X0.800 Y0.557
G1 X0.800 Y0.371
G1 X0.800 Y0.223
G1 X0.800 Y0.119
G1 X0.800 Y0.054
G1 X0.800 Y0.012
G1 X0.800 Y-0.018
G1 X0.800 Y-0.048
G1 X0.800 Y-0.079
G1 X0.800 Y-0.107
G1 X0.800 Y-0.121
G1 X0.800 Y-0.118
G1 X0.800 Y-0.090
G1 X0.800 Y-0.040
G1 X0.800 Y0.025
G1 X0.800 Y0.093
G1 X0.800 Y0.148
G1 X0.800 Y0.176
G1 X0.800 Y0.163
G1 X0.800 Y0.109
G1 X0.800 Y0.024
G1 X0.800 Y-0.068
G1 X0.800 Y-0.138
G1 X0.800 Y-0.163
G1 X0.800 Y-0.130
G1 X0.800 Y-0.047
G1 X0.800 Y0.064
G1 X0.800 Y0.166
G1 X0.800 Y0.204
G1 X0.800 Y0.115
G1 X0.800 Y-0.150
G1 X0.800 Y-0.584
G1 X0.800 Y-1.085
G1 X0.800 Y-1.464
G1 X0.800 Y-1.530
G1 X0.800 Y-1.223
G1 X0.800 Y-0.659
G1 X0.000 Y-0.371
G1 X-0.800 Y1.361
G1 X-0.800 Y1.608
G1 X-0.800 Y1.436
G1 X-0.800 Y0.970
G1 X-0.800 Y0.437
G1 X-0.800 Y0.028
G1 X-0.800 Y-0.180
G1 X-0.800 Y-0.211
G1 X-0.800 Y-0.127
G1 X-0.800 Y-0.002
G1 X-0.800 Y0.113
G1 X-0.800 Y0.175
G1 X-0.800 Y0.167
G1 X-0.800 Y0.088
G1 X-0.800 Y-0.041
G1 X-0.800 Y-0.181
G1 X-0.800 Y-0.292
G1 X-0.800 Y-0.349
G1 X-0.800 Y-0.347
G1 X-0.800 Y-0.291
G1 X-0.800 Y-0.204
G1 X-0.800 Y-0.102
G1 X-0.800 Y-0.005
G1 X-0.800 Y0.077
G1 X-0.800 Y0.134
G1 X-0.800 Y0.159
G1 X-0.800 Y0.157
G1 X-0.800 Y0.128
G1 X-0.800 Y0.080
G1 X-0.800 Y0.015
G1 X-0.800 Y-0.065
G1 X-0.800 Y-0.162
G1 X-0.800 Y-0.281
G1 X-0.800 Y-0.420
G1 X-0.800 Y-0.570
G1 X-0.800 Y-0.710
G1 X-0.800 Y-0.806
G1 X-0.800 Y-0.830
G1 X-0.800 Y-0.760
G1 X-0.800 Y-0.600
G1 X-0.800 Y-0.381
G1 X-0.800 Y-0.147
G1 X-0.800 Y0.057
G1 X-0.800 Y0.200
G1 X-0.800 Y0.270
G1 X-0.800 Y0.276
G1 X-0.800 Y0.232
G1 X-0.800 Y0.160
G1 X-0.800 Y0.078
G1 X-0.800 Y-0.001
G1 X-0.800 Y-0.067
G1 X-0.800 Y-0.111
G1 X-0.800 Y-0.136
G1 X-0.800 Y-0.139
G1 X-0.800 Y-0.125
G1 X-0.800 Y-0.100
G1 X-0.800 Y-0.067
G1 X-0.800 Y-0.032
G1 X-0.800 Y0.006
G1 X-0.800 Y0.048
G1 X-0.800 Y0.094
G1 X-0.800 Y0.146
G1 X-0.800 Y0.201
G1 X-0.800 Y0.254
G1 X-0.800 Y0.298
G1 X-0.800 Y0.322
G1 X-0.800 Y0.321
G1 X-0.800 Y0.292
G1 X-0.800 Y0.231
G1 X-0.800 Y0.146
G1 X-0.800 Y0.038
G1 X-0.800 Y-0.086
G1 X-0.800 Y-0.217
G1 X-0.800 Y-0.347
G1 X-0.800 Y-0.458
G1 X-0.800 Y-0.529
G1 X-0.800 Y-0.531
G1 X-0.800 Y-0.442
G1 X-0.800 Y-0.254
G1 X-0.800 Y0.012
G1 X-0.800 Y0.314
G1 X-0.800 Y0.587
G1 X-0.800 Y0.779
G1 X-0.800 Y0.858
G1 X-0.800 Y0.825
G1 X-0.800 Y0.710
G1 X-0.800 Y0.551
G1 X-0.800 Y0.382
G1 X-0.800 Y0.223
G1 X-0.800 Y0.079
G1 X-0.800 Y-0.056
G1 X-0.800 Y-0.186
G1 X-0.800 Y-0.317
G1 X-0.800 Y-0.441
G1 X-0.800 Y-0.548
G1 X-0.800 Y-0.619
G1 X-0.800 Y-0.640
G1 X-0.800 Y-0.608
G1 X-0.800 Y-0.528
G1 X-0.800 Y-0.421
G1 X-0.800 Y-0.307
G1 X-0.800 Y-0.204
G1 X-0.800 Y-0.119
G1 X-0.800 Y-0.053
G1 X-0.800 Y0.000
G1 X-0.800 Y0.052
G1 X-0.800 Y0.108
G1 X-0.800 Y0.172
G1 X-0.800 Y0.239
G1 X-0.800 Y0.301
G1 X-0.800 Y0.344
G1 X-0.800 Y0.358
G1 X-0.800 Y0.340
G1 X-0.800 Y0.286
G1 X-0.800 Y0.206
G1 X-0.800 Y0.105
G1 X-0.800 Y-0.005
G1 X-0.800 Y-0.117
G1 X-0.800 Y-0.220
G1 X-0.800 Y-0.304
G1 X-0.800 Y-0.360
G1 X-0.800 Y-0.379
G1 X-0.800 Y-0.360
G1 X-0.800 Y-0.308
G1 X-0.800 Y-0.237
G1 X-0.800 Y-0.162
G1 X-0.800 Y-0.093
G1 X-0.800 Y-0.033
G1 X-0.800 Y0.023
G1 X-0.800 Y0.092
G1 X-0.800 Y0.190
G1 X-0.800 Y0.328
G1 X-0.800 Y0.502
G1 X-0.800 Y0.687
G1 X-0.800 Y0.841
G1 X-0.800 Y0.917
G1 X-0.800 Y0.886
G1 X-0.800 Y0.755
G1 X-0.800 Y0.561
G1 X-0.800 Y0.361
G1 X-0.800 Y0.196
G1 X-0.800 Y0.083
G1 X-0.800 Y0.008
G1 X-0.800 Y-0.068
G1 X-0.800 Y-0.189
G1 X-0.800 Y-0.393
G1 X-0.800 Y-0.683
G1 X-0.800 Y-1.008
G1 X-0.800 Y-1.257
G1 X-0.800 Y-1.299
G1 X-0.800 Y-1.068
G1 X-0.800 Y-0.604
G1 X-0.800 Y-0.058
G1 X-0.800 Y0.393
G1 X-0.800 Y0.639
G1 X-0.800 Y0.662
G1 X-0.800 Y0.520
G1 X-0.800 Y0.282
G1 X-0.800 Y0.008
G1 X-0.800 Y-0.269
G1 X-0.800 Y-0.508
G1 X-0.800 Y-0.657
G1 X-0.800 Y-0.646
G1 X-0.800 Y-0.413
G1 X-0.800 Y0.032
G1 X-0.800 Y0.592
G1 X-0.800 Y1.091
G1 X-0.800 Y1.369
G1 X-0.800 Y1.358
G1 X-0.800 Y1.106
G1 X-0.800 Y0.735
G1 X-0.800 Y0.371
G1 X-0.800 Y0.095
G1 X-0.800 Y-0.072
G1 X-0.800 Y-0.143
G1 X-0.800 Y-0.152
G1 X-0.800 Y-0.129
G1 X-0.800 Y-0.099
G1 X-0.800 Y-0.075
G1 X-0.800 Y-0.068
G1 X0.000 Y-0.496
G1 X0.800 Y0.017
G1 X0.800 Y0.013
G1 X0.800 Y0.003
G1 X0.800 Y-0.024
G1 X0.800 Y-0.086
G1 X0.800 Y-0.205
G1 X0.800 Y-0.396
G1 X0.800 Y-0.660
G1 X0.800 Y-0.960
G1 X0.800 Y-1.209
G1 X0.800 Y-1.297
G1 X0.800 Y-1.128
G1 X0.800 Y-0.697
G1 X0.800 Y-0.103
G1 X0.800 Y0.469
G1 X0.800 Y0.856
G1 X0.800 Y0.985
G1 X0.800 Y0.890
G1 X0.800 Y0.660
G1 X0.800 Y0.380
G1 X0.800 Y0.091
G1 X0.800 Y-0.196
G1 X0.800 Y-0.489
G1 X0.800 Y-0.767
G1 X0.800 Y-0.965
G1 X0.800 Y-0.985
G1 X0.800 Y-0.735
G1 X0.800 Y-0.221
G1 X0.800 Y0.425
G1 X0.800 Y0.992
G1 X0.800 Y1.300
G1 X0.800 Y1.295
G1 X0.800 Y1.062
G1 X0.800 Y0.736
G1 X0.800 Y0.439
G1 X0.800 Y0.222
G1 X0.800 Y0.083
G1 X0.800 Y-0.009
G1 X0.800 Y-0.099
G1 X0.800 Y-0.214
G1 X0.800 Y-0.360
G1 X0.800 Y-0.523
G1 X0.800 Y-0.664
G1 X0.800 Y-0.748
G1 X0.800 Y-0.753
G1 X0.800 Y-0.683
G1 X0.800 Y-0.560
G1 X0.800 Y-0.414
G1 X0.800 Y-0.272
G1 X0.800 Y-0.145
G1 X0.800 Y-0.033
G1 X0.800 Y0.067
G1 X0.800 Y0.160
G1 X0.800 Y0.244
G1 X0.800 Y0.314
G1 X0.800 Y0.358
G1 X0.800 Y0.370
G1 X0.800 Y0.343
G1 X0.800 Y0.281
G1 X0.800 Y0.190
G1 X0.800 Y0.078
G1 X0.800 Y-0.044
G1 X0.800 Y-0.172
G1 X0.800 Y-0.292
G1 X0.800 Y-0.398
G1 X0.800 Y-0.470
G1 X0.800 Y-0.498
G1 X0.800 Y-0.477
G1 X0.800 Y-0.408
G1 X0.800 Y-0.310
G1 X0.800 Y-0.205
G1 X0.800 Y-0.116
G1 X0.800 Y-0.053
G1 X0.800 Y-0.017
G1 X0.800 Y0.007
G1 X0.800 Y0.041
G1 X0.800 Y0.108
G1 X0.800 Y0.229
G1 X0.800 Y0.407
G1 X0.800 Y0.621
G1 X0.800 Y0.830
G1 X0.800 Y0.972
G1 X0.800 Y1.003
G1 X0.800 Y0.910
G1 X0.800 Y0.717
G1 X0.800 Y0.485
G1 X0.800 Y0.273
G1 X0.800 Y0.120
G1 X0.800 Y0.037
G1 X0.800 Y0.006
G1 X0.800 Y-0.013
G1 X0.800 Y-0.061
G1 X0.800 Y-0.189
G1 X0.800 Y-0.419
G1 X0.800 Y-0.741
G1 X0.800 Y-1.087
G1 X0.800 Y-1.334
G1 X0.800 Y-1.350
G1 X0.800 Y-1.063
G1 X0.800 Y-0.512
G1 X0.800 Y0.144
G1 X0.800 Y0.717
G1 X0.800 Y1.063
G1 X0.800 Y1.147
G1 X0.800 Y1.026
G1 X0.800 Y0.797
G1 X0.800 Y0.549
G1 X0.800 Y0.333
G1 X0.800 Y0.162
G1 X0.800 Y0.025
G1 X0.800 Y-0.097
G1 X0.800 Y-0.221
G1 X0.800 Y-0.353
G1 X0.800 Y-0.486
G1 X0.800 Y-0.601
G1 X0.800 Y-0.677
G1 X0.800 Y-0.696
G1 X0.800 Y-0.658
G1 X0.800 Y-0.571
G1 X0.800 Y-0.458
G1 X0.800 Y-0.339
G1 X0.800 Y-0.231
G1 X0.800 Y-0.144
G1 X0.800 Y-0.078
G1 X0.800 Y-0.026
G1 X0.800 Y0.016
G1 X0.800 Y0.050
G1 X0.800 Y0.081
G1 X0.800 Y0.104
G1 X0.800 Y0.114
G1 X0.800 Y0.107
G1 X0.800 Y0.079
G1 X0.800 Y0.032
G1 X0.800 Y-0.031
G1 X0.800 Y-0.101
G1 X0.800 Y-0.164
G1 X0.800 Y-0.206
G1 X0.800 Y-0.210
G1 X0.800 Y-0.164
G1 X0.800 Y-0.060
G1 X0.800 Y0.091
G1 X0.800 Y0.268
G1 X0.800 Y0.435
G1 X0.800 Y0.564
G1 X0.800 Y0.627
G1 X0.800 Y0.623
G1 X0.800 Y0.559
G1 X0.800 Y0.458
G1 X0.800 Y0.337
G1 X0.800 Y0.216
G1 X0.800 Y0.103
G1 X0.800 Y0.006
G1 X0.800 Y-0.072
G1 X0.800 Y-0.125
G1 X0.800 Y-0.150
G1 X0.800 Y-0.143
G1 X0.800 Y-0.102
G1 X0.800 Y-0.032
G1 X0.800 Y0.066
G1 X0.800 Y0.183
G1 X0.800 Y0.310
G1 X0.800 Y0.428
G1 X0.800 Y0.515
G1 X0.800 Y0.547
G1 X0.800 Y0.500
G1 X0.800 Y0.373
G1 X0.800 Y0.192
G1 X0.800 Y0.003
G1 X0.800 Y-0.140
G1 X0.800 Y-0.200
G1 X0.800 Y-0.166
G1 X0.800 Y-0.058
G1 X0.800 Y0.083
G1 X0.800 Y0.201
G1 X0.800 Y0.223
G1 X0.800 Y0.067
G1 X0.800 Y-0.312
G1 X0.800 Y-0.864
G1 X0.800 Y-1.403
G1 X0.800 Y-1.665
G1 X0.000 Y0.688
G1 X-0.800 Y1.374
G1 X-0.800 Y0.778
G1 X-0.800 Y0.214
G1 X-0.800 Y-0.137
G1 X-0.800 Y-0.247
G1 X-0.800 Y-0.185
G1 X-0.800 Y-0.040
G1 X-0.800 Y0.112
G1 X-0.800 Y0.206
G1 X-0.800 Y0.203
G1 X-0.800 Y0.088
G1 X-0.800 Y-0.120
G1 X-0.800 Y-0.363
G1 X-0.800 Y-0.575
G1 X-0.800 Y-0.699
G1 X-0.800 Y-0.718
G1 X-0.800 Y-0.649
G1 X-0.800 Y-0.524
G1 X-0.800 Y-0.379
G1 X-0.800 Y-0.238
G1 X-0.800 Y-0.114
G1 X-0.800 Y-0.014
G1 X-0.800 Y0.060
G1 X-0.800 Y0.105
G1 X-0.800 Y0.119
G1 X-0.800 Y0.102
G1 X-0.800 Y0.056
G1 X-0.800 Y-0.016
G1 X-0.800 Y-0.103
G1 X-0.800 Y-0.202
G1 X-0.800 Y-0.297
G1 X-0.800 Y-0.377
G1 X-0.800 Y-0.429
G1 X-0.800 Y-0.436
G1 X-0.800 Y-0.397
G1 X-0.800 Y-0.311
G1 X-0.800 Y-0.199
G1 X-0.800 Y-0.079
G1 X-0.800 Y0.022
G1 X-0.800 Y0.091
G1 X-0.800 Y0.118
G1 X-0.800 Y0.108
G1 X-0.800 Y0.071
G1 X-0.800 Y0.022
G1 X-0.800 Y-0.028
G1 X-0.800 Y-0.067
G1 X-0.800 Y-0.087
G1 X-0.800 Y-0.088
G1 X-0.800 Y-0.073
G1 X-0.800 Y-0.050
G1 X-0.800 Y-0.027
G1 X-0.800 Y-0.010
G1 X-0.800 Y-0.002
G1 X-0.800 Y0.005
G1 X-0.800 Y0.021
G1 X-0.800 Y0.065
G1 X-0.800 Y0.153
G1 X-0.800 Y0.296
G1 X-0.800 Y0.488
G1 X-0.800 Y0.702
G1 X-0.800 Y0.893
G1 X-0.800 Y1.004
G1 X-0.800 Y0.999
G1 X-0.800 Y0.870
G1 X-0.800 Y0.653
G1 X-0.800 Y0.405
G1 X-0.800 Y0.192
G1 X-0.800 Y0.050
G1 X-0.800 Y-0.010
G1 X-0.800 Y-0.009
G1 X-0.800 Y0.013
G1 X-0.800 Y0.002
G1 X-0.800 Y-0.100
G1 X-0.800 Y-0.343
G1 X-0.800 Y-0.730
G1 X-0.800 Y-1.188
G1 X-0.800 Y-1.539
G1 X-0.800 Y-1.557
G1 X-0.800 Y-1.090
G1 X-0.800 Y-0.200
G1 X-0.800 Y0.811
G1 X-0.800 Y1.549
G1 X-0.800 Y1.757
G1 X-0.800 Y1.455
G1 X-0.800 Y0.877
G1 X-0.800 Y0.298
G1 X-0.800 Y-0.096
G1 X-0.800 Y-0.260
G1 X-0.800 Y-0.238
G1 X-0.800 Y-0.106
G1 X-0.800 Y0.063
G1 X-0.800 Y0.203
G1 X-0.800 Y0.256
G1 X-0.800 Y0.172
G1 X-0.800 Y-0.071
G1 X-0.800 Y-0.440
G1 X-0.800 Y-0.845
G1 X-0.800 Y-1.156
G1 X-0.800 Y-1.271
G1 X-0.800 Y-1.163
G1 X-0.800 Y-0.894
G1 X-0.800 Y-0.566
G1 X-0.800 Y-0.282
G1 X-0.800 Y-0.093
G1 X-0.800 Y-0.005
G1 X-0.800 Y0.011
G1 X-0.800 Y-0.005
G1 X-0.800 Y-0.009
G1 X-0.800 Y0.031
G1 X-0.800 Y0.132
G1 X-0.800 Y0.290
G1 X-0.800 Y0.473
G1 X-0.800 Y0.637
G1 X-0.800 Y0.740
G1 X-0.800 Y0.759
G1 X-0.800 Y0.695
G1 X-0.800 Y0.573
G1 X-0.800 Y0.423
G1 X-0.800 Y0.270
G1 X-0.800 Y0.126
G1 X-0.800 Y-0.005
G1 X-0.800 Y-0.125
G1 X-0.800 Y-0.236
G1 X-0.800 Y-0.331
G1 X-0.800 Y-0.400
G1 X-0.800 Y-0.435
G1 X-0.800 Y-0.425
G1 X-0.800 Y-0.376
G1 X-0.800 Y-0.294
G1 X-0.800 Y-0.188
G1 X-0.800 Y-0.068
G1 X-0.800 Y0.058
G1 X-0.800 Y0.189
G1 X-0.800 Y0.316
G1 X-0.800 Y0.431
G1 X-0.800 Y0.515
G1 X-0.800 Y0.553
G1 X-0.800 Y0.536
G1 X-0.800 Y0.467
G1 X-0.800 Y0.361
G1 X-0.800 Y0.239
G1 X-0.800 Y0.116
G1 X-0.800 Y-0.009
G1 X-0.800 Y-0.155
G1 X-0.800 Y-0.343
G1 X-0.800 Y-0.592
G1 X-0.800 Y-0.884
G1 X-0.800 Y-1.146
G1 X-0.800 Y-1.249
G1 X-0.800 Y-1.069
G1 X-0.800 Y-0.566
G1 X-0.800 Y0.149
G1 X-0.800 Y0.839
G1 X-0.800 Y1.272
G1 X-0.800 Y1.350
G1 X-0.800 Y1.141
G1 X-0.800 Y0.803
G1 X-0.800 Y0.475
G1 X-0.800 Y0.224
G1 X-0.800 Y0.044
G1 X-0.800 Y-0.117
G1 X-0.800 Y-0.319
G1 X-0.800 Y-0.590
G1 X-0.800 Y-0.911
G1 X-0.800 Y-1.189
G1 X-0.800 Y-1.293
G1 X-0.800 Y-1.121
G1 X-0.800 Y-0.674
G1 X-0.800 Y-0.071
G1 X-0.800 Y0.502
G1 X-0.800 Y0.893
G1 X-0.800 Y1.048
G1 X-0.800 Y1.002
G1 X-0.800 Y0.838
G1 X-0.800 Y0.638
G1 X-0.800 Y0.453
G1 X-0.800 Y0.307
G1 X-0.800 Y0.205
G1 X-0.800 Y0.140
G1 X-0.800 Y0.104
G1 X0.000 Y-3.729
G1 X0.800 Y-0.193
G1 X0.800 Y-0.249
G1 X0.800 Y-0.336
G1 X0.800 Y-0.447
G1 X0.800 Y-0.558
G1 X0.800 Y-0.636
G1 X0.800 Y-0.624
G1 X0.800 Y-0.467
G1 X0.800 Y-0.127
G1 X0.800 Y0.369
G1 X0.800 Y0.908
G1 X0.800 Y1.321
G1 X0.800 Y1.460
G1 X0.800 Y1.287
G1 X0.800 Y0.894
G1 X0.800 Y0.449
G1 X0.800 Y0.101
G1 X0.800 Y-0.079
G1 X0.800 Y-0.101
G1 X0.800 Y-0.022
G1 X0.800 Y0.074
G1 X0.800 Y0.107
G1 X0.800 Y-0.008
G1 X0.800 Y-0.316
G1 X0.800 Y-0.789
G1 X0.800 Y-1.286
G1 X0.800 Y-1.583
G1 X0.800 Y-1.497
G1 X0.800 Y-1.006
G1 X0.800 Y-0.288
G1 X0.800 Y0.393
G1 X0.800 Y0.837
G1 X0.800 Y0.986
G1 X0.800 Y0.904
G1 X0.800 Y0.702
G1 X0.800 Y0.467
G1 X0.800 Y0.249
G1 X0.800 Y0.064
G1 X0.800 Y-0.091
G1 X0.800 Y-0.213
G1 X0.800 Y-0.299
G1 X0.800 Y-0.346
G1 X0.800 Y-0.346
G1 X0.800 Y-0.302
G1 X0.800 Y-0.223
G1 X0.800 Y-0.119
G1 X0.800 Y0.004
G1 X0.800 Y0.134
G1 X0.800 Y0.266
G1 X0.800 Y0.390
G1 X0.800 Y0.490
G1 X0.800 Y0.548
G1 X0.800 Y0.553
G1 X0.800 Y0.502
G1 X0.800 Y0.409
G1 X0.800 Y0.296
G1 X0.800 Y0.187
G1 X0.800 Y0.097
G1 X0.800 Y0.025
G1 X0.800 Y-0.045
G1 X0.800 Y-0.134
G1 X0.800 Y-0.267
G1 X0.800 Y-0.451
G1 X0.800 Y-0.668
G1 X0.800 Y-0.874
G1 X0.800 Y-1.007
G1 X0.800 Y-1.013
G1 X0.800 Y-0.882
G1 X0.800 Y-0.648
G1 X0.800 Y-0.385
G1 X0.800 Y-0.165
G1 X0.800 Y-0.029
G1 X0.800 Y0.018
G1 X0.800 Y0.006
G1 X0.800 Y-0.019
G1 X0.800 Y0.003
G1 X0.800 Y0.124
G1 X0.800 Y0.374
G1 X0.800 Y0.732
G1 X0.800 Y1.110
G1 X0.800 Y1.364
G1 X0.800 Y1.364
G1 X0.800 Y1.070
G1 X0.800 Y0.571
G1 X0.800 Y0.039
G1 X0.800 Y-0.360
G1 X0.800 Y-0.544
G1 X0.800 Y-0.522
G1 X0.800 Y-0.353
G1 X0.800 Y-0.103
G1 X0.800 Y0.175
G1 X0.800 Y0.427
G1 X0.800 Y0.583
G1 X0.800 Y0.539
G1 X0.800 Y0.195
G1 X0.800 Y-0.472
G1 X0.800 Y-1.288
G1 X0.800 Y-1.892
G1 X0.800 Y-1.887
G1 X0.800 Y-1.135
G1 X0.800 Y0.091
G1 X0.800 Y1.235
G1 X0.800 Y1.822
G1 X0.800 Y1.732
G1 X0.800 Y1.190
G1 X0.800 Y0.540
G1 X0.800 Y0.042
G1 X0.800 Y-0.211
G1 X0.800 Y-0.248
G1 X0.800 Y-0.149
G1 X0.800 Y0.010
G1 X0.800 Y0.157
G1 X0.800 Y0.236
G1 X0.800 Y0.196
G1 X0.800 Y0.006
G1 X0.800 Y-0.324
G1 X0.800 Y-0.725
G1 X0.800 Y-1.084
G1 X0.800 Y-1.283
G1 X0.800 Y-1.258
G1 X0.800 Y-1.029
G1 X0.800 Y-0.682
G1 X0.800 Y-0.327
G1 X0.800 Y-0.049
G1 X0.800 Y0.118
G1 X0.800 Y0.176
G1 X0.800 Y0.152
G1 X0.800 Y0.084
G1 X0.800 Y0.001
G1 X0.800 Y-0.072
G1 X0.800 Y-0.119
G1 X0.800 Y-0.133
G1 X0.800 Y-0.115
G1 X0.800 Y-0.074
G1 X0.800 Y-0.026
G1 X0.800 Y0.015
G1 X0.800 Y0.038
G1 X0.800 Y0.038
G1 X0.800 Y0.021
G1 X0.800 Y-0.008
G1 X0.800 Y-0.032
G1 X0.800 Y-0.042
G1 X0.800 Y-0.028
G1 X0.800 Y0.012
G1 X0.800 Y0.076
G1 X0.800 Y0.149
G1 X0.800 Y0.215
G1 X0.800 Y0.262
G1 X0.800 Y0.276
G1 X0.800 Y0.259
G1 X0.800 Y0.213
G1 X0.800 Y0.149
G1 X0.800 Y0.078
G1 X0.800 Y0.010
G1 X0.800 Y-0.044
G1 X0.800 Y-0.077
G1 X0.800 Y-0.086
G1 X0.800 Y-0.068
G1 X0.800 Y-0.026
G1 X0.800 Y0.042
G1 X0.800 Y0.135
G1 X0.800 Y0.254
G1 X0.800 Y0.402
G1 X0.800 Y0.568
G1 X0.800 Y0.730
G1 X0.800 Y0.845
G1 X0.800 Y0.866
G1 X0.800 Y0.759
G1 X0.800 Y0.534
G1 X0.800 Y0.246
G1 X0.800 Y-0.022
G1 X0.800 Y-0.193
G1 X0.800 Y-0.233
G1 X0.800 Y-0.154
G1 X0.800 Y0.001
G1 X0.800 Y0.168
G1 X0.800 Y0.261
G1 X0.800 Y0.185
G1 X0.800 Y-0.146
G1 X0.800 Y-0.720
G1 X0.000 Y-0.450
G1 X-0.800 Y0.107
G1 X-0.800 Y-0.215
G1 X-0.800 Y-0.269
G1 X-0.800 Y-0.153
G1 X-0.800 Y0.028
G1 X-0.800 Y0.185
G1 X-0.800 Y0.249
G1 X-0.800 Y0.174
G1 X-0.800 Y-0.045
G1 X-0.800 Y-0.363
G1 X-0.800 Y-0.684
G1 X-0.800 Y-0.912
G1 X-0.800 Y-0.989
G1 X-0.800 Y-0.924
G1 X-0.800 Y-0.763
G1 X-0.800 Y-0.569
G1 X-0.800 Y-0.387
G1 X-0.800 Y-0.240
G1 X-0.800 Y-0.130
G1 X-0.800 Y-0.051
G1 X-0.800 Y0.004
G1 X-0.800 Y0.040
G1 X-0.800 Y0.058
G1 X-0.800 Y0.056
G1 X-0.800 Y0.036
G1 X-0.800 Y0.000
G1 X-0.800 Y-0.045
G1 X-0.800 Y-0.092
G1 X-0.800 Y-0.131
G1 X-0.800 Y-0.155
G1 X-0.800 Y-0.157
G1 X-0.800 Y-0.139
G1 X-0.800 Y-0.105
G1 X-0.800 Y-0.064
G1 X-0.800 Y-0.028
G1 X-0.800 Y-0.005
G1 X-0.800 Y0.005
G1 X-0.800 Y0.002
G1 X-0.800 Y-0.005
G1 X-0.800 Y-0.001
G1 X-0.800 Y0.023
G1 X-0.800 Y0.074
G1 X-0.800 Y0.153
G1 X-0.800 Y0.247
G1 X-0.800 Y0.337
G1 X-0.800 Y0.398
G1 X-0.800 Y0.415
G1 X-0.800 Y0.376
G1 X-0.800 Y0.286
G1 X-0.800 Y0.150
G1 X-0.800 Y-0.015
G1 X-0.800 Y-0.198
G1 X-0.800 Y-0.378
G1 X-0.800 Y-0.524
G1 X-0.800 Y-0.588
G1 X-0.800 Y-0.511
G1 X-0.800 Y-0.244
G1 X-0.800 Y0.206
G1 X-0.800 Y0.753
G1 X-0.800 Y1.238
G1 X-0.800 Y1.489
G1 X-0.800 Y1.414
G1 X-0.800 Y1.053
G1 X-0.800 Y0.548
G1 X-0.800 Y0.079
G1 X-0.800 Y-0.235
G1 X-0.800 Y-0.353
G1 X-0.800 Y-0.305
G1 X-0.800 Y-0.148
G1 X-0.800 Y0.059
G1 X-0.800 Y0.254
G1 X-0.800 Y0.369
G1 X-0.800 Y0.315
G1 X-0.800 Y0.011
G1 X-0.800 Y-0.561
G1 X-0.800 Y-1.277
G1 X-0.800 Y-1.828
G1 X-0.800 Y-1.842
G1 X-0.800 Y-1.126
G1 X-0.800 Y0.121
G1 X-0.800 Y1.350
G1 X-0.800 Y1.999
G1 X-0.800 Y1.847
G1 X-0.800 Y1.114
G1 X-0.800 Y0.239
G1 X-0.800 Y-0.416
G1 X-0.800 Y-0.714
G1 X-0.800 Y-0.704
G1 X-0.800 Y-0.506
G1 X-0.800 Y-0.227
G1 X-0.800 Y0.073
G1 X-0.800 Y0.354
G1 X-0.800 Y0.580
G1 X-0.800 Y0.686
G1 X-0.800 Y0.602
G1 X-0.800 Y0.284
G1 X-0.800 Y-0.225
G1 X-0.800 Y-0.788
G1 X-0.800 Y-1.218
G1 X-0.800 Y-1.377
G1 X-0.800 Y-1.250
G1 X-0.800 Y-0.933
G1 X-0.800 Y-0.575
G1 X-0.800 Y-0.283
G1 X-0.800 Y-0.107
G1 X-0.800 Y-0.026
G1 X-0.800 Y0.007
G1 X-0.800 Y0.051
G1 X-0.800 Y0.161
G1 X-0.800 Y0.361
G1 X-0.800 Y0.637
G1 X-0.800 Y0.924
G1 X-0.800 Y1.126
G1 X-0.800 Y1.164
G1 X-0.800 Y1.018
G1 X-0.800 Y0.740
G1 X-0.800 Y0.423
G1 X-0.800 Y0.160
G1 X-0.800 Y0.000
G1 X-0.800 Y-0.055
G1 X-0.800 Y-0.036
G1 X-0.800 Y0.016
G1 X-0.800 Y0.051
G1 X-0.800 Y0.037
G1 X-0.800 Y-0.053
G1 X-0.800 Y-0.213
G1 X-0.800 Y-0.414
G1 X-0.800 Y-0.607
G1 X-0.800 Y-0.740
G1 X-0.800 Y-0.782
G1 X-0.800 Y-0.733
G1 X-0.800 Y-0.617
G1 X-0.800 Y-0.470
G1 X-0.800 Y-0.319
G1 X-0.800 Y-0.181
G1 X-0.800 Y-0.066
G1 X-0.800 Y0.028
G1 X-0.800 Y0.098
G1 X-0.800 Y0.137
G1 X-0.800 Y0.143
G1 X-0.800 Y0.105
G1 X-0.800 Y0.026
G1 X-0.800 Y-0.091
G1 X-0.800 Y-0.236
G1 X-0.800 Y-0.385
G1 X-0.800 Y-0.498
G1 X-0.800 Y-0.514
G1 X-0.800 Y-0.362
G1 X-0.800 Y0.008
G1 X-0.800 Y0.566
G1 X-0.800 Y1.166
G1 X-0.800 Y1.580
G1 X-0.800 Y1.607
G1 X-0.800 Y1.213
G1 X-0.800 Y0.565
G1 X-0.800 Y-0.075
G1 X-0.800 Y-0.502
G1 X-0.800 Y-0.646
G1 X-0.800 Y-0.560
G1 X-0.800 Y-0.335
G1 X-0.800 Y-0.051
G1 X-0.800 Y0.238
G1 X-0.800 Y0.482
G1 X-0.800 Y0.620
G1 X-0.800 Y0.573
G1 X-0.800 Y0.290
G1 X-0.800 Y-0.207
G1 X-0.800 Y-0.788
G1 X-0.800 Y-1.256
G1 X-0.800 Y-1.451
G1 X-0.800 Y-1.334
G1 X-0.800 Y-0.989
G1 X-0.800 Y-0.568
G1 X-0.800 Y-0.197
G1 X-0.800 Y0.055
G1 X-0.800 Y0.186
G1 X-0.800 Y0.222
G1 X-0.800 Y0.205
G1 X-0.800 Y0.167
G1 X-0.800 Y0.134
G1 X0.000 Y-2.164
G1 X0.800 Y-0.009
G1 X0.800 Y0.005
G1 X0.800 Y0.045
G1 X0.800 Y0.134
G1 X0.800 Y0.295
G1 X0.800 Y0.542
G1 X0.800 Y0.851
G1 X0.800 Y1.154
G1 X0.800 Y1.330
G1 X0.800 Y1.260
G1 X0.800 Y0.889
G1 X0.800 Y0.293
G1 X0.800 Y-0.345
G1 X0.800 Y-0.822
G1 X0.800 Y-1.028
G1 X0.800 Y-0.972
G1 X0.800 Y-0.748
G1 X0.800 Y-0.457
G1 X0.800 Y-0.158
G1 X0.800 Y0.140
G1 X0.800 Y0.444
G1 X0.800 Y0.747
G1 X0.800 Y0.988
G1 X0.800 Y1.058
G1 X0.800 Y0.841
G1 X0.800 Y0.312
G1 X0.800 Y-0.405
G1 X0.800 Y-1.069
G1 X0.800 Y-1.448
G1 X0.800 Y-1.455
G1 X0.800 Y-1.169
G1 X0.800 Y-0.757
G1 X0.800 Y-0.379
G1 X0.800 Y-0.114
G1 X0.800 Y0.023
G1 X0.800 Y0.066
G1 X0.800 Y0.055
G1 X0.800 Y0.025
G1 X0.800 Y-0.002
G1 X0.800 Y-0.015
G1 X0.800 Y-0.013
G1 X0.800 Y0.000
G1 X0.800 Y0.025
G1 X0.800 Y0.069
G1 X0.800 Y0.145
G1 X0.800 Y0.266
G1 X0.800 Y0.444
G1 X0.800 Y0.668
G1 X0.800 Y0.896
G1 X0.800 Y1.063
G1 X0.800 Y1.096
G1 X0.800 Y0.959
G1 X0.800 Y0.673
G1 X0.800 Y0.319
G1 X0.800 Y0.001
G1 X0.800 Y-0.205
G1 X0.800 Y-0.273
G1 X0.800 Y-0.220
G1 X0.800 Y-0.088
G1 X0.800 Y0.072
G1 X0.800 Y0.211
G1 X0.800 Y0.276
G1 X0.800 Y0.218
G1 X0.800 Y0.016
G1 X0.800 Y-0.311
G1 X0.800 Y-0.680
G1 X0.800 Y-0.982
G1 X0.800 Y-1.121
G1 X0.800 Y-1.070
G1 X0.800 Y-0.875
G1 X0.800 Y-0.618
G1 X0.800 Y-0.375
G1 X0.800 Y-0.182
G1 X0.800 Y-0.028
G1 X0.800 Y0.117
G1 X0.800 Y0.295
G1 X0.800 Y0.530
G1 X0.800 Y0.806
G1 X0.800 Y1.058
G1 X0.800 Y1.188
G1 X0.800 Y1.110
G1 X0.800 Y0.804
G1 X0.800 Y0.350
G1 X0.800 Y-0.120
G1 X0.800 Y-0.470
G1 X0.800 Y-0.633
G1 X0.800 Y-0.611
G1 X0.800 Y-0.456
G1 X0.800 Y-0.225
G1 X0.800 Y0.041
G1 X0.800 Y0.310
G1 X0.800 Y0.546
G1 X0.800 Y0.686
G1 X0.800 Y0.637
G1 X0.800 Y0.305
G1 X0.800 Y-0.326
G1 X0.800 Y-1.115
G1 X0.800 Y-1.755
G1 X0.800 Y-1.897
G1 X0.800 Y-1.362
G1 X0.800 Y-0.309
G1 X0.800 Y0.833
G1 X0.800 Y1.604
G1 X0.800 Y1.777
G1 X0.800 Y1.432
G1 X0.800 Y0.840
G1 X0.800 Y0.276
G1 X0.800 Y-0.101
G1 X0.800 Y-0.254
G1 X0.800 Y-0.231
G1 X0.800 Y-0.104
G1 X0.800 Y0.062
G1 X0.800 Y0.202
G1 X0.800 Y0.257
G1 X0.800 Y0.166
G1 X0.800 Y-0.110
G1 X0.800 Y-0.553
G1 X0.800 Y-1.062
G1 X0.800 Y-1.459
G1 X0.800 Y-1.560
G1 X0.800 Y-1.280
G1 X0.800 Y-0.689
G1 X0.800 Y0.009
G1 X0.800 Y0.596
G1 X0.800 Y0.934
G1 X0.800 Y1.008
G1 X0.800 Y0.887
G1 X0.800 Y0.670
G1 X0.800 Y0.432
G1 X0.800 Y0.210
G1 X0.800 Y0.012
G1 X0.800 Y-0.172
G1 X0.800 Y-0.342
G1 X0.800 Y-0.497
G1 X0.800 Y-0.618
G1 X0.800 Y-0.683
G1 X0.800 Y-0.679
G1 X0.800 Y-0.607
G1 X0.800 Y-0.486
G1 X0.800 Y-0.345
G1 X0.800 Y-0.216
G1 X0.800 Y-0.116
G1 X0.800 Y-0.051
G1 X0.800 Y-0.018
G1 X0.800 Y-0.004
G1 X0.800 Y0.003
G1 X0.800 Y0.011
G1 X0.800 Y0.026
G1 X0.800 Y0.047
G1 X0.800 Y0.066
G1 X0.800 Y0.081
G1 X0.800 Y0.082
G1 X0.800 Y0.072
G1 X0.800 Y0.049
G1 X0.800 Y0.021
G1 X0.800 Y-0.007
G1 X0.800 Y-0.029
G1 X0.800 Y-0.038
G1 X0.800 Y-0.036
G1 X0.800 Y-0.022
G1 X0.800 Y0.006
G1 X0.800 Y0.048
G1 X0.800 Y0.112
G1 X0.800 Y0.210
G1 X0.800 Y0.353
G1 X0.800 Y0.545
G1 X0.800 Y0.765
G1 X0.800 Y0.966
G1 X0.800 Y1.073
G1 X0.800 Y1.025
G1 X0.800 Y0.801
G1 X0.800 Y0.458
G1 X0.800 Y0.102
G1 X0.800 Y-0.156
G1 X0.800 Y-0.257
G1 X0.800 Y-0.203
G1 X0.800 Y-0.045
G1 X0.800 Y0.146
G1 X0.800 Y0.275
G1 X0.800 Y0.227
G1 X0.000 Y-1.416
G1 X-0.800 Y-0.277
G1 X-0.800 Y-0.148
G1 X-0.800 Y0.048
G1 X-0.800 Y0.209
G1 X-0.800 Y0.259
G1 X-0.800 Y0.142
G1 X-0.800 Y-0.140
G1 X-0.800 Y-0.521
G1 X-0.800 Y-0.880
G1 X-0.800 Y-1.099
G1 X-0.800 Y-1.126
G1 X-0.800 Y-0.987
G1 X-0.800 Y-0.757
G1 X-0.800 Y-0.517
G1 X-0.800 Y-0.319
G1 X-0.800 Y-0.179
G1 X-0.800 Y-0.092
G1 X-0.800 Y-0.039
G1 X-0.800 Y-0.010
G1 X-0.800 Y0.010
G1 X-0.800 Y0.020
G1 X-0.800 Y0.024
G1 X-0.800 Y0.020
G1 X-0.800 Y0.009
G1 X-0.800 Y-0.007
G1 X-0.800 Y-0.023
G1 X-0.800 Y-0.036
G1 X-0.800 Y-0.040
G1 X-0.800 Y-0.037
G1 X-0.800 Y-0.029
G1 X-0.800 Y-0.017
G1 X-0.800 Y-0.008
G1 X-0.800 Y0.001
G1 X-0.800 Y0.015
G1 X-0.800 Y0.041
G1 X-0.800 Y0.093
G1 X-0.800 Y0.183
G1 X-0.800 Y0.315
G1 X-0.800 Y0.480
G1 X-0.800 Y0.651
G1 X-0.800 Y0.792
G1 X-0.800 Y0.864
G1 X-0.800 Y0.845
G1 X-0.800 Y0.739
G1 X-0.800 Y0.577
G1 X-0.800 Y0.400
G1 X-0.800 Y0.239
G1 X-0.800 Y0.109
G1 X-0.800 Y-0.003
G1 X-0.800 Y-0.123
G1 X-0.800 Y-0.285
G1 X-0.800 Y-0.514
G1 X-0.800 Y-0.801
G1 X-0.800 Y-1.090
G1 X-0.800 Y-1.270
G1 X-0.800 Y-1.213
G1 X-0.800 Y-0.843
G1 X-0.800 Y-0.202
G1 X-0.800 Y0.538
G1 X-0.800 Y1.145
G1 X-0.800 Y1.445
G1 X-0.800 Y1.398
G1 X-0.800 Y1.099
G1 X-0.800 Y0.702
G1 X-0.800 Y0.346
G1 X-0.800 Y0.105
G1 X-0.800 Y-0.012
G1 X-0.800 Y-0.030
G1 X-0.800 Y0.001
G1 X-0.800 Y0.031
G1 X-0.800 Y0.008
G1 X-0.800 Y-0.110
G1 X-0.800 Y-0.352
G1 X-0.800 Y-0.706
G1 X-0.800 Y-1.100
G1 X-0.800 Y-1.406
G1 X-0.800 Y-1.465
G1 X-0.800 Y-1.158
G1 X-0.800 Y-0.495
G1 X-0.800 Y0.367
G1 X-0.800 Y1.157
G1 X-0.800 Y1.619
G1 X-0.800 Y1.630
G1 X-0.800 Y1.248
G1 X-0.800 Y0.662
G1 X-0.800 Y0.087
G1 X-0.800 Y-0.327
G1 X-0.800 Y-0.525
G1 X-0.800 Y-0.536
G1 X-0.800 Y-0.417
G1 X-0.800 Y-0.229
G1 X-0.800 Y-0.013
G1 X-0.800 Y0.197
G1 X-0.800 Y0.374
G1 X-0.800 Y0.488
G1 X-0.800 Y0.499
G1 X-0.800 Y0.380
G1 X-0.800 Y0.135
G1 X-0.800 Y-0.189
G1 X-0.800 Y-0.512
G1 X-0.800 Y-0.748
G1 X-0.800 Y-0.847
G1 X-0.800 Y-0.803
G1 X-0.800 Y-0.656
G1 X-0.800 Y-0.453
G1 X-0.800 Y-0.233
G1 X-0.800 Y-0.012
G1 X-0.800 Y0.210
G1 X-0.800 Y0.434
G1 X-0.800 Y0.642
G1 X-0.800 Y0.799
G1 X-0.800 Y0.852
G1 X-0.800 Y0.764
G1 X-0.800 Y0.532
G1 X-0.800 Y0.216
G1 X-0.800 Y-0.092
G1 X-0.800 Y-0.310
G1 X-0.800 Y-0.392
G1 X-0.800 Y-0.344
G1 X-0.800 Y-0.198
G1 X-0.800 Y0.000
G1 X-0.800 Y0.203
G1 X-0.800 Y0.363
G1 X-0.800 Y0.417
G1 X-0.800 Y0.307
G1 X-0.800 Y0.002
G1 X-0.800 Y-0.459
G1 X-0.800 Y-0.950
G1 X-0.800 Y-1.305
G1 X-0.800 Y-1.401
G1 X-0.800 Y-1.219
G1 X-0.800 Y-0.854
G1 X-0.800 Y-0.447
G1 X-0.800 Y-0.116
G1 X-0.800 Y0.088
G1 X-0.800 Y0.168
G1 X-0.800 Y0.161
G1 X-0.800 Y0.110
G1 X-0.800 Y0.047
G1 X-0.800 Y-0.002
G1 X-0.800 Y-0.028
G1 X-0.800 Y-0.027
G1 X-0.800 Y-0.001
G1 X-0.800 Y0.050
G1 X-0.800 Y0.129
G1 X-0.800 Y0.253
G1 X-0.800 Y0.432
G1 X-0.800 Y0.668
G1 X-0.800 Y0.932
G1 X-0.800 Y1.143
G1 X-0.800 Y1.192
G1 X-0.800 Y0.977
G1 X-0.800 Y0.486
G1 X-0.800 Y-0.164
G1 X-0.800 Y-0.767
G1 X-0.800 Y-1.134
G1 X-0.800 Y-1.200
G1 X-0.800 Y-1.021
G1 X-0.800 Y-0.730
G1 X-0.800 Y-0.428
G1 X-0.800 Y-0.165
G1 X-0.800 Y0.073
G1 X-0.800 Y0.322
G1 X-0.800 Y0.610
G1 X-0.800 Y0.915
G1 X-0.800 Y1.151
G1 X-0.800 Y1.193
G1 X-0.800 Y0.945
G1 X-0.800 Y0.416
G1 X-0.800 Y-0.246
G1 X-0.800 Y-0.830
G1 X-0.800 Y-1.172
G1 X-0.800 Y-1.228
G1 X-0.800 Y-1.070
G1 X-0.800 Y-0.811
G1 X-0.800 Y-0.550
G1 X-0.800 Y-0.341
G1 X-0.800 Y-0.196
G1 X-0.800 Y-0.106
G1 X-0.800 Y-0.055
G1 X0.000 Y-1.142
G1 X0.800 Y0.047
G1 X0.800 Y0.107
G1 X0.800 Y0.206
G1 X0.800 Y0.363
G1 X0.800 Y0.585
G1 X0.800 Y0.855
G1 X0.800 Y1.108
G1 X0.800 Y1.241
G1 X0.800 Y1.137
G1 X0.800 Y0.743
G1 X0.800 Y0.129
G1 X0.800 Y-0.523
G1 X0.800 Y-1.004
G1 X0.800 Y-1.193
G1 X0.800 Y-1.105
G1 X0.800 Y-0.851
G1 X0.800 Y-0.548
G1 X0.800 Y-0.271
G1 X0.800 Y-0.027
G1 X0.800 Y0.209
G1 X0.800 Y0.470
G1 X0.800 Y0.757
G1 X0.800 Y1.015
G1 X0.800 Y1.146
G1 X0.800 Y1.052
G1 X0.800 Y0.707
G1 X0.800 Y0.191
G1 X0.800 Y-0.335
G1 X0.800 Y-0.723
G1 X0.800 Y-0.893
G1 X0.800 Y-0.869
G1 X0.800 Y-0.718
G1 X0.800 Y-0.519
G1 X0.800 Y-0.320
G1 X0.800 Y-0.148
G1 X0.800 Y-0.010
G1 X0.800 Y0.090
G1 X0.800 Y0.150
G1 X0.800 Y0.163
G1 X0.800 Y0.127
G1 X0.800 Y0.041
G1 X0.800 Y-0.087
G1 X0.800 Y-0.250
G1 X0.800 Y-0.425
G1 X0.800 Y-0.579
G1 X0.800 Y-0.652
G1 X0.800 Y-0.569
G1 X0.800 Y-0.266
G1 X0.800 Y0.254
G1 X0.800 Y0.872
G1 X0.800 Y1.386
G1 X0.800 Y1.587
G1 X0.800 Y1.401
G1 X0.800 Y0.923
G1 X0.800 Y0.363
G1 X0.800 Y-0.089
G1 X0.800 Y-0.335
G1 X0.800 Y-0.379
G1 X0.800 Y-0.281
G1 X0.800 Y-0.110
G1 X0.800 Y0.075
G1 X0.800 Y0.229
G1 X0.800 Y0.318
G1 X0.800 Y0.316
G1 X0.800 Y0.217
G1 X0.800 Y0.045
G1 X0.800 Y-0.152
G1 X0.800 Y-0.317
G1 X0.800 Y-0.407
G1 X0.800 Y-0.406
G1 X0.800 Y-0.326
G1 X0.800 Y-0.189
G1 X0.800 Y-0.024
G1 X0.800 Y0.143
G1 X0.800 Y0.290
G1 X0.800 Y0.387
G1 X0.800 Y0.413
G1 X0.800 Y0.352
G1 X0.800 Y0.209
G1 X0.800 Y0.015
G1 X0.800 Y-0.183
G1 X0.800 Y-0.337
G1 X0.800 Y-0.415
G1 X0.800 Y-0.405
G1 X0.800 Y-0.323
G1 X0.800 Y-0.186
G1 X0.800 Y-0.021
G1 X0.800 Y0.153
G1 X0.800 Y0.310
G1 X0.800 Y0.426
G1 X0.800 Y0.460
G1 X0.800 Y0.380
G1 X0.800 Y0.160
G1 X0.800 Y-0.191
G1 X0.800 Y-0.620
G1 X0.800 Y-1.031
G1 X0.800 Y-1.312
G1 X0.800 Y-1.377
G1 X0.800 Y-1.192
G1 X0.800 Y-0.795
G1 X0.800 Y-0.282
G1 X0.800 Y0.237
G1 X0.800 Y0.659
G1 X0.800 Y0.925
G1 X0.800 Y1.022
G1 X0.800 Y0.978
G1 X0.800 Y0.836
G1 X0.800 Y0.650
G1 X0.800 Y0.463
G1 X0.800 Y0.297
G1 X0.800 Y0.164
G1 X0.800 Y0.055
G1 X0.800 Y-0.043
G1 X0.800 Y-0.157
G1 X0.800 Y-0.308
G1 X0.800 Y-0.508
G1 X0.800 Y-0.749
G1 X0.800 Y-0.989
G1 X0.800 Y-1.150
G1 X0.800 Y-1.136
G1 X0.800 Y-0.874
G1 X0.800 Y-0.370
G1 X0.800 Y0.276
G1 X0.800 Y0.882
G1 X0.800 Y1.274
G1 X0.800 Y1.369
G1 X0.800 Y1.197
G1 X0.800 Y0.874
G1 X0.800 Y0.532
G1 X0.800 Y0.263
G1 X0.800 Y0.099
G1 X0.800 Y0.025
G1 X0.800 Y0.001
G1 X0.800 Y-0.020
G1 X0.800 Y-0.078
G1 X0.800 Y-0.198
G1 X0.800 Y-0.382
G1 X0.800 Y-0.602
G1 X0.800 Y-0.804
G1 X0.800 Y-0.936
G1 X0.800 Y-0.959
G1 X0.800 Y-0.874
G1 X0.800 Y-0.710
G1 X0.800 Y-0.517
G1 X0.800 Y-0.336
G1 X0.800 Y-0.194
G1 X0.800 Y-0.100
G1 X0.800 Y-0.045
G1 X0.800 Y-0.017
G1 X0.800 Y-0.004
G1 X0.800 Y0.004
G1 X0.800 Y0.010
G1 X0.800 Y0.016
G1 X0.800 Y0.018
G1 X0.800 Y0.016
G1 X0.800 Y0.011
G1 X0.800 Y0.002
G1 X0.800 Y-0.007
G1 X0.800 Y-0.012
G1 X0.800 Y-0.013
G1 X0.800 Y-0.010
G1 X0.800 Y-0.003
G1 X0.800 Y0.010
G1 X0.800 Y0.033
G1 X0.800 Y0.076
G1 X0.800 Y0.159
G1 X0.800 Y0.298
G1 X0.800 Y0.503
G1 X0.800 Y0.756
G1 X0.800 Y1.002
G1 X0.800 Y1.157
G1 X0.800 Y1.138
G1 X0.800 Y0.917
G1 X0.800 Y0.547
G1 X0.800 Y0.154
G1 X0.800 Y-0.137
G1 X0.800 Y-0.254
G1 X0.800 Y-0.203
G1 X0.800 Y-0.037
G1 X0.800 Y0.158
G1 X0.000 Y-1.305
G1 X-0.800 Y0.013
G1 X-0.800 Y0.182
G1 X-0.800 Y0.244
G1 X-0.800 Y0.138
G1 X-0.800 Y-0.143
G1 X-0.800 Y-0.535
G1 X-0.800 Y-0.911
G1 X-0.800 Y-1.145
G1 X-0.800 Y-1.172
G1 X-0.800 Y-1.020
G1 X-0.800 Y-0.770
G1 X-0.800 Y-0.511
G1 X-0.800 Y-0.300
G1 X-0.800 Y-0.157
G1 X-0.800 Y-0.072
G1 X-0.800 Y-0.030
G1 X-0.800 Y-0.011
G1 X-0.800 Y-0.001
G1 X-0.800 Y0.004
G1 X-0.800 Y0.006
G1 X-0.800 Y0.007
G1 X-0.800 Y0.003
G1 X-0.800 Y-0.001
G1 X-0.800 Y-0.006
G1 X-0.800 Y-0.008
G1 X-0.800 Y-0.008
G1 X-0.800 Y-0.006
G1 X-0.800 Y-0.002
G1 X-0.800 Y0.002
G1 X-0.800 Y0.011
G1 X-0.800 Y0.030
G1 X-0.800 Y0.074
G1 X-0.800 Y0.153
G1 X-0.800 Y0.280
G1 X-0.800 Y0.455
G1 X-0.800 Y0.659
G1 X-0.800 Y0.852
G1 X-0.800 Y0.982
G1 X-0.800 Y1.003
G1 X-0.800 Y0.897
G1 X-0.800 Y0.690
G1 X-0.800 Y0.440
G1 X-0.800 Y0.211
G1 X-0.800 Y0.051
G1 X-0.800 Y-0.024
G1 X-0.800 Y-0.027
G1 X-0.800 Y0.007
G1 X-0.800 Y0.033
G1 X-0.800 Y0.004
G1 X-0.800 Y-0.122
G1 X-0.800 Y-0.359
G1 X-0.800 Y-0.688
G1 X-0.800 Y-1.030
G1 X-0.800 Y-1.272
G1 X-0.800 Y-1.311
G1 X-0.800 Y-1.104
G1 X-0.800 Y-0.698
G1 X-0.800 Y-0.208
G1 X-0.800 Y0.239
G1 X-0.800 Y0.549
G1 X-0.800 Y0.699
G1 X-0.800 Y0.705
G1 X-0.800 Y0.618
G1 X-0.800 Y0.483
G1 X-0.800 Y0.333
G1 X-0.800 Y0.187
G1 X-0.800 Y0.056
G1 X-0.800 Y-0.064
G1 X-0.800 Y-0.168
G1 X-0.800 Y-0.262
G1 X-0.800 Y-0.342
G1 X-0.800 Y-0.406
G1 X-0.800 Y-0.454
G1 X-0.800 Y-0.481
G1 X-0.800 Y-0.482
G1 X-0.800 Y-0.454
G1 X-0.800 Y-0.386
G1 X-0.800 Y-0.270
G1 X-0.800 Y-0.101
G1 X-0.800 Y0.125
G1 X-0.800 Y0.396
G1 X-0.800 Y0.689
G1 X-0.800 Y0.955
G1 X-0.800 Y1.139
G1 X-0.800 Y1.188
G1 X-0.800 Y1.066
G1 X-0.800 Y0.787
G1 X-0.800 Y0.405
G1 X-0.800 Y0.005
G1 X-0.800 Y-0.327
G1 X-0.800 Y-0.536
G1 X-0.800 Y-0.607
G1 X-0.800 Y-0.562
G1 X-0.800 Y-0.435
G1 X-0.800 Y-0.265
G1 X-0.800 Y-0.080
G1 X-0.800 Y0.104
G1 X-0.800 Y0.271
G1 X-0.800 Y0.407
G1 X-0.800 Y0.494
G1 X-0.800 Y0.512
G1 X-0.800 Y0.460
G1 X-0.800 Y0.347
G1 X-0.800 Y0.201
G1 X-0.800 Y0.061
G1 X-0.800 Y-0.041
G1 X-0.800 Y-0.091
G1 X-0.800 Y-0.086
G1 X-0.800 Y-0.045
G1 X-0.800 Y0.013
G1 X-0.800 Y0.063
G1 X-0.800 Y0.087
G1 X-0.800 Y0.074
G1 X-0.800 Y0.026
G1 X-0.800 Y-0.042
G1 X-0.800 Y-0.103
G1 X-0.800 Y-0.136
G1 X-0.800 Y-0.122
G1 X-0.800 Y-0.061
G1 X-0.800 Y0.034
G1 X-0.800 Y0.128
G1 X-0.800 Y0.176
G1 X-0.800 Y0.122
G1 X-0.800 Y-0.093
G1 X-0.800 Y-0.480
G1 X-0.800 Y-0.976
G1 X-0.800 Y-1.418
G1 X-0.800 Y-1.592
G1 X-0.800 Y-1.364
G1 X-0.800 Y-0.769
G1 X-0.800 Y-0.023
G1 X-0.800 Y0.616
G1 X-0.800 Y0.976
G1 X-0.800 Y1.037
G1 X-0.800 Y0.892
G1 X-0.800 Y0.653
G1 X-0.800 Y0.407
G1 X-0.800 Y0.188
G1 X-0.800 Y0.006
G1 X-0.800 Y-0.144
G1 X-0.800 Y-0.261
G1 X-0.800 Y-0.337
G1 X-0.800 Y-0.364
G1 X-0.800 Y-0.334
G1 X-0.800 Y-0.250
G1 X-0.800 Y-0.120
G1 X-0.800 Y0.044
G1 X-0.800 Y0.234
G1 X-0.800 Y0.438
G1 X-0.800 Y0.630
G1 X-0.800 Y0.761
G1 X-0.800 Y0.771
G1 X-0.800 Y0.605
G1 X-0.800 Y0.268
G1 X-0.800 Y-0.172
G1 X-0.800 Y-0.584
G1 X-0.800 Y-0.848
G1 X-0.800 Y-0.911
G1 X-0.800 Y-0.796
G1 X-0.800 Y-0.574
G1 X-0.800 Y-0.305
G1 X-0.800 Y-0.026
G1 X-0.800 Y0.259
G1 X-0.800 Y0.546
G1 X-0.800 Y0.805
G1 X-0.800 Y0.965
G1 X-0.800 Y0.923
G1 X-0.800 Y0.609
G1 X-0.800 Y0.060
G1 X-0.800 Y-0.578
G1 X-0.800 Y-1.093
G1 X-0.800 Y-1.335
G1 X-0.800 Y-1.281
G1 X-0.800 Y-1.023
G1 X-0.800 Y-0.698
G1 X-0.800 Y-0.407
G1 X-0.800 Y-0.204
G1 X-0.800 Y-0.084
G1 X-0.800 Y-0.029
G1 X-0.800 Y-0.007
G1 X0.000 Y-0.748
G1 X0.800 Y-0.028
G1 X0.800 Y-0.096
G1 X0.800 Y-0.148
G1 X0.800 Y-0.143
G1 X0.800 Y-0.039
G1 X0.800 Y0.198
G1 X0.800 Y0.563
G1 X0.800 Y0.987
G1 X0.800 Y1.328
G1 X0.800 Y1.438
G1 X0.800 Y1.240
G1 X0.800 Y0.790
G1 X0.800 Y0.249
G1 X0.800 Y-0.199
G1 X0.800 Y-0.446
G1 X0.800 Y-0.481
G1 X0.800 Y-0.358
G1 X0.800 Y-0.148
G1 X0.800 Y0.090
G1 X0.800 Y0.301
G1 X0.800 Y0.438
G1 X0.800 Y0.450
G1 X0.800 Y0.303
G1 X0.800 Y0.013
G1 X0.800 Y-0.350
G1 X0.800 Y-0.674
G1 X0.800 Y-0.866
G1 X0.800 Y-0.891
G1 X0.800 Y-0.774
G1 X0.800 Y-0.579
G1 X0.800 Y-0.357
G1 X0.800 Y-0.143
G1 X0.800 Y0.055
G1 X0.800 Y0.238
G1 X0.800 Y0.400
G1 X0.800 Y0.526
G1 X0.800 Y0.596
G1 X0.800 Y0.592
G1 X0.800 Y0.520
G1 X0.800 Y0.397
G1 X0.800 Y0.253
G1 X0.800 Y0.102
G1 X0.800 Y-0.055
G1 X0.800 Y-0.240
G1 X0.800 Y-0.473
G1 X0.800 Y-0.752
G1 X0.800 Y-1.030
G1 X0.800 Y-1.202
G1 X0.800 Y-1.138
G1 X0.800 Y-0.759
G1 X0.800 Y-0.117
G1 X0.800 Y0.599
G1 X0.800 Y1.152
G1 X0.800 Y1.389
G1 X0.800 Y1.302
G1 X0.800 Y1.012
G1 X0.800 Y0.666
G1 X0.800 Y0.371
G1 X0.800 Y0.174
G1 X0.800 Y0.066
G1 X0.800 Y0.019
G1 X0.800 Y0.003
G1 X0.800 Y-0.003
G1 X0.800 Y-0.010
G1 X0.800 Y-0.017
G1 X0.800 Y-0.018
G1 X0.800 Y-0.010
G1 X0.800 Y0.007
G1 X0.800 Y0.024
G1 X0.800 Y0.027
G1 X0.800 Y-0.004
G1 X0.800 Y-0.086
G1 X0.800 Y-0.223
G1 X0.800 Y-0.401
G1 X0.800 Y-0.587
G1 X0.800 Y-0.732
G1 X0.800 Y-0.799
G1 X0.800 Y-0.769
G1 X0.800 Y-0.657
G1 X0.800 Y-0.492
G1 X0.800 Y-0.306
G1 X0.800 Y-0.118
G1 X0.800 Y0.075
G1 X0.800 Y0.283
G1 X0.800 Y0.514
G1 X0.800 Y0.756
G1 X0.800 Y0.956
G1 X0.800 Y1.036
G1 X0.800 Y0.915
G1 X0.800 Y0.559
G1 X0.800 Y0.022
G1 X0.800 Y-0.557
G1 X0.800 Y-1.020
G1 X0.800 Y-1.256
G1 X0.800 Y-1.244
G1 X0.800 Y-1.048
G1 X0.800 Y-0.766
G1 X0.800 Y-0.483
G1 X0.800 Y-0.255
G1 X0.800 Y-0.098
G1 X0.800 Y-0.004
G1 X0.800 Y0.042
G1 X0.800 Y0.059
G1 X0.800 Y0.061
G1 X0.800 Y0.060
G1 X0.800 Y0.060
G1 X0.800 Y0.065
G1 X0.800 Y0.074
G1 X0.800 Y0.089
G1 X0.800 Y0.104
G1 X0.800 Y0.119
G1 X0.800 Y0.127
G1 X0.800 Y0.123
G1 X0.800 Y0.103
G1 X0.800 Y0.063
G1 X0.800 Y0.003
G1 X0.800 Y-0.073
G1 X0.800 Y-0.157
G1 X0.800 Y-0.231
G1 X0.800 Y-0.276
G1 X0.800 Y-0.258
G1 X0.800 Y-0.154
G1 X0.800 Y0.059
G1 X0.800 Y0.365
G1 X0.800 Y0.713
G1 X0.800 Y1.018
G1 X0.800 Y1.191
G1 X0.800 Y1.179
G1 X0.800 Y0.992
G1 X0.800 Y0.701
G1 X0.800 Y0.397
G1 X0.800 Y0.156
G1 X0.800 Y0.016
G1 X0.800 Y-0.032
G1 X0.800 Y-0.016
G1 X0.800 Y0.020
G1 X0.800 Y0.030
G1 X0.800 Y-0.023
G1 X0.800 Y-0.157
G1 X0.800 Y-0.371
G1 X0.800 Y-0.623
G1 X0.800 Y-0.851
G1 X0.800 Y-0.991
G1 X0.800 Y-1.008
G1 X0.800 Y-0.904
G1 X0.800 Y-0.720
G1 X0.800 Y-0.511
G1 X0.800 Y-0.323
G1 X0.800 Y-0.178
G1 X0.800 Y-0.086
G1 X0.800 Y-0.035
G1 X0.800 Y-0.012
G1 X0.800 Y-0.003
G1 X0.800 Y0.001
G1 X0.800 Y0.001
G1 X0.800 Y0.004
G1 X0.800 Y0.005
G1 X0.800 Y0.004
G1 X0.800 Y0.002
G1 X0.800 Y0.000
G1 X0.800 Y-0.002
G1 X0.800 Y-0.002
G1 X0.800 Y-0.001
G1 X0.800 Y0.005
G1 X0.800 Y0.013
G1 X0.800 Y0.037
G1 X0.800 Y0.084
G1 X0.800 Y0.176
G1 X0.800 Y0.328
G1 X0.800 Y0.546
G1 X0.800 Y0.803
G1 X0.800 Y1.041
G1 X0.800 Y1.170
G1 X0.800 Y1.116
G1 X0.800 Y0.865
G1 X0.800 Y0.487
G1 X0.800 Y0.112
G1 X0.800 Y-0.144
G1 X0.800 Y-0.225
G1 X0.800 Y-0.148
G1 X0.000 Y-1.034
G1 X-0.800 Y0.196
G1 X-0.800 Y0.148
G1 X-0.800 Y-0.066
G1 X-0.800 Y-0.409
G1 X-0.800 Y-0.779
G1 X-0.800 Y-1.051
G1 X-0.800 Y-1.145
G1 X-0.800 Y-1.057
G1 X-0.800 Y-0.850
G1 X-0.800 Y-0.604
G1 X-0.800 Y-0.383
G1 X-0.800 Y-0.220
G1 X-0.800 Y-0.115
G1 X-0.800 Y-0.055
G1 X-0.800 Y-0.024
G1 X-0.800 Y-0.010
G1 X-0.800 Y-0.005
G1 X-0.800 Y-0.001
G1 X-0.800 Y-0.002
G1 X-0.800 Y-0.002
G1 X-0.800 Y-0.004
G1 X-0.800 Y-0.004
G1 X-0.800 Y-0.003
G1 X-0.800 Y-0.001
G1 X-0.800 Y0.000
G1 X-0.800 Y0.000
G1 X-0.800 Y0.000
G1 X-0.800 Y0.006
G1 X-0.800 Y0.028
G1 X-0.800 Y0.076
G1 X-0.800 Y0.169
G1 X-0.800 Y0.312
G1 X-0.800 Y0.498
G1 X-0.800 Y0.702
G1 X-0.800 Y0.880
G1 X-0.800 Y0.978
G1 X-0.800 Y0.965
G1 X-0.800 Y0.835
G1 X-0.800 Y0.629
G1 X-0.800 Y0.403
G1 X-0.800 Y0.211
G1 X-0.800 Y0.083
G1 X-0.800 Y0.021
G1 X-0.800 Y0.001
G1 X-0.800 Y-0.012
G1 X-0.800 Y-0.060
G1 X-0.800 Y-0.176
G1 X-0.800 Y-0.370
G1 X-0.800 Y-0.622
G1 X-0.800 Y-0.877
G1 X-0.800 Y-1.058
G1 X-0.800 Y-1.103
G1 X-0.800 Y-0.993
G1 X-0.800 Y-0.764
G1 X-0.800 Y-0.485
G1 X-0.800 Y-0.230
G1 X-0.800 Y-0.046
G1 X-0.800 Y0.052
G1 X-0.800 Y0.077
G1 X-0.800 Y0.054
G1 X-0.800 Y0.009
G1 X-0.800 Y-0.032
G1 X-0.800 Y-0.056
G1 X-0.800 Y-0.057
G1 X-0.800 Y-0.039
G1 X-0.800 Y-0.008
G1 X-0.800 Y0.020
G1 X-0.800 Y0.039
G1 X-0.800 Y0.039
G1 X-0.800 Y0.025
G1 X-0.800 Y0.001
G1 X-0.800 Y-0.022
G1 X-0.800 Y-0.037
G1 X-0.800 Y-0.037
G1 X-0.800 Y-0.024
G1 X-0.800 Y-0.004
G1 X-0.800 Y0.014
G1 X-0.800 Y0.020
G1 X-0.800 Y0.008
G1 X-0.800 Y-0.013
G1 X-0.800 Y-0.025
G1 X-0.800 Y0.007
G1 X-0.800 Y0.124
G1 X-0.800 Y0.367
G1 X-0.800 Y0.736
G1 X-0.800 Y1.165
G1 X-0.800 Y1.492
G1 X-0.800 Y1.512
G1 X-0.800 Y1.089
G1 X-0.800 Y0.285
G1 X-0.800 Y-0.631
G1 X-0.800 Y-1.314
G1 X-0.800 Y-1.555
G1 X-0.800 Y-1.377
G1 X-0.800 Y-0.971
G1 X-0.800 Y-0.553
G1 X-0.800 Y-0.249
G1 X-0.800 Y-0.084
G1 X-0.800 Y-0.013
G1 X-0.800 Y0.037
G1 X-0.800 Y0.131
G1 X-0.800 Y0.313
G1 X-0.800 Y0.580
G1 X-0.800 Y0.879
G1 X-0.800 Y1.113
G1 X-0.800 Y1.193
G1 X-0.800 Y1.079
G1 X-0.800 Y0.809
G1 X-0.800 Y0.470
G1 X-0.800 Y0.159
G1 X-0.800 Y-0.065
G1 X-0.800 Y-0.184
G1 X-0.800 Y-0.219
G1 X-0.800 Y-0.197
G1 X-0.800 Y-0.154
G1 X-0.800 Y-0.112
G1 X-0.800 Y-0.088
G1 X-0.800 Y-0.090
G1 X-0.800 Y-0.124
G1 X-0.800 Y-0.194
G1 X-0.800 Y-0.302
G1 X-0.800 Y-0.451
G1 X-0.800 Y-0.635
G1 X-0.800 Y-0.823
G1 X-0.800 Y-0.962
G1 X-0.800 Y-0.977
G1 X-0.800 Y-0.797
G1 X-0.800 Y-0.404
G1 X-0.800 Y0.130
G1 X-0.800 Y0.659
G1 X-0.800 Y1.031
G1 X-0.800 Y1.159
G1 X-0.800 Y1.061
G1 X-0.800 Y0.825
G1 X-0.800 Y0.553
G1 X-0.800 Y0.309
G1 X-0.800 Y0.107
G1 X-0.800 Y-0.067
G1 X-0.800 Y-0.242
G1 X-0.800 Y-0.432
G1 X-0.800 Y-0.622
G1 X-0.800 Y-0.776
G1 X-0.800 Y-0.850
G1 X-0.800 Y-0.814
G1 X-0.800 Y-0.684
G1 X-0.800 Y-0.501
G1 X-0.800 Y-0.317
G1 X-0.800 Y-0.164
G1 X-0.800 Y-0.046
G1 X-0.800 Y0.059
G1 X-0.800 Y0.188
G1 X-0.800 Y0.367
G1 X-0.800 Y0.596
G1 X-0.800 Y0.835
G1 X-0.800 Y1.013
G1 X-0.800 Y1.058
G1 X-0.800 Y0.943
G1 X-0.800 Y0.707
G1 X-0.800 Y0.431
G1 X-0.800 Y0.199
G1 X-0.800 Y0.059
G1 X-0.800 Y0.006
G1 X-0.800 Y0.000
G1 X-0.800 Y-0.021
G1 X-0.800 Y-0.120
G1 X-0.800 Y-0.339
G1 X-0.800 Y-0.673
G1 X-0.800 Y-1.044
G1 X-0.800 Y-1.317
G1 X-0.800 Y-1.358
G1 X-0.800 Y-1.113
G1 X-0.800 Y-0.659
G1 X-0.800 Y-0.147
G1 X-0.800 Y0.268
G1 X-0.800 Y0.504
G1 X-0.800 Y0.563
G1 X-0.800 Y0.491
G1 X-0.800 Y0.350
G1 X-0.800 Y0.190
G1 X-0.800 Y0.039
G1 X0.000 Y1.249
G1 X0.800 Y-0.035
G1 X0.800 Y-0.188
G1 X0.800 Y-0.371
G1 X0.800 Y-0.577
G1 X0.800 Y-0.780
G1 X0.800 Y-0.922
G1 X0.800 Y-0.926
G1 X0.800 Y-0.730
G1 X0.800 Y-0.328
G1 X0.800 Y0.188
G1 X0.800 Y0.670
G1 X0.800 Y0.977
G1 X0.800 Y1.049
G1 X0.800 Y0.922
G1 X0.800 Y0.684
G1 X0.800 Y0.416
G1 X0.800 Y0.162
G1 X0.800 Y-0.078
G1 X0.800 Y-0.317
G1 X0.800 Y-0.560
G1 X0.800 Y-0.782
G1 X0.800 Y-0.927
G1 X0.800 Y-0.935
G1 X0.800 Y-0.779
G1 X0.800 Y-0.502
G1 X0.800 Y-0.189
G1 X0.800 Y0.060
G1 X0.800 Y0.191
G1 X0.800 Y0.194
G1 X0.800 Y0.103
G1 X0.800 Y-0.029
G1 X0.800 Y-0.151
G1 X0.800 Y-0.205
G1 X0.800 Y-0.151
G1 X0.800 Y0.029
G1 X0.800 Y0.307
G1 X0.800 Y0.607
G1 X0.800 Y0.836
G1 X0.800 Y0.926
G1 X0.800 Y0.865
G1 X0.800 Y0.696
G1 X0.800 Y0.474
G1 X0.800 Y0.247
G1 X0.800 Y0.029
G1 X0.800 Y-0.189
G1 X0.800 Y-0.412
G1 X0.800 Y-0.637
G1 X0.800 Y-0.825
G1 X0.800 Y-0.924
G1 X0.800 Y-0.883
G1 X0.800 Y-0.693
G1 X0.800 Y-0.393
G1 X0.800 Y-0.063
G1 X0.800 Y0.216
G1 X0.800 Y0.395
G1 X0.800 Y0.464
G1 X0.800 Y0.448
G1 X0.800 Y0.382
G1 X0.800 Y0.300
G1 X0.800 Y0.228
G1 X0.800 Y0.182
G1 X0.800 Y0.173
G1 X0.800 Y0.206
G1 X0.800 Y0.283
G1 X0.800 Y0.398
G1 X0.800 Y0.538
G1 X0.800 Y0.675
G1 X0.800 Y0.751
G1 X0.800 Y0.692
G1 X0.800 Y0.418
G1 X0.800 Y-0.092
G1 X0.800 Y-0.748
G1 X0.800 Y-1.342
G1 X0.800 Y-1.633
G1 X0.800 Y-1.496
G1 X0.800 Y-1.013
G1 X0.800 Y-0.417
G1 X0.800 Y0.059
G1 X0.800 Y0.287
G1 X0.800 Y0.279
G1 X0.800 Y0.112
G1 X0.800 Y-0.113
G1 X0.800 Y-0.290
G1 X0.800 Y-0.295
G1 X0.800 Y-0.006
G1 X0.800 Y0.614
G1 X0.800 Y1.399
G1 X0.800 Y1.949
G1 X0.800 Y1.828
G1 X0.800 Y0.925
G1 X0.800 Y-0.377
G1 X0.800 Y-1.440
G1 X0.800 Y-1.837
G1 X0.800 Y-1.584
G1 X0.800 Y-1.007
G1 X0.800 Y-0.444
G1 X0.800 Y-0.078
G1 X0.800 Y0.074
G1 X0.800 Y0.077
G1 X0.800 Y0.013
G1 X0.800 Y-0.053
G1 X0.800 Y-0.076
G1 X0.800 Y-0.038
G1 X0.800 Y0.053
G1 X0.800 Y0.170
G1 X0.800 Y0.272
G1 X0.800 Y0.328
G1 X0.800 Y0.323
G1 X0.800 Y0.257
G1 X0.800 Y0.148
G1 X0.800 Y0.017
G1 X0.800 Y-0.117
G1 X0.800 Y-0.228
G1 X0.800 Y-0.302
G1 X0.800 Y-0.322
G1 X0.800 Y-0.286
G1 X0.800 Y-0.202
G1 X0.800 Y-0.099
G1 X0.800 Y-0.004
G1 X0.800 Y0.056
G1 X0.800 Y0.068
G1 X0.800 Y0.039
G1 X0.800 Y-0.014
G1 X0.800 Y-0.062
G1 X0.800 Y-0.074
G1 X0.800 Y-0.014
G1 X0.800 Y0.134
G1 X0.800 Y0.364
G1 X0.800 Y0.634
G1 X0.800 Y0.875
G1 X0.800 Y1.016
G1 X0.800 Y1.019
G1 X0.800 Y0.891
G1 X0.800 Y0.685
G1 X0.800 Y0.463
G1 X0.800 Y0.272
G1 X0.800 Y0.133
G1 X0.800 Y0.033
G1 X0.800 Y-0.053
G1 X0.800 Y-0.156
G1 X0.800 Y-0.293
G1 X0.800 Y-0.470
G1 X0.800 Y-0.660
G1 X0.800 Y-0.820
G1 X0.800 Y-0.907
G1 X0.800 Y-0.895
G1 X0.800 Y-0.787
G1 X0.800 Y-0.616
G1 X0.800 Y-0.425
G1 X0.800 Y-0.255
G1 X0.800 Y-0.128
G1 X0.800 Y-0.050
G1 X0.800 Y-0.011
G1 X0.800 Y0.002
G1 X0.800 Y0.003
G1 X0.800 Y-0.001
G1 X0.800 Y-0.003
G1 X0.800 Y-0.001
G1 X0.800 Y0.001
G1 X0.800 Y0.005
G1 X0.800 Y0.006
G1 X0.800 Y0.006
G1 X0.800 Y0.008
G1 X0.800 Y0.009
G1 X0.800 Y0.013
G1 X0.800 Y0.025
G1 X0.800 Y0.048
G1 X0.800 Y0.091
G1 X0.800 Y0.167
G1 X0.800 Y0.288
G1 X0.800 Y0.462
G1 X0.800 Y0.677
G1 X0.800 Y0.897
G1 X0.800 Y1.057
G1 X0.800 Y1.087
G1 X0.800 Y0.946
G1 X0.800 Y0.658
G1 X0.800 Y0.311
G1 X0.800 Y0.016
G1 X0.800 Y-0.145
G1 X0.000 Y-1.071
G1 X-0.800 Y0.027
G1 X-0.800 Y-0.206
G1 X-0.800 Y-0.512
G1 X-0.800 Y-0.803
G1 X-0.800 Y-0.986
G1 X-0.800 Y-1.023
G1 X-0.800 Y-0.927
G1 X-0.800 Y-0.751
G1 X-0.800 Y-0.553
G1 X-0.800 Y-0.379
G1 X-0.800 Y-0.243
G1 X-0.800 Y-0.149
G1 X-0.800 Y-0.090
G1 X-0.800 Y-0.055
G1 X-0.800 Y-0.035
G1 X-0.800 Y-0.025
G1 X-0.800 Y-0.019
G1 X-0.800 Y-0.015
G1 X-0.800 Y-0.011
G1 X-0.800 Y-0.006
G1 X-0.800 Y0.000
G1 X-0.800 Y0.005
G1 X-0.800 Y0.008
G1 X-0.800 Y0.004
G1 X-0.800 Y-0.002
G1 X-0.800 Y-0.009
G1 X-0.800 Y-0.007
G1 X-0.800 Y0.016
G1 X-0.800 Y0.072
G1 X-0.800 Y0.172
G1 X-0.800 Y0.312
G1 X-0.800 Y0.476
G1 X-0.800 Y0.635
G1 X-0.800 Y0.750
G1 X-0.800 Y0.791
G1 X-0.800 Y0.748
G1 X-0.800 Y0.637
G1 X-0.800 Y0.483
G1 X-0.800 Y0.317
G1 X-0.800 Y0.155
G1 X-0.800 Y0.001
G1 X-0.800 Y-0.160
G1 X-0.800 Y-0.338
G1 X-0.800 Y-0.535
G1 X-0.800 Y-0.731
G1 X-0.800 Y-0.883
G1 X-0.800 Y-0.936
G1 X-0.800 Y-0.859
G1 X-0.800 Y-0.653
G1 X-0.800 Y-0.373
G1 X-0.800 Y-0.096
G1 X-0.800 Y0.113
G1 X-0.800 Y0.214
G1 X-0.800 Y0.212
G1 X-0.800 Y0.132
G1 X-0.800 Y0.012
G1 X-0.800 Y-0.110
G1 X-0.800 Y-0.196
G1 X-0.800 Y-0.214
G1 X-0.800 Y-0.145
G1 X-0.800 Y0.010
G1 X-0.800 Y0.217
G1 X-0.800 Y0.425
G1 X-0.800 Y0.575
G1 X-0.800 Y0.630
G1 X-0.800 Y0.584
G1 X-0.800 Y0.458
G1 X-0.800 Y0.281
G1 X-0.800 Y0.080
G1 X-0.800 Y-0.130
G1 X-0.800 Y-0.332
G1 X-0.800 Y-0.502
G1 X-0.800 Y-0.615
G1 X-0.800 Y-0.635
G1 X-0.800 Y-0.544
G1 X-0.800 Y-0.366
G1 X-0.800 Y-0.149
G1 X-0.800 Y0.033
G1 X-0.800 Y0.129
G1 X-0.800 Y0.119
G1 X-0.800 Y0.027
G1 X-0.800 Y-0.093
G1 X-0.800 Y-0.157
G1 X-0.800 Y-0.054
G1 X-0.800 Y0.321
G1 X-0.800 Y0.979
G1 X-0.800 Y1.706
G1 X-0.800 Y2.032
G1 X-0.800 Y1.493
G1 X-0.800 Y0.095
G1 X-0.800 Y-1.474
G1 X-0.800 Y-2.287
G1 X-0.800 Y-1.953
G1 X-0.800 Y-0.882
G1 X-0.800 Y0.185
G1 X-0.800 Y0.769
G1 X-0.800 Y0.832
G1 X-0.800 Y0.569
G1 X-0.800 Y0.172
G1 X-0.800 Y-0.248
G1 X-0.800 Y-0.618
G1 X-0.800 Y-0.825
G1 X-0.800 Y-0.703
G1 X-0.800 Y-0.121
G1 X-0.800 Y0.823
G1 X-0.800 Y1.725
G1 X-0.800 Y2.065
G1 X-0.800 Y1.590
G1 X-0.800 Y0.544
G1 X-0.800 Y-0.541
G1 X-0.800 Y-1.229
G1 X-0.800 Y-1.405
G1 X-0.800 Y-1.218
G1 X-0.800 Y-0.887
G1 X-0.800 Y-0.570
G1 X-0.800 Y-0.332
G1 X-0.800 Y-0.177
G1 X-0.800 Y-0.086
G1 X-0.800 Y-0.034
G1 X-0.800 Y-0.010
G1 X-0.800 Y-0.006
G1 X-0.800 Y-0.019
G1 X-0.800 Y-0.046
G1 X-0.800 Y-0.073
G1 X-0.800 Y-0.087
G1 X-0.800 Y-0.067
G1 X-0.800 Y-0.001
G1 X-0.800 Y0.116
G1 X-0.800 Y0.268
G1 X-0.800 Y0.420
G1 X-0.800 Y0.534
G1 X-0.800 Y0.575
G1 X-0.800 Y0.531
G1 X-0.800 Y0.413
G1 X-0.800 Y0.240
G1 X-0.800 Y0.033
G1 X-0.800 Y-0.191
G1 X-0.800 Y-0.411
G1 X-0.800 Y-0.598
G1 X-0.800 Y-0.702
G1 X-0.800 Y-0.666
G1 X-0.800 Y-0.457
G1 X-0.800 Y-0.104
G1 X-0.800 Y0.306
G1 X-0.800 Y0.644
G1 X-0.800 Y0.821
G1 X-0.800 Y0.813
G1 X-0.800 Y0.662
G1 X-0.800 Y0.431
G1 X-0.800 Y0.168
G1 X-0.800 Y-0.098
G1 X-0.800 Y-0.362
G1 X-0.800 Y-0.602
G1 X-0.800 Y-0.777
G1 X-0.800 Y-0.826
G1 X-0.800 Y-0.702
G1 X-0.800 Y-0.417
G1 X-0.800 Y-0.047
G1 X-0.800 Y0.290
G1 X-0.800 Y0.498
G1 X-0.800 Y0.539
G1 X-0.800 Y0.435
G1 X-0.800 Y0.237
G1 X-0.800 Y-0.004
G1 X-0.800 Y-0.248
G1 X-0.800 Y-0.448
G1 X-0.800 Y-0.552
G1 X-0.800 Y-0.500
G1 X-0.800 Y-0.264
G1 X-0.800 Y0.129
G1 X-0.800 Y0.575
G1 X-0.800 Y0.939
G1 X-0.800 Y1.118
G1 X-0.800 Y1.090
G1 X-0.800 Y0.914
G1 X-0.800 Y0.672
G1 X-0.800 Y0.440
G1 X-0.800 Y0.256
G1 X-0.800 Y0.123
G1 X-0.800 Y0.027
G1 X0.000 Y-0.809
G1 X0.800 Y-0.019
G1 X0.800 Y-0.075
G1 X0.800 Y-0.167
G1 X0.800 Y-0.321
G1 X0.800 Y-0.539
G1 X0.800 Y-0.794
G1 X0.800 Y-1.024
G1 X0.800 Y-1.143
G1 X0.800 Y-1.085
G1 X0.800 Y-0.848
G1 X0.800 Y-0.505
G1 X0.800 Y-0.162
G1 X0.800 Y0.080
G1 X0.800 Y0.180
G1 X0.800 Y0.153
G1 X0.800 Y0.041
G1 X0.800 Y-0.090
G1 X0.800 Y-0.178
G1 X0.800 Y-0.160
G1 X0.800 Y0.008
G1 X0.800 Y0.323
G1 X0.800 Y0.709
G1 X0.800 Y1.044
G1 X0.800 Y1.203
G1 X0.800 Y1.142
G1 X0.800 Y0.912
G1 X0.800 Y0.616
G1 X0.800 Y0.350
G1 X0.800 Y0.159
G1 X0.800 Y0.027
G1 X0.800 Y-0.091
G1 X0.800 Y-0.248
G1 X0.800 Y-0.477
G1 X0.800 Y-0.760
G1 X0.800 Y-1.030
G1 X0.800 Y-1.184
G1 X0.800 Y-1.142
G1 X0.800 Y-0.897
G1 X0.800 Y-0.530
G1 X0.800 Y-0.161
G1 X0.800 Y0.112
G1 X0.800 Y0.246
G1 X0.800 Y0.253
G1 X0.800 Y0.176
G1 X0.800 Y0.060
G1 X0.800 Y-0.055
G1 X0.800 Y-0.142
G1 X0.800 Y-0.187
G1 X0.800 Y-0.184
G1 X0.800 Y-0.145
G1 X0.800 Y-0.090
G1 X0.800 Y-0.038
G1 X0.800 Y-0.005
G1 X0.800 Y0.005
G1 X0.800 Y0.002
G1 X0.800 Y-0.005
G1 X0.800 Y-0.003
G1 X0.800 Y0.015
G1 X0.800 Y0.042
G1 X0.800 Y0.066
G1 X0.800 Y0.071
G1 X0.800 Y0.041
G1 X0.800 Y-0.017
G1 X0.800 Y-0.085
G1 X0.800 Y-0.106
G1 X0.800 Y-0.005
G1 X0.800 Y0.310
G1 X0.800 Y0.869
G1 X0.800 Y1.542
G1 X0.800 Y1.957
G1 X0.800 Y1.639
G1 X0.800 Y0.411
G1 X0.800 Y-1.229
G1 X0.800 Y-2.307
G1 X0.800 Y-2.161
G1 X0.800 Y-1.016
G1 X0.800 Y0.289
G1 X0.800 Y1.065
G1 X0.800 Y1.179
G1 X0.800 Y0.872
G1 X0.800 Y0.412
G1 X0.800 Y-0.069
G1 X0.800 Y-0.553
G1 X0.800 Y-0.993
G1 X0.800 Y-1.213
G1 X0.800 Y-0.909
G1 X0.800 Y0.102
G1 X0.800 Y1.499
G1 X0.800 Y2.417
G1 X0.800 Y2.071
G1 X0.800 Y0.559
G1 X0.800 Y-1.139
G1 X0.800 Y-2.035
G1 X0.800 Y-1.904
G1 X0.800 Y-1.191
G1 X0.800 Y-0.458
G1 X0.800 Y-0.005
G1 X0.800 Y0.144
G1 X0.800 Y0.097
G1 X0.800 Y-0.022
G1 X0.800 Y-0.114
G1 X0.800 Y-0.116
G1 X0.800 Y0.000
G1 X0.800 Y0.218
G1 X0.800 Y0.473
G1 X0.800 Y0.683
G1 X0.800 Y0.782
G1 X0.800 Y0.752
G1 X0.800 Y0.618
G1 X0.800 Y0.423
G1 X0.800 Y0.203
G1 X0.800 Y-0.021
G1 X0.800 Y-0.248
G1 X0.800 Y-0.468
G1 X0.800 Y-0.663
G1 X0.800 Y-0.790
G1 X0.800 Y-0.803
G1 X0.800 Y-0.672
G1 X0.800 Y-0.412
G1 X0.800 Y-0.088
G1 X0.800 Y0.213
G1 X0.800 Y0.416
G1 X0.800 Y0.489
G1 X0.800 Y0.438
G1 X0.800 Y0.300
G1 X0.800 Y0.113
G1 X0.800 Y-0.090
G1 X0.800 Y-0.279
G1 X0.800 Y-0.421
G1 X0.800 Y-0.481
G1 X0.800 Y-0.428
G1 X0.800 Y-0.251
G1 X0.800 Y0.021
G1 X0.800 Y0.326
G1 X0.800 Y0.581
G1 X0.800 Y0.727
G1 X0.800 Y0.748
G1 X0.800 Y0.657
G1 X0.800 Y0.501
G1 X0.800 Y0.314
G1 X0.800 Y0.122
G1 X0.800 Y-0.065
G1 X0.800 Y-0.239
G1 X0.800 Y-0.396
G1 X0.800 Y-0.520
G1 X0.800 Y-0.596
G1 X0.800 Y-0.607
G1 X0.800 Y-0.552
G1 X0.800 Y-0.447
G1 X0.800 Y-0.314
G1 X0.800 Y-0.187
G1 X0.800 Y-0.084
G1 X0.800 Y-0.018
G1 X0.800 Y0.014
G1 X0.800 Y0.019
G1 X0.800 Y0.010
G1 X0.800 Y-0.004
G1 X0.800 Y-0.012
G1 X0.800 Y-0.015
G1 X0.800 Y-0.010
G1 X0.800 Y-0.001
G1 X0.800 Y0.011
G1 X0.800 Y0.021
G1 X0.800 Y0.032
G1 X0.800 Y0.042
G1 X0.800 Y0.055
G1 X0.800 Y0.076
G1 X0.800 Y0.106
G1 X0.800 Y0.158
G1 X0.800 Y0.233
G1 X0.800 Y0.341
G1 X0.800 Y0.482
G1 X0.800 Y0.646
G1 X0.800 Y0.805
G1 X0.800 Y0.919
G1 X0.800 Y0.940
G1 X0.800 Y0.840
G1 X0.800 Y0.627
G1 X0.800 Y0.357
G1 X0.800 Y0.108
G1 X0.000 Y-1.236
G1 X-0.800 Y-0.210
G1 X-0.800 Y-0.438
G1 X-0.800 Y-0.653
G1 X-0.800 Y-0.802
G1 X-0.800 Y-0.855
G1 X-0.800 Y-0.816
G1 X-0.800 Y-0.714
G1 X-0.800 Y-0.585
G1 X-0.800 Y-0.454
G1 X-0.800 Y-0.342
G1 X-0.800 Y-0.253
G1 X-0.800 Y-0.187
G1 X-0.800 Y-0.141
G1 X-0.800 Y-0.108
G1 X-0.800 Y-0.082
G1 X-0.800 Y-0.061
G1 X-0.800 Y-0.040
G1 X-0.800 Y-0.020
G1 X-0.800 Y-0.001
G1 X-0.800 Y0.015
G1 X-0.800 Y0.023
G1 X-0.800 Y0.023
G1 X-0.800 Y0.014
G1 X-0.800 Y-0.004
G1 X-0.800 Y-0.021
G1 X-0.800 Y-0.030
G1 X-0.800 Y-0.021
G1 X-0.800 Y0.014
G1 X-0.800 Y0.077
G1 X-0.800 Y0.164
G1 X-0.800 Y0.258
G1 X-0.800 Y0.341
G1 X-0.800 Y0.389
G1 X-0.800 Y0.390
G1 X-0.800 Y0.337
G1 X-0.800 Y0.238
G1 X-0.800 Y0.103
G1 X-0.800 Y-0.053
G1 X-0.800 Y-0.216
G1 X-0.800 Y-0.363
G1 X-0.800 Y-0.469
G1 X-0.800 Y-0.500
G1 X-0.800 Y-0.431
G1 X-0.800 Y-0.250
G1 X-0.800 Y0.013
G1 X-0.800 Y0.302
G1 X-0.800 Y0.542
G1 X-0.800 Y0.681
G1 X-0.800 Y0.695
G1 X-0.800 Y0.602
G1 X-0.800 Y0.437
G1 X-0.800 Y0.235
G1 X-0.800 Y0.017
G1 X-0.800 Y-0.206
G1 X-0.800 Y-0.420
G1 X-0.800 Y-0.607
G1 X-0.800 Y-0.724
G1 X-0.800 Y-0.725
G1 X-0.800 Y-0.576
G1 X-0.800 Y-0.283
G1 X-0.800 Y0.094
G1 X-0.800 Y0.459
G1 X-0.800 Y0.718
G1 X-0.800 Y0.823
G1 X-0.800 Y0.780
G1 X-0.800 Y0.631
G1 X-0.800 Y0.429
G1 X-0.800 Y0.209
G1 X-0.800 Y-0.010
G1 X-0.800 Y-0.223
G1 X-0.800 Y-0.427
G1 X-0.800 Y-0.603
G1 X-0.800 Y-0.719
G1 X-0.800 Y-0.739
G1 X-0.800 Y-0.647
G1 X-0.800 Y-0.467
G1 X-0.800 Y-0.251
G1 X-0.800 Y-0.070
G1 X-0.800 Y0.031
G1 X-0.800 Y0.040
G1 X-0.800 Y-0.010
G1 X-0.800 Y-0.050
G1 X-0.800 Y0.017
G1 X-0.800 Y0.299
G1 X-0.800 Y0.847
G1 X-0.800 Y1.538
G1 X-0.800 Y1.982
G1 X-0.800 Y1.661
G1 X-0.800 Y0.380
G1 X-0.800 Y-1.320
G1 X-0.800 Y-2.388
G1 X-0.800 Y-2.141
G1 X-0.800 Y-0.879
G1 X-0.800 Y0.472
G1 X-0.800 Y1.209
G1 X-0.800 Y1.247
G1 X-0.800 Y0.879
G1 X-0.800 Y0.391
G1 X-0.800 Y-0.104
G1 X-0.800 Y-0.605
G1 X-0.800 Y-1.082
G1 X-0.800 Y-1.328
G1 X-0.800 Y-0.979
G1 X-0.800 Y0.181
G1 X-0.800 Y1.733
G1 X-0.800 Y2.601
G1 X-0.800 Y1.911
G1 X-0.800 Y0.000
G1 X-0.800 Y-1.786
G1 X-0.800 Y-2.356
G1 X-0.800 Y-1.726
G1 X-0.800 Y-0.650
G1 X-0.800 Y0.188
G1 X-0.800 Y0.557
G1 X-0.800 Y0.550
G1 X-0.800 Y0.350
G1 X-0.800 Y0.091
G1 X-0.800 Y-0.145
G1 X-0.800 Y-0.318
G1 X-0.800 Y-0.402
G1 X-0.800 Y-0.389
G1 X-0.800 Y-0.297
G1 X-0.800 Y-0.164
G1 X-0.800 Y-0.034
G1 X-0.800 Y0.054
G1 X-0.800 Y0.089
G1 X-0.800 Y0.078
G1 X-0.800 Y0.038
G1 X-0.800 Y-0.008
G1 X-0.800 Y-0.042
G1 X-0.800 Y-0.058
G1 X-0.800 Y-0.054
G1 X-0.800 Y-0.039
G1 X-0.800 Y-0.019
G1 X-0.800 Y0.000
G1 X-0.800 Y0.024
G1 X-0.800 Y0.074
G1 X-0.800 Y0.172
G1 X-0.800 Y0.340
G1 X-0.800 Y0.579
G1 X-0.800 Y0.850
G1 X-0.800 Y1.077
G1 X-0.800 Y1.170
G1 X-0.800 Y1.072
G1 X-0.800 Y0.805
G1 X-0.800 Y0.456
G1 X-0.800 Y0.139
G1 X-0.800 Y-0.060
G1 X-0.800 Y-0.120
G1 X-0.800 Y-0.070
G1 X-0.800 Y0.031
G1 X-0.800 Y0.112
G1 X-0.800 Y0.101
G1 X-0.800 Y-0.061
G1 X-0.800 Y-0.386
G1 X-0.800 Y-0.809
G1 X-0.800 Y-1.187
G1 X-0.800 Y-1.368
G1 X-0.800 Y-1.271
G1 X-0.800 Y-0.949
G1 X-0.800 Y-0.545
G1 X-0.800 Y-0.201
G1 X-0.800 Y0.000
G1 X-0.800 Y0.059
G1 X-0.800 Y0.024
G1 X-0.800 Y-0.036
G1 X-0.800 Y-0.055
G1 X-0.800 Y0.019
G1 X-0.800 Y0.210
G1 X-0.800 Y0.490
G1 X-0.800 Y0.790
G1 X-0.800 Y1.010
G1 X-0.800 Y1.084
G1 X-0.800 Y0.999
G1 X-0.800 Y0.801
G1 X-0.800 Y0.565
G1 X-0.800 Y0.352
G1 X-0.800 Y0.195
G1 X-0.800 Y0.092
G1 X-0.800 Y0.030
G1 X0.000 Y-1.727
G1 X0.800 Y-0.071
G1 X0.800 Y-0.178
G1 X0.800 Y-0.322
G1 X0.800 Y-0.502
G1 X0.800 Y-0.700
G1 X0.800 Y-0.878
G1 X0.800 Y-0.974
G1 X0.800 Y-0.941
G1 X0.800 Y-0.771
G1 X0.800 Y-0.510
G1 X0.800 Y-0.235
G1 X0.800 Y-0.029
G1 X0.800 Y0.070
G1 X0.800 Y0.066
G1 X0.800 Y-0.002
G1 X0.800 Y-0.071
G1 X0.800 Y-0.068
G1 X0.800 Y0.073
G1 X0.800 Y0.384
G1 X0.800 Y0.824
G1 X0.800 Y1.250
G1 X0.800 Y1.478
G1 X0.800 Y1.375
G1 X0.800 Y0.968
G1 X0.800 Y0.421
G1 X0.800 Y-0.059
G1 X0.800 Y-0.339
G1 X0.800 Y-0.399
G1 X0.800 Y-0.291
G1 X0.800 Y-0.097
G1 X0.800 Y0.117
G1 X0.800 Y0.291
G1 X0.800 Y0.372
G1 X0.800 Y0.316
G1 X0.800 Y0.112
G1 X0.800 Y-0.199
G1 X0.800 Y-0.531
G1 X0.800 Y-0.786
G1 X0.800 Y-0.900
G1 X0.800 Y-0.867
G1 X0.800 Y-0.731
G1 X0.800 Y-0.551
G1 X0.800 Y-0.368
G1 X0.800 Y-0.211
G1 X0.800 Y-0.085
G1 X0.800 Y0.007
G1 X0.800 Y0.067
G1 X0.800 Y0.091
G1 X0.800 Y0.073
G1 X0.800 Y0.015
G1 X0.800 Y-0.079
G1 X0.800 Y-0.195
G1 X0.800 Y-0.313
G1 X0.800 Y-0.399
G1 X0.800 Y-0.413
G1 X0.800 Y-0.318
G1 X0.800 Y-0.102
G1 X0.800 Y0.198
G1 X0.800 Y0.503
G1 X0.800 Y0.715
G1 X0.800 Y0.768
G1 X0.800 Y0.660
G1 X0.800 Y0.426
G1 X0.800 Y0.117
G1 X0.800 Y-0.242
G1 X0.800 Y-0.622
G1 X0.800 Y-0.947
G1 X0.800 Y-1.020
G1 X0.800 Y-0.556
G1 X0.800 Y0.576
G1 X0.800 Y1.958
G1 X0.800 Y2.579
G1 X0.800 Y1.605
G1 X0.800 Y-0.557
G1 X0.800 Y-2.339
G1 X0.800 Y-2.498
G1 X0.800 Y-1.257
G1 X0.800 Y0.221
G1 X0.800 Y1.057
G1 X0.800 Y1.140
G1 X0.800 Y0.791
G1 X0.800 Y0.305
G1 X0.800 Y-0.191
G1 X0.800 Y-0.665
G1 X0.800 Y-1.035
G1 X0.800 Y-1.093
G1 X0.800 Y-0.593
G1 X0.800 Y0.486
G1 X0.800 Y1.698
G1 X0.800 Y2.293
G1 X0.800 Y1.803
G1 X0.800 Y0.491
G1 X0.800 Y-0.871
G1 X0.800 Y-1.636
G1 X0.800 Y-1.674
G1 X0.800 Y-1.263
G1 X0.800 Y-0.756
G1 X0.800 Y-0.364
G1 X0.800 Y-0.139
G1 X0.800 Y-0.038
G1 X0.800 Y0.006
G1 X0.800 Y0.050
G1 X0.800 Y0.126
G1 X0.800 Y0.236
G1 X0.800 Y0.363
G1 X0.800 Y0.471
G1 X0.800 Y0.530
G1 X0.800 Y0.521
G1 X0.800 Y0.450
G1 X0.800 Y0.326
G1 X0.800 Y0.171
G1 X0.800 Y-0.004
G1 X0.800 Y-0.186
G1 X0.800 Y-0.364
G1 X0.800 Y-0.523
G1 X0.800 Y-0.629
G1 X0.800 Y-0.649
G1 X0.800 Y-0.552
G1 X0.800 Y-0.330
G1 X0.800 Y-0.013
G1 X0.800 Y0.330
G1 X0.800 Y0.623
G1 X0.800 Y0.803
G1 X0.800 Y0.845
G1 X0.800 Y0.768
G1 X0.800 Y0.614
G1 X0.800 Y0.424
G1 X0.800 Y0.230
G1 X0.800 Y0.039
G1 X0.800 Y-0.146
G1 X0.800 Y-0.334
G1 X0.800 Y-0.516
G1 X0.800 Y-0.673
G1 X0.800 Y-0.774
G1 X0.800 Y-0.783
G1 X0.800 Y-0.686
G1 X0.800 Y-0.498
G1 X0.800 Y-0.260
G1 X0.800 Y-0.030
G1 X0.800 Y0.143
G1 X0.800 Y0.235
G1 X0.800 Y0.247
G1 X0.800 Y0.197
G1 X0.800 Y0.109
G1 X0.800 Y0.008
G1 X0.800 Y-0.085
G1 X0.800 Y-0.155
G1 X0.800 Y-0.192
G1 X0.800 Y-0.192
G1 X0.800 Y-0.161
G1 X0.800 Y-0.109
G1 X0.800 Y-0.051
G1 X0.800 Y-0.003
G1 X0.800 Y0.029
G1 X0.800 Y0.039
G1 X0.800 Y0.032
G1 X0.800 Y0.014
G1 X0.800 Y-0.008
G1 X0.800 Y-0.026
G1 X0.800 Y-0.035
G1 X0.800 Y-0.031
G1 X0.800 Y-0.017
G1 X0.800 Y0.007
G1 X0.800 Y0.038
G1 X0.800 Y0.071
G1 X0.800 Y0.107
G1 X0.800 Y0.146
G1 X0.800 Y0.187
G1 X0.800 Y0.238
G1 X0.800 Y0.300
G1 X0.800 Y0.376
G1 X0.800 Y0.466
G1 X0.800 Y0.566
G1 X0.800 Y0.662
G1 X0.800 Y0.735
G1 X0.800 Y0.764
G1 X0.800 Y0.725
G1 X0.800 Y0.614
G1 X0.800 Y0.446
G1 X0.800 Y0.256
G1 X0.000 Y-1.230
G1 X-0.800 Y-0.246
G1 X-0.800 Y-0.400
G1 X-0.800 Y-0.539
G1 X-0.800 Y-0.637
G1 X-0.800 Y-0.686
G1 X-0.800 Y-0.686
G1 X-0.800 Y-0.648
G1 X-0.800 Y-0.588
G1 X-0.800 Y-0.515
G1 X-0.800 Y-0.441
G1 X-0.800 Y-0.369
G1 X-0.800 Y-0.301
G1 X-0.800 Y-0.237
G1 X-0.800 Y-0.176
G1 X-0.800 Y-0.119
G1 X-0.800 Y-0.066
G1 X-0.800 Y-0.021
G1 X-0.800 Y0.014
G1 X-0.800 Y0.037
G1 X-0.800 Y0.044
G1 X-0.800 Y0.037
G1 X-0.800 Y0.021
G1 X-0.800 Y-0.002
G1 X-0.800 Y-0.025
G1 X-0.800 Y-0.039
G1 X-0.800 Y-0.043
G1 X-0.800 Y-0.033
G1 X-0.800 Y-0.011
G1 X-0.800 Y0.018
G1 X-0.800 Y0.043
G1 X-0.800 Y0.058
G1 X-0.800 Y0.056
G1 X-0.800 Y0.035
G1 X-0.800 Y-0.001
G1 X-0.800 Y-0.040
G1 X-0.800 Y-0.069
G1 X-0.800 Y-0.071
G1 X-0.800 Y-0.028
G1 X-0.800 Y0.066
G1 X-0.800 Y0.211
G1 X-0.800 Y0.387
G1 X-0.800 Y0.558
G1 X-0.800 Y0.688
G1 X-0.800 Y0.747
G1 X-0.800 Y0.726
G1 X-0.800 Y0.637
G1 X-0.800 Y0.503
G1 X-0.800 Y0.351
G1 X-0.800 Y0.197
G1 X-0.800 Y0.049
G1 X-0.800 Y-0.098
G1 X-0.800 Y-0.248
G1 X-0.800 Y-0.402
G1 X-0.800 Y-0.553
G1 X-0.800 Y-0.681
G1 X-0.800 Y-0.759
G1 X-0.800 Y-0.763
G1 X-0.800 Y-0.683
G1 X-0.800 Y-0.525
G1 X-0.800 Y-0.315
G1 X-0.800 Y-0.094
G1 X-0.800 Y0.104
G1 X-0.800 Y0.249
G1 X-0.800 Y0.331
G1 X-0.800 Y0.350
G1 X-0.800 Y0.318
G1 X-0.800 Y0.251
G1 X-0.800 Y0.163
G1 X-0.800 Y0.068
G1 X-0.800 Y-0.026
G1 X-0.800 Y-0.106
G1 X-0.800 Y-0.170
G1 X-0.800 Y-0.207
G1 X-0.800 Y-0.219
G1 X-0.800 Y-0.204
G1 X-0.800 Y-0.168
G1 X-0.800 Y-0.117
G1 X-0.800 Y-0.054
G1 X-0.800 Y0.021
G1 X-0.800 Y0.118
G1 X-0.800 Y0.260
G1 X-0.800 Y0.464
G1 X-0.800 Y0.742
G1 X-0.800 Y1.055
G1 X-0.800 Y1.296
G1 X-0.800 Y1.289
G1 X-0.800 Y0.863
G1 X-0.800 Y0.000
G1 X-0.800 Y-1.051
G1 X-0.800 Y-1.828
G1 X-0.800 Y-1.943
G1 X-0.800 Y-1.374
G1 X-0.800 Y-0.474
G1 X-0.800 Y0.297
G1 X-0.800 Y0.676
G1 X-0.800 Y0.657
G1 X-0.800 Y0.380
G1 X-0.800 Y-0.014
G1 X-0.800 Y-0.420
G1 X-0.800 Y-0.715
G1 X-0.800 Y-0.689
G1 X-0.800 Y-0.100
G1 X-0.800 Y1.063
G1 X-0.800 Y2.232
G1 X-0.800 Y2.404
G1 X-0.800 Y1.027
G1 X-0.800 Y-1.147
G1 X-0.800 Y-2.541
G1 X-0.800 Y-2.263
G1 X-0.800 Y-0.847
G1 X-0.800 Y0.552
G1 X-0.800 Y1.235
G1 X-0.800 Y1.225
G1 X-0.800 Y0.865
G1 X-0.800 Y0.430
G1 X-0.800 Y0.027
G1 X-0.800 Y-0.342
G1 X-0.800 Y-0.679
G1 X-0.800 Y-0.938
G1 X-0.800 Y-1.024
G1 X-0.800 Y-0.858
G1 X-0.800 Y-0.456
G1 X-0.800 Y0.061
G1 X-0.800 Y0.518
G1 X-0.800 Y0.791
G1 X-0.800 Y0.850
G1 X-0.800 Y0.750
G1 X-0.800 Y0.569
G1 X-0.800 Y0.371
G1 X-0.800 Y0.192
G1 X-0.800 Y0.047
G1 X-0.800 Y-0.057
G1 X-0.800 Y-0.116
G1 X-0.800 Y-0.128
G1 X-0.800 Y-0.091
G1 X-0.800 Y-0.011
G1 X-0.800 Y0.107
G1 X-0.800 Y0.248
G1 X-0.800 Y0.395
G1 X-0.800 Y0.521
G1 X-0.800 Y0.587
G1 X-0.800 Y0.559
G1 X-0.800 Y0.416
G1 X-0.800 Y0.180
G1 X-0.800 Y-0.092
G1 X-0.800 Y-0.319
G1 X-0.800 Y-0.438
G1 X-0.800 Y-0.426
G1 X-0.800 Y-0.299
G1 X-0.800 Y-0.095
G1 X-0.800 Y0.144
G1 X-0.800 Y0.364
G1 X-0.800 Y0.501
G1 X-0.800 Y0.468
G1 X-0.800 Y0.194
G1 X-0.800 Y-0.321
G1 X-0.800 Y-0.943
G1 X-0.800 Y-1.437
G1 X-0.800 Y-1.589
G1 X-0.800 Y-1.343
G1 X-0.800 Y-0.841
G1 X-0.800 Y-0.314
G1 X-0.800 Y0.064
G1 X-0.800 Y0.227
G1 X-0.800 Y0.210
G1 X-0.800 Y0.087
G1 X-0.800 Y-0.066
G1 X-0.800 Y-0.183
G1 X-0.800 Y-0.214
G1 X-0.800 Y-0.130
G1 X-0.800 Y0.065
G1 X-0.800 Y0.327
G1 X-0.800 Y0.578
G1 X-0.800 Y0.746
G1 X-0.800 Y0.796
G1 X-0.800 Y0.734
G1 X-0.800 Y0.598
G1 X-0.800 Y0.431
G1 X-0.800 Y0.265
G1 X-0.800 Y0.116
G1 X0.000 Y-3.227
G1 X0.800 Y-0.116
G1 X0.800 Y-0.259
G1 X0.800 Y-0.397
G1 X0.800 Y-0.497
G1 X0.800 Y-0.530
G1 X0.800 Y-0.465
G1 X0.800 Y-0.299
G1 X0.800 Y-0.064
G1 X0.800 Y0.177
G1 X0.800 Y0.355
G1 X0.800 Y0.422
G1 X0.800 Y0.367
G1 X0.800 Y0.213
G1 X0.800 Y0.000
G1 X0.800 Y-0.229
G1 X0.800 Y-0.419
G1 X0.800 Y-0.491
G1 X0.800 Y-0.356
G1 X0.800 Y0.039
G1 X0.800 Y0.643
G1 X0.800 Y1.263
G1 X0.800 Y1.630
G1 X0.800 Y1.567
G1 X0.800 Y1.107
G1 X0.800 Y0.477
G1 X0.800 Y-0.071
G1 X0.800 Y-0.385
G1 X0.800 Y-0.450
G1 X0.800 Y-0.341
G1 X0.800 Y-0.142
G1 X0.800 Y0.076
G1 X0.800 Y0.258
G1 X0.800 Y0.367
G1 X0.800 Y0.371
G1 X0.800 Y0.265
G1 X0.800 Y0.077
G1 X0.800 Y-0.136
G1 X0.800 Y-0.308
G1 X0.800 Y-0.398
G1 X0.800 Y-0.397
G1 X0.800 Y-0.320
G1 X0.800 Y-0.201
G1 X0.800 Y-0.068
G1 X0.800 Y0.052
G1 X0.800 Y0.141
G1 X0.800 Y0.189
G1 X0.800 Y0.191
G1 X0.800 Y0.152
G1 X0.800 Y0.081
G1 X0.800 Y-0.020
G1 X0.800 Y-0.153
G1 X0.800 Y-0.333
G1 X0.800 Y-0.567
G1 X0.800 Y-0.840
G1 X0.800 Y-1.084
G1 X0.800 Y-1.183
G1 X0.800 Y-1.015
G1 X0.800 Y-0.543
G1 X0.800 Y0.115
G1 X0.800 Y0.728
G1 X0.800 Y1.082
G1 X0.800 Y1.105
G1 X0.800 Y0.876
G1 X0.800 Y0.530
G1 X0.800 Y0.157
G1 X0.800 Y-0.233
G1 X0.800 Y-0.660
G1 X0.800 Y-1.092
G1 X0.800 Y-1.345
G1 X0.800 Y-1.086
G1 X0.800 Y-0.081
G1 X0.800 Y1.400
G1 X0.800 Y2.455
G1 X0.800 Y2.176
G1 X0.800 Y0.597
G1 X0.800 Y-1.220
G1 X0.800 Y-2.153
G1 X0.800 Y-1.942
G1 X0.800 Y-1.117
G1 X0.800 Y-0.328
G1 X0.800 Y0.106
G1 X0.800 Y0.192
G1 X0.800 Y0.075
G1 X0.800 Y-0.092
G1 X0.800 Y-0.183
G1 X0.800 Y-0.100
G1 X0.800 Y0.208
G1 X0.800 Y0.695
G1 X0.800 Y1.207
G1 X0.800 Y1.530
G1 X0.800 Y1.501
G1 X0.800 Y1.114
G1 X0.800 Y0.514
G1 X0.800 Y-0.095
G1 X0.800 Y-0.555
G1 X0.800 Y-0.803
G1 X0.800 Y-0.864
G1 X0.800 Y-0.800
G1 X0.800 Y-0.676
G1 X0.800 Y-0.539
G1 X0.800 Y-0.415
G1 X0.800 Y-0.314
G1 X0.800 Y-0.238
G1 X0.800 Y-0.185
G1 X0.800 Y-0.149
G1 X0.800 Y-0.127
G1 X0.800 Y-0.115
G1 X0.800 Y-0.109
G1 X0.800 Y-0.107
G1 X0.800 Y-0.106
G1 X0.800 Y-0.105
G1 X0.800 Y-0.103
G1 X0.800 Y-0.099
G1 X0.800 Y-0.091
G1 X0.800 Y-0.078
G1 X0.800 Y-0.060
G1 X0.800 Y-0.033
G1 X0.800 Y0.006
G1 X0.800 Y0.058
G1 X0.800 Y0.127
G1 X0.800 Y0.209
G1 X0.800 Y0.303
G1 X0.800 Y0.398
G1 X0.800 Y0.485
G1 X0.800 Y0.548
G1 X0.800 Y0.577
G1 X0.800 Y0.565
G1 X0.800 Y0.513
G1 X0.800 Y0.430
G1 X0.800 Y0.324
G1 X0.800 Y0.209
G1 X0.800 Y0.089
G1 X0.800 Y-0.034
G1 X0.800 Y-0.158
G1 X0.800 Y-0.286
G1 X0.800 Y-0.409
G1 X0.800 Y-0.518
G1 X0.800 Y-0.597
G1 X0.800 Y-0.628
G1 X0.800 Y-0.607
G1 X0.800 Y-0.533
G1 X0.800 Y-0.426
G1 X0.800 Y-0.303
G1 X0.800 Y-0.191
G1 X0.800 Y-0.101
G1 X0.800 Y-0.042
G1 X0.800 Y-0.011
G1 X0.800 Y0.001
G1 X0.800 Y0.001
G1 X0.800 Y-0.001
G1 X0.800 Y-0.001
G1 X0.800 Y0.007
G1 X0.800 Y0.018
G1 X0.800 Y0.030
G1 X0.800 Y0.037
G1 X0.800 Y0.039
G1 X0.800 Y0.030
G1 X0.800 Y0.013
G1 X0.800 Y-0.008
G1 X0.800 Y-0.029
G1 X0.800 Y-0.045
G1 X0.800 Y-0.048
G1 X0.800 Y-0.036
G1 X0.800 Y-0.005
G1 X0.800 Y0.044
G1 X0.800 Y0.109
G1 X0.800 Y0.188
G1 X0.800 Y0.274
G1 X0.800 Y0.363
G1 X0.800 Y0.449
G1 X0.800 Y0.529
G1 X0.800 Y0.596
G1 X0.800 Y0.647
G1 X0.800 Y0.673
G1 X0.800 Y0.670
G1 X0.800 Y0.630
G1 X0.800 Y0.556
G1 X0.800 Y0.448
G1 X0.800 Y0.323
G1 X0.800 Y0.195
G1 X0.000 Y-1.141
G1 X-0.800 Y-0.122
G1 X-0.800 Y-0.232
G1 X-0.800 Y-0.357
G1 X-0.800 Y-0.485
G1 X-0.800 Y-0.598
G1 X-0.800 Y-0.683
G1 X-0.800 Y-0.732
G1 X-0.800 Y-0.738
G1 X-0.800 Y-0.701
G1 X-0.800 Y-0.628
G1 X-0.800 Y-0.525
G1 X-0.800 Y-0.406
G1 X-0.800 Y-0.284
G1 X-0.800 Y-0.172
G1 X-0.800 Y-0.079
G1 X-0.800 Y-0.012
G1 X-0.800 Y0.029
G1 X-0.800 Y0.047
G1 X-0.800 Y0.044
G1 X-0.800 Y0.031
G1 X-0.800 Y0.013
G1 X-0.800 Y-0.006
G1 X-0.800 Y-0.020
G1 X-0.800 Y-0.026
G1 X-0.800 Y-0.026
G1 X-0.800 Y-0.022
G1 X-0.800 Y-0.014
G1 X-0.800 Y-0.007
G1 X-0.800 Y0.004
G1 X-0.800 Y0.016
G1 X-0.800 Y0.037
G1 X-0.800 Y0.070
G1 X-0.800 Y0.119
G1 X-0.800 Y0.186
G1 X-0.800 Y0.267
G1 X-0.800 Y0.354
G1 X-0.800 Y0.432
G1 X-0.800 Y0.487
G1 X-0.800 Y0.509
G1 X-0.800 Y0.491
G1 X-0.800 Y0.437
G1 X-0.800 Y0.352
G1 X-0.800 Y0.250
G1 X-0.800 Y0.135
G1 X-0.800 Y0.017
G1 X-0.800 Y-0.101
G1 X-0.800 Y-0.214
G1 X-0.800 Y-0.319
G1 X-0.800 Y-0.403
G1 X-0.800 Y-0.460
G1 X-0.800 Y-0.480
G1 X-0.800 Y-0.460
G1 X-0.800 Y-0.410
G1 X-0.800 Y-0.338
G1 X-0.800 Y-0.259
G1 X-0.800 Y-0.185
G1 X-0.800 Y-0.123
G1 X-0.800 Y-0.074
G1 X-0.800 Y-0.039
G1 X-0.800 Y-0.015
G1 X-0.800 Y0.000
G1 X-0.800 Y0.004
G1 X-0.800 Y0.000
G1 X-0.800 Y-0.016
G1 X-0.800 Y-0.038
G1 X-0.800 Y-0.062
G1 X-0.800 Y-0.078
G1 X-0.800 Y-0.078
G1 X-0.800 Y-0.053
G1 X-0.800 Y0.004
G1 X-0.800 Y0.093
G1 X-0.800 Y0.205
G1 X-0.800 Y0.328
G1 X-0.800 Y0.446
G1 X-0.800 Y0.543
G1 X-0.800 Y0.610
G1 X-0.800 Y0.643
G1 X-0.800 Y0.649
G1 X-0.800 Y0.631
G1 X-0.800 Y0.600
G1 X-0.800 Y0.559
G1 X-0.800 Y0.505
G1 X-0.800 Y0.434
G1 X-0.800 Y0.332
G1 X-0.800 Y0.188
G1 X-0.800 Y-0.011
G1 X-0.800 Y-0.260
G1 X-0.800 Y-0.538
G1 X-0.800 Y-0.803
G1 X-0.800 Y-0.992
G1 X-0.800 Y-1.060
G1 X-0.800 Y-0.986
G1 X-0.800 Y-0.798
G1 X-0.800 Y-0.559
G1 X-0.800 Y-0.332
G1 X-0.800 Y-0.155
G1 X-0.800 Y-0.028
G1 X-0.800 Y0.100
G1 X-0.800 Y0.299
G1 X-0.800 Y0.634
G1 X-0.800 Y1.105
G1 X-0.800 Y1.554
G1 X-0.800 Y1.659
G1 X-0.800 Y1.086
G1 X-0.800 Y-0.173
G1 X-0.800 Y-1.573
G1 X-0.800 Y-2.296
G1 X-0.800 Y-1.908
G1 X-0.800 Y-0.739
G1 X-0.800 Y0.458
G1 X-0.800 Y1.129
G1 X-0.800 Y1.204
G1 X-0.800 Y0.913
G1 X-0.800 Y0.505
G1 X-0.800 Y0.099
G1 X-0.800 Y-0.286
G1 X-0.800 Y-0.657
G1 X-0.800 Y-0.965
G1 X-0.800 Y-1.095
G1 X-0.800 Y-0.914
G1 X-0.800 Y-0.392
G1 X-0.800 Y0.321
G1 X-0.800 Y0.961
G1 X-0.800 Y1.304
G1 X-0.800 Y1.298
G1 X-0.800 Y1.050
G1 X-0.800 Y0.720
G1 X-0.800 Y0.427
G1 X-0.800 Y0.216
G1 X-0.800 Y0.076
G1 X-0.800 Y-0.024
G1 X-0.800 Y-0.109
G1 X-0.800 Y-0.185
G1 X-0.800 Y-0.246
G1 X-0.800 Y-0.274
G1 X-0.800 Y-0.254
G1 X-0.800 Y-0.184
G1 X-0.800 Y-0.071
G1 X-0.800 Y0.070
G1 X-0.800 Y0.213
G1 X-0.800 Y0.332
G1 X-0.800 Y0.395
G1 X-0.800 Y0.379
G1 X-0.800 Y0.275
G1 X-0.800 Y0.107
G1 X-0.800 Y-0.074
G1 X-0.800 Y-0.211
G1 X-0.800 Y-0.259
G1 X-0.800 Y-0.210
G1 X-0.800 Y-0.081
G1 X-0.800 Y0.089
G1 X-0.800 Y0.241
G1 X-0.800 Y0.305
G1 X-0.800 Y0.195
G1 X-0.800 Y-0.145
G1 X-0.800 Y-0.688
G1 X-0.800 Y-1.270
G1 X-0.800 Y-1.636
G1 X-0.800 Y-1.577
G1 X-0.800 Y-1.090
G1 X-0.800 Y-0.387
G1 X-0.800 Y0.250
G1 X-0.800 Y0.626
G1 X-0.800 Y0.714
G1 X-0.800 Y0.589
G1 X-0.800 Y0.356
G1 X-0.800 Y0.088
G1 X-0.800 Y-0.170
G1 X-0.800 Y-0.386
G1 X-0.800 Y-0.532
G1 X-0.800 Y-0.578
G1 X-0.800 Y-0.506
G1 X-0.800 Y-0.336
G1 X-0.800 Y-0.116
G1 X-0.800 Y0.089
G1 X-0.800 Y0.228
G1 X-0.800 Y0.281
G1 X-0.800 Y0.255
G1 X-0.800 Y0.177
G1 X-0.800 Y0.075
G1 X0.000 Y-1.827
G1 X0.800 Y-0.040
G1 X0.800 Y-0.108
G1 X0.800 Y-0.148
G1 X0.800 Y-0.134
G1 X0.800 Y-0.046
G1 X0.800 Y0.112
G1 X0.800 Y0.310
G1 X0.800 Y0.494
G1 X0.800 Y0.609
G1 X0.800 Y0.618
G1 X0.800 Y0.522
G1 X0.800 Y0.342
G1 X0.800 Y0.108
G1 X0.800 Y-0.156
G1 X0.800 Y-0.430
G1 X0.800 Y-0.672
G1 X0.800 Y-0.803
G1 X0.800 Y-0.719
G1 X0.800 Y-0.336
G1 X0.800 Y0.312
G1 X0.800 Y1.028
G1 X0.800 Y1.529
G1 X0.800 Y1.613
G1 X0.800 Y1.290
G1 X0.800 Y0.760
G1 X0.800 Y0.260
G1 X0.800 Y-0.059
G1 X0.800 Y-0.172
G1 X0.800 Y-0.133
G1 X0.800 Y-0.021
G1 X0.800 Y0.093
G1 X0.800 Y0.153
G1 X0.800 Y0.124
G1 X0.800 Y0.004
G1 X0.800 Y-0.176
G1 X0.800 Y-0.357
G1 X0.800 Y-0.482
G1 X0.800 Y-0.517
G1 X0.800 Y-0.457
G1 X0.800 Y-0.329
G1 X0.800 Y-0.164
G1 X0.800 Y0.013
G1 X0.800 Y0.174
G1 X0.800 Y0.301
G1 X0.800 Y0.376
G1 X0.800 Y0.390
G1 X0.800 Y0.346
G1 X0.800 Y0.263
G1 X0.800 Y0.166
G1 X0.800 Y0.068
G1 X0.800 Y-0.032
G1 X0.800 Y-0.160
G1 X0.800 Y-0.349
G1 X0.800 Y-0.622
G1 X0.800 Y-0.949
G1 X0.800 Y-1.236
G1 X0.800 Y-1.330
G1 X0.800 Y-1.105
G1 X0.800 Y-0.572
G1 X0.800 Y0.096
G1 X0.800 Y0.652
G1 X0.800 Y0.924
G1 X0.800 Y0.895
G1 X0.800 Y0.656
G1 X0.800 Y0.321
G1 X0.800 Y-0.048
G1 X0.800 Y-0.425
G1 X0.800 Y-0.777
G1 X0.800 Y-1.003
G1 X0.800 Y-0.928
G1 X0.800 Y-0.405
G1 X0.800 Y0.515
G1 X0.800 Y1.477
G1 X0.800 Y1.987
G1 X0.800 Y1.763
G1 X0.800 Y0.951
G1 X0.800 Y-0.007
G1 X0.800 Y-0.706
G1 X0.800 Y-0.995
G1 X0.800 Y-0.949
G1 X0.800 Y-0.726
G1 X0.800 Y-0.453
G1 X0.800 Y-0.196
G1 X0.800 Y0.028
G1 X0.800 Y0.218
G1 X0.800 Y0.369
G1 X0.800 Y0.479
G1 X0.800 Y0.536
G1 X0.800 Y0.540
G1 X0.800 Y0.496
G1 X0.800 Y0.425
G1 X0.800 Y0.340
G1 X0.800 Y0.259
G1 X0.800 Y0.190
G1 X0.800 Y0.133
G1 X0.800 Y0.086
G1 X0.800 Y0.039
G1 X0.800 Y-0.020
G1 X0.800 Y-0.103
G1 X0.800 Y-0.224
G1 X0.800 Y-0.395
G1 X0.800 Y-0.608
G1 X0.800 Y-0.836
G1 X0.800 Y-1.030
G1 X0.800 Y-1.121
G1 X0.800 Y-1.057
G1 X0.800 Y-0.826
G1 X0.800 Y-0.474
G1 X0.800 Y-0.096
G1 X0.800 Y0.215
G1 X0.800 Y0.397
G1 X0.800 Y0.440
G1 X0.800 Y0.371
G1 X0.800 Y0.234
G1 X0.800 Y0.068
G1 X0.800 Y-0.094
G1 X0.800 Y-0.225
G1 X0.800 Y-0.309
G1 X0.800 Y-0.333
G1 X0.800 Y-0.301
G1 X0.800 Y-0.229
G1 X0.800 Y-0.144
G1 X0.800 Y-0.070
G1 X0.800 Y-0.024
G1 X0.800 Y-0.004
G1 X0.800 Y0.001
G1 X0.800 Y0.014
G1 X0.800 Y0.051
G1 X0.800 Y0.127
G1 X0.800 Y0.237
G1 X0.800 Y0.362
G1 X0.800 Y0.474
G1 X0.800 Y0.548
G1 X0.800 Y0.564
G1 X0.800 Y0.523
G1 X0.800 Y0.435
G1 X0.800 Y0.319
G1 X0.800 Y0.188
G1 X0.800 Y0.055
G1 X0.800 Y-0.075
G1 X0.800 Y-0.198
G1 X0.800 Y-0.307
G1 X0.800 Y-0.395
G1 X0.800 Y-0.455
G1 X0.800 Y-0.477
G1 X0.800 Y-0.461
G1 X0.800 Y-0.413
G1 X0.800 Y-0.341
G1 X0.800 Y-0.261
G1 X0.800 Y-0.184
G1 X0.800 Y-0.121
G1 X0.800 Y-0.073
G1 X0.800 Y-0.040
G1 X0.800 Y-0.019
G1 X0.800 Y-0.004
G1 X0.800 Y0.006
G1 X0.800 Y0.013
G1 X0.800 Y0.016
G1 X0.800 Y0.014
G1 X0.800 Y0.005
G1 X0.800 Y-0.009
G1 X0.800 Y-0.026
G1 X0.800 Y-0.039
G1 X0.800 Y-0.039
G1 X0.800 Y-0.016
G1 X0.800 Y0.039
G1 X0.800 Y0.132
G1 X0.800 Y0.260
G1 X0.800 Y0.416
G1 X0.800 Y0.576
G1 X0.800 Y0.719
G1 X0.800 Y0.817
G1 X0.800 Y0.853
G1 X0.800 Y0.819
G1 X0.800 Y0.722
G1 X0.800 Y0.582
G1 X0.800 Y0.422
G1 X0.800 Y0.266
G1 X0.800 Y0.136
G1 X0.800 Y0.040
G1 X0.000 Y-1.249
G1 X-0.800 Y0.048
G1 X-0.800 Y-0.029
G1 X-0.800 Y-0.166
G1 X-0.800 Y-0.357
G1 X-0.800 Y-0.577
G1 X-0.800 Y-0.782
G1 X-0.800 Y-0.928
G1 X-0.800 Y-0.982
G1 X-0.800 Y-0.928
G1 X-0.800 Y-0.784
G1 X-0.800 Y-0.588
G1 X-0.800 Y-0.383
G1 X-0.800 Y-0.206
G1 X-0.800 Y-0.079
G1 X-0.800 Y-0.005
G1 X-0.800 Y0.027
G1 X-0.800 Y0.029
G1 X-0.800 Y0.017
G1 X-0.800 Y0.001
G1 X-0.800 Y-0.009
G1 X-0.800 Y-0.013
G1 X-0.800 Y-0.011
G1 X-0.800 Y-0.005
G1 X-0.800 Y0.003
G1 X-0.800 Y0.017
G1 X-0.800 Y0.039
G1 X-0.800 Y0.077
G1 X-0.800 Y0.138
G1 X-0.800 Y0.221
G1 X-0.800 Y0.319
G1 X-0.800 Y0.420
G1 X-0.800 Y0.503
G1 X-0.800 Y0.548
G1 X-0.800 Y0.544
G1 X-0.800 Y0.489
G1 X-0.800 Y0.392
G1 X-0.800 Y0.264
G1 X-0.800 Y0.119
G1 X-0.800 Y-0.039
G1 X-0.800 Y-0.205
G1 X-0.800 Y-0.376
G1 X-0.800 Y-0.538
G1 X-0.800 Y-0.666
G1 X-0.800 Y-0.727
G1 X-0.800 Y-0.689
G1 X-0.800 Y-0.538
G1 X-0.800 Y-0.303
G1 X-0.800 Y-0.035
G1 X-0.800 Y0.192
G1 X-0.800 Y0.325
G1 X-0.800 Y0.340
G1 X-0.800 Y0.251
G1 X-0.800 Y0.093
G1 X-0.800 Y-0.095
G1 X-0.800 Y-0.262
G1 X-0.800 Y-0.360
G1 X-0.800 Y-0.335
G1 X-0.800 Y-0.164
G1 X-0.800 Y0.129
G1 X-0.800 Y0.460
G1 X-0.800 Y0.715
G1 X-0.800 Y0.811
G1 X-0.800 Y0.738
G1 X-0.800 Y0.536
G1 X-0.800 Y0.263
G1 X-0.800 Y-0.040
G1 X-0.800 Y-0.357
G1 X-0.800 Y-0.661
G1 X-0.800 Y-0.890
G1 X-0.800 Y-0.924
G1 X-0.800 Y-0.655
G1 X-0.800 Y-0.068
G1 X-0.800 Y0.681
G1 X-0.800 Y1.309
G1 X-0.800 Y1.579
G1 X-0.800 Y1.437
G1 X-0.800 Y1.023
G1 X-0.800 Y0.544
G1 X-0.800 Y0.166
G1 X-0.800 Y-0.055
G1 X-0.800 Y-0.133
G1 X-0.800 Y-0.122
G1 X-0.800 Y-0.071
G1 X-0.800 Y-0.014
G1 X-0.800 Y0.027
G1 X-0.800 Y0.045
G1 X-0.800 Y0.043
G1 X-0.800 Y0.029
G1 X-0.800 Y0.007
G1 X-0.800 Y-0.022
G1 X-0.800 Y-0.056
G1 X-0.800 Y-0.093
G1 X-0.800 Y-0.132
G1 X-0.800 Y-0.163
G1 X-0.800 Y-0.170
G1 X-0.800 Y-0.144
G1 X-0.800 Y-0.075
G1 X-0.800 Y0.030
G1 X-0.800 Y0.158
G1 X-0.800 Y0.277
G1 X-0.800 Y0.335
G1 X-0.800 Y0.259
G1 X-0.800 Y-0.012
G1 X-0.800 Y-0.495
G1 X-0.800 Y-1.083
G1 X-0.800 Y-1.556
G1 X-0.800 Y-1.665
G1 X-0.800 Y-1.305
G1 X-0.800 Y-0.609
G1 X-0.800 Y0.125
G1 X-0.800 Y0.627
G1 X-0.800 Y0.797
G1 X-0.800 Y0.691
G1 X-0.800 Y0.427
G1 X-0.800 Y0.102
G1 X-0.800 Y-0.229
G1 X-0.800 Y-0.522
G1 X-0.800 Y-0.719
G1 X-0.800 Y-0.735
G1 X-0.800 Y-0.504
G1 X-0.800 Y-0.046
G1 X-0.800 Y0.508
G1 X-0.800 Y0.963
G1 X-0.800 Y1.178
G1 X-0.800 Y1.132
G1 X-0.800 Y0.908
G1 X-0.800 Y0.627
G1 X-0.800 Y0.369
G1 X-0.800 Y0.165
G1 X-0.800 Y0.004
G1 X-0.800 Y-0.136
G1 X-0.800 Y-0.266
G1 X-0.800 Y-0.383
G1 X-0.800 Y-0.464
G1 X-0.800 Y-0.492
G1 X-0.800 Y-0.450
G1 X-0.800 Y-0.348
G1 X-0.800 Y-0.198
G1 X-0.800 Y-0.020
G1 X-0.800 Y0.174
G1 X-0.800 Y0.371
G1 X-0.800 Y0.546
G1 X-0.800 Y0.664
G1 X-0.800 Y0.689
G1 X-0.800 Y0.598
G1 X-0.800 Y0.412
G1 X-0.800 Y0.186
G1 X-0.800 Y-0.008
G1 X-0.800 Y-0.112
G1 X-0.800 Y-0.113
G1 X-0.800 Y-0.036
G1 X-0.800 Y0.071
G1 X-0.800 Y0.135
G1 X-0.800 Y0.079
G1 X-0.800 Y-0.165
G1 X-0.800 Y-0.600
G1 X-0.800 Y-1.121
G1 X-0.800 Y-1.518
G1 X-0.800 Y-1.572
G1 X-0.800 Y-1.214
G1 X-0.800 Y-0.572
G1 X-0.800 Y0.088
G1 X-0.800 Y0.547
G1 X-0.800 Y0.721
G1 X-0.800 Y0.660
G1 X-0.800 Y0.458
G1 X-0.800 Y0.202
G1 X-0.800 Y-0.056
G1 X-0.800 Y-0.287
G1 X-0.800 Y-0.463
G1 X-0.800 Y-0.558
G1 X-0.800 Y-0.550
G1 X-0.800 Y-0.444
G1 X-0.800 Y-0.271
G1 X-0.800 Y-0.085
G1 X-0.800 Y0.061
G1 X-0.800 Y0.139
G1 X-0.800 Y0.147
G1 X-0.800 Y0.100
G1 X-0.800 Y0.027
G1 X0.000 Y-0.598
G1 X0.800 Y-0.030
G1 X0.800 Y-0.141
G1 X0.800 Y-0.233
G1 X0.800 Y-0.276
G1 X0.800 Y-0.246
G1 X0.800 Y-0.139
G1 X0.800 Y0.027
G1 X0.800 Y0.204
G1 X0.800 Y0.340
G1 X0.800 Y0.391
G1 X0.800 Y0.342
G1 X0.800 Y0.205
G1 X0.800 Y0.011
G1 X0.800 Y-0.205
G1 X0.800 Y-0.391
G1 X0.800 Y-0.476
G1 X0.800 Y-0.379
G1 X0.800 Y-0.040
G1 X0.800 Y0.508
G1 X0.800 Y1.107
G1 X0.800 Y1.515
G1 X0.800 Y1.552
G1 X0.800 Y1.216
G1 X0.800 Y0.681
G1 X0.800 Y0.181
G1 X0.800 Y-0.136
G1 X0.800 Y-0.234
G1 X0.800 Y-0.169
G1 X0.800 Y-0.022
G1 X0.800 Y0.128
G1 X0.800 Y0.212
G1 X0.800 Y0.182
G1 X0.800 Y0.018
G1 X0.800 Y-0.250
G1 X0.800 Y-0.546
G1 X0.800 Y-0.772
G1 X0.800 Y-0.864
G1 X0.800 Y-0.813
G1 X0.800 Y-0.660
G1 X0.800 Y-0.458
G1 X0.800 Y-0.251
G1 X0.800 Y-0.060
G1 X0.800 Y0.114
G1 X0.800 Y0.263
G1 X0.800 Y0.383
G1 X0.800 Y0.454
G1 X0.800 Y0.466
G1 X0.800 Y0.414
G1 X0.800 Y0.309
G1 X0.800 Y0.164
G1 X0.800 Y-0.009
G1 X0.800 Y-0.208
G1 X0.800 Y-0.429
G1 X0.800 Y-0.658
G1 X0.800 Y-0.853
G1 X0.800 Y-0.940
G1 X0.800 Y-0.851
G1 X0.800 Y-0.566
G1 X0.800 Y-0.153
G1 X0.800 Y0.260
G1 X0.800 Y0.541
G1 X0.800 Y0.629
G1 X0.800 Y0.535
G1 X0.800 Y0.319
G1 X0.800 Y0.040
G1 X0.800 Y-0.251
G1 X0.800 Y-0.506
G1 X0.800 Y-0.656
G1 X0.800 Y-0.610
G1 X0.800 Y-0.302
G1 X0.800 Y0.233
G1 X0.800 Y0.841
G1 X0.800 Y1.296
G1 X0.800 Y1.438
G1 X0.800 Y1.263
G1 X0.800 Y0.901
G1 X0.800 Y0.520
G1 X0.800 Y0.231
G1 X0.800 Y0.067
G1 X0.800 Y0.005
G1 X0.800 Y-0.003
G1 X0.800 Y0.003
G1 X0.800 Y-0.002
G1 X0.800 Y-0.024
G1 X0.800 Y-0.054
G1 X0.800 Y-0.072
G1 X0.800 Y-0.066
G1 X0.800 Y-0.034
G1 X0.800 Y0.018
G1 X0.800 Y0.067
G1 X0.800 Y0.090
G1 X0.800 Y0.068
G1 X0.800 Y-0.004
G1 X0.800 Y-0.111
G1 X0.800 Y-0.215
G1 X0.800 Y-0.273
G1 X0.800 Y-0.254
G1 X0.800 Y-0.150
G1 X0.800 Y0.018
G1 X0.800 Y0.209
G1 X0.800 Y0.353
G1 X0.800 Y0.343
G1 X0.800 Y0.064
G1 X0.800 Y-0.537
G1 X0.800 Y-1.314
G1 X0.800 Y-1.890
G1 X0.800 Y-1.847
G1 X0.800 Y-1.072
G1 X0.800 Y0.070
G1 X0.800 Y1.005
G1 X0.800 Y1.381
G1 X0.800 Y1.244
G1 X0.800 Y0.852
G1 X0.800 Y0.429
G1 X0.800 Y0.047
G1 X0.800 Y-0.316
G1 X0.800 Y-0.700
G1 X0.800 Y-1.065
G1 X0.800 Y-1.268
G1 X0.800 Y-1.134
G1 X0.800 Y-0.613
G1 X0.800 Y0.126
G1 X0.800 Y0.776
G1 X0.800 Y1.103
G1 X0.800 Y1.077
G1 X0.800 Y0.823
G1 X0.800 Y0.489
G1 X0.800 Y0.160
G1 X0.800 Y-0.152
G1 X0.800 Y-0.453
G1 X0.800 Y-0.735
G1 X0.800 Y-0.944
G1 X0.800 Y-0.996
G1 X0.800 Y-0.828
G1 X0.800 Y-0.447
G1 X0.800 Y0.051
G1 X0.800 Y0.519
G1 X0.800 Y0.832
G1 X0.800 Y0.939
G1 X0.800 Y0.868
G1 X0.800 Y0.685
G1 X0.800 Y0.461
G1 X0.800 Y0.237
G1 X0.800 Y0.030
G1 X0.800 Y-0.164
G1 X0.800 Y-0.346
G1 X0.800 Y-0.510
G1 X0.800 Y-0.632
G1 X0.800 Y-0.692
G1 X0.800 Y-0.675
G1 X0.800 Y-0.585
G1 X0.800 Y-0.449
G1 X0.800 Y-0.303
G1 X0.800 Y-0.175
G1 X0.800 Y-0.086
G1 X0.800 Y-0.033
G1 X0.800 Y-0.010
G1 X0.800 Y-0.001
G1 X0.800 Y0.002
G1 X0.800 Y0.006
G1 X0.800 Y0.010
G1 X0.800 Y0.011
G1 X0.800 Y0.006
G1 X0.800 Y-0.007
G1 X0.800 Y-0.018
G1 X0.800 Y-0.012
G1 X0.800 Y0.033
G1 X0.800 Y0.138
G1 X0.800 Y0.314
G1 X0.800 Y0.550
G1 X0.800 Y0.804
G1 X0.800 Y1.015
G1 X0.800 Y1.113
G1 X0.800 Y1.059
G1 X0.800 Y0.862
G1 X0.800 Y0.578
G1 X0.800 Y0.283
G1 X0.800 Y0.044
G1 X0.800 Y-0.102
G1 X0.800 Y-0.152
G1 X0.000 Y-1.608
G1 X-0.800 Y0.291
G1 X-0.800 Y0.270
G1 X-0.800 Y0.107
G1 X-0.800 Y-0.200
G1 X-0.800 Y-0.594
G1 X-0.800 Y-0.969
G1 X-0.800 Y-1.205
G1 X-0.800 Y-1.230
G1 X-0.800 Y-1.057
G1 X-0.800 Y-0.769
G1 X-0.800 Y-0.466
G1 X-0.800 Y-0.225
G1 X-0.800 Y-0.075
G1 X-0.800 Y-0.008
G1 X-0.800 Y0.008
G1 X-0.800 Y0.001
G1 X-0.800 Y-0.006
G1 X-0.800 Y-0.004
G1 X-0.800 Y0.005
G1 X-0.800 Y0.013
G1 X-0.800 Y0.010
G1 X-0.800 Y-0.002
G1 X-0.800 Y-0.015
G1 X-0.800 Y-0.011
G1 X-0.800 Y0.039
G1 X-0.800 Y0.151
G1 X-0.800 Y0.329
G1 X-0.800 Y0.543
G1 X-0.800 Y0.740
G1 X-0.800 Y0.857
G1 X-0.800 Y0.860
G1 X-0.800 Y0.747
G1 X-0.800 Y0.560
G1 X-0.800 Y0.342
G1 X-0.800 Y0.119
G1 X-0.800 Y-0.108
G1 X-0.800 Y-0.364
G1 X-0.800 Y-0.655
G1 X-0.800 Y-0.953
G1 X-0.800 Y-1.159
G1 X-0.800 Y-1.132
G1 X-0.800 Y-0.767
G1 X-0.800 Y-0.091
G1 X-0.800 Y0.696
G1 X-0.800 Y1.307
G1 X-0.800 Y1.536
G1 X-0.800 Y1.370
G1 X-0.800 Y0.967
G1 X-0.800 Y0.537
G1 X-0.800 Y0.224
G1 X-0.800 Y0.063
G1 X-0.800 Y-0.013
G1 X-0.800 Y-0.121
G1 X-0.800 Y-0.386
G1 X-0.800 Y-0.870
G1 X-0.800 Y-1.459
G1 X-0.800 Y-1.809
G1 X-0.800 Y-1.532
G1 X-0.800 Y-0.567
G1 X-0.800 Y0.642
G1 X-0.800 Y1.460
G1 X-0.800 Y1.596
G1 X-0.800 Y1.225
G1 X-0.800 Y0.710
G1 X-0.800 Y0.274
G1 X-0.800 Y-0.083
G1 X-0.800 Y-0.474
G1 X-0.800 Y-0.985
G1 X-0.800 Y-1.507
G1 X-0.800 Y-1.679
G1 X-0.800 Y-1.090
G1 X-0.800 Y0.241
G1 X-0.800 Y1.638
G1 X-0.800 Y2.241
G1 X-0.800 Y1.788
G1 X-0.800 Y0.767
G1 X-0.800 Y-0.137
G1 X-0.800 Y-0.574
G1 X-0.800 Y-0.577
G1 X-0.800 Y-0.336
G1 X-0.800 Y-0.016
G1 X-0.800 Y0.276
G1 X-0.800 Y0.468
G1 X-0.800 Y0.501
G1 X-0.800 Y0.352
G1 X-0.800 Y0.062
G1 X-0.800 Y-0.260
G1 X-0.800 Y-0.499
G1 X-0.800 Y-0.589
G1 X-0.800 Y-0.529
G1 X-0.800 Y-0.367
G1 X-0.800 Y-0.158
G1 X-0.800 Y0.056
G1 X-0.800 Y0.242
G1 X-0.800 Y0.373
G1 X-0.800 Y0.432
G1 X-0.800 Y0.412
G1 X-0.800 Y0.331
G1 X-0.800 Y0.224
G1 X-0.800 Y0.120
G1 X-0.800 Y0.035
G1 X-0.800 Y-0.047
G1 X-0.800 Y-0.164
G1 X-0.800 Y-0.361
G1 X-0.800 Y-0.656
G1 X-0.800 Y-1.004
G1 X-0.800 Y-1.286
G1 X-0.800 Y-1.350
G1 X-0.800 Y-1.097
G1 X-0.800 Y-0.579
G1 X-0.800 Y0.017
G1 X-0.800 Y0.484
G1 X-0.800 Y0.701
G1 X-0.800 Y0.673
G1 X-0.800 Y0.482
G1 X-0.800 Y0.213
G1 X-0.800 Y-0.075
G1 X-0.800 Y-0.342
G1 X-0.800 Y-0.549
G1 X-0.800 Y-0.646
G1 X-0.800 Y-0.587
G1 X-0.800 Y-0.367
G1 X-0.800 Y-0.041
G1 X-0.800 Y0.292
G1 X-0.800 Y0.535
G1 X-0.800 Y0.633
G1 X-0.800 Y0.597
G1 X-0.800 Y0.465
G1 X-0.800 Y0.289
G1 X-0.800 Y0.107
G1 X-0.800 Y-0.057
G1 X-0.800 Y-0.187
G1 X-0.800 Y-0.270
G1 X-0.800 Y-0.298
G1 X-0.800 Y-0.274
G1 X-0.800 Y-0.205
G1 X-0.800 Y-0.100
G1 X-0.800 Y0.032
G1 X-0.800 Y0.192
G1 X-0.800 Y0.385
G1 X-0.800 Y0.603
G1 X-0.800 Y0.815
G1 X-0.800 Y0.961
G1 X-0.800 Y0.966
G1 X-0.800 Y0.783
G1 X-0.800 Y0.440
G1 X-0.800 Y0.039
G1 X-0.800 Y-0.295
G1 X-0.800 Y-0.469
G1 X-0.800 Y-0.462
G1 X-0.800 Y-0.311
G1 X-0.800 Y-0.076
G1 X-0.800 Y0.185
G1 X-0.800 Y0.409
G1 X-0.800 Y0.521
G1 X-0.800 Y0.426
G1 X-0.800 Y0.072
G1 X-0.800 Y-0.499
G1 X-0.800 Y-1.104
G1 X-0.800 Y-1.500
G1 X-0.800 Y-1.522
G1 X-0.800 Y-1.194
G1 X-0.800 Y-0.699
G1 X-0.800 Y-0.243
G1 X-0.800 Y0.046
G1 X-0.800 Y0.147
G1 X-0.800 Y0.114
G1 X-0.800 Y0.014
G1 X-0.800 Y-0.084
G1 X-0.800 Y-0.132
G1 X-0.800 Y-0.100
G1 X-0.800 Y0.011
G1 X-0.800 Y0.175
G1 X-0.800 Y0.340
G1 X-0.800 Y0.455
G1 X-0.800 Y0.491
G1 X-0.800 Y0.447
G1 X-0.800 Y0.340
G1 X-0.800 Y0.197
G1 X-0.800 Y0.043
G1 X0.000 Y0.658
G1 X0.800 Y-0.068
G1 X0.800 Y-0.224
G1 X0.800 Y-0.384
G1 X0.800 Y-0.530
G1 X0.800 Y-0.638
G1 X0.800 Y-0.679
G1 X0.800 Y-0.634
G1 X0.800 Y-0.515
G1 X0.800 Y-0.354
G1 X0.800 Y-0.201
G1 X0.800 Y-0.088
G1 X0.800 Y-0.025
G1 X0.800 Y0.012
G1 X0.800 Y0.074
G1 X0.800 Y0.217
G1 X0.800 Y0.488
G1 X0.800 Y0.869
G1 X0.800 Y1.258
G1 X0.800 Y1.474
G1 X0.800 Y1.349
G1 X0.800 Y0.851
G1 X0.800 Y0.146
G1 X0.800 Y-0.498
G1 X0.800 Y-0.875
G1 X0.800 Y-0.935
G1 X0.800 Y-0.762
G1 X0.800 Y-0.474
G1 X0.800 Y-0.151
G1 X0.800 Y0.168
G1 X0.800 Y0.474
G1 X0.800 Y0.732
G1 X0.800 Y0.876
G1 X0.800 Y0.826
G1 X0.800 Y0.542
G1 X0.800 Y0.077
G1 X0.800 Y-0.429
G1 X0.800 Y-0.817
G1 X0.800 Y-0.994
G1 X0.800 Y-0.967
G1 X0.800 Y-0.802
G1 X0.800 Y-0.589
G1 X0.800 Y-0.383
G1 X0.800 Y-0.214
G1 X0.800 Y-0.084
G1 X0.800 Y0.006
G1 X0.800 Y0.058
G1 X0.800 Y0.070
G1 X0.800 Y0.039
G1 X0.800 Y-0.033
G1 X0.800 Y-0.133
G1 X0.800 Y-0.248
G1 X0.800 Y-0.346
G1 X0.800 Y-0.389
G1 X0.800 Y-0.339
G1 X0.800 Y-0.170
G1 X0.800 Y0.104
G1 X0.800 Y0.419
G1 X0.800 Y0.684
G1 X0.800 Y0.818
G1 X0.800 Y0.791
G1 X0.800 Y0.631
G1 X0.800 Y0.388
G1 X0.800 Y0.108
G1 X0.800 Y-0.194
G1 X0.800 Y-0.505
G1 X0.800 Y-0.795
G1 X0.800 Y-0.972
G1 X0.800 Y-0.914
G1 X0.800 Y-0.529
G1 X0.800 Y0.133
G1 X0.800 Y0.848
G1 X0.800 Y1.337
G1 X0.800 Y1.441
G1 X0.800 Y1.208
G1 X0.800 Y0.823
G1 X0.800 Y0.462
G1 X0.800 Y0.208
G1 X0.800 Y0.052
G1 X0.800 Y-0.067
G1 X0.800 Y-0.206
G1 X0.800 Y-0.393
G1 X0.800 Y-0.607
G1 X0.800 Y-0.782
G1 X0.800 Y-0.852
G1 X0.800 Y-0.789
G1 X0.800 Y-0.615
G1 X0.800 Y-0.384
G1 X0.800 Y-0.134
G1 X0.800 Y0.130
G1 X0.800 Y0.418
G1 X0.800 Y0.733
G1 X0.800 Y1.013
G1 X0.800 Y1.142
G1 X0.800 Y0.999
G1 X0.800 Y0.571
G1 X0.800 Y0.006
G1 X0.800 Y-0.463
G1 X0.800 Y-0.665
G1 X0.800 Y-0.578
G1 X0.800 Y-0.287
G1 X0.800 Y0.105
G1 X0.800 Y0.500
G1 X0.800 Y0.750
G1 X0.800 Y0.623
G1 X0.800 Y-0.100
G1 X0.800 Y-1.297
G1 X0.800 Y-2.276
G1 X0.800 Y-2.179
G1 X0.800 Y-0.866
G1 X0.800 Y0.790
G1 X0.800 Y1.746
G1 X0.800 Y1.723
G1 X0.800 Y1.159
G1 X0.800 Y0.568
G1 X0.800 Y0.138
G1 X0.800 Y-0.219
G1 X0.800 Y-0.679
G1 X0.800 Y-1.284
G1 X0.800 Y-1.773
G1 X0.800 Y-1.622
G1 X0.800 Y-0.526
G1 X0.800 Y1.069
G1 X0.800 Y2.155
G1 X0.800 Y2.103
G1 X0.800 Y1.207
G1 X0.800 Y0.229
G1 X0.800 Y-0.328
G1 X0.800 Y-0.415
G1 X0.800 Y-0.215
G1 X0.800 Y0.080
G1 X0.800 Y0.322
G1 X0.800 Y0.392
G1 X0.800 Y0.179
G1 X0.800 Y-0.358
G1 X0.800 Y-1.100
G1 X0.800 Y-1.738
G1 X0.800 Y-1.888
G1 X0.800 Y-1.357
G1 X0.800 Y-0.335
G1 X0.800 Y0.705
G1 X0.800 Y1.330
G1 X0.800 Y1.422
G1 X0.800 Y1.144
G1 X0.800 Y0.744
G1 X0.800 Y0.384
G1 X0.800 Y0.106
G1 X0.800 Y-0.132
G1 X0.800 Y-0.378
G1 X0.800 Y-0.649
G1 X0.800 Y-0.903
G1 X0.800 Y-1.058
G1 X0.800 Y-1.042
G1 X0.800 Y-0.850
G1 X0.800 Y-0.552
G1 X0.800 Y-0.253
G1 X0.800 Y-0.036
G1 X0.800 Y0.069
G1 X0.800 Y0.081
G1 X0.800 Y0.038
G1 X0.800 Y-0.016
G1 X0.800 Y-0.053
G1 X0.800 Y-0.060
G1 X0.800 Y-0.043
G1 X0.800 Y-0.019
G1 X0.800 Y-0.002
G1 X0.800 Y0.000
G1 X0.800 Y0.002
G1 X0.800 Y0.034
G1 X0.800 Y0.140
G1 X0.800 Y0.356
G1 X0.800 Y0.678
G1 X0.800 Y1.039
G1 X0.800 Y1.312
G1 X0.800 Y1.356
G1 X0.800 Y1.108
G1 X0.800 Y0.641
G1 X0.800 Y0.119
G1 X0.800 Y-0.284
G1 X0.800 Y-0.479
G1 X0.800 Y-0.474
G1 X0.000 Y-1.888
G1 X-0.800 Y0.697
G1 X-0.800 Y0.722
G1 X-0.800 Y0.470
G1 X-0.800 Y-0.064
G1 X-0.800 Y-0.733
G1 X-0.800 Y-1.278
G1 X-0.800 Y-1.491
G1 X-0.800 Y-1.338
G1 X-0.800 Y-0.958
G1 X-0.800 Y-0.549
G1 X-0.800 Y-0.243
G1 X-0.800 Y-0.077
G1 X-0.800 Y-0.015
G1 X-0.800 Y0.001
G1 X-0.800 Y0.018
G1 X-0.800 Y0.055
G1 X-0.800 Y0.106
G1 X-0.800 Y0.146
G1 X-0.800 Y0.142
G1 X-0.800 Y0.084
G1 X-0.800 Y-0.021
G1 X-0.800 Y-0.137
G1 X-0.800 Y-0.209
G1 X-0.800 Y-0.169
G1 X-0.800 Y0.040
G1 X-0.800 Y0.411
G1 X-0.800 Y0.850
G1 X-0.800 Y1.189
G1 X-0.800 Y1.283
G1 X-0.800 Y1.114
G1 X-0.800 Y0.785
G1 X-0.800 Y0.446
G1 X-0.800 Y0.175
G1 X-0.800 Y-0.041
G1 X-0.800 Y-0.295
G1 X-0.800 Y-0.680
G1 X-0.800 Y-1.195
G1 X-0.800 Y-1.636
G1 X-0.800 Y-1.616
G1 X-0.800 Y-0.835
G1 X-0.800 Y0.533
G1 X-0.800 Y1.781
G1 X-0.800 Y2.199
G1 X-0.800 Y1.653
G1 X-0.800 Y0.615
G1 X-0.800 Y-0.315
G1 X-0.800 Y-0.818
G1 X-0.800 Y-0.894
G1 X-0.800 Y-0.689
G1 X-0.800 Y-0.341
G1 X-0.800 Y0.075
G1 X-0.800 Y0.516
G1 X-0.800 Y0.905
G1 X-0.800 Y1.023
G1 X-0.800 Y0.542
G1 X-0.800 Y-0.652
G1 X-0.800 Y-2.024
G1 X-0.800 Y-2.504
G1 X-0.800 Y-1.512
G1 X-0.800 Y0.274
G1 X-0.800 Y1.575
G1 X-0.800 Y1.803
G1 X-0.800 Y1.306
G1 X-0.800 Y0.673
G1 X-0.800 Y0.178
G1 X-0.800 Y-0.243
G1 X-0.800 Y-0.757
G1 X-0.800 Y-1.386
G1 X-0.800 Y-1.808
G1 X-0.800 Y-1.454
G1 X-0.800 Y-0.095
G1 X-0.800 Y1.592
G1 X-0.800 Y2.431
G1 X-0.800 Y1.923
G1 X-0.800 Y0.679
G1 X-0.800 Y-0.364
G1 X-0.800 Y-0.765
G1 X-0.800 Y-0.634
G1 X-0.800 Y-0.248
G1 X-0.800 Y0.192
G1 X-0.800 Y0.554
G1 X-0.800 Y0.705
G1 X-0.800 Y0.504
G1 X-0.800 Y-0.069
G1 X-0.800 Y-0.816
G1 X-0.800 Y-1.386
G1 X-0.800 Y-1.526
G1 X-0.800 Y-1.265
G1 X-0.800 Y-0.824
G1 X-0.800 Y-0.428
G1 X-0.800 Y-0.165
G1 X-0.800 Y-0.004
G1 X-0.800 Y0.147
G1 X-0.800 Y0.365
G1 X-0.800 Y0.662
G1 X-0.800 Y0.971
G1 X-0.800 Y1.163
G1 X-0.800 Y1.143
G1 X-0.800 Y0.919
G1 X-0.800 Y0.600
G1 X-0.800 Y0.310
G1 X-0.800 Y0.117
G1 X-0.800 Y0.000
G1 X-0.800 Y-0.124
G1 X-0.800 Y-0.357
G1 X-0.800 Y-0.749
G1 X-0.800 Y-1.237
G1 X-0.800 Y-1.596
G1 X-0.800 Y-1.540
G1 X-0.800 Y-0.937
G1 X-0.800 Y0.020
G1 X-0.800 Y0.903
G1 X-0.800 Y1.368
G1 X-0.800 Y1.355
G1 X-0.800 Y1.041
G1 X-0.800 Y0.651
G1 X-0.800 Y0.317
G1 X-0.800 Y0.053
G1 X-0.800 Y-0.182
G1 X-0.800 Y-0.435
G1 X-0.800 Y-0.710
G1 X-0.800 Y-0.959
G1 X-0.800 Y-1.093
G1 X-0.800 Y-1.045
G1 X-0.800 Y-0.813
G1 X-0.800 Y-0.467
G1 X-0.800 Y-0.118
G1 X-0.800 Y0.150
G1 X-0.800 Y0.299
G1 X-0.800 Y0.341
G1 X-0.800 Y0.314
G1 X-0.800 Y0.257
G1 X-0.800 Y0.202
G1 X-0.800 Y0.172
G1 X-0.800 Y0.176
G1 X-0.800 Y0.224
G1 X-0.800 Y0.316
G1 X-0.800 Y0.450
G1 X-0.800 Y0.614
G1 X-0.800 Y0.775
G1 X-0.800 Y0.878
G1 X-0.800 Y0.844
G1 X-0.800 Y0.609
G1 X-0.800 Y0.167
G1 X-0.800 Y-0.388
G1 X-0.800 Y-0.889
G1 X-0.800 Y-1.178
G1 X-0.800 Y-1.191
G1 X-0.800 Y-0.985
G1 X-0.800 Y-0.681
G1 X-0.800 Y-0.382
G1 X-0.800 Y-0.124
G1 X-0.800 Y0.113
G1 X-0.800 Y0.381
G1 X-0.800 Y0.708
G1 X-0.800 Y1.060
G1 X-0.800 Y1.305
G1 X-0.800 Y1.266
G1 X-0.800 Y0.837
G1 X-0.800 Y0.099
G1 X-0.800 Y-0.684
G1 X-0.800 Y-1.220
G1 X-0.800 Y-1.368
G1 X-0.800 Y-1.190
G1 X-0.800 Y-0.858
G1 X-0.800 Y-0.524
G1 X-0.800 Y-0.265
G1 X-0.800 Y-0.082
G1 X-0.800 Y0.062
G1 X-0.800 Y0.206
G1 X-0.800 Y0.368
G1 X-0.800 Y0.535
G1 X-0.800 Y0.674
G1 X-0.800 Y0.748
G1 X-0.800 Y0.737
G1 X-0.800 Y0.648
G1 X-0.800 Y0.511
G1 X-0.800 Y0.358
G1 X-0.800 Y0.216
G1 X-0.800 Y0.090
G1 X0.000 Y-0.737
G1 X0.800 Y-0.115
G1 X0.800 Y-0.222
G1 X0.800 Y-0.356
G1 X0.800 Y-0.506
G1 X0.800 Y-0.649
G1 X0.800 Y-0.747
G1 X0.800 Y-0.767
G1 X0.800 Y-0.702
G1 X0.800 Y-0.564
G1 X0.800 Y-0.390
G1 X0.800 Y-0.213
G1 X0.800 Y-0.040
G1 X0.800 Y0.145
G1 X0.800 Y0.378
G1 X0.800 Y0.681
G1 X0.800 Y1.024
G1 X0.800 Y1.289
G1 X0.800 Y1.299
G1 X0.800 Y0.902
G1 X0.800 Y0.129
G1 X0.800 Y-0.761
G1 X0.800 Y-1.407
G1 X0.800 Y-1.589
G1 X0.800 Y-1.341
G1 X0.800 Y-0.890
G1 X0.800 Y-0.467
G1 X0.800 Y-0.187
G1 X0.800 Y-0.050
G1 X0.800 Y0.016
G1 X0.800 Y0.105
G1 X0.800 Y0.288
G1 X0.800 Y0.588
G1 X0.800 Y0.950
G1 X0.800 Y1.251
G1 X0.800 Y1.350
G1 X0.800 Y1.172
G1 X0.800 Y0.765
G1 X0.800 Y0.264
G1 X0.800 Y-0.180
G1 X0.800 Y-0.478
G1 X0.800 Y-0.617
G1 X0.800 Y-0.635
G1 X0.800 Y-0.587
G1 X0.800 Y-0.521
G1 X0.800 Y-0.471
G1 X0.800 Y-0.452
G1 X0.800 Y-0.467
G1 X0.800 Y-0.508
G1 X0.800 Y-0.554
G1 X0.800 Y-0.563
G1 X0.800 Y-0.485
G1 X0.800 Y-0.267
G1 X0.800 Y0.111
G1 X0.800 Y0.604
G1 X0.800 Y1.079
G1 X0.800 Y1.374
G1 X0.800 Y1.374
G1 X0.800 Y1.103
G1 X0.800 Y0.699
G1 X0.800 Y0.329
G1 X0.800 Y0.100
G1 X0.800 Y0.012
G1 X0.800 Y-0.006
G1 X0.800 Y-0.077
G1 X0.800 Y-0.325
G1 X0.800 Y-0.813
G1 X0.800 Y-1.431
G1 X0.800 Y-1.842
G1 X0.800 Y-1.630
G1 X0.800 Y-0.675
G1 X0.800 Y0.627
G1 X0.800 Y1.596
G1 X0.800 Y1.822
G1 X0.800 Y1.427
G1 X0.800 Y0.826
G1 X0.800 Y0.350
G1 X0.800 Y0.101
G1 X0.800 Y0.002
G1 X0.800 Y-0.088
G1 X0.800 Y-0.291
G1 X0.800 Y-0.647
G1 X0.800 Y-1.070
G1 X0.800 Y-1.372
G1 X0.800 Y-1.376
G1 X0.800 Y-1.067
G1 X0.800 Y-0.609
G1 X0.800 Y-0.214
G1 X0.800 Y-0.008
G1 X0.800 Y0.023
G1 X0.800 Y-0.021
G1 X0.800 Y0.006
G1 X0.800 Y0.237
G1 X0.800 Y0.722
G1 X0.800 Y1.326
G1 X0.800 Y1.724
G1 X0.800 Y1.612
G1 X0.800 Y0.974
G1 X0.800 Y0.156
G1 X0.800 Y-0.436
G1 X0.800 Y-0.606
G1 X0.800 Y-0.421
G1 X0.800 Y-0.044
G1 X0.800 Y0.366
G1 X0.800 Y0.630
G1 X0.800 Y0.504
G1 X0.800 Y-0.217
G1 X0.800 Y-1.384
G1 X0.800 Y-2.280
G1 X0.800 Y-2.093
G1 X0.800 Y-0.787
G1 X0.800 Y0.742
G1 X0.800 Y1.562
G1 X0.800 Y1.503
G1 X0.800 Y0.983
G1 X0.800 Y0.407
G1 X0.800 Y-0.114
G1 X0.800 Y-0.665
G1 X0.800 Y-1.270
G1 X0.800 Y-1.663
G1 X0.800 Y-1.302
G1 X0.800 Y0.084
G1 X0.800 Y1.820
G1 X0.800 Y2.594
G1 X0.800 Y1.804
G1 X0.800 Y0.211
G1 X0.800 Y-1.003
G1 X0.800 Y-1.353
G1 X0.800 Y-1.096
G1 X0.800 Y-0.638
G1 X0.800 Y-0.206
G1 X0.800 Y0.160
G1 X0.800 Y0.490
G1 X0.800 Y0.804
G1 X0.800 Y1.066
G1 X0.800 Y1.121
G1 X0.800 Y0.717
G1 X0.800 Y-0.302
G1 X0.800 Y-1.632
G1 X0.800 Y-2.434
G1 X0.800 Y-1.948
G1 X0.800 Y-0.356
G1 X0.800 Y1.259
G1 X0.800 Y1.958
G1 X0.800 Y1.694
G1 X0.800 Y1.030
G1 X0.800 Y0.462
G1 X0.800 Y0.141
G1 X0.800 Y-0.030
G1 X0.800 Y-0.221
G1 X0.800 Y-0.546
G1 X0.800 Y-0.994
G1 X0.800 Y-1.387
G1 X0.800 Y-1.496
G1 X0.800 Y-1.208
G1 X0.800 Y-0.645
G1 X0.800 Y-0.073
G1 X0.800 Y0.296
G1 X0.800 Y0.403
G1 X0.800 Y0.314
G1 X0.800 Y0.127
G1 X0.800 Y-0.070
G1 X0.800 Y-0.218
G1 X0.800 Y-0.284
G1 X0.800 Y-0.263
G1 X0.800 Y-0.186
G1 X0.800 Y-0.097
G1 X0.800 Y-0.034
G1 X0.800 Y-0.001
G1 X0.800 Y0.039
G1 X0.800 Y0.153
G1 X0.800 Y0.410
G1 X0.800 Y0.825
G1 X0.800 Y1.293
G1 X0.800 Y1.585
G1 X0.800 Y1.464
G1 X0.800 Y0.880
G1 X0.800 Y0.058
G1 X0.800 Y-0.642
G1 X0.800 Y-0.981
G1 X0.800 Y-0.944
G1 X0.000 Y-1.838
G1 X-0.800 Y1.198
G1 X-0.800 Y1.233
G1 X-0.800 Y0.775
G1 X-0.800 Y-0.118
G1 X-0.800 Y-1.076
G1 X-0.800 Y-1.637
G1 X-0.800 Y-1.616
G1 X-0.800 Y-1.184
G1 X-0.800 Y-0.668
G1 X-0.800 Y-0.287
G1 X-0.800 Y-0.090
G1 X-0.800 Y-0.009
G1 X-0.800 Y0.043
G1 X-0.800 Y0.132
G1 X-0.800 Y0.263
G1 X-0.800 Y0.395
G1 X-0.800 Y0.458
G1 X-0.800 Y0.410
G1 X-0.800 Y0.242
G1 X-0.800 Y-0.014
G1 X-0.800 Y-0.306
G1 X-0.800 Y-0.559
G1 X-0.800 Y-0.648
G1 X-0.800 Y-0.428
G1 X-0.800 Y0.163
G1 X-0.800 Y0.959
G1 X-0.800 Y1.579
G1 X-0.800 Y1.696
G1 X-0.800 Y1.309
G1 X-0.800 Y0.726
G1 X-0.800 Y0.269
G1 X-0.800 Y0.055
G1 X-0.800 Y-0.020
G1 X-0.800 Y-0.178
G1 X-0.800 Y-0.646
G1 X-0.800 Y-1.449
G1 X-0.800 Y-2.149
G1 X-0.800 Y-1.901
G1 X-0.800 Y-0.302
G1 X-0.800 Y1.757
G1 X-0.800 Y2.675
G1 X-0.800 Y1.872
G1 X-0.800 Y0.284
G1 X-0.800 Y-0.879
G1 X-0.800 Y-1.219
G1 X-0.800 Y-1.021
G1 X-0.800 Y-0.682
G1 X-0.800 Y-0.409
G1 X-0.800 Y-0.228
G1 X-0.800 Y-0.046
G1 X-0.800 Y0.227
G1 X-0.800 Y0.623
G1 X-0.800 Y1.080
G1 X-0.800 Y1.372
G1 X-0.800 Y1.088
G1 X-0.800 Y-0.043
G1 X-0.800 Y-1.600
G1 X-0.800 Y-2.495
G1 X-0.800 Y-1.976
G1 X-0.800 Y-0.491
G1 X-0.800 Y0.828
G1 X-0.800 Y1.317
G1 X-0.800 Y1.097
G1 X-0.800 Y0.575
G1 X-0.800 Y0.006
G1 X-0.800 Y-0.555
G1 X-0.800 Y-1.053
G1 X-0.800 Y-1.274
G1 X-0.800 Y-0.887
G1 X-0.800 Y0.196
G1 X-0.800 Y1.489
G1 X-0.800 Y2.173
G1 X-0.800 Y1.854
G1 X-0.800 Y0.908
G1 X-0.800 Y0.027
G1 X-0.800 Y-0.390
G1 X-0.800 Y-0.358
G1 X-0.800 Y-0.081
G1 X-0.800 Y0.235
G1 X-0.800 Y0.404
G1 X-0.800 Y0.259
G1 X-0.800 Y-0.283
G1 X-0.800 Y-1.065
G1 X-0.800 Y-1.689
G1 X-0.800 Y-1.781
G1 X-0.800 Y-1.309
G1 X-0.800 Y-0.600
G1 X-0.800 Y-0.038
G1 X-0.800 Y0.201
G1 X-0.800 Y0.157
G1 X-0.800 Y-0.024
G1 X-0.800 Y-0.183
G1 X-0.800 Y-0.173
G1 X-0.800 Y0.106
G1 X-0.800 Y0.633
G1 X-0.800 Y1.206
G1 X-0.800 Y1.537
G1 X-0.800 Y1.453
G1 X-0.800 Y1.041
G1 X-0.800 Y0.553
G1 X-0.800 Y0.202
G1 X-0.800 Y0.042
G1 X-0.800 Y-0.018
G1 X-0.800 Y-0.144
G1 X-0.800 Y-0.497
G1 X-0.800 Y-1.121
G1 X-0.800 Y-1.783
G1 X-0.800 Y-1.957
G1 X-0.800 Y-1.190
G1 X-0.800 Y0.339
G1 X-0.800 Y1.757
G1 X-0.800 Y2.225
G1 X-0.800 Y1.669
G1 X-0.800 Y0.695
G1 X-0.800 Y-0.067
G1 X-0.800 Y-0.372
G1 X-0.800 Y-0.304
G1 X-0.800 Y-0.053
G1 X-0.800 Y0.216
G1 X-0.800 Y0.360
G1 X-0.800 Y0.252
G1 X-0.800 Y-0.176
G1 X-0.800 Y-0.841
G1 X-0.800 Y-1.477
G1 X-0.800 Y-1.762
G1 X-0.800 Y-1.524
G1 X-0.800 Y-0.869
G1 X-0.800 Y-0.088
G1 X-0.800 Y0.543
G1 X-0.800 Y0.898
G1 X-0.800 Y0.997
G1 X-0.800 Y0.930
G1 X-0.800 Y0.798
G1 X-0.800 Y0.661
G1 X-0.800 Y0.548
G1 X-0.800 Y0.462
G1 X-0.800 Y0.391
G1 X-0.800 Y0.309
G1 X-0.800 Y0.185
G1 X-0.800 Y-0.012
G1 X-0.800 Y-0.294
G1 X-0.800 Y-0.641
G1 X-0.800 Y-0.983
G1 X-0.800 Y-1.222
G1 X-0.800 Y-1.266
G1 X-0.800 Y-1.090
G1 X-0.800 Y-0.759
G1 X-0.800 Y-0.395
G1 X-0.800 Y-0.113
G1 X-0.800 Y0.030
G1 X-0.800 Y0.042
G1 X-0.800 Y-0.014
G1 X-0.800 Y-0.051
G1 X-0.800 Y0.031
G1 X-0.800 Y0.318
G1 X-0.800 Y0.816
G1 X-0.800 Y1.385
G1 X-0.800 Y1.738
G1 X-0.800 Y1.582
G1 X-0.800 Y0.860
G1 X-0.800 Y-0.159
G1 X-0.800 Y-1.032
G1 X-0.800 Y-1.449
G1 X-0.800 Y-1.394
G1 X-0.800 Y-1.061
G1 X-0.800 Y-0.673
G1 X-0.800 Y-0.357
G1 X-0.800 Y-0.143
G1 X-0.800 Y0.007
G1 X-0.800 Y0.143
G1 X-0.800 Y0.297
G1 X-0.800 Y0.470
G1 X-0.800 Y0.635
G1 X-0.800 Y0.749
G1 X-0.800 Y0.781
G1 X-0.800 Y0.727
G1 X-0.800 Y0.608
G1 X-0.800 Y0.460
G1 X-0.800 Y0.316
G1 X-0.800 Y0.193
G1 X0.000 Y-2.673
G1 X0.800 Y-0.333
G1 X0.800 Y-0.466
G1 X0.800 Y-0.592
G1 X0.800 Y-0.680
G1 X0.800 Y-0.702
G1 X0.800 Y-0.636
G1 X0.800 Y-0.493
G1 X0.800 Y-0.310
G1 X0.800 Y-0.141
G1 X0.800 Y-0.030
G1 X0.800 Y0.010
G1 X0.800 Y-0.001
G1 X0.800 Y-0.009
G1 X0.800 Y0.066
G1 X0.800 Y0.300
G1 X0.800 Y0.731
G1 X0.800 Y1.279
G1 X0.800 Y1.698
G1 X0.800 Y1.660
G1 X0.800 Y0.981
G1 X0.800 Y-0.155
G1 X0.800 Y-1.241
G1 X0.800 Y-1.796
G1 X0.800 Y-1.687
G1 X0.800 Y-1.153
G1 X0.800 Y-0.553
G1 X0.800 Y-0.130
G1 X0.800 Y0.057
G1 X0.800 Y0.066
G1 X0.800 Y-0.005
G1 X0.800 Y-0.067
G1 X0.800 Y-0.051
G1 X0.800 Y0.080
G1 X0.800 Y0.316
G1 X0.800 Y0.602
G1 X0.800 Y0.858
G1 X0.800 Y1.007
G1 X0.800 Y1.019
G1 X0.800 Y0.915
G1 X0.800 Y0.741
G1 X0.800 Y0.550
G1 X0.800 Y0.373
G1 X0.800 Y0.228
G1 X0.800 Y0.103
G1 X0.800 Y-0.018
G1 X0.800 Y-0.163
G1 X0.800 Y-0.361
G1 X0.800 Y-0.636
G1 X0.800 Y-0.978
G1 X0.800 Y-1.315
G1 X0.800 Y-1.490
G1 X0.800 Y-1.282
G1 X0.800 Y-0.549
G1 X0.800 Y0.590
G1 X0.800 Y1.669
G1 X0.800 Y2.123
G1 X0.800 Y1.702
G1 X0.800 Y0.703
G1 X0.800 Y-0.283
G1 X0.800 Y-0.828
G1 X0.800 Y-0.864
G1 X0.800 Y-0.568
G1 X0.800 Y-0.123
G1 X0.800 Y0.358
G1 X0.800 Y0.777
G1 X0.800 Y0.949
G1 X0.800 Y0.583
G1 X0.800 Y-0.469
G1 X0.800 Y-1.811
G1 X0.800 Y-2.489
G1 X0.800 Y-1.770
G1 X0.800 Y-0.022
G1 X0.800 Y1.546
G1 X0.800 Y2.060
G1 X0.800 Y1.628
G1 X0.800 Y0.890
G1 X0.800 Y0.337
G1 X0.800 Y0.079
G1 X0.800 Y-0.012
G1 X0.800 Y-0.128
G1 X0.800 Y-0.412
G1 X0.800 Y-0.881
G1 X0.800 Y-1.370
G1 X0.800 Y-1.599
G1 X0.800 Y-1.382
G1 X0.800 Y-0.804
G1 X0.800 Y-0.170
G1 X0.800 Y0.242
G1 X0.800 Y0.339
G1 X0.800 Y0.190
G1 X0.800 Y-0.069
G1 X0.800 Y-0.292
G1 X0.800 Y-0.331
G1 X0.800 Y-0.052
G1 X0.800 Y0.553
G1 X0.800 Y1.274
G1 X0.800 Y1.729
G1 X0.800 Y1.647
G1 X0.800 Y1.100
G1 X0.800 Y0.434
G1 X0.800 Y-0.026
G1 X0.800 Y-0.169
G1 X0.800 Y-0.072
G1 X0.800 Y0.101
G1 X0.800 Y0.166
G1 X0.800 Y-0.048
G1 X0.800 Y-0.619
G1 X0.800 Y-1.378
G1 X0.800 Y-1.894
G1 X0.800 Y-1.755
G1 X0.800 Y-0.970
G1 X0.800 Y0.003
G1 X0.800 Y0.652
G1 X0.800 Y0.789
G1 X0.800 Y0.537
G1 X0.800 Y0.097
G1 X0.800 Y-0.379
G1 X0.800 Y-0.751
G1 X0.800 Y-0.788
G1 X0.800 Y-0.241
G1 X0.800 Y0.873
G1 X0.800 Y1.986
G1 X0.800 Y2.270
G1 X0.800 Y1.436
G1 X0.800 Y0.083
G1 X0.800 Y-0.918
G1 X0.800 Y-1.195
G1 X0.800 Y-0.937
G1 X0.800 Y-0.488
G1 X0.800 Y-0.078
G1 X0.800 Y0.118
G1 X0.800 Y-0.016
G1 X0.800 Y-0.166
G1 X0.800 Y0.036
G1 X0.800 Y0.498
G1 X0.800 Y1.034
G1 X0.800 Y1.338
G1 X0.800 Y0.875
G1 X0.800 Y-0.642
G1 X0.800 Y-2.408
G1 X0.800 Y-2.736
G1 X0.800 Y-0.974
G1 X0.800 Y1.376
G1 X0.800 Y2.419
G1 X0.800 Y1.910
G1 X0.800 Y0.883
G1 X0.800 Y0.193
G1 X0.800 Y-0.015
G1 X0.800 Y0.012
G1 X0.800 Y-0.038
G1 X0.800 Y-0.392
G1 X0.800 Y-1.063
G1 X0.800 Y-1.731
G1 X0.800 Y-1.898
G1 X0.800 Y-1.328
G1 X0.800 Y-0.330
G1 X0.800 Y0.532
G1 X0.800 Y0.916
G1 X0.800 Y0.847
G1 X0.800 Y0.538
G1 X0.800 Y0.163
G1 X0.800 Y-0.189
G1 X0.800 Y-0.467
G1 X0.800 Y-0.627
G1 X0.800 Y-0.637
G1 X0.800 Y-0.510
G1 X0.800 Y-0.318
G1 X0.800 Y-0.149
G1 X0.800 Y-0.039
G1 X0.800 Y0.043
G1 X0.800 Y0.193
G1 X0.800 Y0.517
G1 X0.800 Y1.034
G1 X0.800 Y1.573
G1 X0.800 Y1.766
G1 X0.800 Y1.298
G1 X0.800 Y0.250
G1 X0.800 Y-0.850
G1 X0.800 Y-1.460
G1 X0.800 Y-1.442
G1 X0.000 Y-1.585
G1 X-0.800 Y1.665
G1 X-0.800 Y1.649
G1 X-0.800 Y0.854
G1 X-0.800 Y-0.440
G1 X-0.800 Y-1.509
G1 X-0.800 Y-1.829
G1 X-0.800 Y-1.471
G1 X-0.800 Y-0.873
G1 X-0.800 Y-0.391
G1 X-0.800 Y-0.124
G1 X-0.800 Y0.012
G1 X-0.800 Y0.141
G1 X-0.800 Y0.338
G1 X-0.800 Y0.582
G1 X-0.800 Y0.783
G1 X-0.800 Y0.833
G1 X-0.800 Y0.700
G1 X-0.800 Y0.427
G1 X-0.800 Y0.070
G1 X-0.800 Y-0.342
G1 X-0.800 Y-0.783
G1 X-0.800 Y-1.146
G1 X-0.800 Y-1.173
G1 X-0.800 Y-0.583
G1 X-0.800 Y0.572
G1 X-0.800 Y1.705
G1 X-0.800 Y2.098
G1 X-0.800 Y1.597
G1 X-0.800 Y0.725
G1 X-0.800 Y0.088
G1 X-0.800 Y-0.095
G1 X-0.800 Y0.015
G1 X-0.800 Y0.092
G1 X-0.800 Y-0.238
G1 X-0.800 Y-1.192
G1 X-0.800 Y-2.338
G1 X-0.800 Y-2.397
G1 X-0.800 Y-0.488
G1 X-0.800 Y2.132
G1 X-0.800 Y2.988
G1 X-0.800 Y1.499
G1 X-0.800 Y-0.535
G1 X-0.800 Y-1.491
G1 X-0.800 Y-1.316
G1 X-0.800 Y-0.675
G1 X-0.800 Y0.012
G1 X-0.800 Y0.669
G1 X-0.800 Y1.185
G1 X-0.800 Y0.154
G1 X-0.800 Y-0.588
G1 X-0.800 Y-0.152
G1 X-0.800 Y0.346
G1 X-0.800 Y0.771
G1 X-0.800 Y0.951
G1 X-0.800 Y0.653
G1 X-0.800 Y-0.196
G1 X-0.800 Y-1.273
G1 X-0.800 Y-1.964
G1 X-0.800 Y-1.866
G1 X-0.800 Y-1.140
G1 X-0.800 Y-0.310
G1 X-0.800 Y0.206
G1 X-0.800 Y0.319
G1 X-0.800 Y0.155
G1 X-0.800 Y-0.103
G1 X-0.800 Y-0.291
G1 X-0.800 Y-0.260
G1 X-0.800 Y0.084
G1 X-0.800 Y0.688
G1 X-0.800 Y1.302
G1 X-0.800 Y1.610
G1 X-0.800 Y1.464
G1 X-0.800 Y0.994
G1 X-0.800 Y0.483
G1 X-0.800 Y0.140
G1 X-0.800 Y0.007
G1 X-0.800 Y0.001
G1 X-0.800 Y-0.017
G1 X-0.800 Y-0.181
G1 X-0.800 Y-0.557
G1 X-0.800 Y-1.077
G1 X-0.800 Y-1.511
G1 X-0.800 Y-1.591
G1 X-0.800 Y-1.223
G1 X-0.800 Y-0.585
G1 X-0.800 Y0.008
G1 X-0.800 Y0.334
G1 X-0.800 Y0.355
G1 X-0.800 Y0.167
G1 X-0.800 Y-0.102
G1 X-0.800 Y-0.321
G1 X-0.800 Y-0.365
G1 X-0.800 Y-0.123
G1 X-0.800 Y0.404
G1 X-0.800 Y1.039
G1 X-0.800 Y1.477
G1 X-0.800 Y1.506
G1 X-0.800 Y1.165
G1 X-0.800 Y0.689
G1 X-0.800 Y0.303
G1 X-0.800 Y0.081
G1 X-0.800 Y-0.065
G1 X-0.800 Y-0.302
G1 X-0.800 Y-0.788
G1 X-0.800 Y-1.488
G1 X-0.800 Y-2.007
G1 X-0.800 Y-1.675
G1 X-0.800 Y-0.192
G1 X-0.800 Y1.704
G1 X-0.800 Y2.626
G1 X-0.800 Y1.922
G1 X-0.800 Y0.317
G1 X-0.800 Y-0.972
G1 X-0.800 Y-1.384
G1 X-0.800 Y-1.126
G1 X-0.800 Y-0.612
G1 X-0.800 Y-0.078
G1 X-0.800 Y0.445
G1 X-0.800 Y0.955
G1 X-0.800 Y1.309
G1 X-0.800 Y1.184
G1 X-0.800 Y0.308
G1 X-0.800 Y-1.112
G1 X-0.800 Y-2.264
G1 X-0.800 Y-2.284
G1 X-0.800 Y-1.078
G1 X-0.800 Y0.566
G1 X-0.800 Y1.700
G1 X-0.800 Y1.936
G1 X-0.800 Y1.497
G1 X-0.800 Y0.829
G1 X-0.800 Y0.253
G1 X-0.800 Y-0.115
G1 X-0.800 Y-0.301
G1 X-0.800 Y-0.369
G1 X-0.800 Y-0.389
G1 X-0.800 Y-0.399
G1 X-0.800 Y-0.425
G1 X-0.800 Y-0.476
G1 X-0.800 Y-0.545
G1 X-0.800 Y-0.619
G1 X-0.800 Y-0.675
G1 X-0.800 Y-0.685
G1 X-0.800 Y-0.633
G1 X-0.800 Y-0.517
G1 X-0.800 Y-0.358
G1 X-0.800 Y-0.199
G1 X-0.800 Y-0.078
G1 X-0.800 Y-0.015
G1 X-0.800 Y0.000
G1 X-0.800 Y0.009
G1 X-0.800 Y0.081
G1 X-0.800 Y0.295
G1 X-0.800 Y0.698
G1 X-0.800 Y1.233
G1 X-0.800 Y1.679
G1 X-0.800 Y1.692
G1 X-0.800 Y1.025
G1 X-0.800 Y-0.185
G1 X-0.800 Y-1.400
G1 X-0.800 Y-2.015
G1 X-0.800 Y-1.811
G1 X-0.800 Y-1.058
G1 X-0.800 Y-0.234
G1 X-0.800 Y0.321
G1 X-0.800 Y0.523
G1 X-0.800 Y0.459
G1 X-0.800 Y0.256
G1 X-0.800 Y0.014
G1 X-0.800 Y-0.207
G1 X-0.800 Y-0.362
G1 X-0.800 Y-0.417
G1 X-0.800 Y-0.361
G1 X-0.800 Y-0.207
G1 X-0.800 Y-0.003
G1 X-0.800 Y0.196
G1 X-0.800 Y0.336
G1 X-0.800 Y0.400
G1 X-0.800 Y0.392
G1 X-0.800 Y0.336
G1 X0.000 Y-2.881
G1 X0.800 Y0.007
G1 X0.800 Y0.089
G1 X0.800 Y0.225
G1 X0.800 Y0.407
G1 X0.800 Y0.603
G1 X0.800 Y0.764
G1 X0.800 Y0.840
G1 X0.800 Y0.806
G1 X0.800 Y0.672
G1 X0.800 Y0.475
G1 X0.800 Y0.251
G1 X0.800 Y0.014
G1 X0.800 Y-0.252
G1 X0.800 Y-0.566
G1 X0.800 Y-0.924
G1 X0.800 Y-1.227
G1 X0.800 Y-1.272
G1 X0.800 Y-0.833
G1 X0.800 Y0.144
G1 X0.800 Y1.331
G1 X0.800 Y2.115
G1 X0.800 Y2.006
G1 X0.800 Y1.052
G1 X0.800 Y-0.194
G1 X0.800 Y-1.125
G1 X0.800 Y-1.471
G1 X0.800 Y-1.333
G1 X0.800 Y-0.973
G1 X0.800 Y-0.605
G1 X0.800 Y-0.323
G1 X0.800 Y-0.134
G1 X0.800 Y-0.004
G1 X0.800 Y0.100
G1 X0.800 Y0.194
G1 X0.800 Y0.278
G1 X0.800 Y0.340
G1 X0.800 Y0.371
G1 X0.800 Y0.366
G1 X0.800 Y0.331
G1 X0.800 Y0.283
G1 X0.800 Y0.233
G1 X0.800 Y0.202
G1 X0.800 Y0.200
G1 X0.800 Y0.238
G1 X0.800 Y0.321
G1 X0.800 Y0.447
G1 X0.800 Y0.593
G1 X0.800 Y0.704
G1 X0.800 Y0.675
G1 X0.800 Y0.353
G1 X0.800 Y-0.379
G1 X0.800 Y-1.412
G1 X0.800 Y-2.240
G1 X0.800 Y-2.098
G1 X0.800 Y-0.628
G1 X0.800 Y1.448
G1 X0.800 Y2.658
G1 X0.800 Y2.134
G1 X0.800 Y0.468
G1 X0.800 Y-1.030
G1 X0.800 Y-1.595
G1 X0.800 Y-1.359
G1 X0.800 Y-0.813
G1 X0.800 Y-0.271
G1 X0.800 Y0.227
G1 X0.800 Y0.768
G1 X0.800 Y1.328
G1 X0.800 Y1.608
G1 X0.800 Y1.107
G1 X0.800 Y-0.352
G1 X0.800 Y-2.035
G1 X0.800 Y-2.636
G1 X0.800 Y-1.584
G1 X0.800 Y0.277
G1 X0.800 Y1.609
G1 X0.800 Y1.857
G1 X0.800 Y1.381
G1 X0.800 Y0.764
G1 X0.800 Y0.313
G1 X0.800 Y0.033
G1 X0.800 Y-0.208
G1 X0.800 Y-0.523
G1 X0.800 Y-0.923
G1 X0.800 Y-1.282
G1 X0.800 Y-1.405
G1 X0.800 Y-1.176
G1 X0.800 Y-0.678
G1 X0.800 Y-0.143
G1 X0.800 Y0.216
G1 X0.800 Y0.320
G1 X0.800 Y0.212
G1 X0.800 Y-0.002
G1 X0.800 Y-0.214
G1 X0.800 Y-0.317
G1 X0.800 Y-0.214
G1 X0.800 Y0.133
G1 X0.800 Y0.651
G1 X0.800 Y1.141
G1 X0.800 Y1.389
G1 X0.800 Y1.306
G1 X0.800 Y0.984
G1 X0.800 Y0.601
G1 X0.800 Y0.292
G1 X0.800 Y0.100
G1 X0.800 Y-0.025
G1 X0.800 Y-0.167
G1 X0.800 Y-0.393
G1 X0.800 Y-0.712
G1 X0.800 Y-1.045
G1 X0.800 Y-1.251
G1 X0.800 Y-1.218
G1 X0.800 Y-0.949
G1 X0.800 Y-0.568
G1 X0.800 Y-0.234
G1 X0.800 Y-0.044
G1 X0.800 Y0.006
G1 X0.800 Y-0.006
G1 X0.800 Y0.038
G1 X0.800 Y0.248
G1 X0.800 Y0.674
G1 X0.800 Y1.222
G1 X0.800 Y1.631
G1 X0.800 Y1.612
G1 X0.800 Y1.084
G1 X0.800 Y0.283
G1 X0.800 Y-0.411
G1 X0.800 Y-0.746
G1 X0.800 Y-0.711
G1 X0.800 Y-0.455
G1 X0.800 Y-0.148
G1 X0.800 Y-0.024
G1 X0.800 Y-0.457
G1 X0.800 Y-0.924
G1 X0.800 Y-0.686
G1 X0.800 Y-0.150
G1 X0.800 Y0.471
G1 X0.800 Y1.169
G1 X0.800 Y1.687
G1 X0.800 Y1.300
G1 X0.800 Y-0.505
G1 X0.800 Y-2.664
G1 X0.800 Y-2.863
G1 X0.800 Y-0.502
G1 X0.800 Y2.072
G1 X0.800 Y2.640
G1 X0.800 Y1.555
G1 X0.800 Y0.360
G1 X0.800 Y-0.151
G1 X0.800 Y-0.093
G1 X0.800 Y0.125
G1 X0.800 Y0.117
G1 X0.800 Y-0.397
G1 X0.800 Y-1.354
G1 X0.800 Y-2.155
G1 X0.800 Y-2.028
G1 X0.800 Y-0.860
G1 X0.800 Y0.565
G1 X0.800 Y1.393
G1 X0.800 Y1.425
G1 X0.800 Y1.007
G1 X0.800 Y0.507
G1 X0.800 Y0.072
G1 X0.800 Y-0.307
G1 X0.800 Y-0.648
G1 X0.800 Y-0.908
G1 X0.800 Y-0.994
G1 X0.800 Y-0.867
G1 X0.800 Y-0.597
G1 X0.800 Y-0.316
G1 X0.800 Y-0.105
G1 X0.800 Y0.060
G1 X0.800 Y0.295
G1 X0.800 Y0.727
G1 X0.800 Y1.336
G1 X0.800 Y1.821
G1 X0.800 Y1.675
G1 X0.800 Y0.653
G1 X0.800 Y-0.789
G1 X0.800 Y-1.786
G1 X0.800 Y-1.866
G1 X0.000 Y-1.343
G1 X-0.800 Y2.038
G1 X-0.800 Y1.867
G1 X-0.800 Y0.677
G1 X-0.800 Y-0.853
G1 X-0.800 Y-1.769
G1 X-0.800 Y-1.754
G1 X-0.800 Y-1.196
G1 X-0.800 Y-0.609
G1 X-0.800 Y-0.217
G1 X-0.800 Y0.025
G1 X-0.800 Y0.254
G1 X-0.800 Y0.552
G1 X-0.800 Y0.873
G1 X-0.800 Y1.084
G1 X-0.800 Y1.068
G1 X-0.800 Y0.832
G1 X-0.800 Y0.497
G1 X-0.800 Y0.158
G1 X-0.800 Y-0.189
G1 X-0.800 Y-0.630
G1 X-0.800 Y-1.193
G1 X-0.800 Y-1.664
G1 X-0.800 Y-1.552
G1 X-0.800 Y-0.484
G1 X-0.800 Y1.145
G1 X-0.800 Y2.244
G1 X-0.800 Y2.097
G1 X-0.800 Y1.100
G1 X-0.800 Y0.168
G1 X-0.800 Y-0.200
G1 X-0.800 Y-0.086
G1 X-0.800 Y0.166
G1 X-0.800 Y0.131
G1 X-0.800 Y-0.586
G1 X-0.800 Y-1.919
G1 X-0.800 Y-2.744
G1 X-0.800 Y-1.539
G1 X-0.800 Y1.324
G1 X-0.800 Y3.124
G1 X-0.800 Y2.149
G1 X-0.800 Y-0.170
G1 X-0.800 Y-1.614
G1 X-0.800 Y-1.667
G1 X-0.800 Y-1.055
G1 X-0.800 Y-0.419
G1 X-0.800 Y0.074
G1 X-0.800 Y0.447
G1 X-0.800 Y0.654
G1 X-0.800 Y0.647
G1 X-0.800 Y0.568
G1 X-0.800 Y0.578
G1 X-0.800 Y0.661
G1 X-0.800 Y0.699
G1 X-0.800 Y0.574
G1 X-0.800 Y0.219
G1 X-0.800 Y-0.319
G1 X-0.800 Y-0.873
G1 X-0.800 Y-1.241
G1 X-0.800 Y-1.307
G1 X-0.800 Y-1.110
G1 X-0.800 Y-0.783
G1 X-0.800 Y-0.464
G1 X-0.800 Y-0.222
G1 X-0.800 Y-0.053
G1 X-0.800 Y0.090
G1 X-0.800 Y0.250
G1 X-0.800 Y0.450
G1 X-0.800 Y0.667
G1 X-0.800 Y0.842
G1 X-0.800 Y0.915
G1 X-0.800 Y0.856
G1 X-0.800 Y0.690
G1 X-0.800 Y0.477
G1 X-0.800 Y0.268
G1 X-0.800 Y0.083
G1 X-0.800 Y-0.095
G1 X-0.800 Y-0.297
G1 X-0.800 Y-0.547
G1 X-0.800 Y-0.826
G1 X-0.800 Y-1.058
G1 X-0.800 Y-1.144
G1 X-0.800 Y-1.016
G1 X-0.800 Y-0.698
G1 X-0.800 Y-0.309
G1 X-0.800 Y0.015
G1 X-0.800 Y0.182
G1 X-0.800 Y0.182
G1 X-0.800 Y0.066
G1 X-0.800 Y-0.086
G1 X-0.800 Y-0.193
G1 X-0.800 Y-0.170
G1 X-0.800 Y0.035
G1 X-0.800 Y0.405
G1 X-0.800 Y0.824
G1 X-0.800 Y1.124
G1 X-0.800 Y1.181
G1 X-0.800 Y0.998
G1 X-0.800 Y0.683
G1 X-0.800 Y0.348
G1 X-0.800 Y0.033
G1 X-0.800 Y-0.303
G1 X-0.800 Y-0.738
G1 X-0.800 Y-1.254
G1 X-0.800 Y-1.621
G1 X-0.800 Y-1.392
G1 X-0.800 Y-0.250
G1 X-0.800 Y1.424
G1 X-0.800 Y2.518
G1 X-0.800 Y2.143
G1 X-0.800 Y0.598
G1 X-0.800 Y-0.941
G1 X-0.800 Y-1.615
G1 X-0.800 Y-1.441
G1 X-0.800 Y-0.899
G1 X-0.800 Y-0.349
G1 X-0.800 Y0.143
G1 X-0.800 Y0.671
G1 X-0.800 Y1.263
G1 X-0.800 Y1.664
G1 X-0.800 Y1.332
G1 X-0.800 Y-0.084
G1 X-0.800 Y-1.979
G1 X-0.800 Y-2.835
G1 X-0.800 Y-1.656
G1 X-0.800 Y0.722
G1 X-0.800 Y2.410
G1 X-0.800 Y2.382
G1 X-0.800 Y1.162
G1 X-0.800 Y-0.157
G1 X-0.800 Y-0.916
G1 X-0.800 Y-1.086
G1 X-0.800 Y-0.912
G1 X-0.800 Y-0.630
G1 X-0.800 Y-0.362
G1 X-0.800 Y-0.149
G1 X-0.800 Y0.004
G1 X-0.800 Y0.103
G1 X-0.800 Y0.153
G1 X-0.800 Y0.157
G1 X-0.800 Y0.127
G1 X-0.800 Y0.073
G1 X-0.800 Y0.008
G1 X-0.800 Y-0.052
G1 X-0.800 Y-0.096
G1 X-0.800 Y-0.111
G1 X-0.800 Y-0.087
G1 X-0.800 Y-0.022
G1 X-0.800 Y0.090
G1 X-0.800 Y0.248
G1 X-0.800 Y0.450
G1 X-0.800 Y0.674
G1 X-0.800 Y0.868
G1 X-0.800 Y0.916
G1 X-0.800 Y0.667
G1 X-0.800 Y0.016
G1 X-0.800 Y-0.949
G1 X-0.800 Y-1.840
G1 X-0.800 Y-2.123
G1 X-0.800 Y-1.495
G1 X-0.800 Y-0.202
G1 X-0.800 Y1.084
G1 X-0.800 Y1.770
G1 X-0.800 Y1.722
G1 X-0.800 Y1.219
G1 X-0.800 Y0.645
G1 X-0.800 Y0.233
G1 X-0.800 Y0.035
G1 X-0.800 Y-0.010
G1 X-0.800 Y0.005
G1 X-0.800 Y0.001
G1 X-0.800 Y-0.077
G1 X-0.800 Y-0.239
G1 X-0.800 Y-0.456
G1 X-0.800 Y-0.667
G1 X-0.800 Y-0.811
G1 X-0.800 Y-0.851
G1 X-0.800 Y-0.789
G1 X-0.800 Y-0.662
G1 X-0.800 Y-0.510
G1 X-0.800 Y-0.367
G1 X0.000 Y1.291
G1 X0.800 Y0.398
G1 X0.800 Y0.508
G1 X0.800 Y0.586
G1 X0.800 Y0.591
G1 X0.800 Y0.497
G1 X0.800 Y0.302
G1 X0.800 Y0.045
G1 X0.800 Y-0.206
G1 X0.800 Y-0.376
G1 X0.800 Y-0.422
G1 X0.800 Y-0.338
G1 X0.800 Y-0.154
G1 X0.800 Y0.085
G1 X0.800 Y0.327
G1 X0.800 Y0.492
G1 X0.800 Y0.463
G1 X0.800 Y0.122
G1 X0.800 Y-0.565
G1 X0.800 Y-1.411
G1 X0.800 Y-1.989
G1 X0.800 Y-1.859
G1 X0.800 Y-0.926
G1 X0.800 Y0.396
G1 X0.800 Y1.468
G1 X0.800 Y1.864
G1 X0.800 Y1.602
G1 X0.800 Y1.005
G1 X0.800 Y0.405
G1 X0.800 Y-0.014
G1 X0.800 Y-0.223
G1 X0.800 Y-0.276
G1 X0.800 Y-0.247
G1 X0.800 Y-0.189
G1 X0.800 Y-0.138
G1 X0.800 Y-0.112
G1 X0.800 Y-0.115
G1 X0.800 Y-0.150
G1 X0.800 Y-0.211
G1 X0.800 Y-0.292
G1 X0.800 Y-0.383
G1 X0.800 Y-0.466
G1 X0.800 Y-0.520
G1 X0.800 Y-0.527
G1 X0.800 Y-0.471
G1 X0.800 Y-0.360
G1 X0.800 Y-0.200
G1 X0.800 Y0.003
G1 X0.800 Y0.257
G1 X0.800 Y0.582
G1 X0.800 Y0.967
G1 X0.800 Y1.292
G1 X0.800 Y1.274
G1 X0.800 Y0.548
G1 X0.800 Y-0.933
G1 X0.800 Y-2.423
G1 X0.800 Y-2.586
G1 X0.800 Y-0.808
G1 X0.800 Y1.706
G1 X0.800 Y2.868
G1 X0.800 Y1.929
G1 X0.800 Y0.047
G1 X0.800 Y-1.274
G1 X0.800 Y-1.542
G1 X0.800 Y-1.144
G1 X0.800 Y-0.573
G1 X0.800 Y-0.038
G1 X0.800 Y0.481
G1 X0.800 Y1.018
G1 X0.800 Y1.431
G1 X0.800 Y1.355
G1 X0.800 Y0.473
G1 X0.800 Y-0.998
G1 X0.800 Y-2.196
G1 X0.800 Y-2.274
G1 X0.800 Y-1.225
G1 X0.800 Y0.156
G1 X0.800 Y1.073
G1 X0.800 Y1.296
G1 X0.800 Y1.050
G1 X0.800 Y0.642
G1 X0.800 Y0.245
G1 X0.800 Y-0.105
G1 X0.800 Y-0.419
G1 X0.800 Y-0.691
G1 X0.800 Y-0.872
G1 X0.800 Y-0.905
G1 X0.800 Y-0.770
G1 X0.800 Y-0.516
G1 X0.800 Y-0.239
G1 X0.800 Y-0.029
G1 X0.800 Y0.069
G1 X0.800 Y0.064
G1 X0.800 Y0.002
G1 X0.800 Y-0.061
G1 X0.800 Y-0.071
G1 X0.800 Y0.014
G1 X0.800 Y0.199
G1 X0.800 Y0.447
G1 X0.800 Y0.690
G1 X0.800 Y0.850
G1 X0.800 Y0.884
G1 X0.800 Y0.795
G1 X0.800 Y0.626
G1 X0.800 Y0.427
G1 X0.800 Y0.233
G1 X0.800 Y0.057
G1 X0.800 Y-0.105
G1 X0.800 Y-0.258
G1 X0.800 Y-0.396
G1 X0.800 Y-0.506
G1 X0.800 Y-0.567
G1 X0.800 Y-0.565
G1 X0.800 Y-0.498
G1 X0.800 Y-0.385
G1 X0.800 Y-0.244
G1 X0.800 Y-0.087
G1 X0.800 Y0.081
G1 X0.800 Y0.266
G1 X0.800 Y0.472
G1 X0.800 Y0.683
G1 X0.800 Y0.861
G1 X0.800 Y0.944
G1 X0.800 Y0.881
G1 X0.800 Y0.657
G1 X0.800 Y0.314
G1 X0.800 Y-0.060
G1 X0.800 Y-0.379
G1 X0.800 Y-0.593
G1 X0.800 Y-0.706
G1 X0.800 Y-0.752
G1 X0.800 Y-0.761
G1 X0.800 Y-0.721
G1 X0.800 Y-0.593
G1 X0.800 Y-0.356
G1 X0.800 Y-0.020
G1 X0.800 Y0.419
G1 X0.800 Y0.987
G1 X0.800 Y1.540
G1 X0.800 Y1.555
G1 X0.800 Y0.365
G1 X0.800 Y-1.784
G1 X0.800 Y-3.067
G1 X0.800 Y-1.819
G1 X0.800 Y0.955
G1 X0.800 Y2.621
G1 X0.800 Y2.209
G1 X0.800 Y0.908
G1 X0.800 Y0.015
G1 X0.800 Y-0.174
G1 X0.800 Y0.022
G1 X0.800 Y0.178
G1 X0.800 Y-0.083
G1 X0.800 Y-0.929
G1 X0.800 Y-1.986
G1 X0.800 Y-2.334
G1 X0.800 Y-1.363
G1 X0.800 Y0.366
G1 X0.800 Y1.638
G1 X0.800 Y1.848
G1 X0.800 Y1.340
G1 X0.800 Y0.710
G1 X0.800 Y0.261
G1 X0.800 Y-0.035
G1 X0.800 Y-0.311
G1 X0.800 Y-0.646
G1 X0.800 Y-0.978
G1 X0.800 Y-1.159
G1 X0.800 Y-1.085
G1 X0.800 Y-0.800
G1 X0.800 Y-0.452
G1 X0.800 Y-0.146
G1 X0.800 Y0.137
G1 X0.800 Y0.516
G1 X0.800 Y1.070
G1 X0.800 Y1.649
G1 X0.800 Y1.784
G1 X0.800 Y0.994
G1 X0.800 Y-0.550
G1 X0.800 Y-1.894
G1 X0.800 Y-2.175
G1 X0.000 Y-1.203
G1 X-0.800 Y2.268
G1 X-0.800 Y1.883
G1 X-0.800 Y0.450
G1 X-0.800 Y-1.048
G1 X-0.800 Y-1.721
G1 X-0.800 Y-1.525
G1 X-0.800 Y-0.962
G1 X-0.800 Y-0.434
G1 X-0.800 Y-0.042
G1 X-0.800 Y0.299
G1 X-0.800 Y0.656
G1 X-0.800 Y0.989
G1 X-0.800 Y1.161
G1 X-0.800 Y1.071
G1 X-0.800 Y0.771
G1 X-0.800 Y0.422
G1 X-0.800 Y0.154
G1 X-0.800 Y-0.039
G1 X-0.800 Y-0.295
G1 X-0.800 Y-0.769
G1 X-0.800 Y-1.455
G1 X-0.800 Y-1.966
G1 X-0.800 Y-1.650
G1 X-0.800 Y-0.254
G1 X-0.800 Y1.464
G1 X-0.800 Y2.303
G1 X-0.800 Y1.883
G1 X-0.800 Y0.887
G1 X-0.800 Y0.140
G1 X-0.800 Y-0.082
G1 X-0.800 Y0.017
G1 X-0.800 Y0.071
G1 X-0.800 Y-0.302
G1 X-0.800 Y-1.272
G1 X-0.800 Y-2.339
G1 X-0.800 Y-2.296
G1 X-0.800 Y-0.456
G1 X-0.800 Y1.962
G1 X-0.800 Y2.850
G1 X-0.800 Y1.698
G1 X-0.800 Y-0.096
G1 X-0.800 Y-1.158
G1 X-0.800 Y-1.272
G1 X-0.800 Y-0.887
G1 X-0.800 Y-0.407
G1 X-0.800 Y0.008
G1 X-0.800 Y0.335
G1 X-0.800 Y0.564
G1 X-0.800 Y0.688
G1 X-0.800 Y0.707
G1 X-0.800 Y0.644
G1 X-0.800 Y0.521
G1 X-0.800 Y0.353
G1 X-0.800 Y0.151
G1 X-0.800 Y-0.068
G1 X-0.800 Y-0.277
G1 X-0.800 Y-0.449
G1 X-0.800 Y-0.560
G1 X-0.800 Y-0.600
G1 X-0.800 Y-0.571
G1 X-0.800 Y-0.491
G1 X-0.800 Y-0.378
G1 X-0.800 Y-0.252
G1 X-0.800 Y-0.126
G1 X-0.800 Y-0.008
G1 X-0.800 Y0.097
G1 X-0.800 Y0.180
G1 X-0.800 Y0.239
G1 X-0.800 Y0.267
G1 X-0.800 Y0.263
G1 X-0.800 Y0.225
G1 X-0.800 Y0.160
G1 X-0.800 Y0.071
G1 X-0.800 Y-0.035
G1 X-0.800 Y-0.157
G1 X-0.800 Y-0.288
G1 X-0.800 Y-0.423
G1 X-0.800 Y-0.543
G1 X-0.800 Y-0.629
G1 X-0.800 Y-0.655
G1 X-0.800 Y-0.610
G1 X-0.800 Y-0.502
G1 X-0.800 Y-0.354
G1 X-0.800 Y-0.206
G1 X-0.800 Y-0.091
G1 X-0.800 Y-0.024
G1 X-0.800 Y0.000
G1 X-0.800 Y-0.001
G1 X-0.800 Y0.007
G1 X-0.800 Y0.050
G1 X-0.800 Y0.145
G1 X-0.800 Y0.286
G1 X-0.800 Y0.440
G1 X-0.800 Y0.560
G1 X-0.800 Y0.597
G1 X-0.800 Y0.532
G1 X-0.800 Y0.371
G1 X-0.800 Y0.137
G1 X-0.800 Y-0.150
G1 X-0.800 Y-0.465
G1 X-0.800 Y-0.756
G1 X-0.800 Y-0.901
G1 X-0.800 Y-0.714
G1 X-0.800 Y-0.047
G1 X-0.800 Y0.989
G1 X-0.800 Y1.911
G1 X-0.800 Y2.119
G1 X-0.800 Y1.411
G1 X-0.800 Y0.218
G1 X-0.800 Y-0.771
G1 X-0.800 Y-1.160
G1 X-0.800 Y-1.011
G1 X-0.800 Y-0.585
G1 X-0.800 Y-0.075
G1 X-0.800 Y0.456
G1 X-0.800 Y0.962
G1 X-0.800 Y1.248
G1 X-0.800 Y0.920
G1 X-0.800 Y-0.305
G1 X-0.800 Y-1.978
G1 X-0.800 Y-2.775
G1 X-0.800 Y-1.626
G1 X-0.800 Y0.833
G1 X-0.800 Y2.609
G1 X-0.800 Y2.438
G1 X-0.800 Y0.880
G1 X-0.800 Y-0.671
G1 X-0.800 Y-1.401
G1 X-0.800 Y-1.366
G1 X-0.800 Y-0.977
G1 X-0.800 Y-0.547
G1 X-0.800 Y-0.192
G1 X-0.800 Y0.095
G1 X-0.800 Y0.348
G1 X-0.800 Y0.571
G1 X-0.800 Y0.744
G1 X-0.800 Y0.825
G1 X-0.800 Y0.798
G1 X-0.800 Y0.674
G1 X-0.800 Y0.500
G1 X-0.800 Y0.324
G1 X-0.800 Y0.178
G1 X-0.800 Y0.078
G1 X-0.800 Y0.019
G1 X-0.800 Y-0.015
G1 X-0.800 Y-0.039
G1 X-0.800 Y-0.068
G1 X-0.800 Y-0.118
G1 X-0.800 Y-0.211
G1 X-0.800 Y-0.367
G1 X-0.800 Y-0.606
G1 X-0.800 Y-0.920
G1 X-0.800 Y-1.237
G1 X-0.800 Y-1.408
G1 X-0.800 Y-1.231
G1 X-0.800 Y-0.575
G1 X-0.800 Y0.456
G1 X-0.800 Y1.476
G1 X-0.800 Y1.999
G1 X-0.800 Y1.773
G1 X-0.800 Y0.968
G1 X-0.800 Y0.032
G1 X-0.800 Y-0.639
G1 X-0.800 Y-0.900
G1 X-0.800 Y-0.828
G1 X-0.800 Y-0.575
G1 X-0.800 Y-0.265
G1 X-0.800 Y0.042
G1 X-0.800 Y0.321
G1 X-0.800 Y0.551
G1 X-0.800 Y0.694
G1 X-0.800 Y0.708
G1 X-0.800 Y0.579
G1 X-0.800 Y0.337
G1 X-0.800 Y0.053
G1 X-0.800 Y-0.196
G1 X-0.800 Y-0.350
G1 X-0.800 Y-0.402
G1 X-0.800 Y-0.367
G1 X-0.800 Y-0.283
G1 X0.000 Y-1.264
G1 X0.800 Y0.222
G1 X0.800 Y0.336
G1 X0.800 Y0.406
G1 X0.800 Y0.394
G1 X0.800 Y0.267
G1 X0.800 Y0.025
G1 X0.800 Y-0.283
G1 X0.800 Y-0.576
G1 X0.800 Y-0.764
G1 X0.800 Y-0.798
G1 X0.800 Y-0.686
G1 X0.800 Y-0.475
G1 X0.800 Y-0.209
G1 X0.800 Y0.086
G1 X0.800 Y0.397
G1 X0.800 Y0.703
G1 X0.800 Y0.935
G1 X0.800 Y0.963
G1 X0.800 Y0.647
G1 X0.800 Y-0.042
G1 X0.800 Y-0.923
G1 X0.800 Y-1.638
G1 X0.800 Y-1.848
G1 X0.800 Y-1.474
G1 X0.800 Y-0.726
G1 X0.800 Y0.052
G1 X0.800 Y0.606
G1 X0.800 Y0.859
G1 X0.800 Y0.872
G1 X0.800 Y0.752
G1 X0.800 Y0.593
G1 X0.800 Y0.449
G1 X0.800 Y0.345
G1 X0.800 Y0.288
G1 X0.800 Y0.275
G1 X0.800 Y0.295
G1 X0.800 Y0.333
G1 X0.800 Y0.361
G1 X0.800 Y0.345
G1 X0.800 Y0.249
G1 X0.800 Y0.049
G1 X0.800 Y-0.244
G1 X0.800 Y-0.573
G1 X0.800 Y-0.843
G1 X0.800 Y-0.969
G1 X0.800 Y-0.921
G1 X0.800 Y-0.728
G1 X0.800 Y-0.456
G1 X0.800 Y-0.153
G1 X0.800 Y0.176
G1 X0.800 Y0.561
G1 X0.800 Y1.000
G1 X0.800 Y1.357
G1 X0.800 Y1.307
G1 X0.800 Y0.485
G1 X0.800 Y-1.057
G1 X0.800 Y-2.458
G1 X0.800 Y-2.472
G1 X0.800 Y-0.762
G1 X0.800 Y1.464
G1 X0.800 Y2.554
G1 X0.800 Y2.028
G1 X0.800 Y0.714
G1 X0.800 Y-0.353
G1 X0.800 Y-0.759
G1 X0.800 Y-0.638
G1 X0.800 Y-0.266
G1 X0.800 Y0.166
G1 X0.800 Y0.534
G1 X0.800 Y0.711
G1 X0.800 Y0.538
G1 X0.800 Y-0.059
G1 X0.800 Y-0.919
G1 X0.800 Y-1.642
G1 X0.800 Y-1.846
G1 X0.800 Y-1.449
G1 X0.800 Y-0.723
G1 X0.800 Y-0.040
G1 X0.800 Y0.376
G1 X0.800 Y0.500
G1 X0.800 Y0.422
G1 X0.800 Y0.251
G1 X0.800 Y0.061
G1 X0.800 Y-0.106
G1 X0.800 Y-0.225
G1 X0.800 Y-0.285
G1 X0.800 Y-0.288
G1 X0.800 Y-0.249
G1 X0.800 Y-0.186
G1 X0.800 Y-0.121
G1 X0.800 Y-0.066
G1 X0.800 Y-0.025
G1 X0.800 Y0.009
G1 X0.800 Y0.046
G1 X0.800 Y0.097
G1 X0.800 Y0.165
G1 X0.800 Y0.249
G1 X0.800 Y0.335
G1 X0.800 Y0.408
G1 X0.800 Y0.456
G1 X0.800 Y0.467
G1 X0.800 Y0.443
G1 X0.800 Y0.392
G1 X0.800 Y0.322
G1 X0.800 Y0.244
G1 X0.800 Y0.168
G1 X0.800 Y0.100
G1 X0.800 Y0.044
G1 X0.800 Y0.003
G1 X0.800 Y-0.023
G1 X0.800 Y-0.030
G1 X0.800 Y-0.023
G1 X0.800 Y0.001
G1 X0.800 Y0.037
G1 X0.800 Y0.081
G1 X0.800 Y0.132
G1 X0.800 Y0.183
G1 X0.800 Y0.233
G1 X0.800 Y0.275
G1 X0.800 Y0.305
G1 X0.800 Y0.322
G1 X0.800 Y0.319
G1 X0.800 Y0.300
G1 X0.800 Y0.260
G1 X0.800 Y0.204
G1 X0.800 Y0.128
G1 X0.800 Y0.036
G1 X0.800 Y-0.072
G1 X0.800 Y-0.191
G1 X0.800 Y-0.309
G1 X0.800 Y-0.405
G1 X0.800 Y-0.448
G1 X0.800 Y-0.405
G1 X0.800 Y-0.259
G1 X0.800 Y-0.015
G1 X0.800 Y0.298
G1 X0.800 Y0.605
G1 X0.800 Y0.745
G1 X0.800 Y0.452
G1 X0.800 Y-0.473
G1 X0.800 Y-1.773
G1 X0.800 Y-2.522
G1 X0.800 Y-1.812
G1 X0.800 Y0.107
G1 X0.800 Y1.824
G1 X0.800 Y2.241
G1 X0.800 Y1.565
G1 X0.800 Y0.681
G1 X0.800 Y0.157
G1 X0.800 Y0.009
G1 X0.800 Y-0.036
G1 X0.800 Y-0.300
G1 X0.800 Y-0.956
G1 X0.800 Y-1.801
G1 X0.800 Y-2.159
G1 X0.800 Y-1.414
G1 X0.800 Y0.189
G1 X0.800 Y1.597
G1 X0.800 Y2.008
G1 X0.800 Y1.542
G1 X0.800 Y0.831
G1 X0.800 Y0.322
G1 X0.800 Y0.074
G1 X0.800 Y-0.055
G1 X0.800 Y-0.233
G1 X0.800 Y-0.525
G1 X0.800 Y-0.862
G1 X0.800 Y-1.079
G1 X0.800 Y-1.054
G1 X0.800 Y-0.805
G1 X0.800 Y-0.449
G1 X0.800 Y-0.066
G1 X0.800 Y0.353
G1 X0.800 Y0.863
G1 X0.800 Y1.386
G1 X0.800 Y1.585
G1 X0.800 Y0.996
G1 X0.800 Y-0.413
G1 X0.800 Y-1.853
G1 X0.800 Y-2.311
G1 X0.000 Y-1.188
G1 X-0.800 Y2.298
G1 X-0.800 Y1.825
G1 X-0.800 Y0.464
G1 X-0.800 Y-0.831
G1 X-0.800 Y-1.376
G1 X-0.800 Y-1.223
G1 X-0.800 Y-0.760
G1 X-0.800 Y-0.271
G1 X-0.800 Y0.162
G1 X-0.800 Y0.543
G1 X-0.800 Y0.841
G1 X-0.800 Y0.969
G1 X-0.800 Y0.875
G1 X-0.800 Y0.609
G1 X-0.800 Y0.314
G1 X-0.800 Y0.111
G1 X-0.800 Y0.006
G1 X-0.800 Y-0.102
G1 X-0.800 Y-0.373
G1 X-0.800 Y-0.913
G1 X-0.800 Y-1.594
G1 X-0.800 Y-1.961
G1 X-0.800 Y-1.495
G1 X-0.800 Y-0.198
G1 X-0.800 Y1.205
G1 X-0.800 Y1.889
G1 X-0.800 Y1.684
G1 X-0.800 Y1.048
G1 X-0.800 Y0.473
G1 X-0.800 Y0.123
G1 X-0.800 Y-0.114
G1 X-0.800 Y-0.454
G1 X-0.800 Y-1.013
G1 X-0.800 Y-1.646
G1 X-0.800 Y-1.884
G1 X-0.800 Y-1.270
G1 X-0.800 Y0.098
G1 X-0.800 Y1.460
G1 X-0.800 Y2.045
G1 X-0.800 Y1.735
G1 X-0.800 Y0.988
G1 X-0.800 Y0.317
G1 X-0.800 Y-0.049
G1 X-0.800 Y-0.144
G1 X-0.800 Y-0.088
G1 X-0.800 Y0.008
G1 X-0.800 Y0.077
G1 X-0.800 Y0.098
G1 X-0.800 Y0.076
G1 X-0.800 Y0.031
G1 X-0.800 Y-0.014
G1 X-0.800 Y-0.050
G1 X-0.800 Y-0.070
G1 X-0.800 Y-0.079
G1 X-0.800 Y-0.083
G1 X-0.800 Y-0.087
G1 X-0.800 Y-0.094
G1 X-0.800 Y-0.107
G1 X-0.800 Y-0.126
G1 X-0.800 Y-0.148
G1 X-0.800 Y-0.174
G1 X-0.800 Y-0.198
G1 X-0.800 Y-0.218
G1 X-0.800 Y-0.230
G1 X-0.800 Y-0.232
G1 X-0.800 Y-0.223
G1 X-0.800 Y-0.204
G1 X-0.800 Y-0.177
G1 X-0.800 Y-0.147
G1 X-0.800 Y-0.117
G1 X-0.800 Y-0.093
G1 X-0.800 Y-0.077
G1 X-0.800 Y-0.071
G1 X-0.800 Y-0.081
G1 X-0.800 Y-0.102
G1 X-0.800 Y-0.136
G1 X-0.800 Y-0.181
G1 X-0.800 Y-0.231
G1 X-0.800 Y-0.282
G1 X-0.800 Y-0.326
G1 X-0.800 Y-0.356
G1 X-0.800 Y-0.367
G1 X-0.800 Y-0.353
G1 X-0.800 Y-0.319
G1 X-0.800 Y-0.267
G1 X-0.800 Y-0.209
G1 X-0.800 Y-0.149
G1 X-0.800 Y-0.096
G1 X-0.800 Y-0.054
G1 X-0.800 Y-0.018
G1 X-0.800 Y0.012
G1 X-0.800 Y0.037
G1 X-0.800 Y0.057
G1 X-0.800 Y0.069
G1 X-0.800 Y0.064
G1 X-0.800 Y0.038
G1 X-0.800 Y-0.012
G1 X-0.800 Y-0.079
G1 X-0.800 Y-0.144
G1 X-0.800 Y-0.173
G1 X-0.800 Y-0.117
G1 X-0.800 Y0.082
G1 X-0.800 Y0.451
G1 X-0.800 Y0.933
G1 X-0.800 Y1.361
G1 X-0.800 Y1.529
G1 X-0.800 Y1.322
G1 X-0.800 Y0.829
G1 X-0.800 Y0.284
G1 X-0.800 Y-0.096
G1 X-0.800 Y-0.223
G1 X-0.800 Y-0.133
G1 X-0.800 Y0.061
G1 X-0.800 Y0.220
G1 X-0.800 Y0.174
G1 X-0.800 Y-0.249
G1 X-0.800 Y-1.070
G1 X-0.800 Y-1.959
G1 X-0.800 Y-2.213
G1 X-0.800 Y-1.266
G1 X-0.800 Y0.587
G1 X-0.800 Y2.171
G1 X-0.800 Y2.435
G1 X-0.800 Y1.407
G1 X-0.800 Y-0.008
G1 X-0.800 Y-0.962
G1 X-0.800 Y-1.222
G1 X-0.800 Y-1.006
G1 X-0.800 Y-0.612
G1 X-0.800 Y-0.210
G1 X-0.800 Y0.157
G1 X-0.800 Y0.493
G1 X-0.800 Y0.774
G1 X-0.800 Y0.938
G1 X-0.800 Y0.908
G1 X-0.800 Y0.658
G1 X-0.800 Y0.249
G1 X-0.800 Y-0.189
G1 X-0.800 Y-0.533
G1 X-0.800 Y-0.712
G1 X-0.800 Y-0.734
G1 X-0.800 Y-0.651
G1 X-0.800 Y-0.523
G1 X-0.800 Y-0.395
G1 X-0.800 Y-0.295
G1 X-0.800 Y-0.235
G1 X-0.800 Y-0.222
G1 X-0.800 Y-0.253
G1 X-0.800 Y-0.321
G1 X-0.800 Y-0.406
G1 X-0.800 Y-0.475
G1 X-0.800 Y-0.472
G1 X-0.800 Y-0.331
G1 X-0.800 Y0.006
G1 X-0.800 Y0.529
G1 X-0.800 Y1.123
G1 X-0.800 Y1.566
G1 X-0.800 Y1.639
G1 X-0.800 Y1.266
G1 X-0.800 Y0.587
G1 X-0.800 Y-0.120
G1 X-0.800 Y-0.610
G1 X-0.800 Y-0.793
G1 X-0.800 Y-0.716
G1 X-0.800 Y-0.486
G1 X-0.800 Y-0.196
G1 X-0.800 Y0.100
G1 X-0.800 Y0.375
G1 X-0.800 Y0.590
G1 X-0.800 Y0.698
G1 X-0.800 Y0.649
G1 X-0.800 Y0.433
G1 X-0.800 Y0.098
G1 X-0.800 Y-0.257
G1 X-0.800 Y-0.527
G1 X-0.800 Y-0.655
G1 X-0.800 Y-0.640
G1 X-0.800 Y-0.523
G1 X-0.800 Y-0.354
G1 X-0.800 Y-0.175
G1 X0.000 Y-3.698
G1 X0.800 Y0.070
G1 X0.800 Y0.233
G1 X0.800 Y0.433
G1 X0.800 Y0.660
G1 X0.800 Y0.878
G1 X0.800 Y1.017
G1 X0.800 Y1.004
G1 X0.800 Y0.802
G1 X0.800 Y0.455
G1 X0.800 Y0.071
G1 X0.800 Y-0.232
G1 X0.800 Y-0.376
G1 X0.800 Y-0.353
G1 X0.800 Y-0.206
G1 X0.800 Y0.007
G1 X0.800 Y0.224
G1 X0.800 Y0.376
G1 X0.800 Y0.388
G1 X0.800 Y0.188
G1 X0.800 Y-0.233
G1 X0.800 Y-0.784
G1 X0.800 Y-1.274
G1 X0.800 Y-1.506
G1 X0.800 Y-1.392
G1 X0.800 Y-1.004
G1 X0.800 Y-0.512
G1 X0.800 Y-0.083
G1 X0.800 Y0.192
G1 X0.800 Y0.307
G1 X0.800 Y0.308
G1 X0.800 Y0.246
G1 X0.800 Y0.170
G1 X0.800 Y0.108
G1 X0.800 Y0.078
G1 X0.800 Y0.086
G1 X0.800 Y0.138
G1 X0.800 Y0.232
G1 X0.800 Y0.368
G1 X0.800 Y0.544
G1 X0.800 Y0.733
G1 X0.800 Y0.892
G1 X0.800 Y0.947
G1 X0.800 Y0.829
G1 X0.800 Y0.514
G1 X0.800 Y0.064
G1 X0.800 Y-0.386
G1 X0.800 Y-0.693
G1 X0.800 Y-0.783
G1 X0.800 Y-0.666
G1 X0.800 Y-0.409
G1 X0.800 Y-0.077
G1 X0.800 Y0.287
G1 X0.800 Y0.644
G1 X0.800 Y0.898
G1 X0.800 Y0.865
G1 X0.800 Y0.348
G1 X0.800 Y-0.660
G1 X0.800 Y-1.764
G1 X0.800 Y-2.269
G1 X0.800 Y-1.709
G1 X0.800 Y-0.329
G1 X0.800 Y1.067
G1 X0.800 Y1.782
G1 X0.800 Y1.702
G1 X0.800 Y1.181
G1 X0.800 Y0.625
G1 X0.800 Y0.252
G1 X0.800 Y0.069
G1 X0.800 Y-0.010
G1 X0.800 Y-0.101
G1 X0.800 Y-0.279
G1 X0.800 Y-0.564
G1 X0.800 Y-0.896
G1 X0.800 Y-1.149
G1 X0.800 Y-1.209
G1 X0.800 Y-1.049
G1 X0.800 Y-0.750
G1 X0.800 Y-0.440
G1 X0.800 Y-0.208
G1 X0.800 Y-0.074
G1 X0.800 Y-0.014
G1 X0.800 Y0.005
G1 X0.800 Y0.007
G1 X0.800 Y0.003
G1 X0.800 Y0.002
G1 X0.800 Y0.003
G1 X0.800 Y0.007
G1 X0.800 Y0.016
G1 X0.800 Y0.034
G1 X0.800 Y0.065
G1 X0.800 Y0.113
G1 X0.800 Y0.178
G1 X0.800 Y0.255
G1 X0.800 Y0.334
G1 X0.800 Y0.400
G1 X0.800 Y0.443
G1 X0.800 Y0.453
G1 X0.800 Y0.429
G1 X0.800 Y0.378
G1 X0.800 Y0.309
G1 X0.800 Y0.232
G1 X0.800 Y0.156
G1 X0.800 Y0.090
G1 X0.800 Y0.038
G1 X0.800 Y0.003
G1 X0.800 Y-0.010
G1 X0.800 Y-0.004
G1 X0.800 Y0.023
G1 X0.800 Y0.065
G1 X0.800 Y0.119
G1 X0.800 Y0.178
G1 X0.800 Y0.233
G1 X0.800 Y0.278
G1 X0.800 Y0.304
G1 X0.800 Y0.307
G1 X0.800 Y0.287
G1 X0.800 Y0.247
G1 X0.800 Y0.198
G1 X0.800 Y0.144
G1 X0.800 Y0.095
G1 X0.800 Y0.053
G1 X0.800 Y0.017
G1 X0.800 Y-0.013
G1 X0.800 Y-0.037
G1 X0.800 Y-0.057
G1 X0.800 Y-0.065
G1 X0.800 Y-0.063
G1 X0.800 Y-0.044
G1 X0.800 Y-0.014
G1 X0.800 Y0.021
G1 X0.800 Y0.052
G1 X0.800 Y0.068
G1 X0.800 Y0.066
G1 X0.800 Y0.042
G1 X0.800 Y-0.001
G1 X0.800 Y-0.072
G1 X0.800 Y-0.190
G1 X0.800 Y-0.385
G1 X0.800 Y-0.683
G1 X0.800 Y-1.054
G1 X0.800 Y-1.373
G1 X0.800 Y-1.423
G1 X0.800 Y-1.020
G1 X0.800 Y-0.203
G1 X0.800 Y0.706
G1 X0.800 Y1.305
G1 X0.800 Y1.401
G1 X0.800 Y1.108
G1 X0.800 Y0.671
G1 X0.800 Y0.255
G1 X0.800 Y-0.124
G1 X0.800 Y-0.539
G1 X0.800 Y-1.019
G1 X0.800 Y-1.433
G1 X0.800 Y-1.467
G1 X0.800 Y-0.855
G1 X0.800 Y0.275
G1 X0.800 Y1.356
G1 X0.800 Y1.826
G1 X0.800 Y1.592
G1 X0.800 Y1.007
G1 X0.800 Y0.469
G1 X0.800 Y0.156
G1 X0.800 Y0.026
G1 X0.800 Y-0.047
G1 X0.800 Y-0.172
G1 X0.800 Y-0.382
G1 X0.800 Y-0.618
G1 X0.800 Y-0.765
G1 X0.800 Y-0.739
G1 X0.800 Y-0.536
G1 X0.800 Y-0.207
G1 X0.800 Y0.201
G1 X0.800 Y0.642
G1 X0.800 Y1.021
G1 X0.800 Y1.091
G1 X0.800 Y0.555
G1 X0.800 Y-0.604
G1 X0.800 Y-1.809
G1 X0.800 Y-2.230
G1 X0.000 Y-1.297
G1 X-0.800 Y2.100
G1 X-0.800 Y1.795
G1 X-0.800 Y0.812
G1 X-0.800 Y-0.188
G1 X-0.800 Y-0.728
G1 X-0.800 Y-0.766
G1 X-0.800 Y-0.508
G1 X-0.800 Y-0.157
G1 X-0.800 Y0.172
G1 X-0.800 Y0.416
G1 X-0.800 Y0.531
G1 X-0.800 Y0.504
G1 X-0.800 Y0.373
G1 X-0.800 Y0.213
G1 X-0.800 Y0.086
G1 X-0.800 Y0.007
G1 X-0.800 Y-0.080
G1 X-0.800 Y-0.260
G1 X-0.800 Y-0.604
G1 X-0.800 Y-1.085
G1 X-0.800 Y-1.514
G1 X-0.800 Y-1.606
G1 X-0.800 Y-1.186
G1 X-0.800 Y-0.384
G1 X-0.800 Y0.427
G1 X-0.800 Y0.913
G1 X-0.800 Y0.983
G1 X-0.800 Y0.759
G1 X-0.800 Y0.408
G1 X-0.800 Y0.032
G1 X-0.800 Y-0.326
G1 X-0.800 Y-0.640
G1 X-0.800 Y-0.844
G1 X-0.800 Y-0.859
G1 X-0.800 Y-0.634
G1 X-0.800 Y-0.221
G1 X-0.800 Y0.243
G1 X-0.800 Y0.605
G1 X-0.800 Y0.778
G1 X-0.800 Y0.771
G1 X-0.800 Y0.647
G1 X-0.800 Y0.480
G1 X-0.800 Y0.317
G1 X-0.800 Y0.187
G1 X-0.800 Y0.101
G1 X-0.800 Y0.060
G1 X-0.800 Y0.064
G1 X-0.800 Y0.103
G1 X-0.800 Y0.168
G1 X-0.800 Y0.241
G1 X-0.800 Y0.308
G1 X-0.800 Y0.348
G1 X-0.800 Y0.352
G1 X-0.800 Y0.317
G1 X-0.800 Y0.255
G1 X-0.800 Y0.180
G1 X-0.800 Y0.111
G1 X-0.800 Y0.057
G1 X-0.800 Y0.018
G1 X-0.800 Y-0.012
G1 X-0.800 Y-0.049
G1 X-0.800 Y-0.097
G1 X-0.800 Y-0.160
G1 X-0.800 Y-0.229
G1 X-0.800 Y-0.292
G1 X-0.800 Y-0.329
G1 X-0.800 Y-0.332
G1 X-0.800 Y-0.300
G1 X-0.800 Y-0.237
G1 X-0.800 Y-0.155
G1 X-0.800 Y-0.069
G1 X-0.800 Y0.011
G1 X-0.800 Y0.076
G1 X-0.800 Y0.115
G1 X-0.800 Y0.126
G1 X-0.800 Y0.109
G1 X-0.800 Y0.065
G1 X-0.800 Y-0.004
G1 X-0.800 Y-0.093
G1 X-0.800 Y-0.200
G1 X-0.800 Y-0.324
G1 X-0.800 Y-0.454
G1 X-0.800 Y-0.574
G1 X-0.800 Y-0.663
G1 X-0.800 Y-0.697
G1 X-0.800 Y-0.658
G1 X-0.800 Y-0.553
G1 X-0.800 Y-0.400
G1 X-0.800 Y-0.235
G1 X-0.800 Y-0.091
G1 X-0.800 Y0.009
G1 X-0.800 Y0.061
G1 X-0.800 Y0.070
G1 X-0.800 Y0.053
G1 X-0.800 Y0.022
G1 X-0.800 Y-0.007
G1 X-0.800 Y-0.026
G1 X-0.800 Y-0.031
G1 X-0.800 Y-0.025
G1 X-0.800 Y-0.009
G1 X-0.800 Y0.022
G1 X-0.800 Y0.082
G1 X-0.800 Y0.202
G1 X-0.800 Y0.407
G1 X-0.800 Y0.660
G1 X-0.800 Y0.869
G1 X-0.800 Y0.943
G1 X-0.800 Y0.867
G1 X-0.800 Y0.679
G1 X-0.800 Y0.442
G1 X-0.800 Y0.205
G1 X-0.800 Y-0.031
G1 X-0.800 Y-0.291
G1 X-0.800 Y-0.610
G1 X-0.800 Y-0.974
G1 X-0.800 Y-1.277
G1 X-0.800 Y-1.316
G1 X-0.800 Y-0.883
G1 X-0.800 Y0.036
G1 X-0.800 Y1.128
G1 X-0.800 Y1.871
G1 X-0.800 Y1.908
G1 X-0.800 Y1.296
G1 X-0.800 Y0.441
G1 X-0.800 Y-0.246
G1 X-0.800 Y-0.568
G1 X-0.800 Y-0.563
G1 X-0.800 Y-0.358
G1 X-0.800 Y-0.072
G1 X-0.800 Y0.211
G1 X-0.800 Y0.431
G1 X-0.800 Y0.528
G1 X-0.800 Y0.450
G1 X-0.800 Y0.188
G1 X-0.800 Y-0.196
G1 X-0.800 Y-0.584
G1 X-0.800 Y-0.859
G1 X-0.800 Y-0.956
G1 X-0.800 Y-0.891
G1 X-0.800 Y-0.725
G1 X-0.800 Y-0.527
G1 X-0.800 Y-0.341
G1 X-0.800 Y-0.189
G1 X-0.800 Y-0.076
G1 X-0.800 Y0.000
G1 X-0.800 Y0.038
G1 X-0.800 Y0.035
G1 X-0.800 Y-0.010
G1 X-0.800 Y-0.092
G1 X-0.800 Y-0.200
G1 X-0.800 Y-0.308
G1 X-0.800 Y-0.377
G1 X-0.800 Y-0.354
G1 X-0.800 Y-0.185
G1 X-0.800 Y0.149
G1 X-0.800 Y0.605
G1 X-0.800 Y1.056
G1 X-0.800 Y1.343
G1 X-0.800 Y1.358
G1 X-0.800 Y1.111
G1 X-0.800 Y0.725
G1 X-0.800 Y0.351
G1 X-0.800 Y0.097
G1 X-0.800 Y-0.012
G1 X-0.800 Y-0.016
G1 X-0.800 Y0.017
G1 X-0.800 Y0.010
G1 X-0.800 Y-0.103
G1 X-0.800 Y-0.346
G1 X-0.800 Y-0.687
G1 X-0.800 Y-1.024
G1 X-0.800 Y-1.230
G1 X-0.800 Y-1.221
G1 X-0.800 Y-1.006
G1 X-0.800 Y-0.679
G1 X-0.800 Y-0.359
G1 X-0.800 Y-0.128
G1 X-0.800 Y-0.011
G1 X-0.800 Y0.019
G1 X-0.800 Y0.002
G1 X0.000 Y0.554
G1 X0.800 Y0.036
G1 X0.800 Y-0.161
G1 X0.800 Y-0.348
G1 X0.800 Y-0.477
G1 X0.800 Y-0.483
G1 X0.800 Y-0.311
G1 X0.800 Y0.045
G1 X0.800 Y0.512
G1 X0.800 Y0.945
G1 X0.800 Y1.194
G1 X0.800 Y1.195
G1 X0.800 Y0.989
G1 X0.800 Y0.692
G1 X0.800 Y0.406
G1 X0.800 Y0.180
G1 X0.800 Y-0.001
G1 X0.800 Y-0.182
G1 X0.800 Y-0.409
G1 X0.800 Y-0.695
G1 X0.800 Y-0.994
G1 X0.800 Y-1.200
G1 X0.800 Y-1.201
G1 X0.800 Y-0.947
G1 X0.800 Y-0.501
G1 X0.800 Y-0.007
G1 X0.800 Y0.388
G1 X0.800 Y0.601
G1 X0.800 Y0.632
G1 X0.800 Y0.539
G1 X0.800 Y0.383
G1 X0.800 Y0.212
G1 X0.800 Y0.061
G1 X0.800 Y-0.057
G1 X0.800 Y-0.130
G1 X0.800 Y-0.155
G1 X0.800 Y-0.132
G1 X0.800 Y-0.065
G1 X0.800 Y0.040
G1 X0.800 Y0.175
G1 X0.800 Y0.337
G1 X0.800 Y0.511
G1 X0.800 Y0.671
G1 X0.800 Y0.776
G1 X0.800 Y0.778
G1 X0.800 Y0.649
G1 X0.800 Y0.409
G1 X0.800 Y0.121
G1 X0.800 Y-0.127
G1 X0.800 Y-0.267
G1 X0.800 Y-0.273
G1 X0.800 Y-0.165
G1 X0.800 Y0.011
G1 X0.800 Y0.196
G1 X0.800 Y0.310
G1 X0.800 Y0.269
G1 X0.800 Y-0.008
G1 X0.800 Y-0.526
G1 X0.800 Y-1.150
G1 X0.800 Y-1.620
G1 X0.800 Y-1.678
G1 X0.800 Y-1.250
G1 X0.800 Y-0.512
G1 X0.800 Y0.223
G1 X0.800 Y0.707
G1 X0.800 Y0.868
G1 X0.800 Y0.776
G1 X0.800 Y0.548
G1 X0.800 Y0.276
G1 X0.800 Y0.006
G1 X0.800 Y-0.241
G1 X0.800 Y-0.454
G1 X0.800 Y-0.608
G1 X0.800 Y-0.670
G1 X0.800 Y-0.622
G1 X0.800 Y-0.468
G1 X0.800 Y-0.257
G1 X0.800 Y-0.079
G1 X0.800 Y-0.006
G1 X0.800 Y0.026
G1 X0.800 Y0.083
G1 X0.800 Y0.150
G1 X0.800 Y0.202
G1 X0.800 Y0.218
G1 X0.800 Y0.189
G1 X0.800 Y0.116
G1 X0.800 Y0.009
G1 X0.800 Y-0.110
G1 X0.800 Y-0.218
G1 X0.800 Y-0.279
G1 X0.800 Y-0.260
G1 X0.800 Y-0.132
G1 X0.800 Y0.104
G1 X0.800 Y0.410
G1 X0.800 Y0.709
G1 X0.800 Y0.922
G1 X0.800 Y0.994
G1 X0.800 Y0.927
G1 X0.800 Y0.762
G1 X0.800 Y0.560
G1 X0.800 Y0.368
G1 X0.800 Y0.212
G1 X0.800 Y0.091
G1 X0.800 Y-0.002
G1 X0.800 Y-0.078
G1 X0.800 Y-0.137
G1 X0.800 Y-0.176
G1 X0.800 Y-0.188
G1 X0.800 Y-0.166
G1 X0.800 Y-0.110
G1 X0.800 Y-0.027
G1 X0.800 Y0.071
G1 X0.800 Y0.169
G1 X0.800 Y0.246
G1 X0.800 Y0.290
G1 X0.800 Y0.289
G1 X0.800 Y0.244
G1 X0.800 Y0.173
G1 X0.800 Y0.096
G1 X0.800 Y0.038
G1 X0.800 Y0.007
G1 X0.800 Y0.000
G1 X0.800 Y-0.002
G1 X0.800 Y-0.025
G1 X0.800 Y-0.094
G1 X0.800 Y-0.217
G1 X0.800 Y-0.384
G1 X0.800 Y-0.557
G1 X0.800 Y-0.691
G1 X0.800 Y-0.747
G1 X0.800 Y-0.718
G1 X0.800 Y-0.620
G1 X0.800 Y-0.487
G1 X0.800 Y-0.349
G1 X0.800 Y-0.230
G1 X0.800 Y-0.139
G1 X0.800 Y-0.080
G1 X0.800 Y-0.055
G1 X0.800 Y-0.065
G1 X0.800 Y-0.104
G1 X0.800 Y-0.166
G1 X0.800 Y-0.230
G1 X0.800 Y-0.276
G1 X0.800 Y-0.275
G1 X0.800 Y-0.210
G1 X0.800 Y-0.079
G1 X0.800 Y0.091
G1 X0.800 Y0.249
G1 X0.800 Y0.343
G1 X0.800 Y0.341
G1 X0.800 Y0.238
G1 X0.800 Y0.062
G1 X0.800 Y-0.147
G1 X0.800 Y-0.336
G1 X0.800 Y-0.427
G1 X0.800 Y-0.343
G1 X0.800 Y-0.032
G1 X0.800 Y0.461
G1 X0.800 Y0.980
G1 X0.800 Y1.314
G1 X0.800 Y1.346
G1 X0.800 Y1.105
G1 X0.800 Y0.746
G1 X0.800 Y0.415
G1 X0.800 Y0.188
G1 X0.800 Y0.060
G1 X0.800 Y-0.019
G1 X0.800 Y-0.093
G1 X0.800 Y-0.178
G1 X0.800 Y-0.253
G1 X0.800 Y-0.281
G1 X0.800 Y-0.223
G1 X0.800 Y-0.075
G1 X0.800 Y0.140
G1 X0.800 Y0.354
G1 X0.800 Y0.460
G1 X0.800 Y0.304
G1 X0.800 Y-0.224
G1 X0.800 Y-1.036
G1 X0.800 Y-1.751
G1 X0.800 Y-1.903
G1 X0.000 Y-1.474
G1 X-0.800 Y1.630
G1 X-0.800 Y1.633
G1 X-0.800 Y1.198
G1 X-0.800 Y0.605
G1 X-0.800 Y0.130
G1 X-0.800 Y-0.118
G1 X-0.800 Y-0.169
G1 X-0.800 Y-0.110
G1 X-0.800 Y-0.024
G1 X-0.800 Y0.042
G1 X-0.800 Y0.070
G1 X-0.800 Y0.062
G1 X-0.800 Y0.031
G1 X-0.800 Y-0.015
G1 X-0.800 Y-0.084
G1 X-0.800 Y-0.194
G1 X-0.800 Y-0.365
G1 X-0.800 Y-0.593
G1 X-0.800 Y-0.840
G1 X-0.800 Y-1.031
G1 X-0.800 Y-1.087
G1 X-0.800 Y-0.975
G1 X-0.800 Y-0.729
G1 X-0.800 Y-0.440
G1 X-0.800 Y-0.192
G1 X-0.800 Y-0.036
G1 X-0.800 Y0.026
G1 X-0.800 Y0.024
G1 X-0.800 Y-0.004
G1 X-0.800 Y-0.025
G1 X-0.800 Y-0.021
G1 X-0.800 Y0.011
G1 X-0.800 Y0.055
G1 X-0.800 Y0.093
G1 X-0.800 Y0.110
G1 X-0.800 Y0.097
G1 X-0.800 Y0.062
G1 X-0.800 Y0.014
G1 X-0.800 Y-0.030
G1 X-0.800 Y-0.058
G1 X-0.800 Y-0.066
G1 X-0.800 Y-0.056
G1 X-0.800 Y-0.032
G1 X-0.800 Y0.003
G1 X-0.800 Y0.051
G1 X-0.800 Y0.129
G1 X-0.800 Y0.254
G1 X-0.800 Y0.439
G1 X-0.800 Y0.670
G1 X-0.800 Y0.901
G1 X-0.800 Y1.058
G1 X-0.800 Y1.071
G1 X-0.800 Y0.918
G1 X-0.800 Y0.647
G1 X-0.800 Y0.348
G1 X-0.800 Y0.108
G1 X-0.800 Y-0.028
G1 X-0.800 Y-0.063
G1 X-0.800 Y-0.034
G1 X-0.800 Y0.018
G1 X-0.800 Y0.053
G1 X-0.800 Y0.048
G1 X-0.800 Y-0.001
G1 X-0.800 Y-0.075
G1 X-0.800 Y-0.149
G1 X-0.800 Y-0.192
G1 X-0.800 Y-0.189
G1 X-0.800 Y-0.141
G1 X-0.800 Y-0.062
G1 X-0.800 Y0.027
G1 X-0.800 Y0.103
G1 X-0.800 Y0.150
G1 X-0.800 Y0.162
G1 X-0.800 Y0.139
G1 X-0.800 Y0.099
G1 X-0.800 Y0.055
G1 X-0.800 Y0.018
G1 X-0.800 Y-0.016
G1 X-0.800 Y-0.072
G1 X-0.800 Y-0.180
G1 X-0.800 Y-0.373
G1 X-0.800 Y-0.652
G1 X-0.800 Y-0.970
G1 X-0.800 Y-1.224
G1 X-0.800 Y-1.290
G1 X-0.800 Y-1.097
G1 X-0.800 Y-0.681
G1 X-0.800 Y-0.177
G1 X-0.800 Y0.252
G1 X-0.800 Y0.500
G1 X-0.800 Y0.550
G1 X-0.800 Y0.448
G1 X-0.800 Y0.260
G1 X-0.800 Y0.041
G1 X-0.800 Y-0.170
G1 X-0.800 Y-0.345
G1 X-0.800 Y-0.452
G1 X-0.800 Y-0.469
G1 X-0.800 Y-0.384
G1 X-0.800 Y-0.211
G1 X-0.800 Y0.011
G1 X-0.800 Y0.229
G1 X-0.800 Y0.219
G1 X-0.800 Y-0.283
G1 X-0.800 Y-0.182
G1 X-0.800 Y0.017
G1 X-0.800 Y0.215
G1 X-0.800 Y0.362
G1 X-0.800 Y0.428
G1 X-0.800 Y0.399
G1 X-0.800 Y0.286
G1 X-0.800 Y0.110
G1 X-0.800 Y-0.098
G1 X-0.800 Y-0.307
G1 X-0.800 Y-0.469
G1 X-0.800 Y-0.518
G1 X-0.800 Y-0.378
G1 X-0.800 Y-0.011
G1 X-0.800 Y0.533
G1 X-0.800 Y1.093
G1 X-0.800 Y1.459
G1 X-0.800 Y1.485
G1 X-0.800 Y1.186
G1 X-0.800 Y0.715
G1 X-0.800 Y0.263
G1 X-0.800 Y-0.038
G1 X-0.800 Y-0.160
G1 X-0.800 Y-0.141
G1 X-0.800 Y-0.043
G1 X-0.800 Y0.065
G1 X-0.800 Y0.138
G1 X-0.800 Y0.137
G1 X-0.800 Y0.053
G1 X-0.800 Y-0.094
G1 X-0.800 Y-0.264
G1 X-0.800 Y-0.406
G1 X-0.800 Y-0.481
G1 X-0.800 Y-0.477
G1 X-0.800 Y-0.404
G1 X-0.800 Y-0.287
G1 X-0.800 Y-0.154
G1 X-0.800 Y-0.026
G1 X-0.800 Y0.081
G1 X-0.800 Y0.154
G1 X-0.800 Y0.187
G1 X-0.800 Y0.173
G1 X-0.800 Y0.120
G1 X-0.800 Y0.028
G1 X-0.800 Y-0.098
G1 X-0.800 Y-0.260
G1 X-0.800 Y-0.457
G1 X-0.800 Y-0.674
G1 X-0.800 Y-0.871
G1 X-0.800 Y-0.973
G1 X-0.800 Y-0.897
G1 X-0.800 Y-0.591
G1 X-0.800 Y-0.100
G1 X-0.800 Y0.440
G1 X-0.800 Y0.858
G1 X-0.800 Y1.041
G1 X-0.800 Y0.983
G1 X-0.800 Y0.763
G1 X-0.800 Y0.478
G1 X-0.800 Y0.187
G1 X-0.800 Y-0.096
G1 X-0.800 Y-0.386
G1 X-0.800 Y-0.682
G1 X-0.800 Y-0.936
G1 X-0.800 Y-1.059
G1 X-0.800 Y-0.949
G1 X-0.800 Y-0.578
G1 X-0.800 Y-0.039
G1 X-0.800 Y0.493
G1 X-0.800 Y0.846
G1 X-0.800 Y0.955
G1 X-0.800 Y0.855
G1 X-0.800 Y0.636
G1 X-0.800 Y0.382
G1 X-0.800 Y0.136
G1 X-0.800 Y-0.088
G1 X0.000 Y0.090
G1 X0.800 Y0.108
G1 X0.800 Y-0.070
G1 X0.800 Y-0.278
G1 X0.800 Y-0.532
G1 X0.800 Y-0.821
G1 X0.800 Y-1.077
G1 X0.800 Y-1.185
G1 X0.800 Y-1.031
G1 X0.800 Y-0.596
G1 X0.800 Y0.003
G1 X0.800 Y0.558
G1 X0.800 Y0.890
G1 X0.800 Y0.945
G1 X0.800 Y0.781
G1 X0.800 Y0.504
G1 X0.800 Y0.190
G1 X0.800 Y-0.128
G1 X0.800 Y-0.442
G1 X0.800 Y-0.729
G1 X0.800 Y-0.921
G1 X0.800 Y-0.919
G1 X0.800 Y-0.650
G1 X0.800 Y-0.134
G1 X0.800 Y0.483
G1 X0.800 Y0.993
G1 X0.800 Y1.247
G1 X0.800 Y1.219
G1 X0.800 Y0.998
G1 X0.800 Y0.709
G1 X0.800 Y0.445
G1 X0.800 Y0.249
G1 X0.800 Y0.123
G1 X0.800 Y0.044
G1 X0.800 Y-0.006
G1 X0.800 Y-0.042
G1 X0.800 Y-0.064
G1 X0.800 Y-0.071
G1 X0.800 Y-0.056
G1 X0.800 Y-0.020
G1 X0.800 Y0.030
G1 X0.800 Y0.082
G1 X0.800 Y0.123
G1 X0.800 Y0.133
G1 X0.800 Y0.108
G1 X0.800 Y0.048
G1 X0.800 Y-0.029
G1 X0.800 Y-0.098
G1 X0.800 Y-0.135
G1 X0.800 Y-0.123
G1 X0.800 Y-0.060
G1 X0.800 Y0.035
G1 X0.800 Y0.127
G1 X0.800 Y0.171
G1 X0.800 Y0.111
G1 X0.800 Y-0.103
G1 X0.800 Y-0.471
G1 X0.800 Y-0.922
G1 X0.800 Y-1.308
G1 X0.800 Y-1.460
G1 X0.800 Y-1.295
G1 X0.800 Y-0.872
G1 X0.800 Y-0.353
G1 X0.800 Y0.081
G1 X0.800 Y0.327
G1 X0.800 Y0.379
G1 X0.800 Y0.288
G1 X0.800 Y0.120
G1 X0.800 Y-0.066
G1 X0.800 Y-0.224
G1 X0.800 Y-0.315
G1 X0.800 Y-0.319
G1 X0.800 Y-0.224
G1 X0.800 Y-0.057
G1 X0.800 Y0.139
G1 X0.800 Y0.300
G1 X0.800 Y0.359
G1 X0.800 Y0.180
G1 X0.800 Y-0.279
G1 X0.800 Y-0.443
G1 X0.800 Y-0.248
G1 X0.800 Y0.083
G1 X0.800 Y0.410
G1 X0.800 Y0.635
G1 X0.800 Y0.701
G1 X0.800 Y0.616
G1 X0.800 Y0.418
G1 X0.800 Y0.157
G1 X0.800 Y-0.134
G1 X0.800 Y-0.428
G1 X0.800 Y-0.680
G1 X0.800 Y-0.807
G1 X0.800 Y-0.699
G1 X0.800 Y-0.284
G1 X0.800 Y0.376
G1 X0.800 Y1.063
G1 X0.800 Y1.505
G1 X0.800 Y1.541
G1 X0.800 Y1.220
G1 X0.800 Y0.741
G1 X0.800 Y0.310
G1 X0.800 Y0.037
G1 X0.800 Y-0.070
G1 X0.800 Y-0.065
G1 X0.800 Y-0.009
G1 X0.800 Y0.042
G1 X0.800 Y0.062
G1 X0.800 Y0.042
G1 X0.800 Y-0.002
G1 X0.800 Y-0.046
G1 X0.800 Y-0.066
G1 X0.800 Y-0.053
G1 X0.800 Y-0.014
G1 X0.800 Y0.033
G1 X0.800 Y0.067
G1 X0.800 Y0.064
G1 X0.800 Y0.021
G1 X0.800 Y-0.052
G1 X0.800 Y-0.125
G1 X0.800 Y-0.165
G1 X0.800 Y-0.149
G1 X0.800 Y-0.073
G1 X0.800 Y0.041
G1 X0.800 Y0.154
G1 X0.800 Y0.212
G1 X0.800 Y0.149
G1 X0.800 Y-0.078
G1 X0.800 Y-0.458
G1 X0.800 Y-0.895
G1 X0.800 Y-1.231
G1 X0.800 Y-1.333
G1 X0.800 Y-1.176
G1 X0.800 Y-0.848
G1 X0.800 Y-0.491
G1 X0.800 Y-0.216
G1 X0.800 Y-0.060
G1 X0.800 Y-0.004
G1 X0.800 Y0.000
G1 X0.800 Y0.000
G1 X0.800 Y0.026
G1 X0.800 Y0.083
G1 X0.800 Y0.157
G1 X0.800 Y0.222
G1 X0.800 Y0.251
G1 X0.800 Y0.233
G1 X0.800 Y0.171
G1 X0.800 Y0.081
G1 X0.800 Y-0.017
G1 X0.800 Y-0.101
G1 X0.800 Y-0.158
G1 X0.800 Y-0.178
G1 X0.800 Y-0.164
G1 X0.800 Y-0.126
G1 X0.800 Y-0.073
G1 X0.800 Y-0.012
G1 X0.800 Y0.058
G1 X0.800 Y0.151
G1 X0.800 Y0.277
G1 X0.800 Y0.437
G1 X0.800 Y0.613
G1 X0.800 Y0.765
G1 X0.800 Y0.851
G1 X0.800 Y0.843
G1 X0.800 Y0.743
G1 X0.800 Y0.585
G1 X0.800 Y0.416
G1 X0.800 Y0.267
G1 X0.800 Y0.159
G1 X0.800 Y0.090
G1 X0.800 Y0.052
G1 X0.800 Y0.035
G1 X0.800 Y0.030
G1 X0.800 Y0.025
G1 X0.800 Y0.003
G1 X0.800 Y-0.067
G1 X0.800 Y-0.225
G1 X0.800 Y-0.496
G1 X0.800 Y-0.859
G1 X0.800 Y-1.215
G1 X0.800 Y-1.399
G1 X0.800 Y-1.281
G1 X0.000 Y-1.590
G1 X-0.800 Y0.881
G1 X-0.800 Y1.044
G1 X-0.800 Y1.041
G1 X-0.800 Y0.907
G1 X-0.800 Y0.711
G1 X-0.800 Y0.517
G1 X-0.800 Y0.356
G1 X-0.800 Y0.237
G1 X-0.800 Y0.150
G1 X-0.800 Y0.079
G1 X-0.800 Y0.005
G1 X-0.800 Y-0.090
G1 X-0.800 Y-0.216
G1 X-0.800 Y-0.374
G1 X-0.800 Y-0.546
G1 X-0.800 Y-0.701
G1 X-0.800 Y-0.798
G1 X-0.800 Y-0.811
G1 X-0.800 Y-0.735
G1 X-0.800 Y-0.597
G1 X-0.800 Y-0.429
G1 X-0.800 Y-0.263
G1 X-0.800 Y-0.114
G1 X-0.800 Y0.018
G1 X-0.800 Y0.140
G1 X-0.800 Y0.253
G1 X-0.800 Y0.346
G1 X-0.800 Y0.402
G1 X-0.800 Y0.406
G1 X-0.800 Y0.350
G1 X-0.800 Y0.237
G1 X-0.800 Y0.084
G1 X-0.800 Y-0.095
G1 X-0.800 Y-0.283
G1 X-0.800 Y-0.456
G1 X-0.800 Y-0.583
G1 X-0.800 Y-0.626
G1 X-0.800 Y-0.569
G1 X-0.800 Y-0.422
G1 X-0.800 Y-0.238
G1 X-0.800 Y-0.079
G1 X-0.800 Y0.008
G1 X-0.800 Y0.018
G1 X-0.800 Y-0.012
G1 X-0.800 Y-0.016
G1 X-0.800 Y0.082
G1 X-0.800 Y0.344
G1 X-0.800 Y0.755
G1 X-0.800 Y1.199
G1 X-0.800 Y1.478
G1 X-0.800 Y1.424
G1 X-0.800 Y1.029
G1 X-0.800 Y0.458
G1 X-0.800 Y-0.057
G1 X-0.800 Y-0.364
G1 X-0.800 Y-0.439
G1 X-0.800 Y-0.346
G1 X-0.800 Y-0.168
G1 X-0.800 Y0.024
G1 X-0.800 Y0.183
G1 X-0.800 Y0.279
G1 X-0.800 Y0.302
G1 X-0.800 Y0.261
G1 X-0.800 Y0.183
G1 X-0.800 Y0.102
G1 X-0.800 Y0.045
G1 X-0.800 Y0.012
G1 X-0.800 Y-0.003
G1 X-0.800 Y-0.025
G1 X-0.800 Y-0.065
G1 X-0.800 Y-0.128
G1 X-0.800 Y-0.194
G1 X-0.800 Y-0.235
G1 X-0.800 Y-0.222
G1 X-0.800 Y-0.144
G1 X-0.800 Y-0.003
G1 X-0.800 Y0.167
G1 X-0.800 Y0.314
G1 X-0.800 Y0.357
G1 X-0.800 Y0.193
G1 X-0.800 Y-0.243
G1 X-0.800 Y-0.901
G1 X-0.800 Y-1.541
G1 X-0.800 Y-1.820
G1 X-0.800 Y-1.517
G1 X-0.800 Y-0.736
G1 X-0.800 Y0.154
G1 X-0.800 Y0.782
G1 X-0.800 Y0.997
G1 X-0.800 Y0.877
G1 X-0.800 Y0.582
G1 X-0.800 Y0.237
G1 X-0.800 Y-0.104
G1 X-0.800 Y-0.420
G1 X-0.800 Y-0.686
G1 X-0.800 Y-0.842
G1 X-0.800 Y-0.819
G1 X-0.800 Y-0.590
G1 X-0.800 Y-0.209
G1 X-0.800 Y0.187
G1 X-0.800 Y0.446
G1 X-0.800 Y0.466
G1 X-0.800 Y0.245
G1 X-0.800 Y-0.089
G1 X-0.800 Y-0.346
G1 X-0.800 Y-0.431
G1 X-0.800 Y-0.343
G1 X-0.800 Y-0.135
G1 X-0.800 Y0.111
G1 X-0.800 Y0.305
G1 X-0.800 Y0.390
G1 X-0.800 Y0.348
G1 X-0.800 Y0.204
G1 X-0.800 Y-0.003
G1 X-0.800 Y-0.219
G1 X-0.800 Y-0.391
G1 X-0.800 Y-0.439
G1 X-0.800 Y-0.286
G1 X-0.800 Y0.103
G1 X-0.800 Y0.665
G1 X-0.800 Y1.221
G1 X-0.800 Y1.542
G1 X-0.800 Y1.493
G1 X-0.800 Y1.106
G1 X-0.800 Y0.562
G1 X-0.800 Y0.063
G1 X-0.800 Y-0.262
G1 X-0.800 Y-0.388
G1 X-0.800 Y-0.363
G1 X-0.800 Y-0.251
G1 X-0.800 Y-0.109
G1 X-0.800 Y0.027
G1 X-0.800 Y0.131
G1 X-0.800 Y0.196
G1 X-0.800 Y0.218
G1 X-0.800 Y0.204
G1 X-0.800 Y0.169
G1 X-0.800 Y0.125
G1 X-0.800 Y0.083
G1 X-0.800 Y0.049
G1 X-0.800 Y0.022
G1 X-0.800 Y0.006
G1 X-0.800 Y-0.004
G1 X-0.800 Y-0.003
G1 X-0.800 Y0.009
G1 X-0.800 Y0.030
G1 X-0.800 Y0.053
G1 X-0.800 Y0.061
G1 X-0.800 Y0.019
G1 X-0.800 Y-0.110
G1 X-0.800 Y-0.359
G1 X-0.800 Y-0.723
G1 X-0.800 Y-1.132
G1 X-0.800 Y-1.437
G1 X-0.800 Y-1.462
G1 X-0.800 Y-1.112
G1 X-0.800 Y-0.457
G1 X-0.800 Y0.270
G1 X-0.800 Y0.816
G1 X-0.800 Y1.041
G1 X-0.800 Y0.966
G1 X-0.800 Y0.710
G1 X-0.800 Y0.388
G1 X-0.800 Y0.058
G1 X-0.800 Y-0.272
G1 X-0.800 Y-0.599
G1 X-0.800 Y-0.885
G1 X-0.800 Y-1.033
G1 X-0.800 Y-0.925
G1 X-0.800 Y-0.507
G1 X-0.800 Y0.129
G1 X-0.800 Y0.762
G1 X-0.800 Y1.166
G1 X-0.800 Y1.244
G1 X-0.800 Y1.063
G1 X-0.800 Y0.761
G1 X-0.800 Y0.461
G1 X-0.800 Y0.215
G1 X-0.800 Y0.022
G1 X-0.800 Y-0.148
G1 X0.000 Y-1.940
G1 X0.800 Y0.261
G1 X0.800 Y0.048
G1 X0.800 Y-0.186
G1 X0.800 Y-0.458
G1 X0.800 Y-0.769
G1 X0.800 Y-1.059
G1 X0.800 Y-1.199
G1 X0.800 Y-1.043
G1 X0.800 Y-0.538
G1 X0.800 Y0.184
G1 X0.800 Y0.857
G1 X0.800 Y1.232
G1 X0.800 Y1.243
G1 X0.800 Y0.993
G1 X0.800 Y0.645
G1 X0.800 Y0.314
G1 X0.800 Y0.022
G1 X0.800 Y-0.266
G1 X0.800 Y-0.597
G1 X0.800 Y-0.959
G1 X0.800 Y-1.252
G1 X0.800 Y-1.295
G1 X0.800 Y-0.930
G1 X0.800 Y-0.173
G1 X0.800 Y0.736
G1 X0.800 Y1.438
G1 X0.800 Y1.685
G1 X0.800 Y1.463
G1 X0.800 Y0.965
G1 X0.800 Y0.425
G1 X0.800 Y0.006
G1 X0.800 Y-0.242
G1 X0.800 Y-0.341
G1 X0.800 Y-0.345
G1 X0.800 Y-0.302
G1 X0.800 Y-0.248
G1 X0.800 Y-0.207
G1 X0.800 Y-0.183
G1 X0.800 Y-0.181
G1 X0.800 Y-0.198
G1 X0.800 Y-0.227
G1 X0.800 Y-0.257
G1 X0.800 Y-0.282
G1 X0.800 Y-0.288
G1 X0.800 Y-0.267
G1 X0.800 Y-0.213
G1 X0.800 Y-0.124
G1 X0.800 Y0.003
G1 X0.800 Y0.164
G1 X0.800 Y0.359
G1 X0.800 Y0.577
G1 X0.800 Y0.778
G1 X0.800 Y0.886
G1 X0.800 Y0.788
G1 X0.800 Y0.385
G1 X0.800 Y-0.316
G1 X0.800 Y-1.122
G1 X0.800 Y-1.705
G1 X0.800 Y-1.779
G1 X0.800 Y-1.309
G1 X0.800 Y-0.547
G1 X0.800 Y0.159
G1 X0.800 Y0.577
G1 X0.800 Y0.665
G1 X0.800 Y0.517
G1 X0.800 Y0.249
G1 X0.800 Y-0.050
G1 X0.800 Y-0.328
G1 X0.800 Y-0.527
G1 X0.800 Y-0.592
G1 X0.800 Y-0.480
G1 X0.800 Y-0.206
G1 X0.800 Y0.140
G1 X0.800 Y0.426
G1 X0.800 Y0.539
G1 X0.800 Y0.451
G1 X0.800 Y0.200
G1 X0.800 Y-0.121
G1 X0.800 Y-0.409
G1 X0.800 Y-0.558
G1 X0.800 Y-0.486
G1 X0.800 Y-0.183
G1 X0.800 Y0.259
G1 X0.800 Y0.674
G1 X0.800 Y0.906
G1 X0.800 Y0.898
G1 X0.800 Y0.699
G1 X0.800 Y0.391
G1 X0.800 Y0.040
G1 X0.800 Y-0.334
G1 X0.800 Y-0.712
G1 X0.800 Y-1.015
G1 X0.800 Y-1.072
G1 X0.800 Y-0.682
G1 X0.800 Y0.187
G1 X0.800 Y1.237
G1 X0.800 Y1.933
G1 X0.800 Y1.894
G1 X0.800 Y1.199
G1 X0.800 Y0.287
G1 X0.800 Y-0.407
G1 X0.800 Y-0.709
G1 X0.800 Y-0.682
G1 X0.800 Y-0.475
G1 X0.800 Y-0.213
G1 X0.800 Y0.036
G1 X0.800 Y0.235
G1 X0.800 Y0.361
G1 X0.800 Y0.408
G1 X0.800 Y0.379
G1 X0.800 Y0.300
G1 X0.800 Y0.200
G1 X0.800 Y0.103
G1 X0.800 Y0.014
G1 X0.800 Y-0.074
G1 X0.800 Y-0.169
G1 X0.800 Y-0.274
G1 X0.800 Y-0.368
G1 X0.800 Y-0.426
G1 X0.800 Y-0.416
G1 X0.800 Y-0.327
G1 X0.800 Y-0.163
G1 X0.800 Y0.058
G1 X0.800 Y0.312
G1 X0.800 Y0.556
G1 X0.800 Y0.715
G1 X0.800 Y0.679
G1 X0.800 Y0.351
G1 X0.800 Y-0.255
G1 X0.800 Y-0.957
G1 X0.800 Y-1.459
G1 X0.800 Y-1.555
G1 X0.800 Y-1.264
G1 X0.800 Y-0.794
G1 X0.800 Y-0.372
G1 X0.800 Y-0.117
G1 X0.800 Y-0.019
G1 X0.800 Y0.003
G1 X0.800 Y0.043
G1 X0.800 Y0.169
G1 X0.800 Y0.394
G1 X0.800 Y0.669
G1 X0.800 Y0.892
G1 X0.800 Y0.976
G1 X0.800 Y0.899
G1 X0.800 Y0.705
G1 X0.800 Y0.464
G1 X0.800 Y0.233
G1 X0.800 Y0.025
G1 X0.800 Y-0.170
G1 X0.800 Y-0.362
G1 X0.800 Y-0.543
G1 X0.800 Y-0.679
G1 X0.800 Y-0.733
G1 X0.800 Y-0.689
G1 X0.800 Y-0.562
G1 X0.800 Y-0.392
G1 X0.800 Y-0.214
G1 X0.800 Y-0.040
G1 X0.800 Y0.135
G1 X0.800 Y0.330
G1 X0.800 Y0.551
G1 X0.800 Y0.770
G1 X0.800 Y0.936
G1 X0.800 Y0.989
G1 X0.800 Y0.895
G1 X0.800 Y0.668
G1 X0.800 Y0.365
G1 X0.800 Y0.058
G1 X0.800 Y-0.199
G1 X0.800 Y-0.388
G1 X0.800 Y-0.511
G1 X0.800 Y-0.591
G1 X0.800 Y-0.646
G1 X0.800 Y-0.691
G1 X0.800 Y-0.724
G1 X0.800 Y-0.736
G1 X0.800 Y-0.707
G1 X0.800 Y-0.623
G1 X0.800 Y-0.482
G1 X0.000 Y-1.498
G1 X-0.800 Y0.166
G1 X-0.800 Y0.243
G1 X-0.800 Y0.328
G1 X-0.800 Y0.429
G1 X-0.800 Y0.546
G1 X-0.800 Y0.681
G1 X-0.800 Y0.823
G1 X-0.800 Y0.937
G1 X-0.800 Y0.970
G1 X-0.800 Y0.855
G1 X-0.800 Y0.539
G1 X-0.800 Y0.040
G1 X-0.800 Y-0.535
G1 X-0.800 Y-1.015
G1 X-0.800 Y-1.252
G1 X-0.800 Y-1.208
G1 X-0.800 Y-0.959
G1 X-0.800 Y-0.638
G1 X-0.800 Y-0.347
G1 X-0.800 Y-0.121
G1 X-0.800 Y0.070
G1 X-0.800 Y0.271
G1 X-0.800 Y0.512
G1 X-0.800 Y0.770
G1 X-0.800 Y0.971
G1 X-0.800 Y1.033
G1 X-0.800 Y0.921
G1 X-0.800 Y0.688
G1 X-0.800 Y0.423
G1 X-0.800 Y0.208
G1 X-0.800 Y0.066
G1 X-0.800 Y-0.043
G1 X-0.800 Y-0.179
G1 X-0.800 Y-0.392
G1 X-0.800 Y-0.679
G1 X-0.800 Y-0.963
G1 X-0.800 Y-1.129
G1 X-0.800 Y-1.093
G1 X-0.800 Y-0.873
G1 X-0.800 Y-0.573
G1 X-0.800 Y-0.300
G1 X-0.800 Y-0.105
G1 X-0.800 Y0.044
G1 X-0.800 Y0.228
G1 X-0.800 Y0.527
G1 X-0.800 Y0.942
G1 X-0.800 Y1.354
G1 X-0.800 Y1.526
G1 X-0.800 Y1.269
G1 X-0.800 Y0.608
G1 X-0.800 Y-0.187
G1 X-0.800 Y-0.790
G1 X-0.800 Y-1.030
G1 X-0.800 Y-0.950
G1 X-0.800 Y-0.697
G1 X-0.800 Y-0.397
G1 X-0.800 Y-0.116
G1 X-0.800 Y0.123
G1 X-0.800 Y0.317
G1 X-0.800 Y0.452
G1 X-0.800 Y0.513
G1 X-0.800 Y0.494
G1 X-0.800 Y0.410
G1 X-0.800 Y0.283
G1 X-0.800 Y0.140
G1 X-0.800 Y-0.005
G1 X-0.800 Y-0.151
G1 X-0.800 Y-0.293
G1 X-0.800 Y-0.415
G1 X-0.800 Y-0.494
G1 X-0.800 Y-0.502
G1 X-0.800 Y-0.430
G1 X-0.800 Y-0.280
G1 X-0.800 Y-0.070
G1 X-0.800 Y0.196
G1 X-0.800 Y0.506
G1 X-0.800 Y0.833
G1 X-0.800 Y1.068
G1 X-0.800 Y1.017
G1 X-0.800 Y0.479
G1 X-0.800 Y-0.528
G1 X-0.800 Y-1.610
G1 X-0.800 Y-2.145
G1 X-0.800 Y-1.772
G1 X-0.800 Y-0.734
G1 X-0.800 Y0.343
G1 X-0.800 Y0.969
G1 X-0.800 Y1.059
G1 X-0.800 Y0.803
G1 X-0.800 Y0.417
G1 X-0.800 Y0.017
G1 X-0.800 Y-0.358
G1 X-0.800 Y-0.683
G1 X-0.800 Y-0.888
G1 X-0.800 Y-0.884
G1 X-0.800 Y-0.623
G1 X-0.800 Y-0.177
G1 X-0.800 Y0.280
G1 X-0.800 Y0.578
G1 X-0.800 Y0.632
G1 X-0.800 Y0.475
G1 X-0.800 Y0.186
G1 X-0.800 Y-0.150
G1 X-0.800 Y-0.454
G1 X-0.800 Y-0.634
G1 X-0.800 Y-0.599
G1 X-0.800 Y-0.310
G1 X-0.800 Y0.149
G1 X-0.800 Y0.595
G1 X-0.800 Y0.852
G1 X-0.800 Y0.856
G1 X-0.800 Y0.655
G1 X-0.800 Y0.339
G1 X-0.800 Y-0.025
G1 X-0.800 Y-0.408
G1 X-0.800 Y-0.769
G1 X-0.800 Y-1.000
G1 X-0.800 Y-0.912
G1 X-0.800 Y-0.334
G1 X-0.800 Y0.674
G1 X-0.800 Y1.698
G1 X-0.800 Y2.145
G1 X-0.800 Y1.694
G1 X-0.800 Y0.581
G1 X-0.800 Y-0.597
G1 X-0.800 Y-1.332
G1 X-0.800 Y-1.492
G1 X-0.800 Y-1.252
G1 X-0.800 Y-0.871
G1 X-0.800 Y-0.522
G1 X-0.800 Y-0.274
G1 X-0.800 Y-0.120
G1 X-0.800 Y-0.023
G1 X-0.800 Y0.049
G1 X-0.800 Y0.117
G1 X-0.800 Y0.186
G1 X-0.800 Y0.254
G1 X-0.800 Y0.314
G1 X-0.800 Y0.363
G1 X-0.800 Y0.401
G1 X-0.800 Y0.435
G1 X-0.800 Y0.471
G1 X-0.800 Y0.516
G1 X-0.800 Y0.573
G1 X-0.800 Y0.634
G1 X-0.800 Y0.683
G1 X-0.800 Y0.675
G1 X-0.800 Y0.555
G1 X-0.800 Y0.257
G1 X-0.800 Y-0.253
G1 X-0.800 Y-0.916
G1 X-0.800 Y-1.541
G1 X-0.800 Y-1.835
G1 X-0.800 Y-1.551
G1 X-0.800 Y-0.694
G1 X-0.800 Y0.412
G1 X-0.800 Y1.298
G1 X-0.800 Y1.647
G1 X-0.800 Y1.469
G1 X-0.800 Y1.013
G1 X-0.800 Y0.552
G1 X-0.800 Y0.232
G1 X-0.800 Y0.062
G1 X-0.800 Y-0.040
G1 X-0.800 Y-0.188
G1 X-0.800 Y-0.466
G1 X-0.800 Y-0.883
G1 X-0.800 Y-1.323
G1 X-0.800 Y-1.557
G1 X-0.800 Y-1.379
G1 X-0.800 Y-0.773
G1 X-0.800 Y0.029
G1 X-0.800 Y0.693
G1 X-0.800 Y1.008
G1 X-0.800 Y0.978
G1 X-0.800 Y0.734
G1 X-0.800 Y0.418
G1 X-0.800 Y0.105
G1 X-0.800 Y-0.181
G1 X-0.800 Y-0.433
G1 X0.000 Y-2.836
G1 X0.800 Y0.564
G1 X0.800 Y0.342
G1 X0.800 Y0.043
G1 X0.800 Y-0.292
G1 X0.800 Y-0.610
G1 X0.800 Y-0.812
G1 X0.800 Y-0.745
G1 X0.800 Y-0.287
G1 X0.800 Y0.501
G1 X0.800 Y1.313
G1 X0.800 Y1.756
G1 X0.800 Y1.637
G1 X0.800 Y1.094
G1 X0.800 Y0.455
G1 X0.800 Y0.002
G1 X0.800 Y-0.173
G1 X0.800 Y-0.125
G1 X0.800 Y0.030
G1 X0.800 Y0.162
G1 X0.800 Y0.141
G1 X0.800 Y-0.146
G1 X0.800 Y-0.722
G1 X0.800 Y-1.422
G1 X0.800 Y-1.886
G1 X0.800 Y-1.733
G1 X0.800 Y-0.863
G1 X0.800 Y0.398
G1 X0.800 Y1.477
G1 X0.800 Y1.933
G1 X0.800 Y1.697
G1 X0.800 Y1.020
G1 X0.800 Y0.241
G1 X0.800 Y-0.393
G1 X0.800 Y-0.792
G1 X0.800 Y-0.973
G1 X0.800 Y-0.997
G1 X0.800 Y-0.932
G1 X0.800 Y-0.819
G1 X0.800 Y-0.684
G1 X0.800 Y-0.535
G1 X0.800 Y-0.379
G1 X0.800 Y-0.219
G1 X0.800 Y-0.067
G1 X0.800 Y0.057
G1 X0.800 Y0.138
G1 X0.800 Y0.157
G1 X0.800 Y0.113
G1 X0.800 Y0.018
G1 X0.800 Y-0.101
G1 X0.800 Y-0.191
G1 X0.800 Y-0.172
G1 X0.800 Y0.061
G1 X0.800 Y0.584
G1 X0.800 Y1.326
G1 X0.800 Y1.958
G1 X0.800 Y1.940
G1 X0.800 Y0.910
G1 X0.800 Y-0.814
G1 X0.800 Y-2.217
G1 X0.800 Y-2.378
G1 X0.800 Y-1.295
G1 X0.800 Y0.179
G1 X0.800 Y1.171
G1 X0.800 Y1.408
G1 X0.800 Y1.128
G1 X0.800 Y0.674
G1 X0.800 Y0.238
G1 X0.800 Y-0.155
G1 X0.800 Y-0.539
G1 X0.800 Y-0.910
G1 X0.800 Y-1.162
G1 X0.800 Y-1.146
G1 X0.800 Y-0.783
G1 X0.800 Y-0.182
G1 X0.800 Y0.398
G1 X0.800 Y0.730
G1 X0.800 Y0.748
G1 X0.800 Y0.531
G1 X0.800 Y0.200
G1 X0.800 Y-0.156
G1 X0.800 Y-0.476
G1 X0.800 Y-0.692
G1 X0.800 Y-0.714
G1 X0.800 Y-0.489
G1 X0.800 Y-0.061
G1 X0.800 Y0.408
G1 X0.800 Y0.729
G1 X0.800 Y0.798
G1 X0.800 Y0.636
G1 X0.800 Y0.323
G1 X0.800 Y-0.060
G1 X0.800 Y-0.463
G1 X0.800 Y-0.808
G1 X0.800 Y-0.935
G1 X0.800 Y-0.622
G1 X0.800 Y0.242
G1 X0.800 Y1.381
G1 X0.800 Y2.155
G1 X0.800 Y1.995
G1 X0.800 Y0.955
G1 X0.800 Y-0.323
G1 X0.800 Y-1.181
G1 X0.800 Y-1.400
G1 X0.800 Y-1.167
G1 X0.800 Y-0.779
G1 X0.800 Y-0.416
G1 X0.800 Y-0.133
G1 X0.800 Y0.089
G1 X0.800 Y0.273
G1 X0.800 Y0.419
G1 X0.800 Y0.507
G1 X0.800 Y0.519
G1 X0.800 Y0.452
G1 X0.800 Y0.322
G1 X0.800 Y0.157
G1 X0.800 Y-0.024
G1 X0.800 Y-0.203
G1 X0.800 Y-0.364
G1 X0.800 Y-0.484
G1 X0.800 Y-0.537
G1 X0.800 Y-0.510
G1 X0.800 Y-0.411
G1 X0.800 Y-0.264
G1 X0.800 Y-0.088
G1 X0.800 Y0.114
G1 X0.800 Y0.366
G1 X0.800 Y0.682
G1 X0.800 Y1.026
G1 X0.800 Y1.273
G1 X0.800 Y1.233
G1 X0.800 Y0.778
G1 X0.800 Y-0.002
G1 X0.800 Y-0.794
G1 X0.800 Y-1.271
G1 X0.800 Y-1.312
G1 X0.800 Y-1.037
G1 X0.800 Y-0.652
G1 X0.800 Y-0.294
G1 X0.800 Y0.014
G1 X0.800 Y0.306
G1 X0.800 Y0.613
G1 X0.800 Y0.899
G1 X0.800 Y1.074
G1 X0.800 Y1.045
G1 X0.800 Y0.813
G1 X0.800 Y0.483
G1 X0.800 Y0.192
G1 X0.800 Y0.028
G1 X0.800 Y-0.008
G1 X0.800 Y0.008
G1 X0.800 Y-0.021
G1 X0.800 Y-0.181
G1 X0.800 Y-0.496
G1 X0.800 Y-0.891
G1 X0.800 Y-1.201
G1 X0.800 Y-1.276
G1 X0.800 Y-1.090
G1 X0.800 Y-0.751
G1 X0.800 Y-0.416
G1 X0.800 Y-0.169
G1 X0.800 Y0.003
G1 X0.800 Y0.182
G1 X0.800 Y0.463
G1 X0.800 Y0.874
G1 X0.800 Y1.318
G1 X0.800 Y1.560
G1 X0.800 Y1.366
G1 X0.800 Y0.694
G1 X0.800 Y-0.215
G1 X0.800 Y-0.993
G1 X0.800 Y-1.382
G1 X0.800 Y-1.366
G1 X0.800 Y-1.098
G1 X0.800 Y-0.757
G1 X0.800 Y-0.462
G1 X0.800 Y-0.253
G1 X0.800 Y-0.127
G1 X0.800 Y-0.058
G1 X0.800 Y-0.024
G1 X0.800 Y-0.007
G1 X0.000 Y-1.211
G1 X-0.800 Y0.044
G1 X-0.800 Y0.036
G1 X-0.800 Y-0.004
G1 X-0.800 Y-0.047
G1 X-0.800 Y-0.043
G1 X-0.800 Y0.083
G1 X-0.800 Y0.404
G1 X-0.800 Y0.935
G1 X-0.800 Y1.527
G1 X-0.800 Y1.842
G1 X-0.800 Y1.512
G1 X-0.800 Y0.486
G1 X-0.800 Y-0.793
G1 X-0.800 Y-1.668
G1 X-0.800 Y-1.790
G1 X-0.800 Y-1.339
G1 X-0.800 Y-0.740
G1 X-0.800 Y-0.300
G1 X-0.800 Y-0.079
G1 X-0.800 Y0.034
G1 X-0.800 Y0.185
G1 X-0.800 Y0.484
G1 X-0.800 Y0.912
G1 X-0.800 Y1.310
G1 X-0.800 Y1.455
G1 X-0.800 Y1.241
G1 X-0.800 Y0.777
G1 X-0.800 Y0.300
G1 X-0.800 Y-0.004
G1 X-0.800 Y-0.091
G1 X-0.800 Y-0.031
G1 X-0.800 Y0.061
G1 X-0.800 Y0.080
G1 X-0.800 Y-0.044
G1 X-0.800 Y-0.307
G1 X-0.800 Y-0.613
G1 X-0.800 Y-0.828
G1 X-0.800 Y-0.859
G1 X-0.800 Y-0.703
G1 X-0.800 Y-0.422
G1 X-0.800 Y-0.085
G1 X-0.800 Y0.279
G1 X-0.800 Y0.647
G1 X-0.800 Y0.950
G1 X-0.800 Y1.044
G1 X-0.800 Y0.775
G1 X-0.800 Y0.127
G1 X-0.800 Y-0.682
G1 X-0.800 Y-1.298
G1 X-0.800 Y-1.490
G1 X-0.800 Y-1.282
G1 X-0.800 Y-0.884
G1 X-0.800 Y-0.503
G1 X-0.800 Y-0.232
G1 X-0.800 Y-0.064
G1 X-0.800 Y0.056
G1 X-0.800 Y0.174
G1 X-0.800 Y0.305
G1 X-0.800 Y0.427
G1 X-0.800 Y0.499
G1 X-0.800 Y0.493
G1 X-0.800 Y0.403
G1 X-0.800 Y0.251
G1 X-0.800 Y0.064
G1 X-0.800 Y-0.130
G1 X-0.800 Y-0.303
G1 X-0.800 Y-0.429
G1 X-0.800 Y-0.482
G1 X-0.800 Y-0.452
G1 X-0.800 Y-0.358
G1 X-0.800 Y-0.227
G1 X-0.800 Y-0.089
G1 X-0.800 Y0.060
G1 X-0.800 Y0.263
G1 X-0.800 Y0.578
G1 X-0.800 Y1.019
G1 X-0.800 Y1.468
G1 X-0.800 Y1.619
G1 X-0.800 Y1.124
G1 X-0.800 Y-0.062
G1 X-0.800 Y-1.428
G1 X-0.800 Y-2.183
G1 X-0.800 Y-1.922
G1 X-0.800 Y-0.964
G1 X-0.800 Y0.019
G1 X-0.800 Y0.575
G1 X-0.800 Y0.650
G1 X-0.800 Y0.422
G1 X-0.800 Y0.073
G1 X-0.800 Y-0.269
G1 X-0.800 Y-0.517
G1 X-0.800 Y-0.581
G1 X-0.800 Y-0.401
G1 X-0.800 Y-0.013
G1 X-0.800 Y0.437
G1 X-0.800 Y0.762
G1 X-0.800 Y0.847
G1 X-0.800 Y0.704
G1 X-0.800 Y0.412
G1 X-0.800 Y0.054
G1 X-0.800 Y-0.325
G1 X-0.800 Y-0.681
G1 X-0.800 Y-0.917
G1 X-0.800 Y-0.880
G1 X-0.800 Y-0.455
G1 X-0.800 Y0.285
G1 X-0.800 Y1.036
G1 X-0.800 Y1.450
G1 X-0.800 Y1.399
G1 X-0.800 Y1.031
G1 X-0.800 Y0.589
G1 X-0.800 Y0.217
G1 X-0.800 Y-0.099
G1 X-0.800 Y-0.477
G1 X-0.800 Y-1.005
G1 X-0.800 Y-1.580
G1 X-0.800 Y-1.783
G1 X-0.800 Y-1.048
G1 X-0.800 Y0.686
G1 X-0.800 Y2.418
G1 X-0.800 Y2.663
G1 X-0.800 Y1.001
G1 X-0.800 Y-1.284
G1 X-0.800 Y-2.494
G1 X-0.800 Y-2.111
G1 X-0.800 Y-0.877
G1 X-0.800 Y0.242
G1 X-0.800 Y0.801
G1 X-0.800 Y0.854
G1 X-0.800 Y0.634
G1 X-0.800 Y0.324
G1 X-0.800 Y0.018
G1 X-0.800 Y-0.253
G1 X-0.800 Y-0.466
G1 X-0.800 Y-0.601
G1 X-0.800 Y-0.631
G1 X-0.800 Y-0.542
G1 X-0.800 Y-0.338
G1 X-0.800 Y-0.048
G1 X-0.800 Y0.284
G1 X-0.800 Y0.620
G1 X-0.800 Y0.916
G1 X-0.800 Y1.142
G1 X-0.800 Y1.254
G1 X-0.800 Y1.205
G1 X-0.800 Y0.940
G1 X-0.800 Y0.416
G1 X-0.800 Y-0.343
G1 X-0.800 Y-1.191
G1 X-0.800 Y-1.839
G1 X-0.800 Y-1.940
G1 X-0.800 Y-1.287
G1 X-0.800 Y-0.042
G1 X-0.800 Y1.264
G1 X-0.800 Y2.012
G1 X-0.800 Y1.914
G1 X-0.800 Y1.171
G1 X-0.800 Y0.275
G1 X-0.800 Y-0.364
G1 X-0.800 Y-0.603
G1 X-0.800 Y-0.510
G1 X-0.800 Y-0.232
G1 X-0.800 Y0.112
G1 X-0.800 Y0.424
G1 X-0.800 Y0.599
G1 X-0.800 Y0.495
G1 X-0.800 Y0.005
G1 X-0.800 Y-0.802
G1 X-0.800 Y-1.598
G1 X-0.800 Y-1.941
G1 X-0.800 Y-1.592
G1 X-0.800 Y-0.744
G1 X-0.800 Y0.136
G1 X-0.800 Y0.655
G1 X-0.800 Y0.726
G1 X-0.800 Y0.489
G1 X-0.800 Y0.132
G1 X-0.800 Y-0.220
G1 X-0.800 Y-0.492
G1 X-0.800 Y-0.620
G1 X0.000 Y-1.396
G1 X0.800 Y0.761
G1 X0.800 Y0.715
G1 X0.800 Y0.459
G1 X0.800 Y0.063
G1 X0.800 Y-0.409
G1 X0.800 Y-0.824
G1 X0.800 Y-0.927
G1 X0.800 Y-0.485
G1 X0.800 Y0.467
G1 X0.800 Y1.515
G1 X0.800 Y2.065
G1 X0.800 Y1.789
G1 X0.800 Y0.892
G1 X0.800 Y-0.090
G1 X0.800 Y-0.720
G1 X0.800 Y-0.881
G1 X0.800 Y-0.698
G1 X0.800 Y-0.351
G1 X0.800 Y0.047
G1 X0.800 Y0.435
G1 X0.800 Y0.751
G1 X0.800 Y0.870
G1 X0.800 Y0.626
G1 X0.800 Y-0.069
G1 X0.800 Y-1.058
G1 X0.800 Y-1.899
G1 X0.800 Y-2.079
G1 X0.800 Y-1.385
G1 X0.800 Y-0.103
G1 X0.800 Y1.167
G1 X0.800 Y1.890
G1 X0.800 Y1.882
G1 X0.800 Y1.294
G1 X0.800 Y0.440
G1 X0.800 Y-0.389
G1 X0.800 Y-1.014
G1 X0.800 Y-1.365
G1 X0.800 Y-1.438
G1 X0.800 Y-1.268
G1 X0.800 Y-0.902
G1 X0.800 Y-0.407
G1 X0.800 Y0.130
G1 X0.800 Y0.607
G1 X0.800 Y0.935
G1 X0.800 Y1.064
G1 X0.800 Y0.996
G1 X0.800 Y0.791
G1 X0.800 Y0.522
G1 X0.800 Y0.244
G1 X0.800 Y-0.041
G1 X0.800 Y-0.368
G1 X0.800 Y-0.780
G1 X0.800 Y-1.240
G1 X0.800 Y-1.523
G1 X0.800 Y-1.187
G1 X0.800 Y0.107
G1 X0.800 Y1.949
G1 X0.800 Y2.905
G1 X0.800 Y1.655
G1 X0.800 Y-1.156
G1 X0.800 Y-3.023
G1 X0.800 Y-2.306
G1 X0.800 Y0.001
G1 X0.800 Y1.781
G1 X0.800 Y2.098
G1 X0.800 Y1.469
G1 X0.800 Y0.721
G1 X0.800 Y0.249
G1 X0.800 Y0.022
G1 X0.800 Y-0.161
G1 X0.800 Y-0.488
G1 X0.800 Y-1.008
G1 X0.800 Y-1.538
G1 X0.800 Y-1.727
G1 X0.800 Y-1.309
G1 X0.800 Y-0.402
G1 X0.800 Y0.537
G1 X0.800 Y1.089
G1 X0.800 Y1.149
G1 X0.800 Y0.879
G1 X0.800 Y0.488
G1 X0.800 Y0.095
G1 X0.800 Y-0.276
G1 X0.800 Y-0.618
G1 X0.800 Y-0.886
G1 X0.800 Y-0.988
G1 X0.800 Y-0.852
G1 X0.800 Y-0.509
G1 X0.800 Y-0.106
G1 X0.800 Y0.189
G1 X0.800 Y0.278
G1 X0.800 Y0.171
G1 X0.800 Y-0.047
G1 X0.800 Y-0.252
G1 X0.800 Y-0.289
G1 X0.800 Y0.011
G1 X0.800 Y0.711
G1 X0.800 Y1.593
G1 X0.800 Y2.111
G1 X0.800 Y1.753
G1 X0.800 Y0.552
G1 X0.800 Y-0.829
G1 X0.800 Y-1.661
G1 X0.800 Y-1.713
G1 X0.800 Y-1.268
G1 X0.800 Y-0.729
G1 X0.800 Y-0.334
G1 X0.800 Y-0.117
G1 X0.800 Y-0.010
G1 X0.800 Y0.071
G1 X0.800 Y0.170
G1 X0.800 Y0.288
G1 X0.800 Y0.390
G1 X0.800 Y0.431
G1 X0.800 Y0.389
G1 X0.800 Y0.266
G1 X0.800 Y0.092
G1 X0.800 Y-0.103
G1 X0.800 Y-0.282
G1 X0.800 Y-0.412
G1 X0.800 Y-0.459
G1 X0.800 Y-0.415
G1 X0.800 Y-0.301
G1 X0.800 Y-0.168
G1 X0.800 Y-0.065
G1 X0.800 Y-0.013
G1 X0.800 Y0.010
G1 X0.800 Y0.072
G1 X0.800 Y0.254
G1 X0.800 Y0.607
G1 X0.800 Y1.084
G1 X0.800 Y1.494
G1 X0.800 Y1.577
G1 X0.800 Y1.199
G1 X0.800 Y0.489
G1 X0.800 Y-0.225
G1 X0.800 Y-0.659
G1 X0.800 Y-0.738
G1 X0.800 Y-0.553
G1 X0.800 Y-0.245
G1 X0.800 Y0.087
G1 X0.800 Y0.377
G1 X0.800 Y0.567
G1 X0.800 Y0.607
G1 X0.800 Y0.484
G1 X0.800 Y0.259
G1 X0.800 Y0.039
G1 X0.800 Y-0.081
G1 X0.800 Y-0.074
G1 X0.800 Y0.017
G1 X0.800 Y0.095
G1 X0.800 Y0.045
G1 X0.800 Y-0.225
G1 X0.800 Y-0.706
G1 X0.800 Y-1.227
G1 X0.800 Y-1.520
G1 X0.800 Y-1.414
G1 X0.800 Y-0.990
G1 X0.800 Y-0.505
G1 X0.800 Y-0.168
G1 X0.800 Y-0.028
G1 X0.800 Y0.029
G1 X0.800 Y0.192
G1 X0.800 Y0.630
G1 X0.800 Y1.336
G1 X0.800 Y1.956
G1 X0.800 Y1.874
G1 X0.800 Y0.771
G1 X0.800 Y-0.868
G1 X0.800 Y-2.027
G1 X0.800 Y-2.104
G1 X0.800 Y-1.352
G1 X0.800 Y-0.444
G1 X0.800 Y0.146
G1 X0.800 Y0.335
G1 X0.800 Y0.250
G1 X0.800 Y0.055
G1 X0.800 Y-0.137
G1 X0.800 Y-0.255
G1 X0.800 Y-0.257
G1 X0.000 Y-0.990
G1 X-0.800 Y0.580
G1 X-0.800 Y0.588
G1 X-0.800 Y0.387
G1 X-0.800 Y0.053
G1 X-0.800 Y-0.332
G1 X-0.800 Y-0.655
G1 X-0.800 Y-0.713
G1 X-0.800 Y-0.237
G1 X-0.800 Y0.857
G1 X-0.800 Y2.082
G1 X-0.800 Y2.447
G1 X-0.800 Y1.349
G1 X-0.800 Y-0.564
G1 X-0.800 Y-1.939
G1 X-0.800 Y-2.078
G1 X-0.800 Y-1.384
G1 X-0.800 Y-0.610
G1 X-0.800 Y-0.162
G1 X-0.800 Y-0.017
G1 X-0.800 Y0.024
G1 X-0.800 Y0.168
G1 X-0.800 Y0.514
G1 X-0.800 Y1.001
G1 X-0.800 Y1.400
G1 X-0.800 Y1.477
G1 X-0.800 Y1.186
G1 X-0.800 Y0.706
G1 X-0.800 Y0.279
G1 X-0.800 Y0.039
G1 X-0.800 Y-0.024
G1 X-0.800 Y0.003
G1 X-0.800 Y0.022
G1 X-0.800 Y-0.031
G1 X-0.800 Y-0.165
G1 X-0.800 Y-0.326
G1 X-0.800 Y-0.432
G1 X-0.800 Y-0.420
G1 X-0.800 Y-0.279
G1 X-0.800 Y-0.039
G1 X-0.800 Y0.241
G1 X-0.800 Y0.481
G1 X-0.800 Y0.568
G1 X-0.800 Y0.378
G1 X-0.800 Y-0.143
G1 X-0.800 Y-0.860
G1 X-0.800 Y-1.460
G1 X-0.800 Y-1.652
G1 X-0.800 Y-1.381
G1 X-0.800 Y-0.858
G1 X-0.800 Y-0.361
G1 X-0.800 Y-0.058
G1 X-0.800 Y0.042
G1 X-0.800 Y0.018
G1 X-0.800 Y-0.031
G1 X-0.800 Y-0.031
G1 X-0.800 Y0.051
G1 X-0.800 Y0.195
G1 X-0.800 Y0.346
G1 X-0.800 Y0.433
G1 X-0.800 Y0.423
G1 X-0.800 Y0.314
G1 X-0.800 Y0.140
G1 X-0.800 Y-0.060
G1 X-0.800 Y-0.242
G1 X-0.800 Y-0.371
G1 X-0.800 Y-0.414
G1 X-0.800 Y-0.367
G1 X-0.800 Y-0.255
G1 X-0.800 Y-0.133
G1 X-0.800 Y-0.045
G1 X-0.800 Y-0.006
G1 X-0.800 Y0.027
G1 X-0.800 Y0.138
G1 X-0.800 Y0.426
G1 X-0.800 Y0.932
G1 X-0.800 Y1.521
G1 X-0.800 Y1.840
G1 X-0.800 Y1.484
G1 X-0.800 Y0.392
G1 X-0.800 Y-0.944
G1 X-0.800 Y-1.808
G1 X-0.800 Y-1.854
G1 X-0.800 Y-1.307
G1 X-0.800 Y-0.646
G1 X-0.800 Y-0.194
G1 X-0.800 Y-0.013
G1 X-0.800 Y0.002
G1 X-0.800 Y-0.002
G1 X-0.800 Y0.095
G1 X-0.800 Y0.338
G1 X-0.800 Y0.680
G1 X-0.800 Y0.983
G1 X-0.800 Y1.105
G1 X-0.800 Y1.000
G1 X-0.800 Y0.736
G1 X-0.800 Y0.414
G1 X-0.800 Y0.098
G1 X-0.800 Y-0.228
G1 X-0.800 Y-0.619
G1 X-0.800 Y-1.067
G1 X-0.800 Y-1.424
G1 X-0.800 Y-1.388
G1 X-0.800 Y-0.714
G1 X-0.800 Y0.460
G1 X-0.800 Y1.548
G1 X-0.800 Y1.958
G1 X-0.800 Y1.600
G1 X-0.800 Y0.888
G1 X-0.800 Y0.300
G1 X-0.800 Y0.034
G1 X-0.800 Y0.000
G1 X-0.800 Y-0.043
G1 X-0.800 Y-0.380
G1 X-0.800 Y-1.179
G1 X-0.800 Y-2.151
G1 X-0.800 Y-2.304
G1 X-0.800 Y-0.657
G1 X-0.800 Y2.090
G1 X-0.800 Y3.295
G1 X-0.800 Y1.304
G1 X-0.800 Y-1.949
G1 X-0.800 Y-3.161
G1 X-0.800 Y-1.631
G1 X-0.800 Y0.662
G1 X-0.800 Y1.888
G1 X-0.800 Y1.840
G1 X-0.800 Y1.214
G1 X-0.800 Y0.612
G1 X-0.800 Y0.235
G1 X-0.800 Y0.025
G1 X-0.800 Y-0.143
G1 X-0.800 Y-0.372
G1 X-0.800 Y-0.691
G1 X-0.800 Y-1.045
G1 X-0.800 Y-1.307
G1 X-0.800 Y-1.340
G1 X-0.800 Y-1.067
G1 X-0.800 Y-0.520
G1 X-0.800 Y0.167
G1 X-0.800 Y0.830
G1 X-0.800 Y1.317
G1 X-0.800 Y1.537
G1 X-0.800 Y1.450
G1 X-0.800 Y1.061
G1 X-0.800 Y0.413
G1 X-0.800 Y-0.402
G1 X-0.800 Y-1.214
G1 X-0.800 Y-1.786
G1 X-0.800 Y-1.858
G1 X-0.800 Y-1.284
G1 X-0.800 Y-0.168
G1 X-0.800 Y1.080
G1 X-0.800 Y1.919
G1 X-0.800 Y1.987
G1 X-0.800 Y1.340
G1 X-0.800 Y0.383
G1 X-0.800 Y-0.422
G1 X-0.800 Y-0.823
G1 X-0.800 Y-0.825
G1 X-0.800 Y-0.575
G1 X-0.800 Y-0.211
G1 X-0.800 Y0.186
G1 X-0.800 Y0.566
G1 X-0.800 Y0.842
G1 X-0.800 Y0.852
G1 X-0.800 Y0.413
G1 X-0.800 Y-0.496
G1 X-0.800 Y-1.549
G1 X-0.800 Y-2.150
G1 X-0.800 Y-1.848
G1 X-0.800 Y-0.754
G1 X-0.800 Y0.509
G1 X-0.800 Y1.313
G1 X-0.800 Y1.427
G1 X-0.800 Y0.968
G1 X-0.800 Y0.232
G1 X-0.800 Y-0.351
G1 X-0.800 Y-0.763
G1 X-0.800 Y-1.052
G1 X-0.800 Y-1.124
G1 X0.000 Y0.285
G1 X0.800 Y1.448
G1 X0.800 Y1.141
G1 X0.800 Y0.728
G1 X0.800 Y0.375
G1 X0.800 Y0.044
G1 X0.800 Y-0.728
G1 X0.800 Y-1.345
G1 X0.800 Y-1.801
G1 X0.800 Y-1.697
G1 X0.800 Y-0.806
G1 X0.800 Y0.598
G1 X0.800 Y1.792
G1 X0.800 Y2.143
G1 X0.800 Y1.600
G1 X0.800 Y0.642
G1 X0.800 Y-0.172
G1 X0.800 Y-0.565
G1 X0.800 Y-0.568
G1 X0.800 Y-0.332
G1 X0.800 Y-0.004
G1 X0.800 Y0.319
G1 X0.800 Y0.542
G1 X0.800 Y0.554
G1 X0.800 Y0.244
G1 X0.800 Y-0.399
G1 X0.800 Y-1.200
G1 X0.800 Y-1.806
G1 X0.800 Y-1.864
G1 X0.800 Y-1.261
G1 X0.800 Y-0.213
G1 X0.800 Y0.860
G1 X0.800 Y1.579
G1 X0.800 Y1.771
G1 X0.800 Y1.480
G1 X0.800 Y0.875
G1 X0.800 Y0.145
G1 X0.800 Y-0.556
G1 X0.800 Y-1.119
G1 X0.800 Y-1.464
G1 X0.800 Y-1.530
G1 X0.800 Y-1.279
G1 X0.800 Y-0.729
G1 X0.800 Y0.022
G1 X0.800 Y0.784
G1 X0.800 Y1.340
G1 X0.800 Y1.532
G1 X0.800 Y1.354
G1 X0.800 Y0.943
G1 X0.800 Y0.505
G1 X0.800 Y0.187
G1 X0.800 Y0.038
G1 X0.800 Y-0.004
G1 X0.800 Y-0.078
G1 X0.800 Y-0.368
G1 X0.800 Y-1.009
G1 X0.800 Y-1.870
G1 X0.800 Y-2.263
G1 X0.800 Y-1.201
G1 X0.800 Y1.352
G1 X0.800 Y3.307
G1 X0.800 Y2.117
G1 X0.800 Y-1.471
G1 X0.800 Y-3.476
G1 X0.800 Y-1.822
G1 X0.800 Y1.206
G1 X0.800 Y2.616
G1 X0.800 Y2.035
G1 X0.800 Y0.840
G1 X0.800 Y0.074
G1 X0.800 Y-0.109
G1 X0.800 Y0.013
G1 X0.800 Y0.107
G1 X0.800 Y-0.106
G1 X0.800 Y-0.760
G1 X0.800 Y-1.646
G1 X0.800 Y-2.155
G1 X0.800 Y-1.702
G1 X0.800 Y-0.366
G1 X0.800 Y1.053
G1 X0.800 Y1.776
G1 X0.800 Y1.668
G1 X0.800 Y1.127
G1 X0.800 Y0.585
G1 X0.800 Y0.227
G1 X0.800 Y0.022
G1 X0.800 Y-0.150
G1 X0.800 Y-0.380
G1 X0.800 Y-0.680
G1 X0.800 Y-0.969
G1 X0.800 Y-1.117
G1 X0.800 Y-1.053
G1 X0.800 Y-0.812
G1 X0.800 Y-0.508
G1 X0.800 Y-0.234
G1 X0.800 Y-0.007
G1 X0.800 Y0.237
G1 X0.800 Y0.584
G1 X0.800 Y1.050
G1 X0.800 Y1.493
G1 X0.800 Y1.598
G1 X0.800 Y1.080
G1 X0.800 Y0.002
G1 X0.800 Y-1.144
G1 X0.800 Y-1.780
G1 X0.800 Y-1.710
G1 X0.800 Y-1.183
G1 X0.800 Y-0.598
G1 X0.800 Y-0.202
G1 X0.800 Y-0.030
G1 X0.800 Y0.001
G1 X0.800 Y0.000
G1 X0.800 Y0.042
G1 X0.800 Y0.151
G1 X0.800 Y0.298
G1 X0.800 Y0.422
G1 X0.800 Y0.463
G1 X0.800 Y0.399
G1 X0.800 Y0.245
G1 X0.800 Y0.038
G1 X0.800 Y-0.181
G1 X0.800 Y-0.368
G1 X0.800 Y-0.476
G1 X0.800 Y-0.473
G1 X0.800 Y-0.358
G1 X0.800 Y-0.179
G1 X0.800 Y-0.014
G1 X0.800 Y0.068
G1 X0.800 Y0.053
G1 X0.800 Y-0.025
G1 X0.800 Y-0.080
G1 X0.800 Y-0.008
G1 X0.800 Y0.284
G1 X0.800 Y0.797
G1 X0.800 Y1.363
G1 X0.800 Y1.683
G1 X0.800 Y1.525
G1 X0.800 Y0.926
G1 X0.800 Y0.188
G1 X0.800 Y-0.362
G1 X0.800 Y-0.579
G1 X0.800 Y-0.511
G1 X0.800 Y-0.287
G1 X0.800 Y-0.020
G1 X0.800 Y0.213
G1 X0.800 Y0.362
G1 X0.800 Y0.401
G1 X0.800 Y0.341
G1 X0.800 Y0.227
G1 X0.800 Y0.115
G1 X0.800 Y0.033
G1 X0.800 Y-0.035
G1 X0.800 Y-0.147
G1 X0.800 Y-0.366
G1 X0.800 Y-0.707
G1 X0.800 Y-1.084
G1 X0.800 Y-1.323
G1 X0.800 Y-1.278
G1 X0.800 Y-0.958
G1 X0.800 Y-0.538
G1 X0.800 Y-0.208
G1 X0.800 Y-0.044
G1 X0.800 Y0.036
G1 X0.800 Y0.224
G1 X0.800 Y0.716
G1 X0.800 Y1.509
G1 X0.800 Y2.144
G1 X0.800 Y1.800
G1 X0.800 Y0.137
G1 X0.800 Y-1.879
G1 X0.800 Y-2.671
G1 X0.800 Y-1.764
G1 X0.800 Y-0.174
G1 X0.800 Y0.903
G1 X0.800 Y1.129
G1 X0.800 Y0.809
G1 X0.800 Y0.309
G1 X0.800 Y-0.194
G1 X0.800 Y-0.636
G1 X0.800 Y-0.930
G1 X0.800 Y-0.929
G1 X0.000 Y-1.051
G1 X-0.800 Y1.234
G1 X-0.800 Y1.212
G1 X-0.800 Y0.825
G1 X-0.800 Y0.312
G1 X-0.800 Y-0.233
G1 X-0.800 Y-0.812
G1 X-0.800 Y-1.326
G1 X-0.800 Y-1.394
G1 X-0.800 Y-0.514
G1 X-0.800 Y1.223
G1 X-0.800 Y2.633
G1 X-0.800 Y2.350
G1 X-0.800 Y0.489
G1 X-0.800 Y-1.389
G1 X-0.800 Y-2.068
G1 X-0.800 Y-1.660
G1 X-0.800 Y-0.926
G1 X-0.800 Y-0.379
G1 X-0.800 Y-0.094
G1 X-0.800 Y0.074
G1 X-0.800 Y0.273
G1 X-0.800 Y0.560
G1 X-0.800 Y0.867
G1 X-0.800 Y1.063
G1 X-0.800 Y1.059
G1 X-0.800 Y0.872
G1 X-0.800 Y0.598
G1 X-0.800 Y0.337
G1 X-0.800 Y0.127
G1 X-0.800 Y-0.042
G1 X-0.800 Y-0.190
G1 X-0.800 Y-0.326
G1 X-0.800 Y-0.423
G1 X-0.800 Y-0.442
G1 X-0.800 Y-0.361
G1 X-0.800 Y-0.183
G1 X-0.800 Y0.070
G1 X-0.800 Y0.365
G1 X-0.800 Y0.642
G1 X-0.800 Y0.793
G1 X-0.800 Y0.671
G1 X-0.800 Y0.173
G1 X-0.800 Y-0.613
G1 X-0.800 Y-1.363
G1 X-0.800 Y-1.711
G1 X-0.800 Y-1.527
G1 X-0.800 Y-1.003
G1 X-0.800 Y-0.457
G1 X-0.800 Y-0.103
G1 X-0.800 Y0.027
G1 X-0.800 Y0.014
G1 X-0.800 Y-0.027
G1 X-0.800 Y-0.009
G1 X-0.800 Y0.109
G1 X-0.800 Y0.302
G1 X-0.800 Y0.498
G1 X-0.800 Y0.607
G1 X-0.800 Y0.588
G1 X-0.800 Y0.446
G1 X-0.800 Y0.227
G1 X-0.800 Y-0.026
G1 X-0.800 Y-0.272
G1 X-0.800 Y-0.474
G1 X-0.800 Y-0.586
G1 X-0.800 Y-0.578
G1 X-0.800 Y-0.455
G1 X-0.800 Y-0.271
G1 X-0.800 Y-0.105
G1 X-0.800 Y-0.015
G1 X-0.800 Y0.002
G1 X-0.800 Y0.001
G1 X-0.800 Y0.085
G1 X-0.800 Y0.351
G1 X-0.800 Y0.835
G1 X-0.800 Y1.402
G1 X-0.800 Y1.743
G1 X-0.800 Y1.549
G1 X-0.800 Y0.789
G1 X-0.800 Y-0.189
G1 X-0.800 Y-0.924
G1 X-0.800 Y-1.178
G1 X-0.800 Y-1.022
G1 X-0.800 Y-0.666
G1 X-0.800 Y-0.273
G1 X-0.800 Y0.100
G1 X-0.800 Y0.445
G1 X-0.800 Y0.743
G1 X-0.800 Y0.925
G1 X-0.800 Y0.914
G1 X-0.800 Y0.700
G1 X-0.800 Y0.377
G1 X-0.800 Y0.091
G1 X-0.800 Y-0.049
G1 X-0.800 Y-0.036
G1 X-0.800 Y0.043
G1 X-0.800 Y0.039
G1 X-0.800 Y-0.230
G1 X-0.800 Y-0.871
G1 X-0.800 Y-1.711
G1 X-0.800 Y-2.170
G1 X-0.800 Y-1.590
G1 X-0.800 Y0.023
G1 X-0.800 Y1.697
G1 X-0.800 Y2.331
G1 X-0.800 Y1.756
G1 X-0.800 Y0.718
G1 X-0.800 Y-0.020
G1 X-0.800 Y-0.218
G1 X-0.800 Y-0.044
G1 X-0.800 Y0.191
G1 X-0.800 Y0.135
G1 X-0.800 Y-0.561
G1 X-0.800 Y-1.867
G1 X-0.800 Y-2.758
G1 X-0.800 Y-1.603
G1 X-0.800 Y1.553
G1 X-0.800 Y3.568
G1 X-0.800 Y1.662
G1 X-0.800 Y-2.132
G1 X-0.800 Y-3.390
G1 X-0.800 Y-1.254
G1 X-0.800 Y1.428
G1 X-0.800 Y2.404
G1 X-0.800 Y1.838
G1 X-0.800 Y0.876
G1 X-0.800 Y0.232
G1 X-0.800 Y-0.001
G1 X-0.800 Y-0.005
G1 X-0.800 Y0.016
G1 X-0.800 Y-0.094
G1 X-0.800 Y-0.404
G1 X-0.800 Y-0.875
G1 X-0.800 Y-1.345
G1 X-0.800 Y-1.583
G1 X-0.800 Y-1.430
G1 X-0.800 Y-0.891
G1 X-0.800 Y-0.136
G1 X-0.800 Y0.601
G1 X-0.800 Y1.138
G1 X-0.800 Y1.396
G1 X-0.800 Y1.386
G1 X-0.800 Y1.162
G1 X-0.800 Y0.782
G1 X-0.800 Y0.293
G1 X-0.800 Y-0.266
G1 X-0.800 Y-0.836
G1 X-0.800 Y-1.327
G1 X-0.800 Y-1.604
G1 X-0.800 Y-1.528
G1 X-0.800 Y-1.021
G1 X-0.800 Y-0.166
G1 X-0.800 Y0.784
G1 X-0.800 Y1.490
G1 X-0.800 Y1.716
G1 X-0.800 Y1.452
G1 X-0.800 Y0.910
G1 X-0.800 Y0.364
G1 X-0.800 Y0.004
G1 X-0.800 Y-0.121
G1 X-0.800 Y-0.068
G1 X-0.800 Y0.055
G1 X-0.800 Y0.125
G1 X-0.800 Y0.009
G1 X-0.800 Y-0.399
G1 X-0.800 Y-1.072
G1 X-0.800 Y-1.750
G1 X-0.800 Y-1.966
G1 X-0.800 Y-1.365
G1 X-0.800 Y-0.069
G1 X-0.800 Y1.275
G1 X-0.800 Y1.977
G1 X-0.800 Y1.818
G1 X-0.800 Y1.126
G1 X-0.800 Y0.415
G1 X-0.800 Y0.030
G1 X-0.800 Y-0.005
G1 X-0.800 Y0.007
G1 X-0.800 Y-0.185
G1 X-0.800 Y-0.623
G1 X-0.800 Y-1.185
G1 X0.000 Y0.375
G1 X0.800 Y0.412
G1 X0.800 Y-0.107
G1 X0.800 Y-0.325
G1 X0.800 Y-0.242
G1 X0.800 Y0.026
G1 X0.800 Y0.289
G1 X0.800 Y0.322
G1 X0.800 Y-0.053
G1 X0.800 Y-0.815
G1 X0.800 Y-1.655
G1 X0.800 Y-2.053
G1 X0.800 Y-1.636
G1 X0.800 Y-0.534
G1 X0.800 Y0.687
G1 X0.800 Y1.456
G1 X0.800 Y1.580
G1 X0.800 Y1.255
G1 X0.800 Y0.792
G1 X0.800 Y0.403
G1 X0.800 Y0.135
G1 X0.800 Y-0.065
G1 X0.800 Y-0.287
G1 X0.800 Y-0.592
G1 X0.800 Y-0.968
G1 X0.800 Y-1.302
G1 X0.800 Y-1.416
G1 X0.800 Y-1.155
G1 X0.800 Y-0.520
G1 X0.800 Y0.308
G1 X0.800 Y1.048
G1 X0.800 Y1.473
G1 X0.800 Y1.514
G1 X0.800 Y1.248
G1 X0.800 Y0.819
G1 X0.800 Y0.358
G1 X0.800 Y-0.058
G1 X0.800 Y-0.404
G1 X0.800 Y-0.684
G1 X0.800 Y-0.908
G1 X0.800 Y-1.076
G1 X0.800 Y-1.164
G1 X0.800 Y-1.122
G1 X0.800 Y-0.894
G1 X0.800 Y-0.447
G1 X0.800 Y0.180
G1 X0.800 Y0.851
G1 X0.800 Y1.361
G1 X0.800 Y1.537
G1 X0.800 Y1.346
G1 X0.800 Y0.913
G1 X0.800 Y0.453
G1 X0.800 Y0.133
G1 X0.800 Y0.003
G1 X0.800 Y0.002
G1 X0.800 Y-0.021
G1 X0.800 Y-0.269
G1 X0.800 Y-0.918
G1 X0.800 Y-1.865
G1 X0.800 Y-2.385
G1 X0.800 Y-1.336
G1 X0.800 Y1.379
G1 X0.800 Y3.427
G1 X0.800 Y1.989
G1 X0.800 Y-1.860
G1 X0.800 Y-3.576
G1 X0.800 Y-1.335
G1 X0.800 Y1.822
G1 X0.800 Y2.789
G1 X0.800 Y1.744
G1 X0.800 Y0.416
G1 X0.800 Y-0.220
G1 X0.800 Y-0.205
G1 X0.800 Y0.081
G1 X0.800 Y0.265
G1 X0.800 Y0.018
G1 X0.800 Y-0.840
G1 X0.800 Y-1.980
G1 X0.800 Y-2.447
G1 X0.800 Y-1.426
G1 X0.800 Y0.649
G1 X0.800 Y2.253
G1 X0.800 Y2.352
G1 X0.800 Y1.304
G1 X0.800 Y0.142
G1 X0.800 Y-0.489
G1 X0.800 Y-0.558
G1 X0.800 Y-0.308
G1 X0.800 Y0.036
G1 X0.800 Y0.331
G1 X0.800 Y0.478
G1 X0.800 Y0.413
G1 X0.800 Y0.151
G1 X0.800 Y-0.198
G1 X0.800 Y-0.473
G1 X0.800 Y-0.562
G1 X0.800 Y-0.449
G1 X0.800 Y-0.192
G1 X0.800 Y0.128
G1 X0.800 Y0.434
G1 X0.800 Y0.615
G1 X0.800 Y0.545
G1 X0.800 Y0.128
G1 X0.800 Y-0.562
G1 X0.800 Y-1.247
G1 X0.800 Y-1.603
G1 X0.800 Y-1.490
G1 X0.800 Y-1.053
G1 X0.800 Y-0.559
G1 X0.800 Y-0.209
G1 X0.800 Y-0.046
G1 X0.800 Y-0.003
G1 X0.800 Y0.024
G1 X0.800 Y0.113
G1 X0.800 Y0.298
G1 X0.800 Y0.534
G1 X0.800 Y0.734
G1 X0.800 Y0.813
G1 X0.800 Y0.740
G1 X0.800 Y0.549
G1 X0.800 Y0.296
G1 X0.800 Y0.025
G1 X0.800 Y-0.247
G1 X0.800 Y-0.501
G1 X0.800 Y-0.699
G1 X0.800 Y-0.788
G1 X0.800 Y-0.734
G1 X0.800 Y-0.559
G1 X0.800 Y-0.339
G1 X0.800 Y-0.155
G1 X0.800 Y-0.044
G1 X0.800 Y0.029
G1 X0.800 Y0.154
G1 X0.800 Y0.424
G1 X0.800 Y0.874
G1 X0.800 Y1.384
G1 X0.800 Y1.669
G1 X0.800 Y1.452
G1 X0.800 Y0.719
G1 X0.800 Y-0.208
G1 X0.800 Y-0.901
G1 X0.800 Y-1.146
G1 X0.800 Y-1.016
G1 X0.800 Y-0.702
G1 X0.800 Y-0.361
G1 X0.800 Y-0.059
G1 X0.800 Y0.190
G1 X0.800 Y0.382
G1 X0.800 Y0.496
G1 X0.800 Y0.516
G1 X0.800 Y0.441
G1 X0.800 Y0.296
G1 X0.800 Y0.109
G1 X0.800 Y-0.099
G1 X0.800 Y-0.319
G1 X0.800 Y-0.534
G1 X0.800 Y-0.701
G1 X0.800 Y-0.766
G1 X0.800 Y-0.700
G1 X0.800 Y-0.526
G1 X0.800 Y-0.300
G1 X0.800 Y-0.068
G1 X0.800 Y0.200
G1 X0.800 Y0.585
G1 X0.800 Y1.135
G1 X0.800 Y1.681
G1 X0.800 Y1.714
G1 X0.800 Y0.683
G1 X0.800 Y-1.203
G1 X0.800 Y-2.627
G1 X0.800 Y-2.324
G1 X0.800 Y-0.600
G1 X0.800 Y1.053
G1 X0.800 Y1.648
G1 X0.800 Y1.344
G1 X0.800 Y0.731
G1 X0.800 Y0.148
G1 X0.800 Y-0.394
G1 X0.800 Y-0.953
G1 X0.800 Y-1.419
G1 X0.800 Y-1.448
G1 X0.000 Y-1.308
G1 X-0.800 Y1.539
G1 X-0.800 Y1.554
G1 X-0.800 Y1.051
G1 X-0.800 Y0.459
G1 X-0.800 Y-0.075
G1 X-0.800 Y-0.635
G1 X-0.800 Y-1.264
G1 X-0.800 Y-1.698
G1 X-0.800 Y-1.362
G1 X-0.800 Y0.044
G1 X-0.800 Y1.822
G1 X-0.800 Y2.608
G1 X-0.800 Y1.806
G1 X-0.800 Y0.208
G1 X-0.800 Y-1.007
G1 X-0.800 Y-1.377
G1 X-0.800 Y-1.147
G1 X-0.800 Y-0.722
G1 X-0.800 Y-0.325
G1 X-0.800 Y-0.016
G1 X-0.800 Y0.212
G1 X-0.800 Y0.362
G1 X-0.800 Y0.424
G1 X-0.800 Y0.390
G1 X-0.800 Y0.275
G1 X-0.800 Y0.104
G1 X-0.800 Y-0.093
G1 X-0.800 Y-0.294
G1 X-0.800 Y-0.468
G1 X-0.800 Y-0.581
G1 X-0.800 Y-0.599
G1 X-0.800 Y-0.521
G1 X-0.800 Y-0.374
G1 X-0.800 Y-0.202
G1 X-0.800 Y-0.025
G1 X-0.800 Y0.181
G1 X-0.800 Y0.464
G1 X-0.800 Y0.855
G1 X-0.800 Y1.273
G1 X-0.800 Y1.503
G1 X-0.800 Y1.280
G1 X-0.800 Y0.532
G1 X-0.800 Y-0.460
G1 X-0.800 Y-1.229
G1 X-0.800 Y-1.480
G1 X-0.800 Y-1.266
G1 X-0.800 Y-0.849
G1 X-0.800 Y-0.449
G1 X-0.800 Y-0.140
G1 X-0.800 Y0.109
G1 X-0.800 Y0.353
G1 X-0.800 Y0.600
G1 X-0.800 Y0.805
G1 X-0.800 Y0.897
G1 X-0.800 Y0.836
G1 X-0.800 Y0.654
G1 X-0.800 Y0.420
G1 X-0.800 Y0.189
G1 X-0.800 Y-0.026
G1 X-0.800 Y-0.252
G1 X-0.800 Y-0.509
G1 X-0.800 Y-0.780
G1 X-0.800 Y-0.992
G1 X-0.800 Y-1.051
G1 X-0.800 Y-0.919
G1 X-0.800 Y-0.653
G1 X-0.800 Y-0.365
G1 X-0.800 Y-0.154
G1 X-0.800 Y-0.039
G1 X-0.800 Y0.027
G1 X-0.800 Y0.137
G1 X-0.800 Y0.372
G1 X-0.800 Y0.745
G1 X-0.800 Y1.155
G1 X-0.800 Y1.411
G1 X-0.800 Y1.352
G1 X-0.800 Y0.981
G1 X-0.800 Y0.485
G1 X-0.800 Y0.079
G1 X-0.800 Y-0.116
G1 X-0.800 Y-0.109
G1 X-0.800 Y0.004
G1 X-0.800 Y0.111
G1 X-0.800 Y0.109
G1 X-0.800 Y-0.060
G1 X-0.800 Y-0.375
G1 X-0.800 Y-0.716
G1 X-0.800 Y-0.925
G1 X-0.800 Y-0.909
G1 X-0.800 Y-0.688
G1 X-0.800 Y-0.340
G1 X-0.800 Y0.076
G1 X-0.800 Y0.544
G1 X-0.800 Y1.024
G1 X-0.800 Y1.307
G1 X-0.800 Y0.979
G1 X-0.800 Y-0.272
G1 X-0.800 Y-1.984
G1 X-0.800 Y-2.783
G1 X-0.800 Y-1.624
G1 X-0.800 Y0.742
G1 X-0.800 Y2.376
G1 X-0.800 Y2.286
G1 X-0.800 Y1.166
G1 X-0.800 Y0.164
G1 X-0.800 Y-0.216
G1 X-0.800 Y-0.100
G1 X-0.800 Y0.160
G1 X-0.800 Y0.176
G1 X-0.800 Y-0.435
G1 X-0.800 Y-1.720
G1 X-0.800 Y-2.753
G1 X-0.800 Y-1.851
G1 X-0.800 Y1.214
G1 X-0.800 Y3.513
G1 X-0.800 Y2.029
G1 X-0.800 Y-1.713
G1 X-0.800 Y-3.388
G1 X-0.800 Y-1.684
G1 X-0.800 Y0.945
G1 X-0.800 Y2.189
G1 X-0.800 Y1.917
G1 X-0.800 Y1.100
G1 X-0.800 Y0.449
G1 X-0.800 Y0.126
G1 X-0.800 Y0.005
G1 X-0.800 Y-0.090
G1 X-0.800 Y-0.287
G1 X-0.800 Y-0.619
G1 X-0.800 Y-1.015
G1 X-0.800 Y-1.322
G1 X-0.800 Y-1.387
G1 X-0.800 Y-1.153
G1 X-0.800 Y-0.695
G1 X-0.800 Y-0.168
G1 X-0.800 Y0.282
G1 X-0.800 Y0.583
G1 X-0.800 Y0.733
G1 X-0.800 Y0.772
G1 X-0.800 Y0.753
G1 X-0.800 Y0.716
G1 X-0.800 Y0.681
G1 X-0.800 Y0.653
G1 X-0.800 Y0.615
G1 X-0.800 Y0.536
G1 X-0.800 Y0.373
G1 X-0.800 Y0.081
G1 X-0.800 Y-0.351
G1 X-0.800 Y-0.872
G1 X-0.800 Y-1.350
G1 X-0.800 Y-1.596
G1 X-0.800 Y-1.457
G1 X-0.800 Y-0.935
G1 X-0.800 Y-0.205
G1 X-0.800 Y0.465
G1 X-0.800 Y0.868
G1 X-0.800 Y0.946
G1 X-0.800 Y0.778
G1 X-0.800 Y0.479
G1 X-0.800 Y0.133
G1 X-0.800 Y-0.229
G1 X-0.800 Y-0.588
G1 X-0.800 Y-0.895
G1 X-0.800 Y-1.018
G1 X-0.800 Y-0.785
G1 X-0.800 Y-0.109
G1 X-0.800 Y0.854
G1 X-0.800 Y1.686
G1 X-0.800 Y1.948
G1 X-0.800 Y1.521
G1 X-0.800 Y0.687
G1 X-0.800 Y-0.102
G1 X-0.800 Y-0.537
G1 X-0.800 Y-0.576
G1 X-0.800 Y-0.344
G1 X-0.800 Y0.004
G1 X-0.800 Y0.337
G1 X-0.800 Y0.545
G1 X-0.800 Y0.517
G1 X-0.800 Y0.193
G1 X0.000 Y-1.209
G1 X0.800 Y-0.289
G1 X0.800 Y-0.511
G1 X0.800 Y-0.509
G1 X0.800 Y-0.326
G1 X0.800 Y-0.043
G1 X0.800 Y0.264
G1 X0.800 Y0.506
G1 X0.800 Y0.569
G1 X0.800 Y0.340
G1 X0.800 Y-0.214
G1 X0.800 Y-0.954
G1 X0.800 Y-1.567
G1 X0.800 Y-1.750
G1 X0.800 Y-1.415
G1 X0.800 Y-0.759
G1 X0.800 Y-0.103
G1 X0.800 Y0.314
G1 X0.800 Y0.434
G1 X0.800 Y0.322
G1 X0.800 Y0.086
G1 X0.800 Y-0.177
G1 X0.800 Y-0.378
G1 X0.800 Y-0.418
G1 X0.800 Y-0.210
G1 X0.800 Y0.277
G1 X0.800 Y0.931
G1 X0.800 Y1.501
G1 X0.800 Y1.713
G1 X0.800 Y1.444
G1 X0.800 Y0.808
G1 X0.800 Y0.071
G1 X0.800 Y-0.516
G1 X0.800 Y-0.836
G1 X0.800 Y-0.907
G1 X0.800 Y-0.818
G1 X0.800 Y-0.662
G1 X0.800 Y-0.504
G1 X0.800 Y-0.378
G1 X0.800 Y-0.294
G1 X0.800 Y-0.254
G1 X0.800 Y-0.252
G1 X0.800 Y-0.278
G1 X0.800 Y-0.309
G1 X0.800 Y-0.322
G1 X0.800 Y-0.277
G1 X0.800 Y-0.136
G1 X0.800 Y0.118
G1 X0.800 Y0.467
G1 X0.800 Y0.833
G1 X0.800 Y1.104
G1 X0.800 Y1.186
G1 X0.800 Y1.057
G1 X0.800 Y0.787
G1 X0.800 Y0.481
G1 X0.800 Y0.217
G1 X0.800 Y-0.005
G1 X0.800 Y-0.261
G1 X0.800 Y-0.669
G1 X0.800 Y-1.272
G1 X0.800 Y-1.842
G1 X0.800 Y-1.748
G1 X0.800 Y-0.314
G1 X0.800 Y2.049
G1 X0.800 Y3.230
G1 X0.800 Y1.356
G1 X0.800 Y-2.124
G1 X0.800 Y-3.399
G1 X0.800 Y-1.227
G1 X0.800 Y1.680
G1 X0.800 Y2.653
G1 X0.800 Y1.799
G1 X0.800 Y0.611
G1 X0.800 Y-0.015
G1 X0.800 Y-0.075
G1 X0.800 Y0.072
G1 X0.800 Y0.023
G1 X0.800 Y-0.556
G1 X0.800 Y-1.657
G1 X0.800 Y-2.511
G1 X0.800 Y-1.886
G1 X0.800 Y0.423
G1 X0.800 Y2.645
G1 X0.800 Y2.732
G1 X0.800 Y0.808
G1 X0.800 Y-1.211
G1 X0.800 Y-1.980
G1 X0.800 Y-1.644
G1 X0.800 Y-0.961
G1 X0.800 Y-0.419
G1 X0.800 Y-0.091
G1 X0.800 Y0.149
G1 X0.800 Y0.425
G1 X0.800 Y0.759
G1 X0.800 Y1.061
G1 X0.800 Y1.190
G1 X0.800 Y1.080
G1 X0.800 Y0.789
G1 X0.800 Y0.463
G1 X0.800 Y0.211
G1 X0.800 Y0.058
G1 X0.800 Y-0.050
G1 X0.800 Y-0.198
G1 X0.800 Y-0.440
G1 X0.800 Y-0.762
G1 X0.800 Y-1.060
G1 X0.800 Y-1.199
G1 X0.800 Y-1.105
G1 X0.800 Y-0.831
G1 X0.800 Y-0.505
G1 X0.800 Y-0.242
G1 X0.800 Y-0.075
G1 X0.800 Y0.046
G1 X0.800 Y0.200
G1 X0.800 Y0.447
G1 X0.800 Y0.780
G1 X0.800 Y1.095
G1 X0.800 Y1.249
G1 X0.800 Y1.153
G1 X0.800 Y0.853
G1 X0.800 Y0.496
G1 X0.800 Y0.214
G1 X0.800 Y0.062
G1 X0.800 Y0.006
G1 X0.800 Y-0.033
G1 X0.800 Y-0.128
G1 X0.800 Y-0.307
G1 X0.800 Y-0.533
G1 X0.800 Y-0.715
G1 X0.800 Y-0.768
G1 X0.800 Y-0.658
G1 X0.800 Y-0.417
G1 X0.800 Y-0.098
G1 X0.800 Y0.267
G1 X0.800 Y0.646
G1 X0.800 Y0.959
G1 X0.800 Y1.036
G1 X0.800 Y0.690
G1 X0.800 Y-0.097
G1 X0.800 Y-1.030
G1 X0.800 Y-1.649
G1 X0.800 Y-1.681
G1 X0.800 Y-1.246
G1 X0.800 Y-0.685
G1 X0.800 Y-0.266
G1 X0.800 Y-0.063
G1 X0.800 Y-0.005
G1 X0.800 Y0.020
G1 X0.800 Y0.103
G1 X0.800 Y0.272
G1 X0.800 Y0.490
G1 X0.800 Y0.673
G1 X0.800 Y0.750
G1 X0.800 Y0.699
G1 X0.800 Y0.553
G1 X0.800 Y0.366
G1 X0.800 Y0.184
G1 X0.800 Y0.036
G1 X0.800 Y-0.056
G1 X0.800 Y-0.075
G1 X0.800 Y-0.010
G1 X0.800 Y0.143
G1 X0.800 Y0.370
G1 X0.800 Y0.625
G1 X0.800 Y0.801
G1 X0.800 Y0.693
G1 X0.800 Y0.081
G1 X0.800 Y-1.019
G1 X0.800 Y-2.088
G1 X0.800 Y-2.287
G1 X0.800 Y-1.263
G1 X0.800 Y0.329
G1 X0.800 Y1.437
G1 X0.800 Y1.610
G1 X0.800 Y1.157
G1 X0.800 Y0.557
G1 X0.800 Y0.013
G1 X0.800 Y-0.529
G1 X0.800 Y-1.135
G1 X0.800 Y-1.611
G1 X0.800 Y-1.470
G1 X0.000 Y-1.447
G1 X-0.800 Y1.211
G1 X-0.800 Y1.548
G1 X-0.800 Y1.184
G1 X-0.800 Y0.601
G1 X-0.800 Y0.044
G1 X-0.800 Y-0.497
G1 X-0.800 Y-1.040
G1 X-0.800 Y-1.429
G1 X-0.800 Y-1.314
G1 X-0.800 Y-0.477
G1 X-0.800 Y0.787
G1 X-0.800 Y1.770
G1 X-0.800 Y1.961
G1 X-0.800 Y1.448
G1 X-0.800 Y0.701
G1 X-0.800 Y0.116
G1 X-0.800 Y-0.182
G1 X-0.800 Y-0.256
G1 X-0.800 Y-0.222
G1 X-0.800 Y-0.166
G1 X-0.800 Y-0.139
G1 X-0.800 Y-0.165
G1 X-0.800 Y-0.250
G1 X-0.800 Y-0.397
G1 X-0.800 Y-0.601
G1 X-0.800 Y-0.825
G1 X-0.800 Y-1.002
G1 X-0.800 Y-1.036
G1 X-0.800 Y-0.865
G1 X-0.800 Y-0.529
G1 X-0.800 Y-0.155
G1 X-0.800 Y0.108
G1 X-0.800 Y0.183
G1 X-0.800 Y0.091
G1 X-0.800 Y-0.079
G1 X-0.800 Y-0.193
G1 X-0.800 Y-0.109
G1 X-0.800 Y0.284
G1 X-0.800 Y0.935
G1 X-0.800 Y1.563
G1 X-0.800 Y1.788
G1 X-0.800 Y1.437
G1 X-0.800 Y0.712
G1 X-0.800 Y0.017
G1 X-0.800 Y-0.368
G1 X-0.800 Y-0.411
G1 X-0.800 Y-0.232
G1 X-0.800 Y0.028
G1 X-0.800 Y0.252
G1 X-0.800 Y0.359
G1 X-0.800 Y0.309
G1 X-0.800 Y0.126
G1 X-0.800 Y-0.100
G1 X-0.800 Y-0.254
G1 X-0.800 Y-0.270
G1 X-0.800 Y-0.151
G1 X-0.800 Y0.049
G1 X-0.800 Y0.237
G1 X-0.800 Y0.312
G1 X-0.800 Y0.176
G1 X-0.800 Y-0.206
G1 X-0.800 Y-0.737
G1 X-0.800 Y-1.193
G1 X-0.800 Y-1.371
G1 X-0.800 Y-1.224
G1 X-0.800 Y-0.878
G1 X-0.800 Y-0.512
G1 X-0.800 Y-0.232
G1 X-0.800 Y-0.040
G1 X-0.800 Y0.122
G1 X-0.800 Y0.318
G1 X-0.800 Y0.556
G1 X-0.800 Y0.787
G1 X-0.800 Y0.924
G1 X-0.800 Y0.904
G1 X-0.800 Y0.739
G1 X-0.800 Y0.494
G1 X-0.800 Y0.232
G1 X-0.800 Y-0.025
G1 X-0.800 Y-0.297
G1 X-0.800 Y-0.607
G1 X-0.800 Y-0.920
G1 X-0.800 Y-1.136
G1 X-0.800 Y-1.128
G1 X-0.800 Y-0.857
G1 X-0.800 Y-0.437
G1 X-0.800 Y-0.066
G1 X-0.800 Y0.109
G1 X-0.800 Y0.071
G1 X-0.800 Y-0.070
G1 X-0.800 Y-0.116
G1 X-0.800 Y0.190
G1 X-0.800 Y1.028
G1 X-0.800 Y2.118
G1 X-0.800 Y2.453
G1 X-0.800 Y0.991
G1 X-0.800 Y-1.688
G1 X-0.800 Y-3.164
G1 X-0.800 Y-1.879
G1 X-0.800 Y0.777
G1 X-0.800 Y2.345
G1 X-0.800 Y2.126
G1 X-0.800 Y1.118
G1 X-0.800 Y0.339
G1 X-0.800 Y0.041
G1 X-0.800 Y-0.020
G1 X-0.800 Y-0.228
G1 X-0.800 Y-0.892
G1 X-0.800 Y-1.916
G1 X-0.800 Y-2.446
G1 X-0.800 Y-1.295
G1 X-0.800 Y1.387
G1 X-0.800 Y3.248
G1 X-0.800 Y2.107
G1 X-0.800 Y-0.993
G1 X-0.800 Y-2.935
G1 X-0.800 Y-2.325
G1 X-0.800 Y-0.417
G1 X-0.800 Y1.052
G1 X-0.800 Y1.490
G1 X-0.800 Y1.234
G1 X-0.800 Y0.767
G1 X-0.800 Y0.335
G1 X-0.800 Y-0.016
G1 X-0.800 Y-0.317
G1 X-0.800 Y-0.588
G1 X-0.800 Y-0.803
G1 X-0.800 Y-0.911
G1 X-0.800 Y-0.874
G1 X-0.800 Y-0.703
G1 X-0.800 Y-0.462
G1 X-0.800 Y-0.225
G1 X-0.800 Y-0.052
G1 X-0.800 Y0.041
G1 X-0.800 Y0.062
G1 X-0.800 Y0.042
G1 X-0.800 Y0.007
G1 X-0.800 Y-0.021
G1 X-0.800 Y-0.032
G1 X-0.800 Y-0.029
G1 X-0.800 Y-0.016
G1 X-0.800 Y0.003
G1 X-0.800 Y0.033
G1 X-0.800 Y0.096
G1 X-0.800 Y0.229
G1 X-0.800 Y0.464
G1 X-0.800 Y0.813
G1 X-0.800 Y1.208
G1 X-0.800 Y1.489
G1 X-0.800 Y1.431
G1 X-0.800 Y0.881
G1 X-0.800 Y-0.074
G1 X-0.800 Y-1.085
G1 X-0.800 Y-1.714
G1 X-0.800 Y-1.743
G1 X-0.800 Y-1.281
G1 X-0.800 Y-0.653
G1 X-0.800 Y-0.150
G1 X-0.800 Y0.103
G1 X-0.800 Y0.129
G1 X-0.800 Y0.025
G1 X-0.800 Y-0.097
G1 X-0.800 Y-0.133
G1 X-0.800 Y0.004
G1 X-0.800 Y0.351
G1 X-0.800 Y0.841
G1 X-0.800 Y1.303
G1 X-0.800 Y1.521
G1 X-0.800 Y1.379
G1 X-0.800 Y0.940
G1 X-0.800 Y0.403
G1 X-0.800 Y-0.026
G1 X-0.800 Y-0.242
G1 X-0.800 Y-0.251
G1 X-0.800 Y-0.124
G1 X-0.800 Y0.052
G1 X-0.800 Y0.198
G1 X-0.800 Y0.250
G1 X-0.800 Y0.163
G1 X-0.800 Y-0.063
G1 X0.000 Y-2.476
G1 X0.800 Y0.566
G1 X0.800 Y0.386
G1 X0.800 Y0.216
G1 X0.800 Y0.097
G1 X0.800 Y0.025
G1 X0.800 Y-0.026
G1 X0.800 Y-0.107
G1 X0.800 Y-0.266
G1 X0.800 Y-0.524
G1 X0.800 Y-0.845
G1 X0.800 Y-1.132
G1 X0.800 Y-1.265
G1 X0.800 Y-1.163
G1 X0.800 Y-0.852
G1 X0.800 Y-0.452
G1 X0.800 Y-0.108
G1 X0.800 Y0.083
G1 X0.800 Y0.110
G1 X0.800 Y0.025
G1 X0.800 Y-0.089
G1 X0.800 Y-0.116
G1 X0.800 Y0.056
G1 X0.800 Y0.509
G1 X0.800 Y1.184
G1 X0.800 Y1.794
G1 X0.800 Y1.902
G1 X0.800 Y1.208
G1 X0.800 Y-0.103
G1 X0.800 Y-1.396
G1 X0.800 Y-2.028
G1 X0.800 Y-1.812
G1 X0.800 Y-1.063
G1 X0.800 Y-0.261
G1 X0.800 Y0.274
G1 X0.800 Y0.478
G1 X0.800 Y0.435
G1 X0.800 Y0.263
G1 X0.800 Y0.055
G1 X0.800 Y-0.133
G1 X0.800 Y-0.268
G1 X0.800 Y-0.328
G1 X0.800 Y-0.314
G1 X0.800 Y-0.243
G1 X0.800 Y-0.148
G1 X0.800 Y-0.063
G1 X0.800 Y-0.012
G1 X0.800 Y0.003
G1 X0.800 Y-0.002
G1 X0.800 Y0.002
G1 X0.800 Y0.043
G1 X0.800 Y0.137
G1 X0.800 Y0.280
G1 X0.800 Y0.436
G1 X0.800 Y0.553
G1 X0.800 Y0.583
G1 X0.800 Y0.502
G1 X0.800 Y0.319
G1 X0.800 Y0.054
G1 X0.800 Y-0.272
G1 X0.800 Y-0.617
G1 X0.800 Y-0.886
G1 X0.800 Y-0.858
G1 X0.800 Y-0.238
G1 X0.800 Y1.048
G1 X0.800 Y2.396
G1 X0.800 Y2.534
G1 X0.800 Y0.703
G1 X0.800 Y-1.951
G1 X0.800 Y-3.057
G1 X0.800 Y-1.671
G1 X0.800 Y0.689
G1 X0.800 Y2.045
G1 X0.800 Y1.942
G1 X0.800 Y1.169
G1 X0.800 Y0.483
G1 X0.800 Y0.077
G1 X0.800 Y-0.256
G1 X0.800 Y-0.813
G1 X0.800 Y-1.647
G1 X0.800 Y-2.213
G1 X0.800 Y-1.470
G1 X0.800 Y0.869
G1 X0.800 Y3.028
G1 X0.800 Y2.576
G1 X0.800 Y-0.265
G1 X0.800 Y-2.610
G1 X0.800 Y-2.584
G1 X0.800 Y-1.043
G1 X0.800 Y0.333
G1 X0.800 Y0.833
G1 X0.800 Y0.671
G1 X0.800 Y0.239
G1 X0.800 Y-0.217
G1 X0.800 Y-0.567
G1 X0.800 Y-0.694
G1 X0.800 Y-0.515
G1 X0.800 Y-0.059
G1 X0.800 Y0.482
G1 X0.800 Y0.866
G1 X0.800 Y0.967
G1 X0.800 Y0.817
G1 X0.800 Y0.531
G1 X0.800 Y0.215
G1 X0.800 Y-0.087
G1 X0.800 Y-0.350
G1 X0.800 Y-0.550
G1 X0.800 Y-0.653
G1 X0.800 Y-0.633
G1 X0.800 Y-0.511
G1 X0.800 Y-0.334
G1 X0.800 Y-0.151
G1 X0.800 Y0.028
G1 X0.800 Y0.242
G1 X0.800 Y0.539
G1 X0.800 Y0.923
G1 X0.800 Y1.286
G1 X0.800 Y1.426
G1 X0.800 Y1.163
G1 X0.800 Y0.528
G1 X0.800 Y-0.213
G1 X0.800 Y-0.739
G1 X0.800 Y-0.900
G1 X0.800 Y-0.751
G1 X0.800 Y-0.440
G1 X0.800 Y-0.085
G1 X0.800 Y0.251
G1 X0.800 Y0.525
G1 X0.800 Y0.685
G1 X0.800 Y0.687
G1 X0.800 Y0.537
G1 X0.800 Y0.314
G1 X0.800 Y0.121
G1 X0.800 Y0.021
G1 X0.800 Y0.000
G1 X0.800 Y-0.029
G1 X0.800 Y-0.181
G1 X0.800 Y-0.541
G1 X0.800 Y-1.064
G1 X0.800 Y-1.530
G1 X0.800 Y-1.636
G1 X0.800 Y-1.245
G1 X0.800 Y-0.546
G1 X0.800 Y0.097
G1 X0.800 Y0.425
G1 X0.800 Y0.410
G1 X0.800 Y0.175
G1 X0.800 Y-0.134
G1 X0.800 Y-0.378
G1 X0.800 Y-0.429
G1 X0.800 Y-0.192
G1 X0.800 Y0.317
G1 X0.800 Y0.916
G1 X0.800 Y1.339
G1 X0.800 Y1.421
G1 X0.800 Y1.192
G1 X0.800 Y0.821
G1 X0.800 Y0.472
G1 X0.800 Y0.225
G1 X0.800 Y0.083
G1 X0.800 Y0.011
G1 X0.800 Y-0.030
G1 X0.800 Y-0.077
G1 X0.800 Y-0.165
G1 X0.800 Y-0.332
G1 X0.800 Y-0.613
G1 X0.800 Y-0.994
G1 X0.800 Y-1.371
G1 X0.800 Y-1.518
G1 X0.800 Y-1.222
G1 X0.800 Y-0.476
G1 X0.800 Y0.418
G1 X0.800 Y1.037
G1 X0.800 Y1.164
G1 X0.800 Y0.891
G1 X0.800 Y0.428
G1 X0.800 Y-0.092
G1 X0.800 Y-0.636
G1 X0.800 Y-1.132
G1 X0.800 Y-1.307
G1 X0.800 Y-0.758
G1 X0.000 Y-1.151
G1 X-0.800 Y0.173
G1 X-0.800 Y0.863
G1 X-0.800 Y0.908
G1 X-0.800 Y0.571
G1 X-0.800 Y0.113
G1 X-0.800 Y-0.330
G1 X-0.800 Y-0.673
G1 X-0.800 Y-0.812
G1 X-0.800 Y-0.654
G1 X-0.800 Y-0.218
G1 X-0.800 Y0.331
G1 X-0.800 Y0.771
G1 X-0.800 Y0.969
G1 X-0.800 Y0.936
G1 X-0.800 Y0.773
G1 X-0.800 Y0.579
G1 X-0.800 Y0.422
G1 X-0.800 Y0.328
G1 X-0.800 Y0.300
G1 X-0.800 Y0.326
G1 X-0.800 Y0.375
G1 X-0.800 Y0.387
G1 X-0.800 Y0.271
G1 X-0.800 Y-0.064
G1 X-0.800 Y-0.637
G1 X-0.800 Y-1.305
G1 X-0.800 Y-1.751
G1 X-0.800 Y-1.677
G1 X-0.800 Y-1.071
G1 X-0.800 Y-0.256
G1 X-0.800 Y0.362
G1 X-0.800 Y0.584
G1 X-0.800 Y0.455
G1 X-0.800 Y0.135
G1 X-0.800 Y-0.228
G1 X-0.800 Y-0.503
G1 X-0.800 Y-0.550
G1 X-0.800 Y-0.265
G1 X-0.800 Y0.313
G1 X-0.800 Y0.947
G1 X-0.800 Y1.332
G1 X-0.800 Y1.324
G1 X-0.800 Y1.023
G1 X-0.800 Y0.633
G1 X-0.800 Y0.291
G1 X-0.800 Y0.023
G1 X-0.800 Y-0.218
G1 X-0.800 Y-0.470
G1 X-0.800 Y-0.714
G1 X-0.800 Y-0.877
G1 X-0.800 Y-0.887
G1 X-0.800 Y-0.742
G1 X-0.800 Y-0.497
G1 X-0.800 Y-0.225
G1 X-0.800 Y0.055
G1 X-0.800 Y0.372
G1 X-0.800 Y0.761
G1 X-0.800 Y1.168
G1 X-0.800 Y1.406
G1 X-0.800 Y1.228
G1 X-0.800 Y0.550
G1 X-0.800 Y-0.391
G1 X-0.800 Y-1.156
G1 X-0.800 Y-1.448
G1 X-0.800 Y-1.286
G1 X-0.800 Y-0.906
G1 X-0.800 Y-0.521
G1 X-0.800 Y-0.228
G1 X-0.800 Y-0.017
G1 X-0.800 Y0.151
G1 X-0.800 Y0.290
G1 X-0.800 Y0.387
G1 X-0.800 Y0.407
G1 X-0.800 Y0.329
G1 X-0.800 Y0.157
G1 X-0.800 Y-0.087
G1 X-0.800 Y-0.363
G1 X-0.800 Y-0.608
G1 X-0.800 Y-0.726
G1 X-0.800 Y-0.597
G1 X-0.800 Y-0.171
G1 X-0.800 Y0.445
G1 X-0.800 Y0.986
G1 X-0.800 Y1.214
G1 X-0.800 Y1.077
G1 X-0.800 Y0.707
G1 X-0.800 Y0.253
G1 X-0.800 Y-0.237
G1 X-0.800 Y-0.800
G1 X-0.800 Y-1.376
G1 X-0.800 Y-1.566
G1 X-0.800 Y-0.708
G1 X-0.800 Y1.317
G1 X-0.800 Y3.043
G1 X-0.800 Y2.302
G1 X-0.800 Y-0.767
G1 X-0.800 Y-3.087
G1 X-0.800 Y-2.459
G1 X-0.800 Y-0.121
G1 X-0.800 Y1.549
G1 X-0.800 Y1.770
G1 X-0.800 Y1.190
G1 X-0.800 Y0.510
G1 X-0.800 Y-0.065
G1 X-0.800 Y-0.640
G1 X-0.800 Y-1.277
G1 X-0.800 Y-1.713
G1 X-0.800 Y-1.367
G1 X-0.800 Y0.102
G1 X-0.800 Y1.999
G1 X-0.800 Y2.792
G1 X-0.800 Y1.644
G1 X-0.800 Y-0.543
G1 X-0.800 Y-2.098
G1 X-0.800 Y-2.233
G1 X-0.800 Y-1.404
G1 X-0.800 Y-0.447
G1 X-0.800 Y0.155
G1 X-0.800 Y0.349
G1 X-0.800 Y0.280
G1 X-0.800 Y0.106
G1 X-0.800 Y-0.070
G1 X-0.800 Y-0.194
G1 X-0.800 Y-0.238
G1 X-0.800 Y-0.208
G1 X-0.800 Y-0.133
G1 X-0.800 Y-0.049
G1 X-0.800 Y0.007
G1 X-0.800 Y0.021
G1 X-0.800 Y0.002
G1 X-0.800 Y-0.020
G1 X-0.800 Y-0.010
G1 X-0.800 Y0.067
G1 X-0.800 Y0.231
G1 X-0.800 Y0.458
G1 X-0.800 Y0.698
G1 X-0.800 Y0.871
G1 X-0.800 Y0.920
G1 X-0.800 Y0.831
G1 X-0.800 Y0.638
G1 X-0.800 Y0.398
G1 X-0.800 Y0.145
G1 X-0.800 Y-0.123
G1 X-0.800 Y-0.435
G1 X-0.800 Y-0.814
G1 X-0.800 Y-1.196
G1 X-0.800 Y-1.388
G1 X-0.800 Y-1.085
G1 X-0.800 Y-0.099
G1 X-0.800 Y1.314
G1 X-0.800 Y2.356
G1 X-0.800 Y2.208
G1 X-0.800 Y0.798
G1 X-0.800 Y-0.994
G1 X-0.800 Y-2.083
G1 X-0.800 Y-2.050
G1 X-0.800 Y-1.272
G1 X-0.800 Y-0.394
G1 X-0.800 Y0.174
G1 X-0.800 Y0.362
G1 X-0.800 Y0.283
G1 X-0.800 Y0.080
G1 X-0.800 Y-0.135
G1 X-0.800 Y-0.282
G1 X-0.800 Y-0.305
G1 X-0.800 Y-0.173
G1 X-0.800 Y0.090
G1 X-0.800 Y0.408
G1 X-0.800 Y0.677
G1 X-0.800 Y0.817
G1 X-0.800 Y0.804
G1 X-0.800 Y0.671
G1 X-0.800 Y0.472
G1 X-0.800 Y0.254
G1 X-0.800 Y0.040
G1 X-0.800 Y-0.160
G1 X-0.800 Y-0.337
G1 X-0.800 Y-0.482
G1 X-0.800 Y-0.572
G1 X-0.800 Y-0.589
G1 X0.000 Y-3.299
G1 X0.800 Y0.032
G1 X0.800 Y0.101
G1 X0.800 Y0.148
G1 X0.800 Y0.152
G1 X0.800 Y0.107
G1 X0.800 Y0.023
G1 X0.800 Y-0.075
G1 X0.800 Y-0.155
G1 X0.800 Y-0.184
G1 X0.800 Y-0.131
G1 X0.800 Y0.010
G1 X0.800 Y0.215
G1 X0.800 Y0.428
G1 X0.800 Y0.580
G1 X0.800 Y0.619
G1 X0.800 Y0.533
G1 X0.800 Y0.341
G1 X0.800 Y0.073
G1 X0.800 Y-0.241
G1 X0.800 Y-0.566
G1 X0.800 Y-0.819
G1 X0.800 Y-0.826
G1 X0.800 Y-0.363
G1 X0.800 Y0.671
G1 X0.800 Y1.920
G1 X0.800 Y2.508
G1 X0.800 Y1.609
G1 X0.800 Y-0.540
G1 X0.800 Y-2.450
G1 X0.800 Y-2.638
G1 X0.800 Y-1.082
G1 X0.800 Y0.879
G1 X0.800 Y1.966
G1 X0.800 Y1.920
G1 X0.800 Y1.263
G1 X0.800 Y0.585
G1 X0.800 Y0.171
G1 X0.800 Y0.015
G1 X0.800 Y0.000
G1 X0.800 Y-0.012
G1 X0.800 Y-0.125
G1 X0.800 Y-0.386
G1 X0.800 Y-0.761
G1 X0.800 Y-1.129
G1 X0.800 Y-1.337
G1 X0.800 Y-1.285
G1 X0.800 Y-0.990
G1 X0.800 Y-0.578
G1 X0.800 Y-0.193
G1 X0.800 Y0.063
G1 X0.800 Y0.167
G1 X0.800 Y0.153
G1 X0.800 Y0.071
G1 X0.800 Y-0.025
G1 X0.800 Y-0.099
G1 X0.800 Y-0.128
G1 X0.800 Y-0.113
G1 X0.800 Y-0.068
G1 X0.800 Y-0.023
G1 X0.800 Y0.000
G1 X0.800 Y0.000
G1 X0.800 Y0.005
G1 X0.800 Y0.085
G1 X0.800 Y0.327
G1 X0.800 Y0.797
G1 X0.800 Y1.426
G1 X0.800 Y1.898
G1 X0.800 Y1.701
G1 X0.800 Y0.533
G1 X0.800 Y-1.192
G1 X0.800 Y-2.389
G1 X0.800 Y-2.227
G1 X0.800 Y-0.952
G1 X0.800 Y0.423
G1 X0.800 Y1.117
G1 X0.800 Y1.065
G1 X0.800 Y0.600
G1 X0.800 Y-0.002
G1 X0.800 Y-0.630
G1 X0.800 Y-1.149
G1 X0.800 Y-1.162
G1 X0.800 Y-0.119
G1 X0.800 Y1.847
G1 X0.800 Y3.087
G1 X0.800 Y1.707
G1 X0.800 Y-1.522
G1 X0.800 Y-3.282
G1 X0.800 Y-1.930
G1 X0.800 Y0.654
G1 X0.800 Y2.064
G1 X0.800 Y1.913
G1 X0.800 Y1.134
G1 X0.800 Y0.480
G1 X0.800 Y0.100
G1 X0.800 Y-0.171
G1 X0.800 Y-0.517
G1 X0.800 Y-0.979
G1 X0.800 Y-1.401
G1 X0.800 Y-1.520
G1 X0.800 Y-1.200
G1 X0.800 Y-0.574
G1 X0.800 Y0.047
G1 X0.800 Y0.429
G1 X0.800 Y0.517
G1 X0.800 Y0.402
G1 X0.800 Y0.198
G1 X0.800 Y-0.005
G1 X0.800 Y-0.152
G1 X0.800 Y-0.218
G1 X0.800 Y-0.203
G1 X0.800 Y-0.122
G1 X0.800 Y0.008
G1 X0.800 Y0.194
G1 X0.800 Y0.462
G1 X0.800 Y0.828
G1 X0.800 Y1.226
G1 X0.800 Y1.455
G1 X0.800 Y1.236
G1 X0.800 Y0.449
G1 X0.800 Y-0.646
G1 X0.800 Y-1.508
G1 X0.800 Y-1.747
G1 X0.800 Y-1.410
G1 X0.800 Y-0.854
G1 X0.800 Y-0.391
G1 X0.800 Y-0.130
G1 X0.800 Y-0.004
G1 X0.800 Y0.101
G1 X0.800 Y0.273
G1 X0.800 Y0.515
G1 X0.800 Y0.747
G1 X0.800 Y0.864
G1 X0.800 Y0.804
G1 X0.800 Y0.595
G1 X0.800 Y0.301
G1 X0.800 Y-0.028
G1 X0.800 Y-0.376
G1 X0.800 Y-0.722
G1 X0.800 Y-0.988
G1 X0.800 Y-1.048
G1 X0.800 Y-0.808
G1 X0.800 Y-0.333
G1 X0.800 Y0.163
G1 X0.800 Y0.455
G1 X0.800 Y0.460
G1 X0.800 Y0.232
G1 X0.800 Y-0.107
G1 X0.800 Y-0.418
G1 X0.800 Y-0.531
G1 X0.800 Y-0.257
G1 X0.800 Y0.476
G1 X0.800 Y1.412
G1 X0.800 Y2.007
G1 X0.800 Y1.831
G1 X0.800 Y0.977
G1 X0.800 Y-0.042
G1 X0.800 Y-0.743
G1 X0.800 Y-0.987
G1 X0.800 Y-0.900
G1 X0.800 Y-0.677
G1 X0.800 Y-0.450
G1 X0.800 Y-0.282
G1 X0.800 Y-0.191
G1 X0.800 Y-0.177
G1 X0.800 Y-0.228
G1 X0.800 Y-0.325
G1 X0.800 Y-0.429
G1 X0.800 Y-0.489
G1 X0.800 Y-0.450
G1 X0.800 Y-0.286
G1 X0.800 Y-0.023
G1 X0.800 Y0.243
G1 X0.800 Y0.402
G1 X0.800 Y0.387
G1 X0.800 Y0.203
G1 X0.800 Y-0.083
G1 X0.800 Y-0.373
G1 X0.800 Y-0.511
G1 X0.800 Y-0.293
G1 X0.800 Y0.409
G1 X0.000 Y-0.557
G1 X-0.800 Y-0.819
G1 X-0.800 Y-0.231
G1 X-0.800 Y0.064
G1 X-0.800 Y0.106
G1 X-0.800 Y0.022
G1 X-0.800 Y-0.068
G1 X-0.800 Y-0.092
G1 X-0.800 Y-0.033
G1 X-0.800 Y0.077
G1 X-0.800 Y0.181
G1 X-0.800 Y0.229
G1 X-0.800 Y0.207
G1 X-0.800 Y0.133
G1 X-0.800 Y0.041
G1 X-0.800 Y-0.034
G1 X-0.800 Y-0.071
G1 X-0.800 Y-0.057
G1 X-0.800 Y0.005
G1 X-0.800 Y0.119
G1 X-0.800 Y0.310
G1 X-0.800 Y0.610
G1 X-0.800 Y1.019
G1 X-0.800 Y1.418
G1 X-0.800 Y1.520
G1 X-0.800 Y0.997
G1 X-0.800 Y-0.174
G1 X-0.800 Y-1.467
G1 X-0.800 Y-2.121
G1 X-0.800 Y-1.823
G1 X-0.800 Y-0.954
G1 X-0.800 Y-0.148
G1 X-0.800 Y0.249
G1 X-0.800 Y0.253
G1 X-0.800 Y0.052
G1 X-0.800 Y-0.169
G1 X-0.800 Y-0.261
G1 X-0.800 Y-0.142
G1 X-0.800 Y0.171
G1 X-0.800 Y0.543
G1 X-0.800 Y0.794
G1 X-0.800 Y0.821
G1 X-0.800 Y0.641
G1 X-0.800 Y0.340
G1 X-0.800 Y0.000
G1 X-0.800 Y-0.335
G1 X-0.800 Y-0.615
G1 X-0.800 Y-0.774
G1 X-0.800 Y-0.749
G1 X-0.800 Y-0.545
G1 X-0.800 Y-0.257
G1 X-0.800 Y-0.026
G1 X-0.800 Y0.061
G1 X-0.800 Y0.016
G1 X-0.800 Y-0.058
G1 X-0.800 Y-0.013
G1 X-0.800 Y0.306
G1 X-0.800 Y0.934
G1 X-0.800 Y1.644
G1 X-0.800 Y1.960
G1 X-0.800 Y1.508
G1 X-0.800 Y0.416
G1 X-0.800 Y-0.727
G1 X-0.800 Y-1.374
G1 X-0.800 Y-1.419
G1 X-0.800 Y-1.099
G1 X-0.800 Y-0.698
G1 X-0.800 Y-0.371
G1 X-0.800 Y-0.146
G1 X-0.800 Y-0.004
G1 X-0.800 Y0.078
G1 X-0.800 Y0.094
G1 X-0.800 Y0.040
G1 X-0.800 Y-0.081
G1 X-0.800 Y-0.236
G1 X-0.800 Y-0.364
G1 X-0.800 Y-0.358
G1 X-0.800 Y-0.104
G1 X-0.800 Y0.433
G1 X-0.800 Y1.114
G1 X-0.800 Y1.615
G1 X-0.800 Y1.647
G1 X-0.800 Y1.214
G1 X-0.800 Y0.605
G1 X-0.800 Y0.155
G1 X-0.800 Y-0.010
G1 X-0.800 Y0.008
G1 X-0.800 Y-0.035
G1 X-0.800 Y-0.441
G1 X-0.800 Y-1.364
G1 X-0.800 Y-2.355
G1 X-0.800 Y-2.200
G1 X-0.800 Y-0.058
G1 X-0.800 Y2.666
G1 X-0.800 Y3.071
G1 X-0.800 Y0.529
G1 X-0.800 Y-2.221
G1 X-0.800 Y-2.747
G1 X-0.800 Y-1.468
G1 X-0.800 Y-0.082
G1 X-0.800 Y0.521
G1 X-0.800 Y0.437
G1 X-0.800 Y0.045
G1 X-0.800 Y-0.351
G1 X-0.800 Y-0.514
G1 X-0.800 Y-0.220
G1 X-0.800 Y0.598
G1 X-0.800 Y1.616
G1 X-0.800 Y2.174
G1 X-0.800 Y1.785
G1 X-0.800 Y0.618
G1 X-0.800 Y-0.641
G1 X-0.800 Y-1.384
G1 X-0.800 Y-1.486
G1 X-0.800 Y-1.185
G1 X-0.800 Y-0.774
G1 X-0.800 Y-0.430
G1 X-0.800 Y-0.191
G1 X-0.800 Y-0.028
G1 X-0.800 Y0.090
G1 X-0.800 Y0.186
G1 X-0.800 Y0.253
G1 X-0.800 Y0.274
G1 X-0.800 Y0.236
G1 X-0.800 Y0.135
G1 X-0.800 Y-0.021
G1 X-0.800 Y-0.206
G1 X-0.800 Y-0.389
G1 X-0.800 Y-0.509
G1 X-0.800 Y-0.487
G1 X-0.800 Y-0.241
G1 X-0.800 Y0.254
G1 X-0.800 Y0.899
G1 X-0.800 Y1.463
G1 X-0.800 Y1.682
G1 X-0.800 Y1.441
G1 X-0.800 Y0.853
G1 X-0.800 Y0.201
G1 X-0.800 Y-0.262
G1 X-0.800 Y-0.427
G1 X-0.800 Y-0.328
G1 X-0.800 Y-0.071
G1 X-0.800 Y0.232
G1 X-0.800 Y0.446
G1 X-0.800 Y0.382
G1 X-0.800 Y-0.166
G1 X-0.800 Y-1.219
G1 X-0.800 Y-2.277
G1 X-0.800 Y-2.335
G1 X-0.800 Y-0.713
G1 X-0.800 Y1.790
G1 X-0.800 Y3.077
G1 X-0.800 Y1.829
G1 X-0.800 Y-0.861
G1 X-0.800 Y-2.653
G1 X-0.800 Y-2.397
G1 X-0.800 Y-0.841
G1 X-0.800 Y0.646
G1 X-0.800 Y1.347
G1 X-0.800 Y1.336
G1 X-0.800 Y0.984
G1 X-0.800 Y0.582
G1 X-0.800 Y0.243
G1 X-0.800 Y-0.027
G1 X-0.800 Y-0.259
G1 X-0.800 Y-0.463
G1 X-0.800 Y-0.629
G1 X-0.800 Y-0.724
G1 X-0.800 Y-0.729
G1 X-0.800 Y-0.649
G1 X-0.800 Y-0.511
G1 X-0.800 Y-0.357
G1 X-0.800 Y-0.218
G1 X-0.800 Y-0.106
G1 X-0.800 Y-0.017
G1 X-0.800 Y0.063
G1 X-0.800 Y0.144
G1 X-0.800 Y0.226
G1 X-0.800 Y0.299
G1 X-0.800 Y0.343
G1 X-0.800 Y0.340
G1 X0.000 Y1.389
G1 X0.800 Y-0.331
G1 X0.800 Y-0.399
G1 X0.800 Y-0.418
G1 X0.800 Y-0.384
G1 X0.800 Y-0.305
G1 X0.800 Y-0.192
G1 X0.800 Y-0.059
G1 X0.800 Y0.088
G1 X0.800 Y0.241
G1 X0.800 Y0.393
G1 X0.800 Y0.523
G1 X0.800 Y0.611
G1 X0.800 Y0.630
G1 X0.800 Y0.574
G1 X0.800 Y0.458
G1 X0.800 Y0.312
G1 X0.800 Y0.169
G1 X0.800 Y0.042
G1 X0.800 Y-0.099
G1 X0.800 Y-0.309
G1 X0.800 Y-0.658
G1 X0.800 Y-1.157
G1 X0.800 Y-1.646
G1 X0.800 Y-1.707
G1 X0.800 Y-0.830
G1 X0.800 Y1.009
G1 X0.800 Y2.723
G1 X0.800 Y2.594
G1 X0.800 Y0.144
G1 X0.800 Y-2.624
G1 X0.800 Y-3.016
G1 X0.800 Y-0.729
G1 X0.800 Y1.902
G1 X0.800 Y2.733
G1 X0.800 Y1.748
G1 X0.800 Y0.257
G1 X0.800 Y-0.701
G1 X0.800 Y-0.931
G1 X0.800 Y-0.697
G1 X0.800 Y-0.284
G1 X0.800 Y0.157
G1 X0.800 Y0.553
G1 X0.800 Y0.814
G1 X0.800 Y0.792
G1 X0.800 Y0.356
G1 X0.800 Y-0.467
G1 X0.800 Y-1.378
G1 X0.800 Y-1.920
G1 X0.800 Y-1.789
G1 X0.800 Y-1.063
G1 X0.800 Y-0.126
G1 X0.800 Y0.611
G1 X0.800 Y0.961
G1 X0.800 Y0.961
G1 X0.800 Y0.757
G1 X0.800 Y0.487
G1 X0.800 Y0.222
G1 X0.800 Y-0.008
G1 X0.800 Y-0.194
G1 X0.800 Y-0.330
G1 X0.800 Y-0.403
G1 X0.800 Y-0.404
G1 X0.800 Y-0.332
G1 X0.800 Y-0.199
G1 X0.800 Y-0.016
G1 X0.800 Y0.214
G1 X0.800 Y0.494
G1 X0.800 Y0.806
G1 X0.800 Y1.072
G1 X0.800 Y1.129
G1 X0.800 Y0.791
G1 X0.800 Y0.008
G1 X0.800 Y-0.979
G1 X0.800 Y-1.701
G1 X0.800 Y-1.803
G1 X0.800 Y-1.335
G1 X0.800 Y-0.673
G1 X0.800 Y-0.186
G1 X0.800 Y0.001
G1 X0.800 Y-0.005
G1 X0.800 Y0.040
G1 X0.800 Y0.428
G1 X0.800 Y1.306
G1 X0.800 Y2.282
G1 X0.800 Y2.232
G1 X0.800 Y0.284
G1 X0.800 Y-2.419
G1 X0.800 Y-3.141
G1 X0.800 Y-0.956
G1 X0.800 Y1.811
G1 X0.800 Y2.695
G1 X0.800 Y1.756
G1 X0.800 Y0.479
G1 X0.800 Y-0.195
G1 X0.800 Y-0.242
G1 X0.800 Y0.005
G1 X0.800 Y0.231
G1 X0.800 Y0.198
G1 X0.800 Y-0.229
G1 X0.800 Y-0.950
G1 X0.800 Y-1.602
G1 X0.800 Y-1.783
G1 X0.800 Y-1.397
G1 X0.800 Y-0.714
G1 X0.800 Y-0.103
G1 X0.800 Y0.238
G1 X0.800 Y0.316
G1 X0.800 Y0.239
G1 X0.800 Y0.115
G1 X0.800 Y0.016
G1 X0.800 Y-0.025
G1 X0.800 Y0.001
G1 X0.800 Y0.095
G1 X0.800 Y0.263
G1 X0.800 Y0.532
G1 X0.800 Y0.901
G1 X0.800 Y1.289
G1 X0.800 Y1.463
G1 X0.800 Y1.113
G1 X0.800 Y0.124
G1 X0.800 Y-1.138
G1 X0.800 Y-1.975
G1 X0.800 Y-1.940
G1 X0.800 Y-1.229
G1 X0.800 Y-0.409
G1 X0.800 Y0.097
G1 X0.800 Y0.214
G1 X0.800 Y0.087
G1 X0.800 Y-0.100
G1 X0.800 Y-0.197
G1 X0.800 Y-0.109
G1 X0.800 Y0.164
G1 X0.800 Y0.510
G1 X0.800 Y0.765
G1 X0.800 Y0.813
G1 X0.800 Y0.658
G1 X0.800 Y0.375
G1 X0.800 Y0.045
G1 X0.800 Y-0.284
G1 X0.800 Y-0.566
G1 X0.800 Y-0.740
G1 X0.800 Y-0.744
G1 X0.800 Y-0.575
G1 X0.800 Y-0.317
G1 X0.800 Y-0.099
G1 X0.800 Y0.000
G1 X0.800 Y-0.002
G1 X0.800 Y0.011
G1 X0.800 Y0.204
G1 X0.800 Y0.707
G1 X0.800 Y1.445
G1 X0.800 Y1.997
G1 X0.800 Y1.784
G1 X0.800 Y0.645
G1 X0.800 Y-0.833
G1 X0.800 Y-1.781
G1 X0.800 Y-1.838
G1 X0.800 Y-1.304
G1 X0.800 Y-0.683
G1 X0.800 Y-0.264
G1 X0.800 Y-0.070
G1 X0.800 Y-0.007
G1 X0.800 Y0.023
G1 X0.800 Y0.076
G1 X0.800 Y0.145
G1 X0.800 Y0.202
G1 X0.800 Y0.208
G1 X0.800 Y0.153
G1 X0.800 Y0.052
G1 X0.800 Y-0.060
G1 X0.800 Y-0.150
G1 X0.800 Y-0.189
G1 X0.800 Y-0.174
G1 X0.800 Y-0.123
G1 X0.800 Y-0.061
G1 X0.800 Y-0.002
G1 X0.800 Y0.076
G1 X0.800 Y0.229
G1 X0.800 Y0.520
G1 X0.800 Y0.949
G1 X0.000 Y-0.320
G1 X-0.800 Y-0.807
G1 X-0.800 Y-0.496
G1 X-0.800 Y-0.241
G1 X-0.800 Y-0.049
G1 X-0.800 Y0.090
G1 X-0.800 Y0.182
G1 X-0.800 Y0.216
G1 X-0.800 Y0.181
G1 X-0.800 Y0.078
G1 X-0.800 Y-0.076
G1 X-0.800 Y-0.248
G1 X-0.800 Y-0.393
G1 X-0.800 Y-0.459
G1 X-0.800 Y-0.413
G1 X-0.800 Y-0.263
G1 X-0.800 Y-0.071
G1 X-0.800 Y0.068
G1 X-0.800 Y0.096
G1 X-0.800 Y0.016
G1 X-0.800 Y-0.092
G1 X-0.800 Y-0.089
G1 X-0.800 Y0.195
G1 X-0.800 Y0.843
G1 X-0.800 Y1.653
G1 X-0.800 Y2.089
G1 X-0.800 Y1.623
G1 X-0.800 Y0.343
G1 X-0.800 Y-1.001
G1 X-0.800 Y-1.675
G1 X-0.800 Y-1.572
G1 X-0.800 Y-1.070
G1 X-0.800 Y-0.566
G1 X-0.800 Y-0.206
G1 X-0.800 Y0.041
G1 X-0.800 Y0.261
G1 X-0.800 Y0.486
G1 X-0.800 Y0.678
G1 X-0.800 Y0.760
G1 X-0.800 Y0.694
G1 X-0.800 Y0.497
G1 X-0.800 Y0.226
G1 X-0.800 Y-0.083
G1 X-0.800 Y-0.410
G1 X-0.800 Y-0.727
G1 X-0.800 Y-0.955
G1 X-0.800 Y-0.983
G1 X-0.800 Y-0.756
G1 X-0.800 Y-0.357
G1 X-0.800 Y0.025
G1 X-0.800 Y0.222
G1 X-0.800 Y0.187
G1 X-0.800 Y-0.003
G1 X-0.800 Y-0.204
G1 X-0.800 Y-0.231
G1 X-0.800 Y0.106
G1 X-0.800 Y0.852
G1 X-0.800 Y1.714
G1 X-0.800 Y2.099
G1 X-0.800 Y1.587
G1 X-0.800 Y0.390
G1 X-0.800 Y-0.787
G1 X-0.800 Y-1.397
G1 X-0.800 Y-1.388
G1 X-0.800 Y-1.049
G1 X-0.800 Y-0.659
G1 X-0.800 Y-0.355
G1 X-0.800 Y-0.155
G1 X-0.800 Y-0.042
G1 X-0.800 Y-0.002
G1 X-0.800 Y-0.031
G1 X-0.800 Y-0.120
G1 X-0.800 Y-0.236
G1 X-0.800 Y-0.309
G1 X-0.800 Y-0.228
G1 X-0.800 Y0.123
G1 X-0.800 Y0.757
G1 X-0.800 Y1.467
G1 X-0.800 Y1.855
G1 X-0.800 Y1.617
G1 X-0.800 Y0.860
G1 X-0.800 Y0.040
G1 X-0.800 Y-0.424
G1 X-0.800 Y-0.429
G1 X-0.800 Y-0.118
G1 X-0.800 Y0.287
G1 X-0.800 Y0.518
G1 X-0.800 Y0.213
G1 X-0.800 Y-0.885
G1 X-0.800 Y-2.327
G1 X-0.800 Y-2.671
G1 X-0.800 Y-0.830
G1 X-0.800 Y1.987
G1 X-0.800 Y3.093
G1 X-0.800 Y1.618
G1 X-0.800 Y-0.655
G1 X-0.800 Y-1.849
G1 X-0.800 Y-1.743
G1 X-0.800 Y-1.091
G1 X-0.800 Y-0.488
G1 X-0.800 Y-0.065
G1 X-0.800 Y0.293
G1 X-0.800 Y0.706
G1 X-0.800 Y1.150
G1 X-0.800 Y1.442
G1 X-0.800 Y1.354
G1 X-0.800 Y0.836
G1 X-0.800 Y0.092
G1 X-0.800 Y-0.550
G1 X-0.800 Y-0.876
G1 X-0.800 Y-0.877
G1 X-0.800 Y-0.673
G1 X-0.800 Y-0.390
G1 X-0.800 Y-0.105
G1 X-0.800 Y0.146
G1 X-0.800 Y0.350
G1 X-0.800 Y0.485
G1 X-0.800 Y0.534
G1 X-0.800 Y0.495
G1 X-0.800 Y0.391
G1 X-0.800 Y0.251
G1 X-0.800 Y0.100
G1 X-0.800 Y-0.061
G1 X-0.800 Y-0.264
G1 X-0.800 Y-0.549
G1 X-0.800 Y-0.919
G1 X-0.800 Y-1.291
G1 X-0.800 Y-1.462
G1 X-0.800 Y-1.163
G1 X-0.800 Y-0.279
G1 X-0.800 Y0.950
G1 X-0.800 Y1.931
G1 X-0.800 Y2.115
G1 X-0.800 Y1.424
G1 X-0.800 Y0.316
G1 X-0.800 Y-0.611
G1 X-0.800 Y-1.030
G1 X-0.800 Y-0.970
G1 X-0.800 Y-0.637
G1 X-0.800 Y-0.199
G1 X-0.800 Y0.270
G1 X-0.800 Y0.737
G1 X-0.800 Y1.093
G1 X-0.800 Y1.053
G1 X-0.800 Y0.259
G1 X-0.800 Y-1.284
G1 X-0.800 Y-2.674
G1 X-0.800 Y-2.401
G1 X-0.800 Y0.015
G1 X-0.800 Y2.725
G1 X-0.800 Y3.002
G1 X-0.800 Y0.462
G1 X-0.800 Y-2.339
G1 X-0.800 Y-2.917
G1 X-0.800 Y-1.318
G1 X-0.800 Y0.695
G1 X-0.800 Y1.772
G1 X-0.800 Y1.781
G1 X-0.800 Y1.258
G1 X-0.800 Y0.700
G1 X-0.800 Y0.317
G1 X-0.800 Y0.112
G1 X-0.800 Y0.008
G1 X-0.800 Y-0.072
G1 X-0.800 Y-0.172
G1 X-0.800 Y-0.300
G1 X-0.800 Y-0.432
G1 X-0.800 Y-0.532
G1 X-0.800 Y-0.570
G1 X-0.800 Y-0.536
G1 X-0.800 Y-0.442
G1 X-0.800 Y-0.307
G1 X-0.800 Y-0.155
G1 X-0.800 Y-0.002
G1 X-0.800 Y0.142
G1 X-0.800 Y0.267
G1 X-0.800 Y0.359
G1 X-0.800 Y0.407
G1 X-0.800 Y0.406
G1 X-0.800 Y0.357
G1 X-0.800 Y0.271
G1 X0.000 Y-2.050
G1 X0.800 Y-0.291
G1 X0.800 Y-0.385
G1 X0.800 Y-0.437
G1 X0.800 Y-0.439
G1 X0.800 Y-0.393
G1 X0.800 Y-0.307
G1 X0.800 Y-0.195
G1 X0.800 Y-0.067
G1 X0.800 Y0.072
G1 X0.800 Y0.217
G1 X0.800 Y0.368
G1 X0.800 Y0.507
G1 X0.800 Y0.615
G1 X0.800 Y0.663
G1 X0.800 Y0.636
G1 X0.800 Y0.540
G1 X0.800 Y0.399
G1 X0.800 Y0.247
G1 X0.800 Y0.109
G1 X0.800 Y-0.025
G1 X0.800 Y-0.195
G1 X0.800 Y-0.462
G1 X0.800 Y-0.878
G1 X0.800 Y-1.382
G1 X0.800 Y-1.717
G1 X0.800 Y-1.411
G1 X0.800 Y-0.110
G1 X0.800 Y1.800
G1 X0.800 Y2.919
G1 X0.800 Y1.855
G1 X0.800 Y-0.970
G1 X0.800 Y-3.085
G1 X0.800 Y-2.439
G1 X0.800 Y0.250
G1 X0.800 Y2.435
G1 X0.800 Y2.578
G1 X0.800 Y1.226
G1 X0.800 Y-0.237
G1 X0.800 Y-0.995
G1 X0.800 Y-1.043
G1 X0.800 Y-0.706
G1 X0.800 Y-0.249
G1 X0.800 Y0.216
G1 X0.800 Y0.650
G1 X0.800 Y0.967
G1 X0.800 Y0.978
G1 X0.800 Y0.477
G1 X0.800 Y-0.551
G1 X0.800 Y-1.699
G1 X0.800 Y-2.271
G1 X0.800 Y-1.790
G1 X0.800 Y-0.457
G1 X0.800 Y0.957
G1 X0.800 Y1.752
G1 X0.800 Y1.754
G1 X0.800 Y1.263
G1 X0.800 Y0.688
G1 X0.800 Y0.274
G1 X0.800 Y0.070
G1 X0.800 Y0.008
G1 X0.800 Y-0.008
G1 X0.800 Y-0.059
G1 X0.800 Y-0.179
G1 X0.800 Y-0.358
G1 X0.800 Y-0.540
G1 X0.800 Y-0.651
G1 X0.800 Y-0.645
G1 X0.800 Y-0.517
G1 X0.800 Y-0.299
G1 X0.800 Y-0.026
G1 X0.800 Y0.275
G1 X0.800 Y0.569
G1 X0.800 Y0.795
G1 X0.800 Y0.847
G1 X0.800 Y0.630
G1 X0.800 Y0.152
G1 X0.800 Y-0.424
G1 X0.800 Y-0.854
G1 X0.800 Y-0.972
G1 X0.800 Y-0.788
G1 X0.800 Y-0.412
G1 X0.800 Y0.059
G1 X0.800 Y0.576
G1 X0.800 Y1.053
G1 X0.800 Y1.206
G1 X0.800 Y0.569
G1 X0.800 Y-1.002
G1 X0.800 Y-2.600
G1 X0.800 Y-2.578
G1 X0.800 Y-0.463
G1 X0.800 Y1.986
G1 X0.800 Y2.715
G1 X0.800 Y1.661
G1 X0.800 Y0.235
G1 X0.800 Y-0.525
G1 X0.800 Y-0.545
G1 X0.800 Y-0.174
G1 X0.800 Y0.268
G1 X0.800 Y0.546
G1 X0.800 Y0.442
G1 X0.800 Y-0.160
G1 X0.800 Y-1.073
G1 X0.800 Y-1.787
G1 X0.800 Y-1.865
G1 X0.800 Y-1.313
G1 X0.800 Y-0.535
G1 X0.800 Y0.063
G1 X0.800 Y0.337
G1 X0.800 Y0.346
G1 X0.800 Y0.231
G1 X0.800 Y0.097
G1 X0.800 Y0.008
G1 X0.800 Y-0.008
G1 X0.800 Y0.050
G1 X0.800 Y0.187
G1 X0.800 Y0.415
G1 X0.800 Y0.745
G1 X0.800 Y1.134
G1 X0.800 Y1.406
G1 X0.800 Y1.266
G1 X0.800 Y0.490
G1 X0.800 Y-0.737
G1 X0.800 Y-1.780
G1 X0.800 Y-2.039
G1 X0.800 Y-1.497
G1 X0.800 Y-0.664
G1 X0.800 Y-0.054
G1 X0.800 Y0.160
G1 X0.800 Y0.083
G1 X0.800 Y-0.082
G1 X0.800 Y-0.152
G1 X0.800 Y0.001
G1 X0.800 Y0.388
G1 X0.800 Y0.866
G1 X0.800 Y1.199
G1 X0.800 Y1.235
G1 X0.800 Y1.004
G1 X0.800 Y0.660
G1 X0.800 Y0.336
G1 X0.800 Y0.074
G1 X0.800 Y-0.150
G1 X0.800 Y-0.360
G1 X0.800 Y-0.543
G1 X0.800 Y-0.646
G1 X0.800 Y-0.621
G1 X0.800 Y-0.459
G1 X0.800 Y-0.190
G1 X0.800 Y0.152
G1 X0.800 Y0.552
G1 X0.800 Y0.949
G1 X0.800 Y1.174
G1 X0.800 Y0.947
G1 X0.800 Y0.101
G1 X0.800 Y-1.094
G1 X0.800 Y-1.966
G1 X0.800 Y-1.982
G1 X0.800 Y-1.266
G1 X0.800 Y-0.394
G1 X0.800 Y0.156
G1 X0.800 Y0.286
G1 X0.800 Y0.141
G1 X0.800 Y-0.088
G1 X0.800 Y-0.243
G1 X0.800 Y-0.219
G1 X0.800 Y0.009
G1 X0.800 Y0.359
G1 X0.800 Y0.677
G1 X0.800 Y0.830
G1 X0.800 Y0.786
G1 X0.800 Y0.599
G1 X0.800 Y0.358
G1 X0.800 Y0.120
G1 X0.800 Y-0.077
G1 X0.800 Y-0.216
G1 X0.800 Y-0.278
G1 X0.800 Y-0.255
G1 X0.800 Y-0.152
G1 X0.800 Y0.019
G1 X0.800 Y0.240
G1 X0.800 Y0.493
G1 X0.000 Y-0.614
G1 X-0.800 Y-0.131
G1 X-0.800 Y0.092
G1 X-0.800 Y0.267
G1 X-0.800 Y0.364
G1 X-0.800 Y0.372
G1 X-0.800 Y0.298
G1 X-0.800 Y0.167
G1 X-0.800 Y-0.006
G1 X-0.800 Y-0.221
G1 X-0.800 Y-0.493
G1 X-0.800 Y-0.813
G1 X-0.800 Y-1.100
G1 X-0.800 Y-1.210
G1 X-0.800 Y-1.029
G1 X-0.800 Y-0.586
G1 X-0.800 Y-0.082
G1 X-0.800 Y0.255
G1 X-0.800 Y0.316
G1 X-0.800 Y0.148
G1 X-0.800 Y-0.123
G1 X-0.800 Y-0.327
G1 X-0.800 Y-0.276
G1 X-0.800 Y0.180
G1 X-0.800 Y0.982
G1 X-0.800 Y1.734
G1 X-0.800 Y1.933
G1 X-0.800 Y1.417
G1 X-0.800 Y0.532
G1 X-0.800 Y-0.206
G1 X-0.800 Y-0.528
G1 X-0.800 Y-0.480
G1 X-0.800 Y-0.238
G1 X-0.800 Y0.044
G1 X-0.800 Y0.265
G1 X-0.800 Y0.371
G1 X-0.800 Y0.348
G1 X-0.800 Y0.242
G1 X-0.800 Y0.120
G1 X-0.800 Y0.037
G1 X-0.800 Y-0.011
G1 X-0.800 Y-0.089
G1 X-0.800 Y-0.286
G1 X-0.800 Y-0.644
G1 X-0.800 Y-1.091
G1 X-0.800 Y-1.421
G1 X-0.800 Y-1.424
G1 X-0.800 Y-1.071
G1 X-0.800 Y-0.564
G1 X-0.800 Y-0.162
G1 X-0.800 Y0.010
G1 X-0.800 Y0.003
G1 X-0.800 Y-0.017
G1 X-0.800 Y0.148
G1 X-0.800 Y0.632
G1 X-0.800 Y1.350
G1 X-0.800 Y1.902
G1 X-0.800 Y1.796
G1 X-0.800 Y0.926
G1 X-0.800 Y-0.248
G1 X-0.800 Y-1.099
G1 X-0.800 Y-1.355
G1 X-0.800 Y-1.157
G1 X-0.800 Y-0.788
G1 X-0.800 Y-0.443
G1 X-0.800 Y-0.187
G1 X-0.800 Y-0.022
G1 X-0.800 Y0.063
G1 X-0.800 Y0.062
G1 X-0.800 Y-0.027
G1 X-0.800 Y-0.190
G1 X-0.800 Y-0.381
G1 X-0.800 Y-0.504
G1 X-0.800 Y-0.414
G1 X-0.800 Y0.033
G1 X-0.800 Y0.823
G1 X-0.800 Y1.641
G1 X-0.800 Y1.977
G1 X-0.800 Y1.564
G1 X-0.800 Y0.670
G1 X-0.800 Y-0.138
G1 X-0.800 Y-0.485
G1 X-0.800 Y-0.373
G1 X-0.800 Y-0.001
G1 X-0.800 Y0.387
G1 X-0.800 Y0.510
G1 X-0.800 Y0.034
G1 X-0.800 Y-1.142
G1 X-0.800 Y-2.377
G1 X-0.800 Y-2.418
G1 X-0.800 Y-0.724
G1 X-0.800 Y1.520
G1 X-0.800 Y2.557
G1 X-0.800 Y1.961
G1 X-0.800 Y0.704
G1 X-0.800 Y-0.202
G1 X-0.800 Y-0.473
G1 X-0.800 Y-0.310
G1 X-0.800 Y0.012
G1 X-0.800 Y0.296
G1 X-0.800 Y0.407
G1 X-0.800 Y0.266
G1 X-0.800 Y-0.100
G1 X-0.800 Y-0.544
G1 X-0.800 Y-0.867
G1 X-0.800 Y-0.948
G1 X-0.800 Y-0.803
G1 X-0.800 Y-0.526
G1 X-0.800 Y-0.205
G1 X-0.800 Y0.118
G1 X-0.800 Y0.427
G1 X-0.800 Y0.696
G1 X-0.800 Y0.863
G1 X-0.800 Y0.859
G1 X-0.800 Y0.663
G1 X-0.800 Y0.339
G1 X-0.800 Y0.018
G1 X-0.800 Y-0.185
G1 X-0.800 Y-0.217
G1 X-0.800 Y-0.106
G1 X-0.800 Y0.078
G1 X-0.800 Y0.227
G1 X-0.800 Y0.211
G1 X-0.800 Y-0.106
G1 X-0.800 Y-0.775
G1 X-0.800 Y-1.603
G1 X-0.800 Y-2.099
G1 X-0.800 Y-1.730
G1 X-0.800 Y-0.417
G1 X-0.800 Y1.203
G1 X-0.800 Y2.191
G1 X-0.800 Y2.068
G1 X-0.800 Y1.132
G1 X-0.800 Y0.075
G1 X-0.800 Y-0.593
G1 X-0.800 Y-0.760
G1 X-0.800 Y-0.568
G1 X-0.800 Y-0.204
G1 X-0.800 Y0.211
G1 X-0.800 Y0.586
G1 X-0.800 Y0.784
G1 X-0.800 Y0.579
G1 X-0.800 Y-0.232
G1 X-0.800 Y-1.504
G1 X-0.800 Y-2.489
G1 X-0.800 Y-2.135
G1 X-0.800 Y-0.144
G1 X-0.800 Y2.215
G1 X-0.800 Y2.956
G1 X-0.800 Y1.376
G1 X-0.800 Y-1.142
G1 X-0.800 Y-2.593
G1 X-0.800 Y-2.236
G1 X-0.800 Y-0.826
G1 X-0.800 Y0.508
G1 X-0.800 Y1.180
G1 X-0.800 Y1.231
G1 X-0.800 Y0.954
G1 X-0.800 Y0.595
G1 X-0.800 Y0.270
G1 X-0.800 Y-0.003
G1 X-0.800 Y-0.238
G1 X-0.800 Y-0.442
G1 X-0.800 Y-0.606
G1 X-0.800 Y-0.704
G1 X-0.800 Y-0.714
G1 X-0.800 Y-0.642
G1 X-0.800 Y-0.509
G1 X-0.800 Y-0.358
G1 X-0.800 Y-0.221
G1 X-0.800 Y-0.118
G1 X-0.800 Y-0.049
G1 X-0.800 Y-0.002
G1 X-0.800 Y0.040
G1 X-0.800 Y0.093
G1 X-0.800 Y0.156
G1 X-0.800 Y0.225
G1 X-0.800 Y0.282
G1 X-0.800 Y0.310
G1 X-0.800 Y0.295
G1 X-0.800 Y0.231
G1 X0.000 Y-2.914
G1 X0.800 Y0.039
G1 X0.800 Y0.082
G1 X0.800 Y0.136
G1 X0.800 Y0.194
G1 X0.800 Y0.236
G1 X0.800 Y0.248
G1 X0.800 Y0.220
G1 X0.800 Y0.151
G1 X0.800 Y0.051
G1 X0.800 Y-0.068
G1 X0.800 Y-0.186
G1 X0.800 Y-0.280
G1 X0.800 Y-0.327
G1 X0.800 Y-0.303
G1 X0.800 Y-0.200
G1 X0.800 Y-0.036
G1 X0.800 Y0.153
G1 X0.800 Y0.312
G1 X0.800 Y0.396
G1 X0.800 Y0.382
G1 X0.800 Y0.271
G1 X0.800 Y0.087
G1 X0.800 Y-0.140
G1 X0.800 Y-0.363
G1 X0.800 Y-0.512
G1 X0.800 Y-0.467
G1 X0.800 Y-0.093
G1 X0.800 Y0.665
G1 X0.800 Y1.612
G1 X0.800 Y2.219
G1 X0.800 Y1.841
G1 X0.800 Y0.311
G1 X0.800 Y-1.626
G1 X0.800 Y-2.665
G1 X0.800 Y-2.029
G1 X0.800 Y-0.199
G1 X0.800 Y1.535
G1 X0.800 Y2.215
G1 X0.800 Y1.808
G1 X0.800 Y0.918
G1 X0.800 Y0.143
G1 X0.800 Y-0.252
G1 X0.800 Y-0.290
G1 X0.800 Y-0.116
G1 X0.800 Y0.123
G1 X0.800 Y0.292
G1 X0.800 Y0.245
G1 X0.800 Y-0.149
G1 X0.800 Y-0.902
G1 X0.800 Y-1.744
G1 X0.800 Y-2.134
G1 X0.800 Y-1.574
G1 X0.800 Y-0.128
G1 X0.800 Y1.446
G1 X0.800 Y2.239
G1 X0.800 Y1.929
G1 X0.800 Y0.945
G1 X0.800 Y-0.028
G1 X0.800 Y-0.570
G1 X0.800 Y-0.647
G1 X0.800 Y-0.430
G1 X0.800 Y-0.089
G1 X0.800 Y0.259
G1 X0.800 Y0.521
G1 X0.800 Y0.603
G1 X0.800 Y0.416
G1 X0.800 Y-0.035
G1 X0.800 Y-0.602
G1 X0.800 Y-1.052
G1 X0.800 Y-1.213
G1 X0.800 Y-1.077
G1 X0.800 Y-0.770
G1 X0.800 Y-0.426
G1 X0.800 Y-0.109
G1 X0.800 Y0.187
G1 X0.800 Y0.497
G1 X0.800 Y0.807
G1 X0.800 Y1.039
G1 X0.800 Y1.084
G1 X0.800 Y0.898
G1 X0.800 Y0.557
G1 X0.800 Y0.229
G1 X0.800 Y0.038
G1 X0.800 Y-0.004
G1 X0.800 Y0.000
G1 X0.800 Y-0.139
G1 X0.800 Y-0.603
G1 X0.800 Y-1.398
G1 X0.800 Y-2.105
G1 X0.800 Y-1.951
G1 X0.800 Y-0.556
G1 X0.800 Y1.339
G1 X0.800 Y2.382
G1 X0.800 Y2.022
G1 X0.800 Y0.923
G1 X0.800 Y0.026
G1 X0.800 Y-0.287
G1 X0.800 Y-0.156
G1 X0.800 Y0.128
G1 X0.800 Y0.281
G1 X0.800 Y0.067
G1 X0.800 Y-0.604
G1 X0.800 Y-1.478
G1 X0.800 Y-1.996
G1 X0.800 Y-1.747
G1 X0.800 Y-0.874
G1 X0.800 Y0.072
G1 X0.800 Y0.646
G1 X0.800 Y0.767
G1 X0.800 Y0.597
G1 X0.800 Y0.325
G1 X0.800 Y0.070
G1 X0.800 Y-0.112
G1 X0.800 Y-0.193
G1 X0.800 Y-0.170
G1 X0.800 Y-0.050
G1 X0.800 Y0.152
G1 X0.800 Y0.437
G1 X0.800 Y0.787
G1 X0.800 Y1.118
G1 X0.800 Y1.236
G1 X0.800 Y0.897
G1 X0.800 Y0.037
G1 X0.800 Y-1.014
G1 X0.800 Y-1.705
G1 X0.800 Y-1.720
G1 X0.800 Y-1.227
G1 X0.800 Y-0.639
G1 X0.800 Y-0.237
G1 X0.800 Y-0.040
G1 X0.800 Y0.096
G1 X0.800 Y0.340
G1 X0.800 Y0.764
G1 X0.800 Y1.258
G1 X0.800 Y1.553
G1 X0.800 Y1.428
G1 X0.800 Y0.925
G1 X0.800 Y0.326
G1 X0.800 Y-0.093
G1 X0.800 Y-0.231
G1 X0.800 Y-0.158
G1 X0.800 Y0.004
G1 X0.800 Y0.141
G1 X0.800 Y0.187
G1 X0.800 Y0.131
G1 X0.800 Y0.019
G1 X0.800 Y-0.066
G1 X0.800 Y-0.069
G1 X0.800 Y0.005
G1 X0.800 Y0.084
G1 X0.800 Y0.049
G1 X0.800 Y-0.224
G1 X0.800 Y-0.757
G1 X0.800 Y-1.377
G1 X0.800 Y-1.726
G1 X0.800 Y-1.548
G1 X0.800 Y-0.926
G1 X0.800 Y-0.238
G1 X0.800 Y0.185
G1 X0.800 Y0.255
G1 X0.800 Y0.085
G1 X0.800 Y-0.146
G1 X0.800 Y-0.261
G1 X0.800 Y-0.114
G1 X0.800 Y0.334
G1 X0.800 Y0.934
G1 X0.800 Y1.387
G1 X0.800 Y1.464
G1 X0.800 Y1.184
G1 X0.800 Y0.755
G1 X0.800 Y0.383
G1 X0.800 Y0.149
G1 X0.800 Y0.018
G1 X0.800 Y-0.085
G1 X0.800 Y-0.204
G1 X0.800 Y-0.339
G1 X0.800 Y-0.444
G1 X0.800 Y-0.464
G1 X0.800 Y-0.377
G1 X0.800 Y-0.197
G1 X0.000 Y-1.032
G1 X-0.800 Y0.468
G1 X-0.800 Y0.573
G1 X-0.800 Y0.532
G1 X-0.800 Y0.369
G1 X-0.800 Y0.165
G1 X-0.800 Y0.018
G1 X-0.800 Y-0.026
G1 X-0.800 Y0.008
G1 X-0.800 Y0.022
G1 X-0.800 Y-0.105
G1 X-0.800 Y-0.459
G1 X-0.800 Y-0.992
G1 X-0.800 Y-1.472
G1 X-0.800 Y-1.606
G1 X-0.800 Y-1.283
G1 X-0.800 Y-0.700
G1 X-0.800 Y-0.183
G1 X-0.800 Y0.070
G1 X-0.800 Y0.070
G1 X-0.800 Y-0.043
G1 X-0.800 Y-0.090
G1 X-0.800 Y0.077
G1 X-0.800 Y0.503
G1 X-0.800 Y1.051
G1 X-0.800 Y1.443
G1 X-0.800 Y1.458
G1 X-0.800 Y1.126
G1 X-0.800 Y0.669
G1 X-0.800 Y0.301
G1 X-0.800 Y0.098
G1 X-0.800 Y0.006
G1 X-0.800 Y-0.063
G1 X-0.800 Y-0.174
G1 X-0.800 Y-0.328
G1 X-0.800 Y-0.457
G1 X-0.800 Y-0.485
G1 X-0.800 Y-0.374
G1 X-0.800 Y-0.137
G1 X-0.800 Y0.173
G1 X-0.800 Y0.483
G1 X-0.800 Y0.674
G1 X-0.800 Y0.590
G1 X-0.800 Y0.128
G1 X-0.800 Y-0.609
G1 X-0.800 Y-1.278
G1 X-0.800 Y-1.539
G1 X-0.800 Y-1.329
G1 X-0.800 Y-0.873
G1 X-0.800 Y-0.429
G1 X-0.800 Y-0.096
G1 X-0.800 Y0.197
G1 X-0.800 Y0.573
G1 X-0.800 Y1.063
G1 X-0.800 Y1.499
G1 X-0.800 Y1.562
G1 X-0.800 Y1.064
G1 X-0.800 Y0.183
G1 X-0.800 Y-0.632
G1 X-0.800 Y-1.040
G1 X-0.800 Y-1.014
G1 X-0.800 Y-0.736
G1 X-0.800 Y-0.392
G1 X-0.800 Y-0.082
G1 X-0.800 Y0.162
G1 X-0.800 Y0.318
G1 X-0.800 Y0.366
G1 X-0.800 Y0.298
G1 X-0.800 Y0.125
G1 X-0.800 Y-0.136
G1 X-0.800 Y-0.471
G1 X-0.800 Y-0.843
G1 X-0.800 Y-1.124
G1 X-0.800 Y-1.079
G1 X-0.800 Y-0.477
G1 X-0.800 Y0.596
G1 X-0.800 Y1.618
G1 X-0.800 Y1.982
G1 X-0.800 Y1.568
G1 X-0.800 Y0.812
G1 X-0.800 Y0.219
G1 X-0.800 Y-0.013
G1 X-0.800 Y0.002
G1 X-0.800 Y0.006
G1 X-0.800 Y-0.264
G1 X-0.800 Y-0.939
G1 X-0.800 Y-1.778
G1 X-0.800 Y-2.134
G1 X-0.800 Y-1.468
G1 X-0.800 Y-0.021
G1 X-0.800 Y1.290
G1 X-0.800 Y1.774
G1 X-0.800 Y1.488
G1 X-0.800 Y0.916
G1 X-0.800 Y0.424
G1 X-0.800 Y0.090
G1 X-0.800 Y-0.174
G1 X-0.800 Y-0.466
G1 X-0.800 Y-0.798
G1 X-0.800 Y-1.070
G1 X-0.800 Y-1.152
G1 X-0.800 Y-1.001
G1 X-0.800 Y-0.697
G1 X-0.800 Y-0.385
G1 X-0.800 Y-0.152
G1 X-0.800 Y0.012
G1 X-0.800 Y0.195
G1 X-0.800 Y0.493
G1 X-0.800 Y0.933
G1 X-0.800 Y1.386
G1 X-0.800 Y1.590
G1 X-0.800 Y1.313
G1 X-0.800 Y0.591
G1 X-0.800 Y-0.251
G1 X-0.800 Y-0.834
G1 X-0.800 Y-0.991
G1 X-0.800 Y-0.797
G1 X-0.800 Y-0.426
G1 X-0.800 Y0.007
G1 X-0.800 Y0.448
G1 X-0.800 Y0.844
G1 X-0.800 Y1.048
G1 X-0.800 Y0.823
G1 X-0.800 Y0.014
G1 X-0.800 Y-1.184
G1 X-0.800 Y-2.136
G1 X-0.800 Y-2.164
G1 X-0.800 Y-1.136
G1 X-0.800 Y0.349
G1 X-0.800 Y1.474
G1 X-0.800 Y1.814
G1 X-0.800 Y1.502
G1 X-0.800 Y0.939
G1 X-0.800 Y0.449
G1 X-0.800 Y0.158
G1 X-0.800 Y0.033
G1 X-0.800 Y-0.028
G1 X-0.800 Y-0.141
G1 X-0.800 Y-0.401
G1 X-0.800 Y-0.843
G1 X-0.800 Y-1.366
G1 X-0.800 Y-1.717
G1 X-0.800 Y-1.561
G1 X-0.800 Y-0.710
G1 X-0.800 Y0.625
G1 X-0.800 Y1.830
G1 X-0.800 Y2.251
G1 X-0.800 Y1.656
G1 X-0.800 Y0.410
G1 X-0.800 Y-0.821
G1 X-0.800 Y-1.530
G1 X-0.800 Y-1.614
G1 X-0.800 Y-1.281
G1 X-0.800 Y-0.818
G1 X-0.800 Y-0.428
G1 X-0.800 Y-0.180
G1 X-0.800 Y-0.057
G1 X-0.800 Y-0.003
G1 X-0.800 Y0.041
G1 X-0.800 Y0.118
G1 X-0.800 Y0.248
G1 X-0.800 Y0.419
G1 X-0.800 Y0.597
G1 X-0.800 Y0.737
G1 X-0.800 Y0.798
G1 X-0.800 Y0.771
G1 X-0.800 Y0.670
G1 X-0.800 Y0.526
G1 X-0.800 Y0.371
G1 X-0.800 Y0.227
G1 X-0.800 Y0.102
G1 X-0.800 Y-0.007
G1 X-0.800 Y-0.106
G1 X-0.800 Y-0.194
G1 X-0.800 Y-0.270
G1 X-0.800 Y-0.324
G1 X-0.800 Y-0.346
G1 X-0.800 Y-0.329
G1 X-0.800 Y-0.273
G1 X-0.800 Y-0.180
G1 X-0.800 Y-0.062
G1 X0.000 Y2.003
G1 X0.800 Y-0.017
G1 X0.800 Y0.001
G1 X0.800 Y0.017
G1 X0.800 Y0.017
G1 X0.800 Y0.000
G1 X0.800 Y-0.031
G1 X0.800 Y-0.061
G1 X0.800 Y-0.079
G1 X0.800 Y-0.075
G1 X0.800 Y-0.048
G1 X0.800 Y0.000
G1 X0.800 Y0.053
G1 X0.800 Y0.093
G1 X0.800 Y0.098
G1 X0.800 Y0.053
G1 X0.800 Y-0.053
G1 X0.800 Y-0.209
G1 X0.800 Y-0.388
G1 X0.800 Y-0.550
G1 X0.800 Y-0.653
G1 X0.800 Y-0.676
G1 X0.800 Y-0.613
G1 X0.800 Y-0.484
G1 X0.800 Y-0.312
G1 X0.800 Y-0.117
G1 X0.800 Y0.096
G1 X0.800 Y0.323
G1 X0.800 Y0.557
G1 X0.800 Y0.767
G1 X0.800 Y0.892
G1 X0.800 Y0.837
G1 X0.800 Y0.524
G1 X0.800 Y-0.059
G1 X0.800 Y-0.795
G1 X0.800 Y-1.446
G1 X0.800 Y-1.753
G1 X0.800 Y-1.566
G1 X0.800 Y-0.945
G1 X0.800 Y-0.130
G1 X0.800 Y0.590
G1 X0.800 Y1.021
G1 X0.800 Y1.123
G1 X0.800 Y0.979
G1 X0.800 Y0.711
G1 X0.800 Y0.415
G1 X0.800 Y0.129
G1 X0.800 Y-0.155
G1 X0.800 Y-0.466
G1 X0.800 Y-0.812
G1 X0.800 Y-1.133
G1 X0.800 Y-1.259
G1 X0.800 Y-0.971
G1 X0.800 Y-0.146
G1 X0.800 Y1.022
G1 X0.800 Y1.980
G1 X0.800 Y2.139
G1 X0.800 Y1.364
G1 X0.800 Y0.121
G1 X0.800 Y-0.902
G1 X0.800 Y-1.320
G1 X0.800 Y-1.188
G1 X0.800 Y-0.784
G1 X0.800 Y-0.327
G1 X0.800 Y0.117
G1 X0.800 Y0.570
G1 X0.800 Y1.021
G1 X0.800 Y1.315
G1 X0.800 Y1.173
G1 X0.800 Y0.418
G1 X0.800 Y-0.735
G1 X0.800 Y-1.694
G1 X0.800 Y-1.942
G1 X0.800 Y-1.483
G1 X0.800 Y-0.753
G1 X0.800 Y-0.185
G1 X0.800 Y0.058
G1 X0.800 Y0.049
G1 X0.800 Y-0.043
G1 X0.800 Y-0.063
G1 X0.800 Y0.094
G1 X0.800 Y0.428
G1 X0.800 Y0.811
G1 X0.800 Y1.054
G1 X0.800 Y1.040
G1 X0.800 Y0.799
G1 X0.800 Y0.440
G1 X0.800 Y0.048
G1 X0.800 Y-0.375
G1 X0.800 Y-0.838
G1 X0.800 Y-1.247
G1 X0.800 Y-1.343
G1 X0.800 Y-0.846
G1 X0.800 Y0.198
G1 X0.800 Y1.272
G1 X0.800 Y1.777
G1 X0.800 Y1.569
G1 X0.800 Y0.994
G1 X0.800 Y0.460
G1 X0.800 Y0.115
G1 X0.800 Y-0.146
G1 X0.800 Y-0.516
G1 X0.800 Y-1.080
G1 X0.800 Y-1.656
G1 X0.800 Y-1.789
G1 X0.800 Y-1.138
G1 X0.800 Y0.077
G1 X0.800 Y1.168
G1 X0.800 Y1.603
G1 X0.800 Y1.403
G1 X0.800 Y0.931
G1 X0.800 Y0.484
G1 X0.800 Y0.164
G1 X0.800 Y-0.067
G1 X0.800 Y-0.256
G1 X0.800 Y-0.408
G1 X0.800 Y-0.484
G1 X0.800 Y-0.443
G1 X0.800 Y-0.277
G1 X0.800 Y-0.013
G1 X0.800 Y0.310
G1 X0.800 Y0.626
G1 X0.800 Y0.825
G1 X0.800 Y0.744
G1 X0.800 Y0.285
G1 X0.800 Y-0.448
G1 X0.800 Y-1.117
G1 X0.800 Y-1.403
G1 X0.800 Y-1.243
G1 X0.800 Y-0.835
G1 X0.800 Y-0.395
G1 X0.800 Y-0.001
G1 X0.800 Y0.398
G1 X0.800 Y0.852
G1 X0.800 Y1.281
G1 X0.800 Y1.445
G1 X0.800 Y1.115
G1 X0.800 Y0.348
G1 X0.800 Y-0.481
G1 X0.800 Y-0.978
G1 X0.800 Y-1.021
G1 X0.800 Y-0.755
G1 X0.800 Y-0.373
G1 X0.800 Y0.011
G1 X0.800 Y0.346
G1 X0.800 Y0.599
G1 X0.800 Y0.719
G1 X0.800 Y0.681
G1 X0.800 Y0.517
G1 X0.800 Y0.310
G1 X0.800 Y0.133
G1 X0.800 Y-0.011
G1 X0.800 Y-0.174
G1 X0.800 Y-0.423
G1 X0.800 Y-0.773
G1 X0.800 Y-1.123
G1 X0.800 Y-1.303
G1 X0.800 Y-1.193
G1 X0.800 Y-0.843
G1 X0.800 Y-0.444
G1 X0.800 Y-0.160
G1 X0.800 Y-0.031
G1 X0.800 Y0.034
G1 X0.800 Y0.179
G1 X0.800 Y0.516
G1 X0.800 Y1.019
G1 X0.800 Y1.472
G1 X0.800 Y1.583
G1 X0.800 Y1.239
G1 X0.800 Y0.630
G1 X0.800 Y0.086
G1 X0.800 Y-0.184
G1 X0.800 Y-0.179
G1 X0.800 Y-0.023
G1 X0.800 Y0.142
G1 X0.800 Y0.191
G1 X0.800 Y0.064
G1 X0.800 Y-0.214
G1 X0.800 Y-0.517
G1 X0.800 Y-0.702
G1 X0.800 Y-0.689
G1 X0.000 Y-1.320
G1 X-0.800 Y0.870
G1 X-0.800 Y0.800
G1 X-0.800 Y0.487
G1 X-0.800 Y0.069
G1 X-0.800 Y-0.256
G1 X-0.800 Y-0.356
G1 X-0.800 Y-0.235
G1 X-0.800 Y0.017
G1 X-0.800 Y0.269
G1 X-0.800 Y0.376
G1 X-0.800 Y0.207
G1 X-0.800 Y-0.273
G1 X-0.800 Y-0.895
G1 X-0.800 Y-1.351
G1 X-0.800 Y-1.419
G1 X-0.800 Y-1.132
G1 X-0.800 Y-0.708
G1 X-0.800 Y-0.335
G1 X-0.800 Y-0.060
G1 X-0.800 Y0.182
G1 X-0.800 Y0.464
G1 X-0.800 Y0.790
G1 X-0.800 Y1.062
G1 X-0.800 Y1.150
G1 X-0.800 Y1.001
G1 X-0.800 Y0.702
G1 X-0.800 Y0.391
G1 X-0.800 Y0.162
G1 X-0.800 Y0.010
G1 X-0.800 Y-0.130
G1 X-0.800 Y-0.323
G1 X-0.800 Y-0.569
G1 X-0.800 Y-0.793
G1 X-0.800 Y-0.890
G1 X-0.800 Y-0.804
G1 X-0.800 Y-0.564
G1 X-0.800 Y-0.243
G1 X-0.800 Y0.121
G1 X-0.800 Y0.526
G1 X-0.800 Y0.942
G1 X-0.800 Y1.232
G1 X-0.800 Y1.159
G1 X-0.800 Y0.583
G1 X-0.800 Y-0.317
G1 X-0.800 Y-1.083
G1 X-0.800 Y-1.367
G1 X-0.800 Y-1.171
G1 X-0.800 Y-0.740
G1 X-0.800 Y-0.286
G1 X-0.800 Y0.138
G1 X-0.800 Y0.559
G1 X-0.800 Y0.965
G1 X-0.800 Y1.228
G1 X-0.800 Y1.170
G1 X-0.800 Y0.749
G1 X-0.800 Y0.150
G1 X-0.800 Y-0.335
G1 X-0.800 Y-0.529
G1 X-0.800 Y-0.445
G1 X-0.800 Y-0.198
G1 X-0.800 Y0.086
G1 X-0.800 Y0.315
G1 X-0.800 Y0.420
G1 X-0.800 Y0.381
G1 X-0.800 Y0.236
G1 X-0.800 Y0.082
G1 X-0.800 Y-0.002
G1 X-0.800 Y-0.001
G1 X-0.800 Y0.003
G1 X-0.800 Y-0.132
G1 X-0.800 Y-0.551
G1 X-0.800 Y-1.236
G1 X-0.800 Y-1.862
G1 X-0.800 Y-1.889
G1 X-0.800 Y-1.058
G1 X-0.800 Y0.223
G1 X-0.800 Y1.195
G1 X-0.800 Y1.443
G1 X-0.800 Y1.129
G1 X-0.800 Y0.612
G1 X-0.800 Y0.106
G1 X-0.800 Y-0.374
G1 X-0.800 Y-0.853
G1 X-0.800 Y-1.235
G1 X-0.800 Y-1.295
G1 X-0.800 Y-0.867
G1 X-0.800 Y-0.084
G1 X-0.800 Y0.655
G1 X-0.800 Y1.011
G1 X-0.800 Y0.936
G1 X-0.800 Y0.596
G1 X-0.800 Y0.163
G1 X-0.800 Y-0.270
G1 X-0.800 Y-0.655
G1 X-0.800 Y-0.902
G1 X-0.800 Y-0.894
G1 X-0.800 Y-0.586
G1 X-0.800 Y-0.100
G1 X-0.800 Y0.323
G1 X-0.800 Y0.494
G1 X-0.800 Y0.384
G1 X-0.800 Y0.084
G1 X-0.800 Y-0.276
G1 X-0.800 Y-0.529
G1 X-0.800 Y-0.456
G1 X-0.800 Y0.147
G1 X-0.800 Y1.197
G1 X-0.800 Y2.122
G1 X-0.800 Y2.155
G1 X-0.800 Y1.096
G1 X-0.800 Y-0.391
G1 X-0.800 Y-1.400
G1 X-0.800 Y-1.583
G1 X-0.800 Y-1.206
G1 X-0.800 Y-0.683
G1 X-0.800 Y-0.228
G1 X-0.800 Y0.164
G1 X-0.800 Y0.580
G1 X-0.800 Y1.046
G1 X-0.800 Y1.424
G1 X-0.800 Y1.428
G1 X-0.800 Y0.835
G1 X-0.800 Y-0.254
G1 X-0.800 Y-1.358
G1 X-0.800 Y-1.932
G1 X-0.800 Y-1.771
G1 X-0.800 Y-1.100
G1 X-0.800 Y-0.334
G1 X-0.800 Y0.220
G1 X-0.800 Y0.469
G1 X-0.800 Y0.468
G1 X-0.800 Y0.319
G1 X-0.800 Y0.110
G1 X-0.800 Y-0.105
G1 X-0.800 Y-0.285
G1 X-0.800 Y-0.400
G1 X-0.800 Y-0.415
G1 X-0.800 Y-0.304
G1 X-0.800 Y-0.063
G1 X-0.800 Y0.280
G1 X-0.800 Y0.661
G1 X-0.800 Y0.990
G1 X-0.800 Y1.188
G1 X-0.800 Y1.208
G1 X-0.800 Y1.054
G1 X-0.800 Y0.778
G1 X-0.800 Y0.457
G1 X-0.800 Y0.166
G1 X-0.800 Y-0.049
G1 X-0.800 Y-0.164
G1 X-0.800 Y-0.189
G1 X-0.800 Y-0.145
G1 X-0.800 Y-0.063
G1 X-0.800 Y0.034
G1 X-0.800 Y0.119
G1 X-0.800 Y0.169
G1 X-0.800 Y0.168
G1 X-0.800 Y0.109
G1 X-0.800 Y-0.004
G1 X-0.800 Y-0.150
G1 X-0.800 Y-0.297
G1 X-0.800 Y-0.414
G1 X-0.800 Y-0.476
G1 X-0.800 Y-0.475
G1 X-0.800 Y-0.418
G1 X-0.800 Y-0.322
G1 X-0.800 Y-0.202
G1 X-0.800 Y-0.075
G1 X-0.800 Y0.045
G1 X-0.800 Y0.151
G1 X-0.800 Y0.232
G1 X-0.800 Y0.281
G1 X-0.800 Y0.294
G1 X-0.800 Y0.272
G1 X-0.800 Y0.221
G1 X-0.800 Y0.149
G1 X-0.800 Y0.060
G1 X-0.800 Y-0.041
G1 X-0.800 Y-0.162
G1 X-0.800 Y-0.308
G1 X0.000 Y-3.578
G1 X0.800 Y0.635
G1 X0.800 Y0.448
G1 X0.800 Y0.258
G1 X0.800 Y0.086
G1 X0.800 Y-0.063
G1 X0.800 Y-0.188
G1 X0.800 Y-0.282
G1 X0.800 Y-0.344
G1 X0.800 Y-0.366
G1 X0.800 Y-0.348
G1 X0.800 Y-0.298
G1 X0.800 Y-0.223
G1 X0.800 Y-0.131
G1 X0.800 Y-0.032
G1 X0.800 Y0.075
G1 X0.800 Y0.184
G1 X0.800 Y0.295
G1 X0.800 Y0.401
G1 X0.800 Y0.488
G1 X0.800 Y0.547
G1 X0.800 Y0.564
G1 X0.800 Y0.540
G1 X0.800 Y0.476
G1 X0.800 Y0.387
G1 X0.800 Y0.292
G1 X0.800 Y0.200
G1 X0.800 Y0.126
G1 X0.800 Y0.067
G1 X0.800 Y0.021
G1 X0.800 Y-0.019
G1 X0.800 Y-0.063
G1 X0.800 Y-0.118
G1 X0.800 Y-0.189
G1 X0.800 Y-0.276
G1 X0.800 Y-0.376
G1 X0.800 Y-0.478
G1 X0.800 Y-0.573
G1 X0.800 Y-0.648
G1 X0.800 Y-0.691
G1 X0.800 Y-0.693
G1 X0.800 Y-0.651
G1 X0.800 Y-0.571
G1 X0.800 Y-0.461
G1 X0.800 Y-0.338
G1 X0.800 Y-0.220
G1 X0.800 Y-0.122
G1 X0.800 Y-0.055
G1 X0.800 Y-0.016
G1 X0.800 Y0.009
G1 X0.800 Y0.051
G1 X0.800 Y0.154
G1 X0.800 Y0.362
G1 X0.800 Y0.694
G1 X0.800 Y1.111
G1 X0.800 Y1.463
G1 X0.800 Y1.526
G1 X0.800 Y1.114
G1 X0.800 Y0.263
G1 X0.800 Y-0.711
G1 X0.800 Y-1.385
G1 X0.800 Y-1.531
G1 X0.800 Y-1.239
G1 X0.800 Y-0.775
G1 X0.800 Y-0.358
G1 X0.800 Y-0.027
G1 X0.800 Y0.310
G1 X0.800 Y0.783
G1 X0.800 Y1.386
G1 X0.800 Y1.808
G1 X0.800 Y1.481
G1 X0.800 Y0.116
G1 X0.800 Y-1.655
G1 X0.800 Y-2.555
G1 X0.800 Y-1.937
G1 X0.800 Y-0.456
G1 X0.800 Y0.748
G1 X0.800 Y1.146
G1 X0.800 Y0.919
G1 X0.800 Y0.435
G1 X0.800 Y-0.081
G1 X0.800 Y-0.552
G1 X0.800 Y-0.892
G1 X0.800 Y-0.963
G1 X0.800 Y-0.661
G1 X0.800 Y-0.081
G1 X0.800 Y0.496
G1 X0.800 Y0.801
G1 X0.800 Y0.758
G1 X0.800 Y0.468
G1 X0.800 Y0.070
G1 X0.800 Y-0.339
G1 X0.800 Y-0.670
G1 X0.800 Y-0.805
G1 X0.800 Y-0.634
G1 X0.800 Y-0.182
G1 X0.800 Y0.349
G1 X0.800 Y0.690
G1 X0.800 Y0.703
G1 X0.800 Y0.438
G1 X0.800 Y0.018
G1 X0.800 Y-0.438
G1 X0.800 Y-0.780
G1 X0.800 Y-0.769
G1 X0.800 Y-0.169
G1 X0.800 Y0.935
G1 X0.800 Y1.941
G1 X0.800 Y2.133
G1 X0.800 Y1.399
G1 X0.800 Y0.331
G1 X0.800 Y-0.412
G1 X0.800 Y-0.615
G1 X0.800 Y-0.428
G1 X0.800 Y-0.084
G1 X0.800 Y0.246
G1 X0.800 Y0.455
G1 X0.800 Y0.474
G1 X0.800 Y0.309
G1 X0.800 Y0.058
G1 X0.800 Y-0.136
G1 X0.800 Y-0.180
G1 X0.800 Y-0.080
G1 X0.800 Y0.083
G1 X0.800 Y0.192
G1 X0.800 Y0.128
G1 X0.800 Y-0.165
G1 X0.800 Y-0.614
G1 X0.800 Y-1.015
G1 X0.800 Y-1.162
G1 X0.800 Y-1.009
G1 X0.800 Y-0.667
G1 X0.800 Y-0.266
G1 X0.800 Y0.142
G1 X0.800 Y0.581
G1 X0.800 Y1.032
G1 X0.800 Y1.335
G1 X0.800 Y1.223
G1 X0.800 Y0.578
G1 X0.800 Y-0.353
G1 X0.800 Y-1.091
G1 X0.800 Y-1.321
G1 X0.800 Y-1.100
G1 X0.800 Y-0.681
G1 X0.800 Y-0.251
G1 X0.800 Y0.137
G1 X0.800 Y0.497
G1 X0.800 Y0.807
G1 X0.800 Y0.986
G1 X0.800 Y0.954
G1 X0.800 Y0.729
G1 X0.800 Y0.428
G1 X0.800 Y0.183
G1 X0.800 Y0.051
G1 X0.800 Y-0.009
G1 X0.800 Y-0.088
G1 X0.800 Y-0.259
G1 X0.800 Y-0.532
G1 X0.800 Y-0.819
G1 X0.800 Y-0.982
G1 X0.800 Y-0.941
G1 X0.800 Y-0.719
G1 X0.800 Y-0.406
G1 X0.800 Y-0.067
G1 X0.800 Y0.286
G1 X0.800 Y0.661
G1 X0.800 Y1.005
G1 X0.800 Y1.179
G1 X0.800 Y1.041
G1 X0.800 Y0.595
G1 X0.800 Y0.044
G1 X0.800 Y-0.349
G1 X0.800 Y-0.451
G1 X0.800 Y-0.296
G1 X0.800 Y-0.007
G1 X0.800 Y0.283
G1 X0.800 Y0.442
G1 X0.800 Y0.360
G1 X0.800 Y0.008
G1 X0.800 Y-0.485
G1 X0.800 Y-0.882
G1 X0.800 Y-1.006
G1 X0.000 Y-1.358
G1 X-0.800 Y1.080
G1 X-0.800 Y0.940
G1 X-0.800 Y0.509
G1 X-0.800 Y-0.007
G1 X-0.800 Y-0.364
G1 X-0.800 Y-0.440
G1 X-0.800 Y-0.275
G1 X-0.800 Y0.010
G1 X-0.800 Y0.287
G1 X-0.800 Y0.432
G1 X-0.800 Y0.349
G1 X-0.800 Y0.020
G1 X-0.800 Y-0.426
G1 X-0.800 Y-0.778
G1 X-0.800 Y-0.882
G1 X-0.800 Y-0.733
G1 X-0.800 Y-0.429
G1 X-0.800 Y-0.068
G1 X-0.800 Y0.289
G1 X-0.800 Y0.596
G1 X-0.800 Y0.783
G1 X-0.800 Y0.779
G1 X-0.800 Y0.581
G1 X-0.800 Y0.286
G1 X-0.800 Y0.039
G1 X-0.800 Y-0.068
G1 X-0.800 Y-0.038
G1 X-0.800 Y0.044
G1 X-0.800 Y0.066
G1 X-0.800 Y-0.067
G1 X-0.800 Y-0.369
G1 X-0.800 Y-0.737
G1 X-0.800 Y-0.989
G1 X-0.800 Y-0.999
G1 X-0.800 Y-0.777
G1 X-0.800 Y-0.423
G1 X-0.800 Y-0.021
G1 X-0.800 Y0.411
G1 X-0.800 Y0.857
G1 X-0.800 Y1.199
G1 X-0.800 Y1.202
G1 X-0.800 Y0.681
G1 X-0.800 Y-0.226
G1 X-0.800 Y-1.063
G1 X-0.800 Y-1.424
G1 X-0.800 Y-1.266
G1 X-0.800 Y-0.842
G1 X-0.800 Y-0.393
G1 X-0.800 Y-0.005
G1 X-0.800 Y0.358
G1 X-0.800 Y0.715
G1 X-0.800 Y1.008
G1 X-0.800 Y1.114
G1 X-0.800 Y0.969
G1 X-0.800 Y0.647
G1 X-0.800 Y0.316
G1 X-0.800 Y0.101
G1 X-0.800 Y0.015
G1 X-0.800 Y-0.025
G1 X-0.800 Y-0.130
G1 X-0.800 Y-0.367
G1 X-0.800 Y-0.695
G1 X-0.800 Y-0.973
G1 X-0.800 Y-1.049
G1 X-0.800 Y-0.884
G1 X-0.800 Y-0.559
G1 X-0.800 Y-0.171
G1 X-0.800 Y0.254
G1 X-0.800 Y0.742
G1 X-0.800 Y1.235
G1 X-0.800 Y1.468
G1 X-0.800 Y1.046
G1 X-0.800 Y-0.131
G1 X-0.800 Y-1.489
G1 X-0.800 Y-2.157
G1 X-0.800 Y-1.809
G1 X-0.800 Y-0.923
G1 X-0.800 Y-0.165
G1 X-0.800 Y0.160
G1 X-0.800 Y0.132
G1 X-0.800 Y-0.039
G1 X-0.800 Y-0.156
G1 X-0.800 Y-0.104
G1 X-0.800 Y0.134
G1 X-0.800 Y0.446
G1 X-0.800 Y0.659
G1 X-0.800 Y0.663
G1 X-0.800 Y0.455
G1 X-0.800 Y0.113
G1 X-0.800 Y-0.280
G1 X-0.800 Y-0.631
G1 X-0.800 Y-0.804
G1 X-0.800 Y-0.630
G1 X-0.800 Y-0.061
G1 X-0.800 Y0.699
G1 X-0.800 Y1.257
G1 X-0.800 Y1.357
G1 X-0.800 Y1.054
G1 X-0.800 Y0.583
G1 X-0.800 Y0.103
G1 X-0.800 Y-0.398
G1 X-0.800 Y-0.984
G1 X-0.800 Y-1.537
G1 X-0.800 Y-1.590
G1 X-0.800 Y-0.588
G1 X-0.800 Y1.284
G1 X-0.800 Y2.685
G1 X-0.800 Y2.296
G1 X-0.800 Y0.416
G1 X-0.800 Y-1.369
G1 X-0.800 Y-1.976
G1 X-0.800 Y-1.585
G1 X-0.800 Y-0.904
G1 X-0.800 Y-0.379
G1 X-0.800 Y-0.063
G1 X-0.800 Y0.186
G1 X-0.800 Y0.511
G1 X-0.800 Y0.941
G1 X-0.800 Y1.345
G1 X-0.800 Y1.498
G1 X-0.800 Y1.236
G1 X-0.800 Y0.617
G1 X-0.800 Y-0.108
G1 X-0.800 Y-0.668
G1 X-0.800 Y-0.931
G1 X-0.800 Y-0.924
G1 X-0.800 Y-0.757
G1 X-0.800 Y-0.534
G1 X-0.800 Y-0.319
G1 X-0.800 Y-0.133
G1 X-0.800 Y0.015
G1 X-0.800 Y0.133
G1 X-0.800 Y0.221
G1 X-0.800 Y0.278
G1 X-0.800 Y0.309
G1 X-0.800 Y0.313
G1 X-0.800 Y0.297
G1 X-0.800 Y0.270
G1 X-0.800 Y0.233
G1 X-0.800 Y0.197
G1 X-0.800 Y0.160
G1 X-0.800 Y0.128
G1 X-0.800 Y0.099
G1 X-0.800 Y0.073
G1 X-0.800 Y0.048
G1 X-0.800 Y0.024
G1 X-0.800 Y-0.003
G1 X-0.800 Y-0.034
G1 X-0.800 Y-0.068
G1 X-0.800 Y-0.109
G1 X-0.800 Y-0.156
G1 X-0.800 Y-0.208
G1 X-0.800 Y-0.262
G1 X-0.800 Y-0.316
G1 X-0.800 Y-0.363
G1 X-0.800 Y-0.396
G1 X-0.800 Y-0.412
G1 X-0.800 Y-0.404
G1 X-0.800 Y-0.372
G1 X-0.800 Y-0.321
G1 X-0.800 Y-0.255
G1 X-0.800 Y-0.181
G1 X-0.800 Y-0.105
G1 X-0.800 Y-0.025
G1 X-0.800 Y0.055
G1 X-0.800 Y0.139
G1 X-0.800 Y0.225
G1 X-0.800 Y0.309
G1 X-0.800 Y0.381
G1 X-0.800 Y0.430
G1 X-0.800 Y0.443
G1 X-0.800 Y0.413
G1 X-0.800 Y0.342
G1 X-0.800 Y0.234
G1 X-0.800 Y0.097
G1 X-0.800 Y-0.067
G1 X-0.800 Y-0.255
G1 X-0.800 Y-0.467
G1 X-0.800 Y-0.682
G1 X-0.800 Y-0.852
G1 X0.000 Y-0.718
G1 X0.800 Y1.099
G1 X0.800 Y0.871
G1 X0.800 Y0.600
G1 X0.800 Y0.357
G1 X0.800 Y0.160
G1 X0.800 Y-0.001
G1 X0.800 Y-0.140
G1 X0.800 Y-0.268
G1 X0.800 Y-0.382
G1 X0.800 Y-0.471
G1 X0.800 Y-0.527
G1 X0.800 Y-0.538
G1 X0.800 Y-0.508
G1 X0.800 Y-0.443
G1 X0.800 Y-0.359
G1 X0.800 Y-0.269
G1 X0.800 Y-0.181
G1 X0.800 Y-0.103
G1 X0.800 Y-0.032
G1 X0.800 Y0.029
G1 X0.800 Y0.082
G1 X0.800 Y0.128
G1 X0.800 Y0.164
G1 X0.800 Y0.191
G1 X0.800 Y0.209
G1 X0.800 Y0.219
G1 X0.800 Y0.221
G1 X0.800 Y0.221
G1 X0.800 Y0.219
G1 X0.800 Y0.221
G1 X0.800 Y0.226
G1 X0.800 Y0.238
G1 X0.800 Y0.253
G1 X0.800 Y0.272
G1 X0.800 Y0.290
G1 X0.800 Y0.303
G1 X0.800 Y0.306
G1 X0.800 Y0.296
G1 X0.800 Y0.273
G1 X0.800 Y0.236
G1 X0.800 Y0.191
G1 X0.800 Y0.143
G1 X0.800 Y0.093
G1 X0.800 Y0.049
G1 X0.800 Y0.007
G1 X0.800 Y-0.032
G1 X0.800 Y-0.070
G1 X0.800 Y-0.102
G1 X0.800 Y-0.123
G1 X0.800 Y-0.122
G1 X0.800 Y-0.090
G1 X0.800 Y-0.023
G1 X0.800 Y0.075
G1 X0.800 Y0.185
G1 X0.800 Y0.275
G1 X0.800 Y0.289
G1 X0.800 Y0.169
G1 X0.800 Y-0.128
G1 X0.800 Y-0.572
G1 X0.800 Y-1.037
G1 X0.800 Y-1.335
G1 X0.800 Y-1.334
G1 X0.800 Y-1.058
G1 X0.800 Y-0.664
G1 X0.800 Y-0.317
G1 X0.800 Y-0.079
G1 X0.800 Y0.127
G1 X0.800 Y0.464
G1 X0.800 Y1.066
G1 X0.800 Y1.798
G1 X0.800 Y2.046
G1 X0.800 Y1.027
G1 X0.800 Y-1.140
G1 X0.800 Y-2.827
G1 X0.800 Y-2.392
G1 X0.800 Y-0.264
G1 X0.800 Y1.600
G1 X0.800 Y2.047
G1 X0.800 Y1.478
G1 X0.800 Y0.738
G1 X0.800 Y0.227
G1 X0.800 Y-0.120
G1 X0.800 Y-0.514
G1 X0.800 Y-1.046
G1 X0.800 Y-1.544
G1 X0.800 Y-1.645
G1 X0.800 Y-1.134
G1 X0.800 Y-0.237
G1 X0.800 Y0.548
G1 X0.800 Y0.889
G1 X0.800 Y0.799
G1 X0.800 Y0.473
G1 X0.800 Y0.088
G1 X0.800 Y-0.261
G1 X0.800 Y-0.513
G1 X0.800 Y-0.619
G1 X0.800 Y-0.561
G1 X0.800 Y-0.393
G1 X0.800 Y-0.204
G1 X0.800 Y-0.046
G1 X0.800 Y0.112
G1 X0.800 Y0.390
G1 X0.800 Y0.891
G1 X0.800 Y1.534
G1 X0.800 Y1.909
G1 X0.800 Y1.466
G1 X0.800 Y0.127
G1 X0.800 Y-1.363
G1 X0.800 Y-2.064
G1 X0.800 Y-1.764
G1 X0.800 Y-1.001
G1 X0.800 Y-0.373
G1 X0.800 Y-0.078
G1 X0.800 Y0.001
G1 X0.800 Y0.077
G1 X0.800 Y0.303
G1 X0.800 Y0.689
G1 X0.800 Y1.078
G1 X0.800 Y1.259
G1 X0.800 Y1.140
G1 X0.800 Y0.819
G1 X0.800 Y0.459
G1 X0.800 Y0.157
G1 X0.800 Y-0.098
G1 X0.800 Y-0.366
G1 X0.800 Y-0.663
G1 X0.800 Y-0.926
G1 X0.800 Y-1.039
G1 X0.800 Y-0.939
G1 X0.800 Y-0.681
G1 X0.800 Y-0.373
G1 X0.800 Y-0.090
G1 X0.800 Y0.199
G1 X0.800 Y0.568
G1 X0.800 Y1.040
G1 X0.800 Y1.458
G1 X0.800 Y1.519
G1 X0.800 Y1.014
G1 X0.800 Y0.113
G1 X0.800 Y-0.707
G1 X0.800 Y-1.070
G1 X0.800 Y-0.960
G1 X0.800 Y-0.583
G1 X0.800 Y-0.130
G1 X0.800 Y0.312
G1 X0.800 Y0.689
G1 X0.800 Y0.914
G1 X0.800 Y0.881
G1 X0.800 Y0.576
G1 X0.800 Y0.142
G1 X0.800 Y-0.205
G1 X0.800 Y-0.329
G1 X0.800 Y-0.233
G1 X0.800 Y-0.016
G1 X0.800 Y0.203
G1 X0.800 Y0.315
G1 X0.800 Y0.239
G1 X0.800 Y-0.019
G1 X0.800 Y-0.349
G1 X0.800 Y-0.589
G1 X0.800 Y-0.630
G1 X0.800 Y-0.473
G1 X0.800 Y-0.188
G1 X0.800 Y0.141
G1 X0.800 Y0.440
G1 X0.800 Y0.623
G1 X0.800 Y0.612
G1 X0.800 Y0.390
G1 X0.800 Y0.052
G1 X0.800 Y-0.237
G1 X0.800 Y-0.348
G1 X0.800 Y-0.257
G1 X0.800 Y-0.034
G1 X0.800 Y0.213
G1 X0.800 Y0.359
G1 X0.800 Y0.289
G1 X0.800 Y-0.043
G1 X0.800 Y-0.530
G1 X0.800 Y-0.944
G1 X0.800 Y-1.080
G1 X0.000 Y-1.050
G1 X-0.800 Y1.000
G1 X-0.800 Y0.870
G1 X-0.800 Y0.509
G1 X-0.800 Y0.094
G1 X-0.800 Y-0.180
G1 X-0.800 Y-0.235
G1 X-0.800 Y-0.116
G1 X-0.800 Y0.069
G1 X-0.800 Y0.205
G1 X-0.800 Y0.208
G1 X-0.800 Y0.049
G1 X-0.800 Y-0.210
G1 X-0.800 Y-0.438
G1 X-0.800 Y-0.520
G1 X-0.800 Y-0.419
G1 X-0.800 Y-0.182
G1 X-0.800 Y0.117
G1 X-0.800 Y0.391
G1 X-0.800 Y0.547
G1 X-0.800 Y0.498
G1 X-0.800 Y0.225
G1 X-0.800 Y-0.166
G1 X-0.800 Y-0.488
G1 X-0.800 Y-0.598
G1 X-0.800 Y-0.475
G1 X-0.800 Y-0.192
G1 X-0.800 Y0.152
G1 X-0.800 Y0.458
G1 X-0.800 Y0.615
G1 X-0.800 Y0.523
G1 X-0.800 Y0.167
G1 X-0.800 Y-0.301
G1 X-0.800 Y-0.651
G1 X-0.800 Y-0.720
G1 X-0.800 Y-0.517
G1 X-0.800 Y-0.145
G1 X-0.800 Y0.284
G1 X-0.800 Y0.659
G1 X-0.800 Y0.811
G1 X-0.800 Y0.546
G1 X-0.800 Y-0.178
G1 X-0.800 Y-1.065
G1 X-0.800 Y-1.629
G1 X-0.800 Y-1.605
G1 X-0.800 Y-1.153
G1 X-0.800 Y-0.627
G1 X-0.800 Y-0.254
G1 X-0.800 Y-0.049
G1 X-0.800 Y0.097
G1 X-0.800 Y0.284
G1 X-0.800 Y0.534
G1 X-0.800 Y0.761
G1 X-0.800 Y0.856
G1 X-0.800 Y0.760
G1 X-0.800 Y0.509
G1 X-0.800 Y0.174
G1 X-0.800 Y-0.200
G1 X-0.800 Y-0.590
G1 X-0.800 Y-0.933
G1 X-0.800 Y-1.093
G1 X-0.800 Y-0.920
G1 X-0.800 Y-0.427
G1 X-0.800 Y0.151
G1 X-0.800 Y0.515
G1 X-0.800 Y0.529
G1 X-0.800 Y0.252
G1 X-0.800 Y-0.162
G1 X-0.800 Y-0.530
G1 X-0.800 Y-0.603
G1 X-0.800 Y-0.099
G1 X-0.800 Y0.999
G1 X-0.800 Y2.102
G1 X-0.800 Y2.289
G1 X-0.800 Y1.265
G1 X-0.800 Y-0.237
G1 X-0.800 Y-1.240
G1 X-0.800 Y-1.423
G1 X-0.800 Y-1.085
G1 X-0.800 Y-0.616
G1 X-0.800 Y-0.211
G1 X-0.800 Y0.102
G1 X-0.800 Y0.332
G1 X-0.800 Y0.462
G1 X-0.800 Y0.464
G1 X-0.800 Y0.331
G1 X-0.800 Y0.079
G1 X-0.800 Y-0.257
G1 X-0.800 Y-0.645
G1 X-0.800 Y-0.990
G1 X-0.800 Y-1.083
G1 X-0.800 Y-0.670
G1 X-0.800 Y0.279
G1 X-0.800 Y1.341
G1 X-0.800 Y1.887
G1 X-0.800 Y1.665
G1 X-0.800 Y1.007
G1 X-0.800 Y0.412
G1 X-0.800 Y0.096
G1 X-0.800 Y-0.069
G1 X-0.800 Y-0.386
G1 X-0.800 Y-1.102
G1 X-0.800 Y-2.031
G1 X-0.800 Y-2.267
G1 X-0.800 Y-0.836
G1 X-0.800 Y1.695
G1 X-0.800 Y3.063
G1 X-0.800 Y1.910
G1 X-0.800 Y-0.468
G1 X-0.800 Y-1.968
G1 X-0.800 Y-1.987
G1 X-0.800 Y-1.267
G1 X-0.800 Y-0.585
G1 X-0.800 Y-0.189
G1 X-0.800 Y0.013
G1 X-0.800 Y0.199
G1 X-0.800 Y0.466
G1 X-0.800 Y0.800
G1 X-0.800 Y1.084
G1 X-0.800 Y1.189
G1 X-0.800 Y1.073
G1 X-0.800 Y0.803
G1 X-0.800 Y0.500
G1 X-0.800 Y0.258
G1 X-0.800 Y0.108
G1 X-0.800 Y0.036
G1 X-0.800 Y0.002
G1 X-0.800 Y-0.022
G1 X-0.800 Y-0.050
G1 X-0.800 Y-0.079
G1 X-0.800 Y-0.098
G1 X-0.800 Y-0.094
G1 X-0.800 Y-0.059
G1 X-0.800 Y-0.003
G1 X-0.800 Y0.063
G1 X-0.800 Y0.116
G1 X-0.800 Y0.135
G1 X-0.800 Y0.103
G1 X-0.800 Y0.015
G1 X-0.800 Y-0.116
G1 X-0.800 Y-0.269
G1 X-0.800 Y-0.411
G1 X-0.800 Y-0.514
G1 X-0.800 Y-0.563
G1 X-0.800 Y-0.558
G1 X-0.800 Y-0.513
G1 X-0.800 Y-0.442
G1 X-0.800 Y-0.362
G1 X-0.800 Y-0.284
G1 X-0.800 Y-0.216
G1 X-0.800 Y-0.161
G1 X-0.800 Y-0.119
G1 X-0.800 Y-0.089
G1 X-0.800 Y-0.067
G1 X-0.800 Y-0.052
G1 X-0.800 Y-0.039
G1 X-0.800 Y-0.024
G1 X-0.800 Y-0.006
G1 X-0.800 Y0.021
G1 X-0.800 Y0.057
G1 X-0.800 Y0.104
G1 X-0.800 Y0.163
G1 X-0.800 Y0.232
G1 X-0.800 Y0.310
G1 X-0.800 Y0.390
G1 X-0.800 Y0.462
G1 X-0.800 Y0.516
G1 X-0.800 Y0.538
G1 X-0.800 Y0.519
G1 X-0.800 Y0.460
G1 X-0.800 Y0.370
G1 X-0.800 Y0.265
G1 X-0.800 Y0.166
G1 X-0.800 Y0.087
G1 X-0.800 Y0.027
G1 X-0.800 Y-0.027
G1 X-0.800 Y-0.108
G1 X-0.800 Y-0.249
G1 X-0.800 Y-0.487
G1 X-0.800 Y-0.823
G1 X-0.800 Y-1.192
G1 X0.000 Y0.236
G1 X0.800 Y0.940
G1 X0.800 Y0.483
G1 X0.800 Y0.149
G1 X0.800 Y-0.029
G1 X0.800 Y-0.080
G1 X0.800 Y-0.056
G1 X0.800 Y0.001
G1 X0.800 Y0.049
G1 X0.800 Y0.069
G1 X0.800 Y0.046
G1 X0.800 Y-0.014
G1 X0.800 Y-0.104
G1 X0.800 Y-0.200
G1 X0.800 Y-0.286
G1 X0.800 Y-0.346
G1 X0.800 Y-0.374
G1 X0.800 Y-0.372
G1 X0.800 Y-0.346
G1 X0.800 Y-0.308
G1 X0.800 Y-0.265
G1 X0.800 Y-0.223
G1 X0.800 Y-0.189
G1 X0.800 Y-0.164
G1 X0.800 Y-0.147
G1 X0.800 Y-0.137
G1 X0.800 Y-0.131
G1 X0.800 Y-0.124
G1 X0.800 Y-0.112
G1 X0.800 Y-0.090
G1 X0.800 Y-0.054
G1 X0.800 Y0.000
G1 X0.800 Y0.073
G1 X0.800 Y0.165
G1 X0.800 Y0.278
G1 X0.800 Y0.403
G1 X0.800 Y0.528
G1 X0.800 Y0.628
G1 X0.800 Y0.671
G1 X0.800 Y0.617
G1 X0.800 Y0.448
G1 X0.800 Y0.178
G1 X0.800 Y-0.141
G1 X0.800 Y-0.431
G1 X0.800 Y-0.620
G1 X0.800 Y-0.678
G1 X0.800 Y-0.611
G1 X0.800 Y-0.461
G1 X0.800 Y-0.269
G1 X0.800 Y-0.069
G1 X0.800 Y0.119
G1 X0.800 Y0.275
G1 X0.800 Y0.383
G1 X0.800 Y0.427
G1 X0.800 Y0.404
G1 X0.800 Y0.323
G1 X0.800 Y0.205
G1 X0.800 Y0.067
G1 X0.800 Y-0.091
G1 X0.800 Y-0.278
G1 X0.800 Y-0.502
G1 X0.800 Y-0.738
G1 X0.800 Y-0.925
G1 X0.800 Y-0.980
G1 X0.800 Y-0.866
G1 X0.800 Y-0.621
G1 X0.800 Y-0.350
G1 X0.800 Y-0.134
G1 X0.800 Y0.035
G1 X0.800 Y0.270
G1 X0.800 Y0.739
G1 X0.800 Y1.480
G1 X0.800 Y2.104
G1 X0.800 Y1.719
G1 X0.800 Y-0.221
G1 X0.800 Y-2.554
G1 X0.800 Y-2.943
G1 X0.800 Y-0.792
G1 X0.800 Y1.718
G1 X0.800 Y2.493
G1 X0.800 Y1.711
G1 X0.800 Y0.676
G1 X0.800 Y0.125
G1 X0.800 Y0.003
G1 X0.800 Y-0.053
G1 X0.800 Y-0.382
G1 X0.800 Y-1.091
G1 X0.800 Y-1.851
G1 X0.800 Y-2.021
G1 X0.800 Y-1.255
G1 X0.800 Y0.028
G1 X0.800 Y1.039
G1 X0.800 Y1.363
G1 X0.800 Y1.148
G1 X0.800 Y0.737
G1 X0.800 Y0.349
G1 X0.800 Y0.054
G1 X0.800 Y-0.146
G1 X0.800 Y-0.245
G1 X0.800 Y-0.224
G1 X0.800 Y-0.073
G1 X0.800 Y0.191
G1 X0.800 Y0.520
G1 X0.800 Y0.806
G1 X0.800 Y0.817
G1 X0.800 Y0.265
G1 X0.800 Y-0.900
G1 X0.800 Y-2.101
G1 X0.800 Y-2.368
G1 X0.800 Y-1.326
G1 X0.800 Y0.263
G1 X0.800 Y1.311
G1 X0.800 Y1.441
G1 X0.800 Y1.005
G1 X0.800 Y0.433
G1 X0.800 Y-0.104
G1 X0.800 Y-0.607
G1 X0.800 Y-1.047
G1 X0.800 Y-1.258
G1 X0.800 Y-1.051
G1 X0.800 Y-0.459
G1 X0.800 Y0.217
G1 X0.800 Y0.641
G1 X0.800 Y0.695
G1 X0.800 Y0.470
G1 X0.800 Y0.125
G1 X0.800 Y-0.216
G1 X0.800 Y-0.469
G1 X0.800 Y-0.568
G1 X0.800 Y-0.490
G1 X0.800 Y-0.298
G1 X0.800 Y-0.106
G1 X0.800 Y-0.007
G1 X0.800 Y0.000
G1 X0.800 Y0.010
G1 X0.800 Y0.166
G1 X0.800 Y0.583
G1 X0.800 Y1.198
G1 X0.800 Y1.702
G1 X0.800 Y1.712
G1 X0.800 Y1.128
G1 X0.800 Y0.294
G1 X0.800 Y-0.328
G1 X0.800 Y-0.520
G1 X0.800 Y-0.354
G1 X0.800 Y-0.025
G1 X0.800 Y0.299
G1 X0.800 Y0.473
G1 X0.800 Y0.385
G1 X0.800 Y0.034
G1 X0.800 Y-0.428
G1 X0.800 Y-0.761
G1 X0.800 Y-0.820
G1 X0.800 Y-0.622
G1 X0.800 Y-0.273
G1 X0.800 Y0.123
G1 X0.800 Y0.497
G1 X0.800 Y0.766
G1 X0.800 Y0.818
G1 X0.800 Y0.587
G1 X0.800 Y0.144
G1 X0.800 Y-0.303
G1 X0.800 Y-0.556
G1 X0.800 Y-0.547
G1 X0.800 Y-0.341
G1 X0.800 Y-0.046
G1 X0.800 Y0.245
G1 X0.800 Y0.450
G1 X0.800 Y0.506
G1 X0.800 Y0.400
G1 X0.800 Y0.188
G1 X0.800 Y-0.015
G1 X0.800 Y-0.112
G1 X0.800 Y-0.082
G1 X0.800 Y0.023
G1 X0.800 Y0.112
G1 X0.800 Y0.087
G1 X0.800 Y-0.103
G1 X0.800 Y-0.416
G1 X0.800 Y-0.712
G1 X0.800 Y-0.838
G1 X0.000 Y-0.524
G1 X-0.800 Y0.601
G1 X-0.800 Y0.478
G1 X-0.800 Y0.257
G1 X-0.800 Y0.057
G1 X-0.800 Y-0.039
G1 X-0.800 Y-0.029
G1 X-0.800 Y0.025
G1 X-0.800 Y0.042
G1 X-0.800 Y-0.042
G1 X-0.800 Y-0.228
G1 X-0.800 Y-0.443
G1 X-0.800 Y-0.577
G1 X-0.800 Y-0.553
G1 X-0.800 Y-0.370
G1 X-0.800 Y-0.077
G1 X-0.800 Y0.259
G1 X-0.800 Y0.557
G1 X-0.800 Y0.707
G1 X-0.800 Y0.587
G1 X-0.800 Y0.172
G1 X-0.800 Y-0.390
G1 X-0.800 Y-0.836
G1 X-0.800 Y-0.974
G1 X-0.800 Y-0.806
G1 X-0.800 Y-0.457
G1 X-0.800 Y-0.049
G1 X-0.800 Y0.358
G1 X-0.800 Y0.712
G1 X-0.800 Y0.915
G1 X-0.800 Y0.863
G1 X-0.800 Y0.547
G1 X-0.800 Y0.119
G1 X-0.800 Y-0.194
G1 X-0.800 Y-0.264
G1 X-0.800 Y-0.116
G1 X-0.800 Y0.126
G1 X-0.800 Y0.286
G1 X-0.800 Y0.170
G1 X-0.800 Y-0.337
G1 X-0.800 Y-1.106
G1 X-0.800 Y-1.722
G1 X-0.800 Y-1.777
G1 X-0.800 Y-1.257
G1 X-0.800 Y-0.543
G1 X-0.800 Y-0.029
G1 X-0.800 Y0.153
G1 X-0.800 Y0.090
G1 X-0.800 Y-0.050
G1 X-0.800 Y-0.132
G1 X-0.800 Y-0.088
G1 X-0.800 Y0.063
G1 X-0.800 Y0.222
G1 X-0.800 Y0.279
G1 X-0.800 Y0.185
G1 X-0.800 Y-0.023
G1 X-0.800 Y-0.246
G1 X-0.800 Y-0.337
G1 X-0.800 Y-0.139
G1 X-0.800 Y0.402
G1 X-0.800 Y1.102
G1 X-0.800 Y1.573
G1 X-0.800 Y1.545
G1 X-0.800 Y1.105
G1 X-0.800 Y0.578
G1 X-0.800 Y0.199
G1 X-0.800 Y-0.054
G1 X-0.800 Y-0.377
G1 X-0.800 Y-0.952
G1 X-0.800 Y-1.687
G1 X-0.800 Y-2.032
G1 X-0.800 Y-1.319
G1 X-0.800 Y0.363
G1 X-0.800 Y1.919
G1 X-0.800 Y2.303
G1 X-0.800 Y1.571
G1 X-0.800 Y0.544
G1 X-0.800 Y-0.133
G1 X-0.800 Y-0.345
G1 X-0.800 Y-0.272
G1 X-0.800 Y-0.109
G1 X-0.800 Y0.019
G1 X-0.800 Y0.065
G1 X-0.800 Y0.025
G1 X-0.800 Y-0.093
G1 X-0.800 Y-0.308
G1 X-0.800 Y-0.656
G1 X-0.800 Y-1.136
G1 X-0.800 Y-1.571
G1 X-0.800 Y-1.555
G1 X-0.800 Y-0.720
G1 X-0.800 Y0.734
G1 X-0.800 Y1.929
G1 X-0.800 Y2.108
G1 X-0.800 Y1.401
G1 X-0.800 Y0.548
G1 X-0.800 Y0.080
G1 X-0.800 Y-0.004
G1 X-0.800 Y-0.023
G1 X-0.800 Y-0.396
G1 X-0.800 Y-1.350
G1 X-0.800 Y-2.407
G1 X-0.800 Y-2.231
G1 X-0.800 Y-0.044
G1 X-0.800 Y2.562
G1 X-0.800 Y2.956
G1 X-0.800 Y0.906
G1 X-0.800 Y-1.337
G1 X-0.800 Y-2.117
G1 X-0.800 Y-1.663
G1 X-0.800 Y-0.907
G1 X-0.800 Y-0.368
G1 X-0.800 Y-0.081
G1 X-0.800 Y0.100
G1 X-0.800 Y0.295
G1 X-0.800 Y0.525
G1 X-0.800 Y0.722
G1 X-0.800 Y0.809
G1 X-0.800 Y0.748
G1 X-0.800 Y0.571
G1 X-0.800 Y0.338
G1 X-0.800 Y0.093
G1 X-0.800 Y-0.144
G1 X-0.800 Y-0.362
G1 X-0.800 Y-0.542
G1 X-0.800 Y-0.653
G1 X-0.800 Y-0.665
G1 X-0.800 Y-0.583
G1 X-0.800 Y-0.435
G1 X-0.800 Y-0.268
G1 X-0.800 Y-0.106
G1 X-0.800 Y0.053
G1 X-0.800 Y0.232
G1 X-0.800 Y0.462
G1 X-0.800 Y0.734
G1 X-0.800 Y0.997
G1 X-0.800 Y1.153
G1 X-0.800 Y1.112
G1 X-0.800 Y0.847
G1 X-0.800 Y0.427
G1 X-0.800 Y-0.016
G1 X-0.800 Y-0.359
G1 X-0.800 Y-0.544
G1 X-0.800 Y-0.573
G1 X-0.800 Y-0.494
G1 X-0.800 Y-0.361
G1 X-0.800 Y-0.210
G1 X-0.800 Y-0.071
G1 X-0.800 Y0.047
G1 X-0.800 Y0.137
G1 X-0.800 Y0.195
G1 X-0.800 Y0.225
G1 X-0.800 Y0.231
G1 X-0.800 Y0.219
G1 X-0.800 Y0.196
G1 X-0.800 Y0.171
G1 X-0.800 Y0.148
G1 X-0.800 Y0.130
G1 X-0.800 Y0.119
G1 X-0.800 Y0.117
G1 X-0.800 Y0.121
G1 X-0.800 Y0.128
G1 X-0.800 Y0.132
G1 X-0.800 Y0.130
G1 X-0.800 Y0.114
G1 X-0.800 Y0.081
G1 X-0.800 Y0.031
G1 X-0.800 Y-0.031
G1 X-0.800 Y-0.094
G1 X-0.800 Y-0.145
G1 X-0.800 Y-0.171
G1 X-0.800 Y-0.162
G1 X-0.800 Y-0.114
G1 X-0.800 Y-0.035
G1 X-0.800 Y0.064
G1 X-0.800 Y0.163
G1 X-0.800 Y0.227
G1 X-0.800 Y0.215
G1 X-0.800 Y0.081
G1 X-0.800 Y-0.208
G1 X-0.800 Y-0.639
G1 X0.000 Y-1.325
G1 X0.800 Y0.644
G1 X0.800 Y0.291
G1 X0.800 Y0.022
G1 X0.800 Y-0.138
G1 X0.800 Y-0.199
G1 X0.800 Y-0.183
G1 X0.800 Y-0.124
G1 X0.800 Y-0.049
G1 X0.800 Y0.023
G1 X0.800 Y0.079
G1 X0.800 Y0.113
G1 X0.800 Y0.124
G1 X0.800 Y0.115
G1 X0.800 Y0.094
G1 X0.800 Y0.068
G1 X0.800 Y0.044
G1 X0.800 Y0.026
G1 X0.800 Y0.012
G1 X0.800 Y0.006
G1 X0.800 Y0.003
G1 X0.800 Y0.001
G1 X0.800 Y0.000
G1 X0.800 Y0.001
G1 X0.800 Y0.001
G1 X0.800 Y-0.001
G1 X0.800 Y-0.007
G1 X0.800 Y-0.022
G1 X0.800 Y-0.048
G1 X0.800 Y-0.084
G1 X0.800 Y-0.128
G1 X0.800 Y-0.166
G1 X0.800 Y-0.187
G1 X0.800 Y-0.177
G1 X0.800 Y-0.125
G1 X0.800 Y-0.036
G1 X0.800 Y0.082
G1 X0.800 Y0.203
G1 X0.800 Y0.288
G1 X0.800 Y0.281
G1 X0.800 Y0.127
G1 X0.800 Y-0.205
G1 X0.800 Y-0.666
G1 X0.800 Y-1.125
G1 X0.800 Y-1.401
G1 X0.800 Y-1.375
G1 X0.800 Y-1.073
G1 X0.800 Y-0.645
G1 X0.800 Y-0.267
G1 X0.800 Y-0.041
G1 X0.800 Y0.029
G1 X0.800 Y0.005
G1 X0.800 Y-0.028
G1 X0.800 Y0.005
G1 X0.800 Y0.145
G1 X0.800 Y0.374
G1 X0.800 Y0.614
G1 X0.800 Y0.767
G1 X0.800 Y0.770
G1 X0.800 Y0.630
G1 X0.800 Y0.396
G1 X0.800 Y0.122
G1 X0.800 Y-0.156
G1 X0.800 Y-0.415
G1 X0.800 Y-0.616
G1 X0.800 Y-0.707
G1 X0.800 Y-0.658
G1 X0.800 Y-0.494
G1 X0.800 Y-0.284
G1 X0.800 Y-0.085
G1 X0.800 Y0.128
G1 X0.800 Y0.468
G1 X0.800 Y1.057
G1 X0.800 Y1.784
G1 X0.800 Y2.030
G1 X0.800 Y0.911
G1 X0.800 Y-1.460
G1 X0.800 Y-3.111
G1 X0.800 Y-2.114
G1 X0.800 Y0.613
G1 X0.800 Y2.397
G1 X0.800 Y2.208
G1 X0.800 Y1.124
G1 X0.800 Y0.313
G1 X0.800 Y0.033
G1 X0.800 Y-0.037
G1 X0.800 Y-0.308
G1 X0.800 Y-1.010
G1 X0.800 Y-1.887
G1 X0.800 Y-2.178
G1 X0.800 Y-1.300
G1 X0.800 Y0.333
G1 X0.800 Y1.612
G1 X0.800 Y1.901
G1 X0.800 Y1.445
G1 X0.800 Y0.819
G1 X0.800 Y0.367
G1 X0.800 Y0.134
G1 X0.800 Y0.040
G1 X0.800 Y0.005
G1 X0.800 Y0.003
G1 X0.800 Y0.023
G1 X0.800 Y0.038
G1 X0.800 Y-0.042
G1 X0.800 Y-0.352
G1 X0.800 Y-0.986
G1 X0.800 Y-1.777
G1 X0.800 Y-2.135
G1 X0.800 Y-1.399
G1 X0.800 Y0.323
G1 X0.800 Y1.902
G1 X0.800 Y2.280
G1 X0.800 Y1.548
G1 X0.800 Y0.587
G1 X0.800 Y0.035
G1 X0.800 Y-0.061
G1 X0.800 Y0.040
G1 X0.800 Y0.032
G1 X0.800 Y-0.299
G1 X0.800 Y-0.938
G1 X0.800 Y-1.568
G1 X0.800 Y-1.756
G1 X0.800 Y-1.372
G1 X0.800 Y-0.704
G1 X0.800 Y-0.154
G1 X0.800 Y0.090
G1 X0.800 Y0.083
G1 X0.800 Y-0.026
G1 X0.800 Y-0.095
G1 X0.800 Y-0.053
G1 X0.800 Y0.080
G1 X0.800 Y0.215
G1 X0.800 Y0.249
G1 X0.800 Y0.143
G1 X0.800 Y-0.065
G1 X0.800 Y-0.265
G1 X0.800 Y-0.296
G1 X0.800 Y0.004
G1 X0.800 Y0.670
G1 X0.800 Y1.440
G1 X0.800 Y1.849
G1 X0.800 Y1.615
G1 X0.800 Y0.923
G1 X0.800 Y0.238
G1 X0.800 Y-0.127
G1 X0.800 Y-0.151
G1 X0.800 Y0.003
G1 X0.800 Y0.146
G1 X0.800 Y0.126
G1 X0.800 Y-0.116
G1 X0.800 Y-0.498
G1 X0.800 Y-0.822
G1 X0.800 Y-0.919
G1 X0.800 Y-0.757
G1 X0.800 Y-0.426
G1 X0.800 Y-0.023
G1 X0.800 Y0.396
G1 X0.800 Y0.777
G1 X0.800 Y1.001
G1 X0.800 Y0.912
G1 X0.800 Y0.462
G1 X0.800 Y-0.179
G1 X0.800 Y-0.700
G1 X0.800 Y-0.893
G1 X0.800 Y-0.764
G1 X0.800 Y-0.446
G1 X0.800 Y-0.073
G1 X0.800 Y0.284
G1 X0.800 Y0.568
G1 X0.800 Y0.718
G1 X0.800 Y0.688
G1 X0.800 Y0.500
G1 X0.800 Y0.253
G1 X0.800 Y0.060
G1 X0.800 Y-0.023
G1 X0.800 Y-0.013
G1 X0.800 Y0.022
G1 X0.800 Y0.012
G1 X0.800 Y-0.073
G1 X0.800 Y-0.207
G1 X0.800 Y-0.313
G1 X0.000 Y-0.644
G1 X-0.800 Y0.039
G1 X-0.800 Y-0.025
G1 X-0.800 Y-0.058
G1 X-0.800 Y-0.035
G1 X-0.800 Y0.028
G1 X-0.800 Y0.067
G1 X-0.800 Y0.012
G1 X-0.800 Y-0.182
G1 X-0.800 Y-0.482
G1 X-0.800 Y-0.767
G1 X-0.800 Y-0.901
G1 X-0.800 Y-0.821
G1 X-0.800 Y-0.567
G1 X-0.800 Y-0.218
G1 X-0.800 Y0.171
G1 X-0.800 Y0.572
G1 X-0.800 Y0.924
G1 X-0.800 Y1.079
G1 X-0.800 Y0.881
G1 X-0.800 Y0.321
G1 X-0.800 Y-0.359
G1 X-0.800 Y-0.828
G1 X-0.800 Y-0.920
G1 X-0.800 Y-0.695
G1 X-0.800 Y-0.312
G1 X-0.800 Y0.105
G1 X-0.800 Y0.487
G1 X-0.800 Y0.758
G1 X-0.800 Y0.821
G1 X-0.800 Y0.635
G1 X-0.800 Y0.289
G1 X-0.800 Y-0.025
G1 X-0.800 Y-0.159
G1 X-0.800 Y-0.090
G1 X-0.800 Y0.077
G1 X-0.800 Y0.171
G1 X-0.800 Y0.003
G1 X-0.800 Y-0.533
G1 X-0.800 Y-1.287
G1 X-0.800 Y-1.823
G1 X-0.800 Y-1.745
G1 X-0.800 Y-1.085
G1 X-0.800 Y-0.282
G1 X-0.800 Y0.244
G1 X-0.800 Y0.373
G1 X-0.800 Y0.227
G1 X-0.800 Y-0.015
G1 X-0.800 Y-0.215
G1 X-0.800 Y-0.288
G1 X-0.800 Y-0.228
G1 X-0.800 Y-0.096
G1 X-0.800 Y0.011
G1 X-0.800 Y0.027
G1 X-0.800 Y-0.020
G1 X-0.800 Y-0.018
G1 X-0.800 Y0.183
G1 X-0.800 Y0.679
G1 X-0.800 Y1.346
G1 X-0.800 Y1.800
G1 X-0.800 Y1.657
G1 X-0.800 Y0.955
G1 X-0.800 Y0.153
G1 X-0.800 Y-0.295
G1 X-0.800 Y-0.287
G1 X-0.800 Y0.002
G1 X-0.800 Y0.301
G1 X-0.800 Y0.293
G1 X-0.800 Y-0.306
G1 X-0.800 Y-1.430
G1 X-0.800 Y-2.344
G1 X-0.800 Y-2.087
G1 X-0.800 Y-0.596
G1 X-0.800 Y1.068
G1 X-0.800 Y1.860
G1 X-0.800 Y1.688
G1 X-0.800 Y1.097
G1 X-0.800 Y0.563
G1 X-0.800 Y0.241
G1 X-0.800 Y0.087
G1 X-0.800 Y0.025
G1 X-0.800 Y0.012
G1 X-0.800 Y0.036
G1 X-0.800 Y0.065
G1 X-0.800 Y0.023
G1 X-0.800 Y-0.233
G1 X-0.800 Y-0.821
G1 X-0.800 Y-1.636
G1 X-0.800 Y-2.149
G1 X-0.800 Y-1.663
G1 X-0.800 Y-0.113
G1 X-0.800 Y1.519
G1 X-0.800 Y2.138
G1 X-0.800 Y1.666
G1 X-0.800 Y0.843
G1 X-0.800 Y0.271
G1 X-0.800 Y-0.019
G1 X-0.800 Y-0.351
G1 X-0.800 Y-1.057
G1 X-0.800 Y-2.021
G1 X-0.800 Y-2.302
G1 X-0.800 Y-0.826
G1 X-0.800 Y1.788
G1 X-0.800 Y3.095
G1 X-0.800 Y1.807
G1 X-0.800 Y-0.546
G1 X-0.800 Y-1.890
G1 X-0.800 Y-1.834
G1 X-0.800 Y-1.163
G1 X-0.800 Y-0.548
G1 X-0.800 Y-0.162
G1 X-0.800 Y0.088
G1 X-0.800 Y0.308
G1 X-0.800 Y0.517
G1 X-0.800 Y0.662
G1 X-0.800 Y0.675
G1 X-0.800 Y0.546
G1 X-0.800 Y0.311
G1 X-0.800 Y0.019
G1 X-0.800 Y-0.296
G1 X-0.800 Y-0.600
G1 X-0.800 Y-0.827
G1 X-0.800 Y-0.889
G1 X-0.800 Y-0.718
G1 X-0.800 Y-0.356
G1 X-0.800 Y0.049
G1 X-0.800 Y0.334
G1 X-0.800 Y0.407
G1 X-0.800 Y0.287
G1 X-0.800 Y0.050
G1 X-0.800 Y-0.210
G1 X-0.800 Y-0.394
G1 X-0.800 Y-0.400
G1 X-0.800 Y-0.144
G1 X-0.800 Y0.357
G1 X-0.800 Y0.941
G1 X-0.800 Y1.367
G1 X-0.800 Y1.461
G1 X-0.800 Y1.228
G1 X-0.800 Y0.823
G1 X-0.800 Y0.431
G1 X-0.800 Y0.160
G1 X-0.800 Y0.027
G1 X-0.800 Y-0.008
G1 X-0.800 Y0.001
G1 X-0.800 Y0.007
G1 X-0.800 Y-0.014
G1 X-0.800 Y-0.065
G1 X-0.800 Y-0.132
G1 X-0.800 Y-0.190
G1 X-0.800 Y-0.221
G1 X-0.800 Y-0.213
G1 X-0.800 Y-0.172
G1 X-0.800 Y-0.103
G1 X-0.800 Y-0.024
G1 X-0.800 Y0.052
G1 X-0.800 Y0.112
G1 X-0.800 Y0.152
G1 X-0.800 Y0.166
G1 X-0.800 Y0.159
G1 X-0.800 Y0.136
G1 X-0.800 Y0.105
G1 X-0.800 Y0.074
G1 X-0.800 Y0.047
G1 X-0.800 Y0.027
G1 X-0.800 Y0.012
G1 X-0.800 Y0.000
G1 X-0.800 Y-0.006
G1 X-0.800 Y-0.010
G1 X-0.800 Y-0.008
G1 X-0.800 Y0.000
G1 X-0.800 Y0.014
G1 X-0.800 Y0.030
G1 X-0.800 Y0.040
G1 X-0.800 Y0.030
G1 X-0.800 Y-0.014
G1 X-0.800 Y-0.102
G1 X-0.800 Y-0.247
G1 X-0.800 Y-0.438
G1 X-0.800 Y-0.651
G1 X-0.800 Y-0.849
G1 X0.000 Y-3.970
G1 X0.800 Y0.712
G1 X0.800 Y0.756
G1 X0.800 Y0.735
G1 X0.800 Y0.662
G1 X0.800 Y0.556
G1 X0.800 Y0.439
G1 X0.800 Y0.329
G1 X0.800 Y0.237
G1 X0.800 Y0.167
G1 X0.800 Y0.118
G1 X0.800 Y0.087
G1 X0.800 Y0.069
G1 X0.800 Y0.061
G1 X0.800 Y0.056
G1 X0.800 Y0.050
G1 X0.800 Y0.034
G1 X0.800 Y-0.002
G1 X0.800 Y-0.063
G1 X0.800 Y-0.156
G1 X0.800 Y-0.271
G1 X0.800 Y-0.396
G1 X0.800 Y-0.508
G1 X0.800 Y-0.580
G1 X0.800 Y-0.594
G1 X0.800 Y-0.548
G1 X0.800 Y-0.449
G1 X0.800 Y-0.314
G1 X0.800 Y-0.160
G1 X0.800 Y0.003
G1 X0.800 Y0.165
G1 X0.800 Y0.316
G1 X0.800 Y0.444
G1 X0.800 Y0.524
G1 X0.800 Y0.542
G1 X0.800 Y0.492
G1 X0.800 Y0.387
G1 X0.800 Y0.253
G1 X0.800 Y0.110
G1 X0.800 Y-0.045
G1 X0.800 Y-0.232
G1 X0.800 Y-0.483
G1 X0.800 Y-0.800
G1 X0.800 Y-1.119
G1 X0.800 Y-1.298
G1 X0.800 Y-1.179
G1 X0.800 Y-0.718
G1 X0.800 Y-0.059
G1 X0.800 Y0.524
G1 X0.800 Y0.823
G1 X0.800 Y0.794
G1 X0.800 Y0.536
G1 X0.800 Y0.171
G1 X0.800 Y-0.220
G1 X0.800 Y-0.578
G1 X0.800 Y-0.813
G1 X0.800 Y-0.800
G1 X0.800 Y-0.462
G1 X0.800 Y0.115
G1 X0.800 Y0.690
G1 X0.800 Y1.014
G1 X0.800 Y1.004
G1 X0.800 Y0.756
G1 X0.800 Y0.409
G1 X0.800 Y0.056
G1 X0.800 Y-0.267
G1 X0.800 Y-0.539
G1 X0.800 Y-0.706
G1 X0.800 Y-0.723
G1 X0.800 Y-0.590
G1 X0.800 Y-0.364
G1 X0.800 Y-0.114
G1 X0.800 Y0.173
G1 X0.800 Y0.591
G1 X0.800 Y1.212
G1 X0.800 Y1.829
G1 X0.800 Y1.762
G1 X0.800 Y0.327
G1 X0.800 Y-1.927
G1 X0.800 Y-3.004
G1 X0.800 Y-1.691
G1 X0.800 Y0.673
G1 X0.800 Y1.990
G1 X0.800 Y1.815
G1 X0.800 Y1.029
G1 X0.800 Y0.340
G1 X0.800 Y-0.184
G1 X0.800 Y-0.780
G1 X0.800 Y-1.500
G1 X0.800 Y-1.924
G1 X0.800 Y-1.369
G1 X0.800 Y0.223
G1 X0.800 Y1.832
G1 X0.800 Y2.324
G1 X0.800 Y1.648
G1 X0.800 Y0.614
G1 X0.800 Y-0.094
G1 X0.800 Y-0.336
G1 X0.800 Y-0.285
G1 X0.800 Y-0.144
G1 X0.800 Y-0.034
G1 X0.800 Y-0.008
G1 X0.800 Y-0.075
G1 X0.800 Y-0.246
G1 X0.800 Y-0.543
G1 X0.800 Y-0.981
G1 X0.800 Y-1.450
G1 X0.800 Y-1.594
G1 X0.800 Y-0.954
G1 X0.800 Y0.508
G1 X0.800 Y1.976
G1 X0.800 Y2.382
G1 X0.800 Y1.551
G1 X0.800 Y0.337
G1 X0.800 Y-0.401
G1 X0.800 Y-0.475
G1 X0.800 Y-0.146
G1 X0.800 Y0.268
G1 X0.800 Y0.491
G1 X0.800 Y0.277
G1 X0.800 Y-0.448
G1 X0.800 Y-1.361
G1 X0.800 Y-1.881
G1 X0.800 Y-1.687
G1 X0.800 Y-1.022
G1 X0.800 Y-0.370
G1 X0.800 Y-0.015
G1 X0.800 Y0.056
G1 X0.800 Y-0.005
G1 X0.800 Y-0.052
G1 X0.800 Y-0.006
G1 X0.800 Y0.109
G1 X0.800 Y0.211
G1 X0.800 Y0.211
G1 X0.800 Y0.082
G1 X0.800 Y-0.121
G1 X0.800 Y-0.278
G1 X0.800 Y-0.217
G1 X0.800 Y0.209
G1 X0.800 Y0.958
G1 X0.800 Y1.676
G1 X0.800 Y1.880
G1 X0.800 Y1.415
G1 X0.800 Y0.612
G1 X0.800 Y-0.033
G1 X0.800 Y-0.284
G1 X0.800 Y-0.200
G1 X0.800 Y0.029
G1 X0.800 Y0.222
G1 X0.800 Y0.244
G1 X0.800 Y0.049
G1 X0.800 Y-0.285
G1 X0.800 Y-0.573
G1 X0.800 Y-0.659
G1 X0.800 Y-0.510
G1 X0.800 Y-0.196
G1 X0.800 Y0.189
G1 X0.800 Y0.542
G1 X0.800 Y0.733
G1 X0.800 Y0.614
G1 X0.800 Y0.135
G1 X0.800 Y-0.534
G1 X0.800 Y-1.059
G1 X0.800 Y-1.207
G1 X0.800 Y-1.000
G1 X0.800 Y-0.616
G1 X0.800 Y-0.204
G1 X0.800 Y0.190
G1 X0.800 Y0.571
G1 X0.800 Y0.903
G1 X0.800 Y1.076
G1 X0.800 Y0.993
G1 X0.800 Y0.665
G1 X0.800 Y0.245
G1 X0.800 Y-0.082
G1 X0.800 Y-0.221
G1 X0.800 Y-0.191
G1 X0.800 Y-0.072
G1 X0.800 Y0.050
G1 X0.800 Y0.125
G1 X0.800 Y0.132
G1 X0.000 Y-2.562
G1 X-0.800 Y-0.161
G1 X-0.800 Y-0.063
G1 X-0.800 Y0.114
G1 X-0.800 Y0.329
G1 X-0.800 Y0.509
G1 X-0.800 Y0.546
G1 X-0.800 Y0.333
G1 X-0.800 Y-0.139
G1 X-0.800 Y-0.720
G1 X-0.800 Y-1.139
G1 X-0.800 Y-1.221
G1 X-0.800 Y-0.987
G1 X-0.800 Y-0.603
G1 X-0.800 Y-0.202
G1 X-0.800 Y0.190
G1 X-0.800 Y0.597
G1 X-0.800 Y0.995
G1 X-0.800 Y1.241
G1 X-0.800 Y1.157
G1 X-0.800 Y0.711
G1 X-0.800 Y0.113
G1 X-0.800 Y-0.338
G1 X-0.800 Y-0.474
G1 X-0.800 Y-0.330
G1 X-0.800 Y-0.041
G1 X-0.800 Y0.253
G1 X-0.800 Y0.425
G1 X-0.800 Y0.390
G1 X-0.800 Y0.139
G1 X-0.800 Y-0.200
G1 X-0.800 Y-0.438
G1 X-0.800 Y-0.452
G1 X-0.800 Y-0.245
G1 X-0.800 Y0.088
G1 X-0.800 Y0.411
G1 X-0.800 Y0.545
G1 X-0.800 Y0.292
G1 X-0.800 Y-0.413
G1 X-0.800 Y-1.301
G1 X-0.800 Y-1.845
G1 X-0.800 Y-1.716
G1 X-0.800 Y-1.085
G1 X-0.800 Y-0.408
G1 X-0.800 Y-0.005
G1 X-0.800 Y0.092
G1 X-0.800 Y0.020
G1 X-0.800 Y-0.064
G1 X-0.800 Y-0.069
G1 X-0.800 Y0.021
G1 X-0.800 Y0.132
G1 X-0.800 Y0.172
G1 X-0.800 Y0.091
G1 X-0.800 Y-0.076
G1 X-0.800 Y-0.211
G1 X-0.800 Y-0.134
G1 X-0.800 Y0.320
G1 X-0.800 Y1.111
G1 X-0.800 Y1.835
G1 X-0.800 Y1.938
G1 X-0.800 Y1.274
G1 X-0.800 Y0.314
G1 X-0.800 Y-0.331
G1 X-0.800 Y-0.436
G1 X-0.800 Y-0.150
G1 X-0.800 Y0.249
G1 X-0.800 Y0.467
G1 X-0.800 Y0.192
G1 X-0.800 Y-0.718
G1 X-0.800 Y-1.857
G1 X-0.800 Y-2.327
G1 X-0.800 Y-1.601
G1 X-0.800 Y-0.182
G1 X-0.800 Y0.956
G1 X-0.800 Y1.333
G1 X-0.800 Y1.131
G1 X-0.800 Y0.728
G1 X-0.800 Y0.355
G1 X-0.800 Y0.091
G1 X-0.800 Y-0.056
G1 X-0.800 Y-0.077
G1 X-0.800 Y0.032
G1 X-0.800 Y0.256
G1 X-0.800 Y0.538
G1 X-0.800 Y0.739
G1 X-0.800 Y0.603
G1 X-0.800 Y-0.134
G1 X-0.800 Y-1.377
G1 X-0.800 Y-2.362
G1 X-0.800 Y-2.141
G1 X-0.800 Y-0.707
G1 X-0.800 Y0.834
G1 X-0.800 Y1.485
G1 X-0.800 Y1.234
G1 X-0.800 Y0.591
G1 X-0.800 Y-0.112
G1 X-0.800 Y-0.833
G1 X-0.800 Y-1.443
G1 X-0.800 Y-1.423
G1 X-0.800 Y-0.187
G1 X-0.800 Y1.823
G1 X-0.800 Y2.872
G1 X-0.800 Y1.822
G1 X-0.800 Y-0.301
G1 X-0.800 Y-1.695
G1 X-0.800 Y-1.794
G1 X-0.800 Y-1.208
G1 X-0.800 Y-0.590
G1 X-0.800 Y-0.154
G1 X-0.800 Y0.165
G1 X-0.800 Y0.452
G1 X-0.800 Y0.703
G1 X-0.800 Y0.835
G1 X-0.800 Y0.788
G1 X-0.800 Y0.581
G1 X-0.800 Y0.282
G1 X-0.800 Y-0.059
G1 X-0.800 Y-0.439
G1 X-0.800 Y-0.846
G1 X-0.800 Y-1.178
G1 X-0.800 Y-1.231
G1 X-0.800 Y-0.836
G1 X-0.800 Y-0.070
G1 X-0.800 Y0.716
G1 X-0.800 Y1.157
G1 X-0.800 Y1.147
G1 X-0.800 Y0.833
G1 X-0.800 Y0.416
G1 X-0.800 Y-0.005
G1 X-0.800 Y-0.415
G1 X-0.800 Y-0.801
G1 X-0.800 Y-1.079
G1 X-0.800 Y-1.096
G1 X-0.800 Y-0.763
G1 X-0.800 Y-0.164
G1 X-0.800 Y0.453
G1 X-0.800 Y0.844
G1 X-0.800 Y0.924
G1 X-0.800 Y0.765
G1 X-0.800 Y0.487
G1 X-0.800 Y0.188
G1 X-0.800 Y-0.091
G1 X-0.800 Y-0.331
G1 X-0.800 Y-0.512
G1 X-0.800 Y-0.609
G1 X-0.800 Y-0.605
G1 X-0.800 Y-0.516
G1 X-0.800 Y-0.376
G1 X-0.800 Y-0.232
G1 X-0.800 Y-0.112
G1 X-0.800 Y-0.017
G1 X-0.800 Y0.077
G1 X-0.800 Y0.202
G1 X-0.800 Y0.380
G1 X-0.800 Y0.608
G1 X-0.800 Y0.845
G1 X-0.800 Y1.023
G1 X-0.800 Y1.078
G1 X-0.800 Y0.979
G1 X-0.800 Y0.745
G1 X-0.800 Y0.442
G1 X-0.800 Y0.140
G1 X-0.800 Y-0.103
G1 X-0.800 Y-0.265
G1 X-0.800 Y-0.348
G1 X-0.800 Y-0.375
G1 X-0.800 Y-0.370
G1 X-0.800 Y-0.354
G1 X-0.800 Y-0.343
G1 X-0.800 Y-0.345
G1 X-0.800 Y-0.366
G1 X-0.800 Y-0.402
G1 X-0.800 Y-0.451
G1 X-0.800 Y-0.500
G1 X-0.800 Y-0.538
G1 X-0.800 Y-0.547
G1 X-0.800 Y-0.515
G1 X-0.800 Y-0.437
G1 X-0.800 Y-0.318
G1 X-0.800 Y-0.178
G1 X-0.800 Y-0.044
G1 X0.000 Y0.721
G1 X0.800 Y-0.481
G1 X0.800 Y-0.496
G1 X0.800 Y-0.439
G1 X0.800 Y-0.318
G1 X0.800 Y-0.165
G1 X0.800 Y-0.008
G1 X0.800 Y0.128
G1 X0.800 Y0.229
G1 X0.800 Y0.296
G1 X0.800 Y0.335
G1 X0.800 Y0.363
G1 X0.800 Y0.392
G1 X0.800 Y0.433
G1 X0.800 Y0.494
G1 X0.800 Y0.578
G1 X0.800 Y0.675
G1 X0.800 Y0.761
G1 X0.800 Y0.796
G1 X0.800 Y0.723
G1 X0.800 Y0.485
G1 X0.800 Y0.058
G1 X0.800 Y-0.508
G1 X0.800 Y-1.073
G1 X0.800 Y-1.449
G1 X0.800 Y-1.500
G1 X0.800 Y-1.219
G1 X0.800 Y-0.742
G1 X0.800 Y-0.263
G1 X0.800 Y0.068
G1 X0.800 Y0.205
G1 X0.800 Y0.176
G1 X0.800 Y0.054
G1 X0.800 Y-0.086
G1 X0.800 Y-0.178
G1 X0.800 Y-0.176
G1 X0.800 Y-0.070
G1 X0.800 Y0.109
G1 X0.800 Y0.284
G1 X0.800 Y0.378
G1 X0.800 Y0.349
G1 X0.800 Y0.201
G1 X0.800 Y-0.024
G1 X0.800 Y-0.262
G1 X0.800 Y-0.431
G1 X0.800 Y-0.428
G1 X0.800 Y-0.175
G1 X0.800 Y0.308
G1 X0.800 Y0.848
G1 X0.800 Y1.206
G1 X0.800 Y1.231
G1 X0.800 Y0.972
G1 X0.800 Y0.590
G1 X0.800 Y0.204
G1 X0.800 Y-0.172
G1 X0.800 Y-0.595
G1 X0.800 Y-1.068
G1 X0.800 Y-1.427
G1 X0.800 Y-1.370
G1 X0.800 Y-0.708
G1 X0.800 Y0.334
G1 X0.800 Y1.208
G1 X0.800 Y1.509
G1 X0.800 Y1.272
G1 X0.800 Y0.807
G1 X0.800 Y0.361
G1 X0.800 Y-0.002
G1 X0.800 Y-0.329
G1 X0.800 Y-0.649
G1 X0.800 Y-0.903
G1 X0.800 Y-0.984
G1 X0.800 Y-0.849
G1 X0.800 Y-0.563
G1 X0.800 Y-0.234
G1 X0.800 Y0.109
G1 X0.800 Y0.549
G1 X0.800 Y1.158
G1 X0.800 Y1.745
G1 X0.800 Y1.707
G1 X0.800 Y0.475
G1 X0.800 Y-1.492
G1 X0.800 Y-2.650
G1 X0.800 Y-2.062
G1 X0.800 Y-0.523
G1 X0.800 Y0.594
G1 X0.800 Y0.793
G1 X0.800 Y0.380
G1 X0.800 Y-0.224
G1 X0.800 Y-0.711
G1 X0.800 Y-0.726
G1 X0.800 Y0.062
G1 X0.800 Y1.438
G1 X0.800 Y2.410
G1 X0.800 Y2.074
G1 X0.800 Y0.694
G1 X0.800 Y-0.634
G1 X0.800 Y-1.207
G1 X0.800 Y-1.101
G1 X0.800 Y-0.710
G1 X0.800 Y-0.307
G1 X0.800 Y0.003
G1 X0.800 Y0.193
G1 X0.800 Y0.247
G1 X0.800 Y0.159
G1 X0.800 Y-0.061
G1 X0.800 Y-0.386
G1 X0.800 Y-0.761
G1 X0.800 Y-1.037
G1 X0.800 Y-0.937
G1 X0.800 Y-0.205
G1 X0.800 Y1.015
G1 X0.800 Y2.017
G1 X0.800 Y2.094
G1 X0.800 Y1.292
G1 X0.800 Y0.327
G1 X0.800 Y-0.202
G1 X0.800 Y-0.216
G1 X0.800 Y0.041
G1 X0.800 Y0.251
G1 X0.800 Y0.114
G1 X0.800 Y-0.533
G1 X0.800 Y-1.470
G1 X0.800 Y-2.061
G1 X0.800 Y-1.799
G1 X0.800 Y-0.863
G1 X0.800 Y0.081
G1 X0.800 Y0.561
G1 X0.800 Y0.556
G1 X0.800 Y0.288
G1 X0.800 Y-0.037
G1 X0.800 Y-0.291
G1 X0.800 Y-0.404
G1 X0.800 Y-0.367
G1 X0.800 Y-0.241
G1 X0.800 Y-0.108
G1 X0.800 Y-0.016
G1 X0.800 Y0.083
G1 X0.800 Y0.298
G1 X0.800 Y0.723
G1 X0.800 Y1.300
G1 X0.800 Y1.729
G1 X0.800 Y1.619
G1 X0.800 Y0.887
G1 X0.800 Y-0.078
G1 X0.800 Y-0.750
G1 X0.800 Y-0.902
G1 X0.800 Y-0.656
G1 X0.800 Y-0.238
G1 X0.800 Y0.198
G1 X0.800 Y0.559
G1 X0.800 Y0.752
G1 X0.800 Y0.698
G1 X0.800 Y0.417
G1 X0.800 Y0.064
G1 X0.800 Y-0.174
G1 X0.800 Y-0.204
G1 X0.800 Y-0.065
G1 X0.800 Y0.127
G1 X0.800 Y0.225
G1 X0.800 Y0.102
G1 X0.800 Y-0.275
G1 X0.800 Y-0.772
G1 X0.800 Y-1.136
G1 X0.800 Y-1.186
G1 X0.800 Y-0.941
G1 X0.800 Y-0.556
G1 X0.800 Y-0.153
G1 X0.800 Y0.249
G1 X0.800 Y0.678
G1 X0.800 Y1.090
G1 X0.800 Y1.314
G1 X0.800 Y1.140
G1 X0.800 Y0.537
G1 X0.800 Y-0.234
G1 X0.800 Y-0.813
G1 X0.800 Y-1.011
G1 X0.800 Y-0.886
G1 X0.800 Y-0.605
G1 X0.800 Y-0.308
G1 X0.800 Y-0.062
G1 X0.800 Y0.106
G1 X0.000 Y-3.247
G1 X-0.800 Y-0.054
G1 X-0.800 Y0.097
G1 X-0.800 Y0.324
G1 X-0.800 Y0.651
G1 X-0.800 Y1.059
G1 X-0.800 Y1.397
G1 X-0.800 Y1.402
G1 X-0.800 Y0.886
G1 X-0.800 Y-0.020
G1 X-0.800 Y-0.870
G1 X-0.800 Y-1.270
G1 X-0.800 Y-1.168
G1 X-0.800 Y-0.779
G1 X-0.800 Y-0.327
G1 X-0.800 Y0.104
G1 X-0.800 Y0.509
G1 X-0.800 Y0.864
G1 X-0.800 Y1.061
G1 X-0.800 Y0.997
G1 X-0.800 Y0.685
G1 X-0.800 Y0.295
G1 X-0.800 Y0.016
G1 X-0.800 Y-0.068
G1 X-0.800 Y-0.009
G1 X-0.800 Y0.064
G1 X-0.800 Y0.017
G1 X-0.800 Y-0.222
G1 X-0.800 Y-0.599
G1 X-0.800 Y-0.932
G1 X-0.800 Y-1.041
G1 X-0.800 Y-0.878
G1 X-0.800 Y-0.536
G1 X-0.800 Y-0.119
G1 X-0.800 Y0.332
G1 X-0.800 Y0.799
G1 X-0.800 Y1.182
G1 X-0.800 Y1.234
G1 X-0.800 Y0.741
G1 X-0.800 Y-0.189
G1 X-0.800 Y-1.079
G1 X-0.800 Y-1.479
G1 X-0.800 Y-1.330
G1 X-0.800 Y-0.901
G1 X-0.800 Y-0.461
G1 X-0.800 Y-0.114
G1 X-0.800 Y0.164
G1 X-0.800 Y0.401
G1 X-0.800 Y0.574
G1 X-0.800 Y0.622
G1 X-0.800 Y0.509
G1 X-0.800 Y0.252
G1 X-0.800 Y-0.111
G1 X-0.800 Y-0.545
G1 X-0.800 Y-0.972
G1 X-0.800 Y-1.177
G1 X-0.800 Y-0.834
G1 X-0.800 Y0.181
G1 X-0.800 Y1.424
G1 X-0.800 Y2.082
G1 X-0.800 Y1.790
G1 X-0.800 Y0.965
G1 X-0.800 Y0.270
G1 X-0.800 Y-0.010
G1 X-0.800 Y0.002
G1 X-0.800 Y0.004
G1 X-0.800 Y-0.288
G1 X-0.800 Y-0.966
G1 X-0.800 Y-1.728
G1 X-0.800 Y-1.988
G1 X-0.800 Y-1.425
G1 X-0.800 Y-0.385
G1 X-0.800 Y0.477
G1 X-0.800 Y0.806
G1 X-0.800 Y0.684
G1 X-0.800 Y0.356
G1 X-0.800 Y0.011
G1 X-0.800 Y-0.254
G1 X-0.800 Y-0.385
G1 X-0.800 Y-0.371
G1 X-0.800 Y-0.243
G1 X-0.800 Y-0.038
G1 X-0.800 Y0.245
G1 X-0.800 Y0.656
G1 X-0.800 Y1.202
G1 X-0.800 Y1.659
G1 X-0.800 Y1.523
G1 X-0.800 Y0.418
G1 X-0.800 Y-1.219
G1 X-0.800 Y-2.252
G1 X-0.800 Y-2.024
G1 X-0.800 Y-1.044
G1 X-0.800 Y-0.214
G1 X-0.800 Y0.074
G1 X-0.800 Y-0.008
G1 X-0.800 Y-0.067
G1 X-0.800 Y0.285
G1 X-0.800 Y1.191
G1 X-0.800 Y2.166
G1 X-0.800 Y2.221
G1 X-0.800 Y0.937
G1 X-0.800 Y-0.807
G1 X-0.800 Y-1.777
G1 X-0.800 Y-1.678
G1 X-0.800 Y-1.066
G1 X-0.800 Y-0.476
G1 X-0.800 Y-0.051
G1 X-0.800 Y0.307
G1 X-0.800 Y0.679
G1 X-0.800 Y1.014
G1 X-0.800 Y1.158
G1 X-0.800 Y1.029
G1 X-0.800 Y0.708
G1 X-0.800 Y0.362
G1 X-0.800 Y0.078
G1 X-0.800 Y-0.196
G1 X-0.800 Y-0.589
G1 X-0.800 Y-1.148
G1 X-0.800 Y-1.667
G1 X-0.800 Y-1.700
G1 X-0.800 Y-0.939
G1 X-0.800 Y0.327
G1 X-0.800 Y1.358
G1 X-0.800 Y1.659
G1 X-0.800 Y1.334
G1 X-0.800 Y0.797
G1 X-0.800 Y0.335
G1 X-0.800 Y-0.018
G1 X-0.800 Y-0.348
G1 X-0.800 Y-0.720
G1 X-0.800 Y-1.078
G1 X-0.800 Y-1.270
G1 X-0.800 Y-1.170
G1 X-0.800 Y-0.810
G1 X-0.800 Y-0.376
G1 X-0.800 Y-0.055
G1 X-0.800 Y0.075
G1 X-0.800 Y0.051
G1 X-0.800 Y-0.034
G1 X-0.800 Y-0.076
G1 X-0.800 Y-0.009
G1 X-0.800 Y0.180
G1 X-0.800 Y0.430
G1 X-0.800 Y0.633
G1 X-0.800 Y0.702
G1 X-0.800 Y0.607
G1 X-0.800 Y0.384
G1 X-0.800 Y0.085
G1 X-0.800 Y-0.249
G1 X-0.800 Y-0.577
G1 X-0.800 Y-0.821
G1 X-0.800 Y-0.845
G1 X-0.800 Y-0.513
G1 X-0.800 Y0.203
G1 X-0.800 Y1.093
G1 X-0.800 Y1.762
G1 X-0.800 Y1.867
G1 X-0.800 Y1.355
G1 X-0.800 Y0.490
G1 X-0.800 Y-0.351
G1 X-0.800 Y-0.911
G1 X-0.800 Y-1.130
G1 X-0.800 Y-1.091
G1 X-0.800 Y-0.920
G1 X-0.800 Y-0.714
G1 X-0.800 Y-0.531
G1 X-0.800 Y-0.389
G1 X-0.800 Y-0.286
G1 X-0.800 Y-0.213
G1 X-0.800 Y-0.153
G1 X-0.800 Y-0.092
G1 X-0.800 Y-0.012
G1 X-0.800 Y0.096
G1 X-0.800 Y0.236
G1 X-0.800 Y0.400
G1 X-0.800 Y0.569
G1 X-0.800 Y0.707
G1 X-0.800 Y0.783
G1 X-0.800 Y0.775
G1 X-0.800 Y0.685
G1 X-0.800 Y0.536
G1 X0.000 Y-0.040
G1 X0.800 Y-0.477
G1 X0.800 Y-0.676
G1 X0.800 Y-0.838
G1 X0.800 Y-0.916
G1 X0.800 Y-0.891
G1 X0.800 Y-0.773
G1 X0.800 Y-0.596
G1 X0.800 Y-0.408
G1 X0.800 Y-0.240
G1 X0.800 Y-0.113
G1 X0.800 Y-0.024
G1 X0.800 Y0.031
G1 X0.800 Y0.072
G1 X0.800 Y0.111
G1 X0.800 Y0.167
G1 X0.800 Y0.255
G1 X0.800 Y0.396
G1 X0.800 Y0.605
G1 X0.800 Y0.878
G1 X0.800 Y1.163
G1 X0.800 Y1.335
G1 X0.800 Y1.199
G1 X0.800 Y0.582
G1 X0.800 Y-0.482
G1 X0.800 Y-1.614
G1 X0.800 Y-2.200
G1 X0.800 Y-1.827
G1 X0.800 Y-0.672
G1 X0.800 Y0.601
G1 X0.800 Y1.373
G1 X0.800 Y1.478
G1 X0.800 Y1.147
G1 X0.800 Y0.696
G1 X0.800 Y0.303
G1 X0.800 Y-0.014
G1 X0.800 Y-0.307
G1 X0.800 Y-0.611
G1 X0.800 Y-0.891
G1 X0.800 Y-1.054
G1 X0.800 Y-1.018
G1 X0.800 Y-0.796
G1 X0.800 Y-0.495
G1 X0.800 Y-0.238
G1 X0.800 Y-0.077
G1 X0.800 Y0.017
G1 X0.800 Y0.133
G1 X0.800 Y0.352
G1 X0.800 Y0.680
G1 X0.800 Y1.019
G1 X0.800 Y1.205
G1 X0.800 Y1.128
G1 X0.800 Y0.837
G1 X0.800 Y0.478
G1 X0.800 Y0.158
G1 X0.800 Y-0.139
G1 X0.800 Y-0.529
G1 X0.800 Y-1.080
G1 X0.800 Y-1.636
G1 X0.800 Y-1.737
G1 X0.800 Y-0.957
G1 X0.800 Y0.493
G1 X0.800 Y1.724
G1 X0.800 Y2.007
G1 X0.800 Y1.468
G1 X0.800 Y0.733
G1 X0.800 Y0.246
G1 X0.800 Y0.037
G1 X0.800 Y-0.088
G1 X0.800 Y-0.326
G1 X0.800 Y-0.734
G1 X0.800 Y-1.162
G1 X0.800 Y-1.348
G1 X0.800 Y-1.178
G1 X0.800 Y-0.776
G1 X0.800 Y-0.358
G1 X0.800 Y-0.004
G1 X0.800 Y0.382
G1 X0.800 Y0.932
G1 X0.800 Y1.569
G1 X0.800 Y1.839
G1 X0.800 Y1.211
G1 X0.800 Y-0.204
G1 X0.800 Y-1.494
G1 X0.800 Y-1.866
G1 X0.800 Y-1.411
G1 X0.800 Y-0.730
G1 X0.800 Y-0.188
G1 X0.800 Y0.270
G1 X0.800 Y0.849
G1 X0.800 Y1.547
G1 X0.800 Y1.905
G1 X0.800 Y1.306
G1 X0.800 Y-0.207
G1 X0.800 Y-1.648
G1 X0.800 Y-2.085
G1 X0.800 Y-1.573
G1 X0.800 Y-0.803
G1 X0.800 Y-0.277
G1 X0.800 Y-0.057
G1 X0.800 Y0.014
G1 X0.800 Y0.096
G1 X0.800 Y0.239
G1 X0.800 Y0.383
G1 X0.800 Y0.423
G1 X0.800 Y0.300
G1 X0.800 Y0.033
G1 X0.800 Y-0.297
G1 X0.800 Y-0.550
G1 X0.800 Y-0.535
G1 X0.800 Y-0.081
G1 X0.800 Y0.738
G1 X0.800 Y1.506
G1 X0.800 Y1.749
G1 X0.800 Y1.392
G1 X0.800 Y0.790
G1 X0.800 Y0.310
G1 X0.800 Y0.033
G1 X0.800 Y-0.220
G1 X0.800 Y-0.678
G1 X0.800 Y-1.379
G1 X0.800 Y-1.944
G1 X0.800 Y-1.746
G1 X0.800 Y-0.594
G1 X0.800 Y0.843
G1 X0.800 Y1.665
G1 X0.800 Y1.620
G1 X0.800 Y1.104
G1 X0.800 Y0.566
G1 X0.800 Y0.181
G1 X0.800 Y-0.092
G1 X0.800 Y-0.324
G1 X0.800 Y-0.521
G1 X0.800 Y-0.620
G1 X0.800 Y-0.564
G1 X0.800 Y-0.352
G1 X0.800 Y-0.027
G1 X0.800 Y0.363
G1 X0.800 Y0.751
G1 X0.800 Y0.999
G1 X0.800 Y0.890
G1 X0.800 Y0.300
G1 X0.800 Y-0.588
G1 X0.800 Y-1.310
G1 X0.800 Y-1.513
G1 X0.800 Y-1.226
G1 X0.800 Y-0.748
G1 X0.800 Y-0.306
G1 X0.800 Y0.059
G1 X0.800 Y0.418
G1 X0.800 Y0.809
G1 X0.800 Y1.148
G1 X0.800 Y1.262
G1 X0.800 Y1.062
G1 X0.800 Y0.653
G1 X0.800 Y0.255
G1 X0.800 Y0.032
G1 X0.800 Y-0.015
G1 X0.800 Y0.013
G1 X0.800 Y-0.016
G1 X0.800 Y-0.183
G1 X0.800 Y-0.470
G1 X0.800 Y-0.744
G1 X0.800 Y-0.857
G1 X0.800 Y-0.740
G1 X0.800 Y-0.443
G1 X0.800 Y-0.043
G1 X0.800 Y0.399
G1 X0.800 Y0.827
G1 X0.800 Y1.085
G1 X0.800 Y0.929
G1 X0.800 Y0.224
G1 X0.800 Y-0.802
G1 X0.800 Y-1.602
G1 X0.800 Y-1.771
G1 X0.800 Y-1.371
G1 X0.800 Y-0.782
G1 X0.800 Y-0.325
G1 X0.800 Y-0.091
G1 X0.800 Y-0.014
G1 X0.800 Y0.009
G1 X0.000 Y-0.787
G1 X-0.800 Y0.096
G1 X-0.800 Y-0.069
G1 X-0.800 Y-0.219
G1 X-0.800 Y-0.216
G1 X-0.800 Y0.104
G1 X-0.800 Y0.783
G1 X-0.800 Y1.571
G1 X-0.800 Y1.970
G1 X-0.800 Y1.621
G1 X-0.800 Y0.709
G1 X-0.800 Y-0.203
G1 X-0.800 Y-0.677
G1 X-0.800 Y-0.672
G1 X-0.800 Y-0.383
G1 X-0.800 Y-0.007
G1 X-0.800 Y0.325
G1 X-0.800 Y0.526
G1 X-0.800 Y0.541
G1 X-0.800 Y0.387
G1 X-0.800 Y0.168
G1 X-0.800 Y0.009
G1 X-0.800 Y-0.030
G1 X-0.800 Y0.013
G1 X-0.800 Y0.024
G1 X-0.800 Y-0.127
G1 X-0.800 Y-0.502
G1 X-0.800 Y-1.004
G1 X-0.800 Y-1.379
G1 X-0.800 Y-1.407
G1 X-0.800 Y-1.089
G1 X-0.800 Y-0.643
G1 X-0.800 Y-0.277
G1 X-0.800 Y-0.030
G1 X-0.800 Y0.201
G1 X-0.800 Y0.556
G1 X-0.800 Y1.052
G1 X-0.800 Y1.498
G1 X-0.800 Y1.578
G1 X-0.800 Y1.146
G1 X-0.800 Y0.424
G1 X-0.800 Y-0.188
G1 X-0.800 Y-0.445
G1 X-0.800 Y-0.370
G1 X-0.800 Y-0.119
G1 X-0.800 Y0.149
G1 X-0.800 Y0.322
G1 X-0.800 Y0.343
G1 X-0.800 Y0.231
G1 X-0.800 Y0.079
G1 X-0.800 Y-0.008
G1 X-0.800 Y-0.002
G1 X-0.800 Y0.009
G1 X-0.800 Y-0.154
G1 X-0.800 Y-0.671
G1 X-0.800 Y-1.489
G1 X-0.800 Y-2.109
G1 X-0.800 Y-1.826
G1 X-0.800 Y-0.521
G1 X-0.800 Y0.978
G1 X-0.800 Y1.717
G1 X-0.800 Y1.542
G1 X-0.800 Y0.948
G1 X-0.800 Y0.373
G1 X-0.800 Y-0.094
G1 X-0.800 Y-0.554
G1 X-0.800 Y-1.049
G1 X-0.800 Y-1.410
G1 X-0.800 Y-1.377
G1 X-0.800 Y-0.885
G1 X-0.800 Y-0.208
G1 X-0.800 Y0.276
G1 X-0.800 Y0.397
G1 X-0.800 Y0.229
G1 X-0.800 Y-0.051
G1 X-0.800 Y-0.285
G1 X-0.800 Y-0.350
G1 X-0.800 Y-0.210
G1 X-0.800 Y0.049
G1 X-0.800 Y0.255
G1 X-0.800 Y0.270
G1 X-0.800 Y0.084
G1 X-0.800 Y-0.191
G1 X-0.800 Y-0.346
G1 X-0.800 Y-0.109
G1 X-0.800 Y0.692
G1 X-0.800 Y1.770
G1 X-0.800 Y2.302
G1 X-0.800 Y1.669
G1 X-0.800 Y0.274
G1 X-0.800 Y-0.849
G1 X-0.800 Y-1.140
G1 X-0.800 Y-0.789
G1 X-0.800 Y-0.183
G1 X-0.800 Y0.447
G1 X-0.800 Y0.959
G1 X-0.800 Y1.084
G1 X-0.800 Y0.537
G1 X-0.800 Y-0.560
G1 X-0.800 Y-1.550
G1 X-0.800 Y-1.814
G1 X-0.800 Y-1.388
G1 X-0.800 Y-0.756
G1 X-0.800 Y-0.278
G1 X-0.800 Y0.037
G1 X-0.800 Y0.361
G1 X-0.800 Y0.818
G1 X-0.800 Y1.314
G1 X-0.800 Y1.551
G1 X-0.800 Y1.316
G1 X-0.800 Y0.742
G1 X-0.800 Y0.206
G1 X-0.800 Y-0.037
G1 X-0.800 Y-0.012
G1 X-0.800 Y0.050
G1 X-0.800 Y-0.150
G1 X-0.800 Y-0.824
G1 X-0.800 Y-1.775
G1 X-0.800 Y-2.266
G1 X-0.800 Y-1.580
G1 X-0.800 Y0.027
G1 X-0.800 Y1.432
G1 X-0.800 Y1.849
G1 X-0.800 Y1.446
G1 X-0.800 Y0.816
G1 X-0.800 Y0.324
G1 X-0.800 Y-0.007
G1 X-0.800 Y-0.297
G1 X-0.800 Y-0.625
G1 X-0.800 Y-0.938
G1 X-0.800 Y-1.106
G1 X-0.800 Y-1.043
G1 X-0.800 Y-0.788
G1 X-0.800 Y-0.474
G1 X-0.800 Y-0.201
G1 X-0.800 Y0.023
G1 X-0.800 Y0.258
G1 X-0.800 Y0.558
G1 X-0.800 Y0.899
G1 X-0.800 Y1.164
G1 X-0.800 Y1.209
G1 X-0.800 Y0.996
G1 X-0.800 Y0.633
G1 X-0.800 Y0.297
G1 X-0.800 Y0.093
G1 X-0.800 Y-0.004
G1 X-0.800 Y-0.115
G1 X-0.800 Y-0.407
G1 X-0.800 Y-0.966
G1 X-0.800 Y-1.648
G1 X-0.800 Y-1.984
G1 X-0.800 Y-1.430
G1 X-0.800 Y0.052
G1 X-0.800 Y1.684
G1 X-0.800 Y2.418
G1 X-0.800 Y1.872
G1 X-0.800 Y0.575
G1 X-0.800 Y-0.634
G1 X-0.800 Y-1.271
G1 X-0.800 Y-1.347
G1 X-0.800 Y-1.107
G1 X-0.800 Y-0.784
G1 X-0.800 Y-0.506
G1 X-0.800 Y-0.308
G1 X-0.800 Y-0.183
G1 X-0.800 Y-0.113
G1 X-0.800 Y-0.082
G1 X-0.800 Y-0.077
G1 X-0.800 Y-0.089
G1 X-0.800 Y-0.105
G1 X-0.800 Y-0.107
G1 X-0.800 Y-0.074
G1 X-0.800 Y0.014
G1 X-0.800 Y0.171
G1 X-0.800 Y0.390
G1 X-0.800 Y0.636
G1 X-0.800 Y0.855
G1 X-0.800 Y0.984
G1 X-0.800 Y0.986
G1 X-0.800 Y0.864
G1 X-0.800 Y0.659
G1 X0.000 Y-3.647
G1 X0.800 Y-0.894
G1 X0.800 Y-0.893
G1 X0.800 Y-0.740
G1 X0.800 Y-0.463
G1 X0.800 Y-0.129
G1 X0.800 Y0.176
G1 X0.800 Y0.390
G1 X0.800 Y0.487
G1 X0.800 Y0.477
G1 X0.800 Y0.394
G1 X0.800 Y0.270
G1 X0.800 Y0.136
G1 X0.800 Y0.015
G1 X0.800 Y-0.078
G1 X0.800 Y-0.132
G1 X0.800 Y-0.138
G1 X0.800 Y-0.094
G1 X0.800 Y-0.001
G1 X0.800 Y0.148
G1 X0.800 Y0.359
G1 X0.800 Y0.637
G1 X0.800 Y0.955
G1 X0.800 Y1.197
G1 X0.800 Y1.127
G1 X0.800 Y0.470
G1 X0.800 Y-0.797
G1 X0.800 Y-2.119
G1 X0.800 Y-2.492
G1 X0.800 Y-1.354
G1 X0.800 Y0.639
G1 X0.800 Y2.087
G1 X0.800 Y2.206
G1 X0.800 Y1.375
G1 X0.800 Y0.446
G1 X0.800 Y-0.067
G1 X0.800 Y-0.147
G1 X0.800 Y-0.004
G1 X0.800 Y0.136
G1 X0.800 Y0.094
G1 X0.800 Y-0.210
G1 X0.800 Y-0.694
G1 X0.800 Y-1.128
G1 X0.800 Y-1.286
G1 X0.800 Y-1.122
G1 X0.800 Y-0.772
G1 X0.800 Y-0.402
G1 X0.800 Y-0.084
G1 X0.800 Y0.205
G1 X0.800 Y0.508
G1 X0.800 Y0.804
G1 X0.800 Y0.996
G1 X0.800 Y0.988
G1 X0.800 Y0.777
G1 X0.800 Y0.467
G1 X0.800 Y0.155
G1 X0.800 Y-0.163
G1 X0.800 Y-0.594
G1 X0.800 Y-1.202
G1 X0.800 Y-1.771
G1 X0.800 Y-1.708
G1 X0.800 Y-0.528
G1 X0.800 Y1.290
G1 X0.800 Y2.411
G1 X0.800 Y2.082
G1 X0.800 Y0.915
G1 X0.800 Y-0.028
G1 X0.800 Y-0.313
G1 X0.800 Y-0.121
G1 X0.800 Y0.187
G1 X0.800 Y0.290
G1 X0.800 Y-0.045
G1 X0.800 Y-0.789
G1 X0.800 Y-1.526
G1 X0.800 Y-1.752
G1 X0.800 Y-1.375
G1 X0.800 Y-0.764
G1 X0.800 Y-0.291
G1 X0.800 Y-0.037
G1 X0.800 Y0.169
G1 X0.800 Y0.543
G1 X0.800 Y1.123
G1 X0.800 Y1.641
G1 X0.800 Y1.679
G1 X0.800 Y1.124
G1 X0.800 Y0.350
G1 X0.800 Y-0.152
G1 X0.800 Y-0.212
G1 X0.800 Y0.014
G1 X0.800 Y0.231
G1 X0.800 Y0.104
G1 X0.800 Y-0.597
G1 X0.800 Y-1.653
G1 X0.800 Y-2.273
G1 X0.800 Y-1.779
G1 X0.800 Y-0.463
G1 X0.800 Y0.700
G1 X0.800 Y1.104
G1 X0.800 Y0.868
G1 X0.800 Y0.366
G1 X0.800 Y-0.163
G1 X0.800 Y-0.611
G1 X0.800 Y-0.868
G1 X0.800 Y-0.826
G1 X0.800 Y-0.497
G1 X0.800 Y-0.075
G1 X0.800 Y0.198
G1 X0.800 Y0.217
G1 X0.800 Y0.045
G1 X0.800 Y-0.165
G1 X0.800 Y-0.240
G1 X0.800 Y-0.049
G1 X0.800 Y0.395
G1 X0.800 Y0.879
G1 X0.800 Y1.122
G1 X0.800 Y1.003
G1 X0.800 Y0.619
G1 X0.800 Y0.123
G1 X0.800 Y-0.428
G1 X0.800 Y-0.998
G1 X0.800 Y-1.388
G1 X0.800 Y-1.152
G1 X0.800 Y-0.013
G1 X0.800 Y1.531
G1 X0.800 Y2.366
G1 X0.800 Y1.924
G1 X0.800 Y0.771
G1 X0.800 Y-0.172
G1 X0.800 Y-0.507
G1 X0.800 Y-0.376
G1 X0.800 Y-0.062
G1 X0.800 Y0.229
G1 X0.800 Y0.374
G1 X0.800 Y0.337
G1 X0.800 Y0.177
G1 X0.800 Y0.014
G1 X0.800 Y-0.050
G1 X0.800 Y-0.009
G1 X0.800 Y0.052
G1 X0.800 Y-0.011
G1 X0.800 Y-0.314
G1 X0.800 Y-0.839
G1 X0.800 Y-1.358
G1 X0.800 Y-1.558
G1 X0.800 Y-1.319
G1 X0.800 Y-0.825
G1 X0.800 Y-0.371
G1 X0.800 Y-0.109
G1 X0.800 Y0.019
G1 X0.800 Y0.179
G1 X0.800 Y0.516
G1 X0.800 Y1.027
G1 X0.800 Y1.485
G1 X0.800 Y1.582
G1 X0.800 Y1.214
G1 X0.800 Y0.600
G1 X0.800 Y0.085
G1 X0.800 Y-0.147
G1 X0.800 Y-0.128
G1 X0.800 Y0.007
G1 X0.800 Y0.122
G1 X0.800 Y0.128
G1 X0.800 Y0.022
G1 X0.800 Y-0.125
G1 X0.800 Y-0.205
G1 X0.800 Y-0.151
G1 X0.800 Y0.016
G1 X0.800 Y0.198
G1 X0.800 Y0.238
G1 X0.800 Y-0.047
G1 X0.800 Y-0.714
G1 X0.800 Y-1.527
G1 X0.800 Y-1.971
G1 X0.800 Y-1.670
G1 X0.800 Y-0.787
G1 X0.800 Y0.119
G1 X0.800 Y0.613
G1 X0.800 Y0.643
G1 X0.800 Y0.389
G1 X0.800 Y0.045
G1 X0.800 Y-0.265
G1 X0.000 Y-0.013
G1 X-0.800 Y0.447
G1 X-0.800 Y0.067
G1 X-0.800 Y-0.365
G1 X-0.800 Y-0.779
G1 X-0.800 Y-1.031
G1 X-0.800 Y-0.881
G1 X-0.800 Y-0.192
G1 X-0.800 Y0.823
G1 X-0.800 Y1.619
G1 X-0.800 Y1.774
G1 X-0.800 Y1.355
G1 X-0.800 Y0.756
G1 X-0.800 Y0.305
G1 X-0.800 Y0.084
G1 X-0.800 Y0.002
G1 X-0.800 Y-0.059
G1 X-0.800 Y-0.161
G1 X-0.800 Y-0.284
G1 X-0.800 Y-0.350
G1 X-0.800 Y-0.297
G1 X-0.800 Y-0.108
G1 X-0.800 Y0.161
G1 X-0.800 Y0.413
G1 X-0.800 Y0.493
G1 X-0.800 Y0.230
G1 X-0.800 Y-0.416
G1 X-0.800 Y-1.207
G1 X-0.800 Y-1.697
G1 X-0.800 Y-1.611
G1 X-0.800 Y-1.096
G1 X-0.800 Y-0.531
G1 X-0.800 Y-0.172
G1 X-0.800 Y-0.022
G1 X-0.800 Y0.080
G1 X-0.800 Y0.301
G1 X-0.800 Y0.705
G1 X-0.800 Y1.162
G1 X-0.800 Y1.419
G1 X-0.800 Y1.312
G1 X-0.800 Y0.926
G1 X-0.800 Y0.496
G1 X-0.800 Y0.195
G1 X-0.800 Y0.035
G1 X-0.800 Y-0.076
G1 X-0.800 Y-0.237
G1 X-0.800 Y-0.461
G1 X-0.800 Y-0.665
G1 X-0.800 Y-0.726
G1 X-0.800 Y-0.583
G1 X-0.800 Y-0.259
G1 X-0.800 Y0.182
G1 X-0.800 Y0.670
G1 X-0.800 Y1.051
G1 X-0.800 Y0.989
G1 X-0.800 Y0.135
G1 X-0.800 Y-1.324
G1 X-0.800 Y-2.402
G1 X-0.800 Y-2.156
G1 X-0.800 Y-0.815
G1 X-0.800 Y0.503
G1 X-0.800 Y1.047
G1 X-0.800 Y0.885
G1 X-0.800 Y0.408
G1 X-0.800 Y-0.109
G1 X-0.800 Y-0.544
G1 X-0.800 Y-0.793
G1 X-0.800 Y-0.768
G1 X-0.800 Y-0.491
G1 X-0.800 Y-0.139
G1 X-0.800 Y0.085
G1 X-0.800 Y0.100
G1 X-0.800 Y-0.023
G1 X-0.800 Y-0.121
G1 X-0.800 Y-0.017
G1 X-0.800 Y0.374
G1 X-0.800 Y0.935
G1 X-0.800 Y1.351
G1 X-0.800 Y1.369
G1 X-0.800 Y1.024
G1 X-0.800 Y0.553
G1 X-0.800 Y0.115
G1 X-0.800 Y-0.322
G1 X-0.800 Y-0.880
G1 X-0.800 Y-1.504
G1 X-0.800 Y-1.779
G1 X-0.800 Y-1.168
G1 X-0.800 Y0.256
G1 X-0.800 Y1.585
G1 X-0.800 Y1.973
G1 X-0.800 Y1.489
G1 X-0.800 Y0.776
G1 X-0.800 Y0.270
G1 X-0.800 Y-0.032
G1 X-0.800 Y-0.337
G1 X-0.800 Y-0.786
G1 X-0.800 Y-1.279
G1 X-0.800 Y-1.519
G1 X-0.800 Y-1.311
G1 X-0.800 Y-0.793
G1 X-0.800 Y-0.310
G1 X-0.800 Y-0.063
G1 X-0.800 Y0.013
G1 X-0.800 Y0.150
G1 X-0.800 Y0.580
G1 X-0.800 Y1.299
G1 X-0.800 Y1.896
G1 X-0.800 Y1.809
G1 X-0.800 Y0.959
G1 X-0.800 Y-0.056
G1 X-0.800 Y-0.596
G1 X-0.800 Y-0.522
G1 X-0.800 Y-0.076
G1 X-0.800 Y0.432
G1 X-0.800 Y0.660
G1 X-0.800 Y0.198
G1 X-0.800 Y-1.072
G1 X-0.800 Y-2.378
G1 X-0.800 Y-2.415
G1 X-0.800 Y-0.889
G1 X-0.800 Y0.944
G1 X-0.800 Y1.793
G1 X-0.800 Y1.583
G1 X-0.800 Y0.958
G1 X-0.800 Y0.400
G1 X-0.800 Y-0.003
G1 X-0.800 Y-0.342
G1 X-0.800 Y-0.659
G1 X-0.800 Y-0.894
G1 X-0.800 Y-0.950
G1 X-0.800 Y-0.799
G1 X-0.800 Y-0.521
G1 X-0.800 Y-0.210
G1 X-0.800 Y0.108
G1 X-0.800 Y0.463
G1 X-0.800 Y0.871
G1 X-0.800 Y1.229
G1 X-0.800 Y1.332
G1 X-0.800 Y1.037
G1 X-0.800 Y0.444
G1 X-0.800 Y-0.130
G1 X-0.800 Y-0.409
G1 X-0.800 Y-0.337
G1 X-0.800 Y-0.033
G1 X-0.800 Y0.312
G1 X-0.800 Y0.458
G1 X-0.800 Y0.108
G1 X-0.800 Y-0.885
G1 X-0.800 Y-2.101
G1 X-0.800 Y-2.487
G1 X-0.800 Y-1.273
G1 X-0.800 Y0.904
G1 X-0.800 Y2.410
G1 X-0.800 Y2.308
G1 X-0.800 Y1.100
G1 X-0.800 Y-0.140
G1 X-0.800 Y-0.801
G1 X-0.800 Y-0.890
G1 X-0.800 Y-0.670
G1 X-0.800 Y-0.356
G1 X-0.800 Y-0.059
G1 X-0.800 Y0.182
G1 X-0.800 Y0.350
G1 X-0.800 Y0.438
G1 X-0.800 Y0.446
G1 X-0.800 Y0.389
G1 X-0.800 Y0.292
G1 X-0.800 Y0.185
G1 X-0.800 Y0.080
G1 X-0.800 Y-0.023
G1 X-0.800 Y-0.139
G1 X-0.800 Y-0.282
G1 X-0.800 Y-0.462
G1 X-0.800 Y-0.666
G1 X-0.800 Y-0.860
G1 X-0.800 Y-0.988
G1 X-0.800 Y-0.999
G1 X-0.800 Y-0.865
G1 X-0.800 Y-0.603
G1 X-0.800 Y-0.273
G1 X-0.800 Y0.042
G1 X0.000 Y1.739
G1 X0.800 Y0.941
G1 X0.800 Y0.949
G1 X0.800 Y0.844
G1 X0.800 Y0.632
G1 X0.800 Y0.356
G1 X0.800 Y0.072
G1 X0.800 Y-0.160
G1 X0.800 Y-0.302
G1 X0.800 Y-0.343
G1 X0.800 Y-0.290
G1 X0.800 Y-0.171
G1 X0.800 Y-0.016
G1 X0.800 Y0.145
G1 X0.800 Y0.278
G1 X0.800 Y0.344
G1 X0.800 Y0.317
G1 X0.800 Y0.186
G1 X0.800 Y-0.019
G1 X0.800 Y-0.230
G1 X0.800 Y-0.363
G1 X0.800 Y-0.365
G1 X0.800 Y-0.226
G1 X0.800 Y0.020
G1 X0.800 Y0.301
G1 X0.800 Y0.493
G1 X0.800 Y0.387
G1 X0.800 Y-0.248
G1 X0.800 Y-1.386
G1 X0.800 Y-2.394
G1 X0.800 Y-2.203
G1 X0.800 Y-0.429
G1 X0.800 Y1.760
G1 X0.800 Y2.644
G1 X0.800 Y1.839
G1 X0.800 Y0.424
G1 X0.800 Y-0.491
G1 X0.800 Y-0.645
G1 X0.800 Y-0.328
G1 X0.800 Y0.131
G1 X0.800 Y0.503
G1 X0.800 Y0.591
G1 X0.800 Y0.251
G1 X0.800 Y-0.437
G1 X0.800 Y-1.121
G1 X0.800 Y-1.429
G1 X0.800 Y-1.273
G1 X0.800 Y-0.862
G1 X0.800 Y-0.430
G1 X0.800 Y-0.073
G1 X0.800 Y0.238
G1 X0.800 Y0.545
G1 X0.800 Y0.806
G1 X0.800 Y0.923
G1 X0.800 Y0.830
G1 X0.800 Y0.564
G1 X0.800 Y0.212
G1 X0.800 Y-0.196
G1 X0.800 Y-0.714
G1 X0.800 Y-1.334
G1 X0.800 Y-1.727
G1 X0.800 Y-1.234
G1 X0.800 Y0.425
G1 X0.800 Y2.249
G1 X0.800 Y2.637
G1 X0.800 Y1.341
G1 X0.800 Y-0.263
G1 X0.800 Y-0.991
G1 X0.800 Y-0.812
G1 X0.800 Y-0.212
G1 X0.800 Y0.448
G1 X0.800 Y0.915
G1 X0.800 Y0.838
G1 X0.800 Y-0.028
G1 X0.800 Y-1.319
G1 X0.800 Y-2.117
G1 X0.800 Y-1.885
G1 X0.800 Y-1.027
G1 X0.800 Y-0.280
G1 X0.800 Y0.027
G1 X0.800 Y0.013
G1 X0.800 Y-0.043
G1 X0.800 Y0.083
G1 X0.800 Y0.448
G1 X0.800 Y0.885
G1 X0.800 Y1.116
G1 X0.800 Y1.000
G1 X0.800 Y0.621
G1 X0.800 Y0.126
G1 X0.800 Y-0.424
G1 X0.800 Y-1.003
G1 X0.800 Y-1.406
G1 X0.800 Y-1.201
G1 X0.800 Y-0.119
G1 X0.800 Y1.341
G1 X0.800 Y2.157
G1 X0.800 Y1.868
G1 X0.800 Y0.996
G1 X0.800 Y0.290
G1 X0.800 Y0.017
G1 X0.800 Y0.003
G1 X0.800 Y-0.064
G1 X0.800 Y-0.416
G1 X0.800 Y-1.039
G1 X0.800 Y-1.598
G1 X0.800 Y-1.689
G1 X0.800 Y-1.246
G1 X0.800 Y-0.605
G1 X0.800 Y-0.142
G1 X0.800 Y0.023
G1 X0.800 Y0.003
G1 X0.800 Y-0.027
G1 X0.800 Y0.063
G1 X0.800 Y0.279
G1 X0.800 Y0.505
G1 X0.800 Y0.580
G1 X0.800 Y0.428
G1 X0.800 Y0.081
G1 X0.800 Y-0.357
G1 X0.800 Y-0.721
G1 X0.800 Y-0.716
G1 X0.800 Y-0.006
G1 X0.800 Y1.327
G1 X0.800 Y2.413
G1 X0.800 Y2.197
G1 X0.800 Y0.719
G1 X0.800 Y-0.840
G1 X0.800 Y-1.513
G1 X0.800 Y-1.323
G1 X0.800 Y-0.786
G1 X0.800 Y-0.254
G1 X0.800 Y0.196
G1 X0.800 Y0.577
G1 X0.800 Y0.852
G1 X0.800 Y0.938
G1 X0.800 Y0.808
G1 X0.800 Y0.547
G1 X0.800 Y0.276
G1 X0.800 Y0.054
G1 X0.800 Y-0.159
G1 X0.800 Y-0.439
G1 X0.800 Y-0.805
G1 X0.800 Y-1.145
G1 X0.800 Y-1.279
G1 X0.800 Y-1.110
G1 X0.800 Y-0.737
G1 X0.800 Y-0.363
G1 X0.800 Y-0.114
G1 X0.800 Y0.052
G1 X0.800 Y0.286
G1 X0.800 Y0.724
G1 X0.800 Y1.319
G1 X0.800 Y1.753
G1 X0.800 Y1.614
G1 X0.800 Y0.831
G1 X0.800 Y-0.172
G1 X0.800 Y-0.855
G1 X0.800 Y-1.007
G1 X0.800 Y-0.777
G1 X0.800 Y-0.400
G1 X0.800 Y-0.027
G1 X0.800 Y0.277
G1 X0.800 Y0.470
G1 X0.800 Y0.526
G1 X0.800 Y0.445
G1 X0.800 Y0.270
G1 X0.800 Y0.040
G1 X0.800 Y-0.242
G1 X0.800 Y-0.608
G1 X0.800 Y-1.041
G1 X0.800 Y-1.388
G1 X0.800 Y-1.373
G1 X0.800 Y-0.816
G1 X0.800 Y0.106
G1 X0.800 Y0.919
G1 X0.800 Y1.250
G1 X0.800 Y1.097
G1 X0.800 Y0.690
G1 X0.800 Y0.237
G1 X0.800 Y-0.197
G1 X0.800 Y-0.600
G1 X0.000 Y-0.893
G1 X-0.800 Y0.731
G1 X-0.800 Y0.314
G1 X-0.800 Y-0.099
G1 X-0.800 Y-0.530
G1 X-0.800 Y-0.969
G1 X-0.800 Y-1.280
G1 X-0.800 Y-1.237
G1 X-0.800 Y-0.732
G1 X-0.800 Y0.036
G1 X-0.800 Y0.682
G1 X-0.800 Y0.945
G1 X-0.800 Y0.833
G1 X-0.800 Y0.521
G1 X-0.800 Y0.160
G1 X-0.800 Y-0.163
G1 X-0.800 Y-0.402
G1 X-0.800 Y-0.519
G1 X-0.800 Y-0.496
G1 X-0.800 Y-0.356
G1 X-0.800 Y-0.148
G1 X-0.800 Y0.112
G1 X-0.800 Y0.453
G1 X-0.800 Y0.900
G1 X-0.800 Y1.359
G1 X-0.800 Y1.536
G1 X-0.800 Y1.093
G1 X-0.800 Y0.037
G1 X-0.800 Y-1.093
G1 X-0.800 Y-1.667
G1 X-0.800 Y-1.529
G1 X-0.800 Y-1.014
G1 X-0.800 Y-0.498
G1 X-0.800 Y-0.122
G1 X-0.800 Y0.179
G1 X-0.800 Y0.502
G1 X-0.800 Y0.847
G1 X-0.800 Y1.096
G1 X-0.800 Y1.118
G1 X-0.800 Y0.901
G1 X-0.800 Y0.572
G1 X-0.800 Y0.269
G1 X-0.800 Y0.033
G1 X-0.800 Y-0.191
G1 X-0.800 Y-0.466
G1 X-0.800 Y-0.782
G1 X-0.800 Y-1.023
G1 X-0.800 Y-1.055
G1 X-0.800 Y-0.850
G1 X-0.800 Y-0.508
G1 X-0.800 Y-0.134
G1 X-0.800 Y0.276
G1 X-0.800 Y0.806
G1 X-0.800 Y1.424
G1 X-0.800 Y1.763
G1 X-0.800 Y1.201
G1 X-0.800 Y-0.391
G1 X-0.800 Y-2.045
G1 X-0.800 Y-2.472
G1 X-0.800 Y-1.531
G1 X-0.800 Y-0.239
G1 X-0.800 Y0.511
G1 X-0.800 Y0.594
G1 X-0.800 Y0.308
G1 X-0.800 Y-0.060
G1 X-0.800 Y-0.336
G1 X-0.800 Y-0.436
G1 X-0.800 Y-0.357
G1 X-0.800 Y-0.193
G1 X-0.800 Y-0.060
G1 X-0.800 Y-0.005
G1 X-0.800 Y0.045
G1 X-0.800 Y0.244
G1 X-0.800 Y0.721
G1 X-0.800 Y1.387
G1 X-0.800 Y1.844
G1 X-0.800 Y1.652
G1 X-0.800 Y0.834
G1 X-0.800 Y-0.061
G1 X-0.800 Y-0.513
G1 X-0.800 Y-0.425
G1 X-0.800 Y-0.024
G1 X-0.800 Y0.407
G1 X-0.800 Y0.542
G1 X-0.800 Y0.057
G1 X-0.800 Y-1.058
G1 X-0.800 Y-2.122
G1 X-0.800 Y-2.211
G1 X-0.800 Y-1.210
G1 X-0.800 Y0.033
G1 X-0.800 Y0.707
G1 X-0.800 Y0.701
G1 X-0.800 Y0.319
G1 X-0.800 Y-0.141
G1 X-0.800 Y-0.497
G1 X-0.800 Y-0.622
G1 X-0.800 Y-0.467
G1 X-0.800 Y-0.149
G1 X-0.800 Y0.109
G1 X-0.800 Y0.150
G1 X-0.800 Y-0.004
G1 X-0.800 Y-0.170
G1 X-0.800 Y-0.065
G1 X-0.800 Y0.567
G1 X-0.800 Y1.603
G1 X-0.800 Y2.301
G1 X-0.800 Y1.847
G1 X-0.800 Y0.420
G1 X-0.800 Y-0.873
G1 X-0.800 Y-1.260
G1 X-0.800 Y-0.879
G1 X-0.800 Y-0.188
G1 X-0.800 Y0.558
G1 X-0.800 Y1.178
G1 X-0.800 Y1.219
G1 X-0.800 Y0.136
G1 X-0.800 Y-1.733
G1 X-0.800 Y-2.795
G1 X-0.800 Y-1.906
G1 X-0.800 Y0.048
G1 X-0.800 Y1.384
G1 X-0.800 Y1.546
G1 X-0.800 Y1.046
G1 X-0.800 Y0.449
G1 X-0.800 Y-0.052
G1 X-0.800 Y-0.467
G1 X-0.800 Y-0.778
G1 X-0.800 Y-0.912
G1 X-0.800 Y-0.823
G1 X-0.800 Y-0.574
G1 X-0.800 Y-0.284
G1 X-0.800 Y-0.007
G1 X-0.800 Y0.301
G1 X-0.800 Y0.715
G1 X-0.800 Y1.207
G1 X-0.800 Y1.543
G1 X-0.800 Y1.414
G1 X-0.800 Y0.762
G1 X-0.800 Y-0.058
G1 X-0.800 Y-0.577
G1 X-0.800 Y-0.608
G1 X-0.800 Y-0.268
G1 X-0.800 Y0.225
G1 X-0.800 Y0.635
G1 X-0.800 Y0.633
G1 X-0.800 Y-0.143
G1 X-0.800 Y-1.584
G1 X-0.800 Y-2.644
G1 X-0.800 Y-2.060
G1 X-0.800 Y0.025
G1 X-0.800 Y1.939
G1 X-0.800 Y2.372
G1 X-0.800 Y1.577
G1 X-0.800 Y0.570
G1 X-0.800 Y-0.021
G1 X-0.800 Y-0.149
G1 X-0.800 Y-0.035
G1 X-0.800 Y0.105
G1 X-0.800 Y0.122
G1 X-0.800 Y-0.057
G1 X-0.800 Y-0.400
G1 X-0.800 Y-0.783
G1 X-0.800 Y-1.049
G1 X-0.800 Y-1.105
G1 X-0.800 Y-0.969
G1 X-0.800 Y-0.728
G1 X-0.800 Y-0.471
G1 X-0.800 Y-0.251
G1 X-0.800 Y-0.074
G1 X-0.800 Y0.080
G1 X-0.800 Y0.231
G1 X-0.800 Y0.395
G1 X-0.800 Y0.560
G1 X-0.800 Y0.706
G1 X-0.800 Y0.803
G1 X-0.800 Y0.826
G1 X-0.800 Y0.771
G1 X-0.800 Y0.646
G1 X-0.800 Y0.476
G1 X-0.800 Y0.290
G1 X-0.800 Y0.111
G1 X0.000 Y-4.695
G1 X0.800 Y-0.382
G1 X0.800 Y-0.428
G1 X0.800 Y-0.473
G1 X0.800 Y-0.501
G1 X0.800 Y-0.497
G1 X0.800 Y-0.444
G1 X0.800 Y-0.338
G1 X0.800 Y-0.194
G1 X0.800 Y-0.042
G1 X0.800 Y0.083
G1 X0.800 Y0.147
G1 X0.800 Y0.136
G1 X0.800 Y0.060
G1 X0.800 Y-0.054
G1 X0.800 Y-0.154
G1 X0.800 Y-0.172
G1 X0.800 Y-0.031
G1 X0.800 Y0.313
G1 X0.800 Y0.813
G1 X0.800 Y1.292
G1 X0.800 Y1.517
G1 X0.800 Y1.360
G1 X0.800 Y0.919
G1 X0.800 Y0.436
G1 X0.800 Y0.121
G1 X0.800 Y0.010
G1 X0.800 Y-0.020
G1 X0.800 Y-0.203
G1 X0.800 Y-0.759
G1 X0.800 Y-1.653
G1 X0.800 Y-2.281
G1 X0.800 Y-1.702
G1 X0.800 Y0.239
G1 X0.800 Y2.185
G1 X0.800 Y2.572
G1 X0.800 Y1.442
G1 X0.800 Y0.091
G1 X0.800 Y-0.553
G1 X0.800 Y-0.474
G1 X0.800 Y-0.051
G1 X0.800 Y0.379
G1 X0.800 Y0.548
G1 X0.800 Y0.235
G1 X0.800 Y-0.537
G1 X0.800 Y-1.360
G1 X0.800 Y-1.714
G1 X0.800 Y-1.462
G1 X0.800 Y-0.908
G1 X0.800 Y-0.417
G1 X0.800 Y-0.116
G1 X0.800 Y0.080
G1 X0.800 Y0.301
G1 X0.800 Y0.585
G1 X0.800 Y0.834
G1 X0.800 Y0.901
G1 X0.800 Y0.719
G1 X0.800 Y0.347
G1 X0.800 Y-0.144
G1 X0.800 Y-0.724
G1 X0.800 Y-1.278
G1 X0.800 Y-1.394
G1 X0.800 Y-0.468
G1 X0.800 Y1.403
G1 X0.800 Y2.776
G1 X0.800 Y2.196
G1 X0.800 Y0.239
G1 X0.800 Y-1.260
G1 X0.800 Y-1.476
G1 X0.800 Y-0.897
G1 X0.800 Y-0.127
G1 X0.800 Y0.636
G1 X0.800 Y1.293
G1 X0.800 Y1.430
G1 X0.800 Y0.528
G1 X0.800 Y-1.155
G1 X0.800 Y-2.354
G1 X0.800 Y-2.150
G1 X0.800 Y-1.020
G1 X0.800 Y-0.029
G1 X0.800 Y0.336
G1 X0.800 Y0.217
G1 X0.800 Y-0.059
G1 X0.800 Y-0.254
G1 X0.800 Y-0.246
G1 X0.800 Y-0.059
G1 X0.800 Y0.152
G1 X0.800 Y0.216
G1 X0.800 Y0.085
G1 X0.800 Y-0.146
G1 X0.800 Y-0.258
G1 X0.800 Y0.032
G1 X0.800 Y0.877
G1 X0.800 Y1.920
G1 X0.800 Y2.292
G1 X0.800 Y1.453
G1 X0.800 Y-0.016
G1 X0.800 Y-1.039
G1 X0.800 Y-1.176
G1 X0.800 Y-0.723
G1 X0.800 Y-0.079
G1 X0.800 Y0.565
G1 X0.800 Y1.064
G1 X0.800 Y1.118
G1 X0.800 Y0.451
G1 X0.800 Y-0.734
G1 X0.800 Y-1.699
G1 X0.800 Y-1.864
G1 X0.800 Y-1.360
G1 X0.800 Y-0.709
G1 X0.800 Y-0.268
G1 X0.800 Y-0.061
G1 X0.800 Y0.044
G1 X0.800 Y0.156
G1 X0.800 Y0.285
G1 X0.800 Y0.357
G1 X0.800 Y0.285
G1 X0.800 Y0.056
G1 X0.800 Y-0.270
G1 X0.800 Y-0.529
G1 X0.800 Y-0.453
G1 X0.800 Y0.252
G1 X0.800 Y1.495
G1 X0.800 Y2.448
G1 X0.800 Y2.074
G1 X0.800 Y0.424
G1 X0.800 Y-1.231
G1 X0.800 Y-1.840
G1 X0.800 Y-1.490
G1 X0.800 Y-0.841
G1 X0.800 Y-0.301
G1 X0.800 Y0.103
G1 X0.800 Y0.482
G1 X0.800 Y0.864
G1 X0.800 Y1.138
G1 X0.800 Y1.160
G1 X0.800 Y0.918
G1 X0.800 Y0.562
G1 X0.800 Y0.260
G1 X0.800 Y0.062
G1 X0.800 Y-0.088
G1 X0.800 Y-0.284
G1 X0.800 Y-0.555
G1 X0.800 Y-0.826
G1 X0.800 Y-0.958
G1 X0.800 Y-0.871
G1 X0.800 Y-0.597
G1 X0.800 Y-0.226
G1 X0.800 Y0.196
G1 X0.800 Y0.675
G1 X0.800 Y1.152
G1 X0.800 Y1.393
G1 X0.800 Y1.048
G1 X0.800 Y0.026
G1 X0.800 Y-1.196
G1 X0.800 Y-1.885
G1 X0.800 Y-1.748
G1 X0.800 Y-1.123
G1 X0.800 Y-0.509
G1 X0.800 Y-0.154
G1 X0.800 Y-0.026
G1 X0.800 Y0.018
G1 X0.800 Y0.085
G1 X0.800 Y0.203
G1 X0.800 Y0.314
G1 X0.800 Y0.338
G1 X0.800 Y0.233
G1 X0.800 Y0.016
G1 X0.800 Y-0.241
G1 X0.800 Y-0.430
G1 X0.800 Y-0.420
G1 X0.800 Y-0.114
G1 X0.800 Y0.432
G1 X0.800 Y0.979
G1 X0.800 Y1.252
G1 X0.800 Y1.154
G1 X0.800 Y0.807
G1 X0.800 Y0.390
G1 X0.800 Y-0.016
G1 X0.800 Y-0.427
G1 X0.800 Y-0.859
G1 X0.000 Y-1.749
G1 X-0.800 Y0.968
G1 X-0.800 Y0.540
G1 X-0.800 Y0.114
G1 X-0.800 Y-0.289
G1 X-0.800 Y-0.679
G1 X-0.800 Y-1.002
G1 X-0.800 Y-1.126
G1 X-0.800 Y-0.962
G1 X-0.800 Y-0.576
G1 X-0.800 Y-0.167
G1 X-0.800 Y0.084
G1 X-0.800 Y0.129
G1 X-0.800 Y0.037
G1 X-0.800 Y-0.079
G1 X-0.800 Y-0.122
G1 X-0.800 Y-0.047
G1 X-0.800 Y0.103
G1 X-0.800 Y0.229
G1 X-0.800 Y0.237
G1 X-0.800 Y0.097
G1 X-0.800 Y-0.129
G1 X-0.800 Y-0.305
G1 X-0.800 Y-0.231
G1 X-0.800 Y0.274
G1 X-0.800 Y1.157
G1 X-0.800 Y1.949
G1 X-0.800 Y2.022
G1 X-0.800 Y1.218
G1 X-0.800 Y0.086
G1 X-0.800 Y-0.691
G1 X-0.800 Y-0.864
G1 X-0.800 Y-0.612
G1 X-0.800 Y-0.196
G1 X-0.800 Y0.212
G1 X-0.800 Y0.518
G1 X-0.800 Y0.645
G1 X-0.800 Y0.568
G1 X-0.800 Y0.354
G1 X-0.800 Y0.137
G1 X-0.800 Y0.020
G1 X-0.800 Y0.000
G1 X-0.800 Y-0.016
G1 X-0.800 Y-0.153
G1 X-0.800 Y-0.477
G1 X-0.800 Y-0.907
G1 X-0.800 Y-1.222
G1 X-0.800 Y-1.233
G1 X-0.800 Y-0.942
G1 X-0.800 Y-0.521
G1 X-0.800 Y-0.099
G1 X-0.800 Y0.351
G1 X-0.800 Y0.927
G1 X-0.800 Y1.554
G1 X-0.800 Y1.767
G1 X-0.800 Y0.962
G1 X-0.800 Y-0.763
G1 X-0.800 Y-2.237
G1 X-0.800 Y-2.344
G1 X-0.800 Y-1.277
G1 X-0.800 Y-0.100
G1 X-0.800 Y0.491
G1 X-0.800 Y0.502
G1 X-0.800 Y0.231
G1 X-0.800 Y-0.070
G1 X-0.800 Y-0.270
G1 X-0.800 Y-0.318
G1 X-0.800 Y-0.244
G1 X-0.800 Y-0.120
G1 X-0.800 Y0.017
G1 X-0.800 Y0.213
G1 X-0.800 Y0.584
G1 X-0.800 Y1.179
G1 X-0.800 Y1.765
G1 X-0.800 Y1.808
G1 X-0.800 Y0.940
G1 X-0.800 Y-0.451
G1 X-0.800 Y-1.447
G1 X-0.800 Y-1.565
G1 X-0.800 Y-1.067
G1 X-0.800 Y-0.424
G1 X-0.800 Y0.192
G1 X-0.800 Y0.843
G1 X-0.800 Y1.472
G1 X-0.800 Y1.639
G1 X-0.800 Y0.828
G1 X-0.800 Y-0.756
G1 X-0.800 Y-2.017
G1 X-0.800 Y-2.115
G1 X-0.800 Y-1.338
G1 X-0.800 Y-0.504
G1 X-0.800 Y-0.066
G1 X-0.800 Y0.017
G1 X-0.800 Y-0.015
G1 X-0.800 Y0.017
G1 X-0.800 Y0.158
G1 X-0.800 Y0.314
G1 X-0.800 Y0.342
G1 X-0.800 Y0.172
G1 X-0.800 Y-0.143
G1 X-0.800 Y-0.434
G1 X-0.800 Y-0.405
G1 X-0.800 Y0.273
G1 X-0.800 Y1.538
G1 X-0.800 Y2.494
G1 X-0.800 Y2.039
G1 X-0.800 Y0.329
G1 X-0.800 Y-1.207
G1 X-0.800 Y-1.594
G1 X-0.800 Y-1.095
G1 X-0.800 Y-0.338
G1 X-0.800 Y0.436
G1 X-0.800 Y1.209
G1 X-0.800 Y1.652
G1 X-0.800 Y1.026
G1 X-0.800 Y-0.860
G1 X-0.800 Y-2.610
G1 X-0.800 Y-2.508
G1 X-0.800 Y-0.803
G1 X-0.800 Y0.780
G1 X-0.800 Y1.272
G1 X-0.800 Y0.948
G1 X-0.800 Y0.364
G1 X-0.800 Y-0.196
G1 X-0.800 Y-0.638
G1 X-0.800 Y-0.872
G1 X-0.800 Y-0.822
G1 X-0.800 Y-0.548
G1 X-0.800 Y-0.236
G1 X-0.800 Y-0.053
G1 X-0.800 Y0.002
G1 X-0.800 Y0.072
G1 X-0.800 Y0.359
G1 X-0.800 Y0.939
G1 X-0.800 Y1.594
G1 X-0.800 Y1.844
G1 X-0.800 Y1.407
G1 X-0.800 Y0.561
G1 X-0.800 Y-0.118
G1 X-0.800 Y-0.310
G1 X-0.800 Y-0.100
G1 X-0.800 Y0.225
G1 X-0.800 Y0.300
G1 X-0.800 Y-0.243
G1 X-0.800 Y-1.435
G1 X-0.800 Y-2.477
G1 X-0.800 Y-2.156
G1 X-0.800 Y-0.337
G1 X-0.800 Y1.554
G1 X-0.800 Y2.183
G1 X-0.800 Y1.646
G1 X-0.800 Y0.824
G1 X-0.800 Y0.278
G1 X-0.800 Y0.023
G1 X-0.800 Y-0.182
G1 X-0.800 Y-0.550
G1 X-0.800 Y-1.103
G1 X-0.800 Y-1.600
G1 X-0.800 Y-1.679
G1 X-0.800 Y-1.181
G1 X-0.800 Y-0.341
G1 X-0.800 Y0.415
G1 X-0.800 Y0.802
G1 X-0.800 Y0.816
G1 X-0.800 Y0.598
G1 X-0.800 Y0.297
G1 X-0.800 Y-0.006
G1 X-0.800 Y-0.271
G1 X-0.800 Y-0.473
G1 X-0.800 Y-0.587
G1 X-0.800 Y-0.593
G1 X-0.800 Y-0.496
G1 X-0.800 Y-0.332
G1 X-0.800 Y-0.154
G1 X-0.800 Y-0.010
G1 X-0.800 Y0.075
G1 X-0.800 Y0.096
G1 X-0.800 Y0.074
G1 X-0.800 Y0.028
G1 X-0.800 Y-0.016
G1 X-0.800 Y-0.046
G1 X0.000 Y-1.256
G1 X0.800 Y-0.148
G1 X0.800 Y-0.008
G1 X0.800 Y0.056
G1 X0.800 Y0.045
G1 X0.800 Y-0.009
G1 X0.800 Y-0.055
G1 X0.800 Y-0.046
G1 X0.800 Y0.062
G1 X0.800 Y0.274
G1 X0.800 Y0.553
G1 X0.800 Y0.813
G1 X0.800 Y0.960
G1 X0.800 Y0.939
G1 X0.800 Y0.767
G1 X0.800 Y0.502
G1 X0.800 Y0.204
G1 X0.800 Y-0.116
G1 X0.800 Y-0.486
G1 X0.800 Y-0.915
G1 X0.800 Y-1.296
G1 X0.800 Y-1.366
G1 X0.800 Y-0.839
G1 X0.800 Y0.241
G1 X0.800 Y1.346
G1 X0.800 Y1.843
G1 X0.800 Y1.580
G1 X0.800 Y0.950
G1 X0.800 Y0.397
G1 X0.800 Y0.051
G1 X0.800 Y-0.267
G1 X0.800 Y-0.812
G1 X0.800 Y-1.605
G1 X0.800 Y-2.120
G1 X0.800 Y-1.518
G1 X0.800 Y0.270
G1 X0.800 Y1.988
G1 X0.800 Y2.350
G1 X0.800 Y1.505
G1 X0.800 Y0.510
G1 X0.800 Y0.018
G1 X0.800 Y-0.018
G1 X0.800 Y0.035
G1 X0.800 Y-0.172
G1 X0.800 Y-0.791
G1 X0.800 Y-1.561
G1 X0.800 Y-1.916
G1 X0.800 Y-1.538
G1 X0.800 Y-0.730
G1 X0.800 Y-0.064
G1 X0.800 Y0.174
G1 X0.800 Y0.077
G1 X0.800 Y-0.107
G1 X0.800 Y-0.155
G1 X0.800 Y0.057
G1 X0.800 Y0.453
G1 X0.800 Y0.781
G1 X0.800 Y0.818
G1 X0.800 Y0.526
G1 X0.800 Y0.018
G1 X0.800 Y-0.572
G1 X0.800 Y-1.041
G1 X0.800 Y-0.940
G1 X0.800 Y0.201
G1 X0.800 Y1.982
G1 X0.800 Y2.807
G1 X0.800 Y1.623
G1 X0.800 Y-0.452
G1 X0.800 Y-1.607
G1 X0.800 Y-1.465
G1 X0.800 Y-0.736
G1 X0.800 Y0.051
G1 X0.800 Y0.830
G1 X0.800 Y1.500
G1 X0.800 Y1.523
G1 X0.800 Y0.334
G1 X0.800 Y-1.551
G1 X0.800 Y-2.580
G1 X0.800 Y-1.977
G1 X0.800 Y-0.600
G1 X0.800 Y0.366
G1 X0.800 Y0.583
G1 X0.800 Y0.336
G1 X0.800 Y-0.028
G1 X0.800 Y-0.304
G1 X0.800 Y-0.394
G1 X0.800 Y-0.312
G1 X0.800 Y-0.161
G1 X0.800 Y-0.045
G1 X0.800 Y0.034
G1 X0.800 Y0.213
G1 X0.800 Y0.686
G1 X0.800 Y1.462
G1 X0.800 Y2.091
G1 X0.800 Y1.806
G1 X0.800 Y0.400
G1 X0.800 Y-1.209
G1 X0.800 Y-1.911
G1 X0.800 Y-1.581
G1 X0.800 Y-0.867
G1 X0.800 Y-0.257
G1 X0.800 Y0.240
G1 X0.800 Y0.830
G1 X0.800 Y1.515
G1 X0.800 Y1.861
G1 X0.800 Y1.297
G1 X0.800 Y-0.102
G1 X0.800 Y-1.428
G1 X0.800 Y-1.876
G1 X0.800 Y-1.502
G1 X0.800 Y-0.871
G1 X0.800 Y-0.382
G1 X0.800 Y-0.099
G1 X0.800 Y0.074
G1 X0.800 Y0.211
G1 X0.800 Y0.298
G1 X0.800 Y0.276
G1 X0.800 Y0.108
G1 X0.800 Y-0.177
G1 X0.800 Y-0.468
G1 X0.800 Y-0.547
G1 X0.800 Y-0.115
G1 X0.800 Y0.944
G1 X0.800 Y2.121
G1 X0.800 Y2.386
G1 X0.800 Y1.257
G1 X0.800 Y-0.451
G1 X0.800 Y-1.508
G1 X0.800 Y-1.545
G1 X0.800 Y-1.016
G1 X0.800 Y-0.412
G1 X0.800 Y0.114
G1 X0.800 Y0.601
G1 X0.800 Y1.042
G1 X0.800 Y1.276
G1 X0.800 Y1.134
G1 X0.800 Y0.664
G1 X0.800 Y0.134
G1 X0.800 Y-0.190
G1 X0.800 Y-0.230
G1 X0.800 Y-0.082
G1 X0.800 Y0.107
G1 X0.800 Y0.211
G1 X0.800 Y0.167
G1 X0.800 Y0.002
G1 X0.800 Y-0.169
G1 X0.800 Y-0.224
G1 X0.800 Y-0.116
G1 X0.800 Y0.092
G1 X0.800 Y0.260
G1 X0.800 Y0.180
G1 X0.800 Y-0.328
G1 X0.800 Y-1.199
G1 X0.800 Y-1.956
G1 X0.800 Y-1.988
G1 X0.800 Y-1.171
G1 X0.800 Y-0.059
G1 X0.800 Y0.686
G1 X0.800 Y0.843
G1 X0.800 Y0.592
G1 X0.800 Y0.186
G1 X0.800 Y-0.211
G1 X0.800 Y-0.506
G1 X0.800 Y-0.631
G1 X0.800 Y-0.558
G1 X0.800 Y-0.351
G1 X0.800 Y-0.135
G1 X0.800 Y-0.011
G1 X0.800 Y0.009
G1 X0.800 Y-0.011
G1 X0.800 Y0.032
G1 X0.800 Y0.212
G1 X0.800 Y0.510
G1 X0.800 Y0.808
G1 X0.800 Y0.948
G1 X0.800 Y0.859
G1 X0.800 Y0.585
G1 X0.800 Y0.217
G1 X0.800 Y-0.192
G1 X0.800 Y-0.619
G1 X0.800 Y-1.003
G1 X0.000 Y-2.091
G1 X-0.800 Y0.907
G1 X-0.800 Y0.616
G1 X-0.800 Y0.222
G1 X-0.800 Y-0.171
G1 X-0.800 Y-0.504
G1 X-0.800 Y-0.714
G1 X-0.800 Y-0.740
G1 X-0.800 Y-0.586
G1 X-0.800 Y-0.341
G1 X-0.800 Y-0.131
G1 X-0.800 Y-0.024
G1 X-0.800 Y0.001
G1 X-0.800 Y0.030
G1 X-0.800 Y0.156
G1 X-0.800 Y0.410
G1 X-0.800 Y0.712
G1 X-0.800 Y0.915
G1 X-0.800 Y0.899
G1 X-0.800 Y0.668
G1 X-0.800 Y0.303
G1 X-0.800 Y-0.130
G1 X-0.800 Y-0.606
G1 X-0.800 Y-1.058
G1 X-0.800 Y-1.266
G1 X-0.800 Y-0.915
G1 X-0.800 Y0.063
G1 X-0.800 Y1.220
G1 X-0.800 Y1.863
G1 X-0.800 Y1.713
G1 X-0.800 Y1.098
G1 X-0.800 Y0.501
G1 X-0.800 Y0.157
G1 X-0.800 Y0.023
G1 X-0.800 Y-0.051
G1 X-0.800 Y-0.170
G1 X-0.800 Y-0.345
G1 X-0.800 Y-0.491
G1 X-0.800 Y-0.508
G1 X-0.800 Y-0.353
G1 X-0.800 Y-0.061
G1 X-0.800 Y0.289
G1 X-0.800 Y0.590
G1 X-0.800 Y0.687
G1 X-0.800 Y0.431
G1 X-0.800 Y-0.163
G1 X-0.800 Y-0.818
G1 X-0.800 Y-1.172
G1 X-0.800 Y-1.079
G1 X-0.800 Y-0.672
G1 X-0.800 Y-0.138
G1 X-0.800 Y0.442
G1 X-0.800 Y1.029
G1 X-0.800 Y1.395
G1 X-0.800 Y1.075
G1 X-0.800 Y-0.163
G1 X-0.800 Y-1.704
G1 X-0.800 Y-2.400
G1 X-0.800 Y-1.802
G1 X-0.800 Y-0.604
G1 X-0.800 Y0.283
G1 X-0.800 Y0.553
G1 X-0.800 Y0.397
G1 X-0.800 Y0.095
G1 X-0.800 Y-0.164
G1 X-0.800 Y-0.292
G1 X-0.800 Y-0.281
G1 X-0.800 Y-0.175
G1 X-0.800 Y-0.033
G1 X-0.800 Y0.159
G1 X-0.800 Y0.490
G1 X-0.800 Y1.044
G1 X-0.800 Y1.674
G1 X-0.800 Y1.874
G1 X-0.800 Y1.120
G1 X-0.800 Y-0.394
G1 X-0.800 Y-1.662
G1 X-0.800 Y-1.913
G1 X-0.800 Y-1.351
G1 X-0.800 Y-0.644
G1 X-0.800 Y-0.124
G1 X-0.800 Y0.325
G1 X-0.800 Y0.945
G1 X-0.800 Y1.687
G1 X-0.800 Y1.978
G1 X-0.800 Y1.165
G1 X-0.800 Y-0.500
G1 X-0.800 Y-1.831
G1 X-0.800 Y-2.021
G1 X-0.800 Y-1.382
G1 X-0.800 Y-0.655
G1 X-0.800 Y-0.217
G1 X-0.800 Y-0.025
G1 X-0.800 Y0.099
G1 X-0.800 Y0.249
G1 X-0.800 Y0.389
G1 X-0.800 Y0.412
G1 X-0.800 Y0.242
G1 X-0.800 Y-0.093
G1 X-0.800 Y-0.476
G1 X-0.800 Y-0.661
G1 X-0.800 Y-0.272
G1 X-0.800 Y0.896
G1 X-0.800 Y2.250
G1 X-0.800 Y2.500
G1 X-0.800 Y1.132
G1 X-0.800 Y-0.687
G1 X-0.800 Y-1.549
G1 X-0.800 Y-1.298
G1 X-0.800 Y-0.571
G1 X-0.800 Y0.221
G1 X-0.800 Y1.012
G1 X-0.800 Y1.569
G1 X-0.800 Y1.218
G1 X-0.800 Y-0.428
G1 X-0.800 Y-2.309
G1 X-0.800 Y-2.649
G1 X-0.800 Y-1.277
G1 X-0.800 Y0.293
G1 X-0.800 Y0.934
G1 X-0.800 Y0.726
G1 X-0.800 Y0.174
G1 X-0.800 Y-0.381
G1 X-0.800 Y-0.737
G1 X-0.800 Y-0.726
G1 X-0.800 Y-0.327
G1 X-0.800 Y0.211
G1 X-0.800 Y0.535
G1 X-0.800 Y0.483
G1 X-0.800 Y0.144
G1 X-0.800 Y-0.290
G1 X-0.800 Y-0.585
G1 X-0.800 Y-0.469
G1 X-0.800 Y0.215
G1 X-0.800 Y1.192
G1 X-0.800 Y1.817
G1 X-0.800 Y1.690
G1 X-0.800 Y1.063
G1 X-0.800 Y0.454
G1 X-0.800 Y0.085
G1 X-0.800 Y-0.208
G1 X-0.800 Y-0.722
G1 X-0.800 Y-1.530
G1 X-0.800 Y-2.131
G1 X-0.800 Y-1.682
G1 X-0.800 Y-0.065
G1 X-0.800 Y1.584
G1 X-0.800 Y2.102
G1 X-0.800 Y1.560
G1 X-0.800 Y0.766
G1 X-0.800 Y0.230
G1 X-0.800 Y-0.106
G1 X-0.800 Y-0.528
G1 X-0.800 Y-1.197
G1 X-0.800 Y-1.852
G1 X-0.800 Y-1.869
G1 X-0.800 Y-0.891
G1 X-0.800 Y0.583
G1 X-0.800 Y1.604
G1 X-0.800 Y1.728
G1 X-0.800 Y1.254
G1 X-0.800 Y0.681
G1 X-0.800 Y0.251
G1 X-0.800 Y-0.052
G1 X-0.800 Y-0.349
G1 X-0.800 Y-0.706
G1 X-0.800 Y-1.077
G1 X-0.800 Y-1.309
G1 X-0.800 Y-1.259
G1 X-0.800 Y-0.913
G1 X-0.800 Y-0.414
G1 X-0.800 Y0.039
G1 X-0.800 Y0.305
G1 X-0.800 Y0.354
G1 X-0.800 Y0.235
G1 X-0.800 Y0.026
G1 X-0.800 Y-0.194
G1 X-0.800 Y-0.345
G1 X-0.800 Y-0.338
G1 X-0.800 Y-0.102
G1 X-0.800 Y0.358
G1 X0.000 Y-1.503
G1 X0.800 Y0.140
G1 X0.800 Y0.877
G1 X0.800 Y1.087
G1 X0.800 Y0.911
G1 X0.800 Y0.565
G1 X0.800 Y0.184
G1 X0.800 Y-0.191
G1 X0.800 Y-0.554
G1 X0.800 Y-0.868
G1 X0.800 Y-1.027
G1 X0.800 Y-0.873
G1 X0.800 Y-0.312
G1 X0.800 Y0.536
G1 X0.800 Y1.314
G1 X0.800 Y1.654
G1 X0.800 Y1.457
G1 X0.800 Y0.953
G1 X0.800 Y0.461
G1 X0.800 Y0.131
G1 X0.800 Y-0.115
G1 X0.800 Y-0.482
G1 X0.800 Y-1.116
G1 X0.800 Y-1.827
G1 X0.800 Y-1.976
G1 X0.800 Y-0.988
G1 X0.800 Y0.744
G1 X0.800 Y1.983
G1 X0.800 Y2.002
G1 X0.800 Y1.244
G1 X0.800 Y0.508
G1 X0.800 Y0.095
G1 X0.800 Y-0.195
G1 X0.800 Y-0.705
G1 X0.800 Y-1.513
G1 X0.800 Y-2.112
G1 X0.800 Y-1.706
G1 X0.800 Y-0.237
G1 X0.800 Y1.241
G1 X0.800 Y1.750
G1 X0.800 Y1.354
G1 X0.800 Y0.671
G1 X0.800 Y0.048
G1 X0.800 Y-0.544
G1 X0.800 Y-1.165
G1 X0.800 Y-1.587
G1 X0.800 Y-1.391
G1 X0.800 Y-0.488
G1 X0.800 Y0.569
G1 X0.800 Y1.117
G1 X0.800 Y1.007
G1 X0.800 Y0.516
G1 X0.800 Y-0.076
G1 X0.800 Y-0.633
G1 X0.800 Y-1.013
G1 X0.800 Y-0.993
G1 X0.800 Y-0.487
G1 X0.800 Y0.225
G1 X0.800 Y0.674
G1 X0.800 Y0.632
G1 X0.800 Y0.207
G1 X0.800 Y-0.360
G1 X0.800 Y-0.778
G1 X0.800 Y-0.596
G1 X0.800 Y0.543
G1 X0.800 Y2.123
G1 X0.800 Y2.659
G1 X0.800 Y1.414
G1 X0.800 Y-0.438
G1 X0.800 Y-1.371
G1 X0.800 Y-1.177
G1 X0.800 Y-0.468
G1 X0.800 Y0.330
G1 X0.800 Y1.062
G1 X0.800 Y1.387
G1 X0.800 Y0.722
G1 X0.800 Y-0.944
G1 X0.800 Y-2.400
G1 X0.800 Y-2.355
G1 X0.800 Y-1.060
G1 X0.800 Y0.208
G1 X0.800 Y0.706
G1 X0.800 Y0.562
G1 X0.800 Y0.166
G1 X0.800 Y-0.211
G1 X0.800 Y-0.432
G1 X0.800 Y-0.448
G1 X0.800 Y-0.313
G1 X0.800 Y-0.144
G1 X0.800 Y-0.015
G1 X0.800 Y0.137
G1 X0.800 Y0.484
G1 X0.800 Y1.144
G1 X0.800 Y1.884
G1 X0.800 Y2.018
G1 X0.800 Y1.004
G1 X0.800 Y-0.670
G1 X0.800 Y-1.798
G1 X0.800 Y-1.803
G1 X0.800 Y-1.144
G1 X0.800 Y-0.465
G1 X0.800 Y0.053
G1 X0.800 Y0.594
G1 X0.800 Y1.289
G1 X0.800 Y1.854
G1 X0.800 Y1.646
G1 X0.800 Y0.399
G1 X0.800 Y-1.156
G1 X0.800 Y-1.957
G1 X0.800 Y-1.743
G1 X0.800 Y-1.063
G1 X0.800 Y-0.475
G1 X0.800 Y-0.151
G1 X0.800 Y0.008
G1 X0.800 Y0.127
G1 X0.800 Y0.238
G1 X0.800 Y0.290
G1 X0.800 Y0.218
G1 X0.800 Y0.005
G1 X0.800 Y-0.278
G1 X0.800 Y-0.475
G1 X0.800 Y-0.330
G1 X0.800 Y0.377
G1 X0.800 Y1.492
G1 X0.800 Y2.275
G1 X0.800 Y1.964
G1 X0.800 Y0.687
G1 X0.800 Y-0.589
G1 X0.800 Y-1.124
G1 X0.800 Y-0.941
G1 X0.800 Y-0.418
G1 X0.800 Y0.168
G1 X0.800 Y0.691
G1 X0.800 Y1.002
G1 X0.800 Y0.895
G1 X0.800 Y0.313
G1 X0.800 Y-0.476
G1 X0.800 Y-1.032
G1 X0.800 Y-1.128
G1 X0.800 Y-0.865
G1 X0.800 Y-0.460
G1 X0.800 Y-0.054
G1 X0.800 Y0.297
G1 X0.800 Y0.564
G1 X0.800 Y0.695
G1 X0.800 Y0.656
G1 X0.800 Y0.481
G1 X0.800 Y0.235
G1 X0.800 Y-0.042
G1 X0.800 Y-0.380
G1 X0.800 Y-0.828
G1 X0.800 Y-1.317
G1 X0.800 Y-1.572
G1 X0.800 Y-1.243
G1 X0.800 Y-0.291
G1 X0.800 Y0.801
G1 X0.800 Y1.430
G1 X0.800 Y1.404
G1 X0.800 Y0.978
G1 X0.800 Y0.480
G1 X0.800 Y0.040
G1 X0.800 Y-0.359
G1 X0.800 Y-0.748
G1 X0.800 Y-1.057
G1 X0.800 Y-1.151
G1 X0.800 Y-0.965
G1 X0.800 Y-0.599
G1 X0.800 Y-0.247
G1 X0.800 Y-0.043
G1 X0.800 Y0.008
G1 X0.800 Y-0.007
G1 X0.800 Y0.017
G1 X0.800 Y0.137
G1 X0.800 Y0.332
G1 X0.800 Y0.502
G1 X0.800 Y0.547
G1 X0.800 Y0.421
G1 X0.800 Y0.155
G1 X0.800 Y-0.185
G1 X0.800 Y-0.508
G1 X0.800 Y-0.691
G1 X0.000 Y-1.658
G1 X-0.800 Y0.432
G1 X-0.800 Y0.337
G1 X-0.800 Y0.100
G1 X-0.800 Y-0.154
G1 X-0.800 Y-0.324
G1 X-0.800 Y-0.352
G1 X-0.800 Y-0.240
G1 X-0.800 Y-0.069
G1 X-0.800 Y0.059
G1 X-0.800 Y0.074
G1 X-0.800 Y-0.002
G1 X-0.800 Y-0.082
G1 X-0.800 Y-0.046
G1 X-0.800 Y0.205
G1 X-0.800 Y0.643
G1 X-0.800 Y1.091
G1 X-0.800 Y1.302
G1 X-0.800 Y1.174
G1 X-0.800 Y0.814
G1 X-0.800 Y0.407
G1 X-0.800 Y0.033
G1 X-0.800 Y-0.352
G1 X-0.800 Y-0.824
G1 X-0.800 Y-1.320
G1 X-0.800 Y-1.563
G1 X-0.800 Y-1.237
G1 X-0.800 Y-0.365
G1 X-0.800 Y0.596
G1 X-0.800 Y1.143
G1 X-0.800 Y1.144
G1 X-0.800 Y0.806
G1 X-0.800 Y0.373
G1 X-0.800 Y-0.031
G1 X-0.800 Y-0.369
G1 X-0.800 Y-0.609
G1 X-0.800 Y-0.700
G1 X-0.800 Y-0.626
G1 X-0.800 Y-0.426
G1 X-0.800 Y-0.170
G1 X-0.800 Y0.119
G1 X-0.800 Y0.478
G1 X-0.800 Y0.927
G1 X-0.800 Y1.351
G1 X-0.800 Y1.471
G1 X-0.800 Y1.056
G1 X-0.800 Y0.231
G1 X-0.800 Y-0.534
G1 X-0.800 Y-0.841
G1 X-0.800 Y-0.663
G1 X-0.800 Y-0.196
G1 X-0.800 Y0.354
G1 X-0.800 Y0.797
G1 X-0.800 Y0.848
G1 X-0.800 Y0.214
G1 X-0.800 Y-0.988
G1 X-0.800 Y-2.015
G1 X-0.800 Y-2.107
G1 X-0.800 Y-1.307
G1 X-0.800 Y-0.336
G1 X-0.800 Y0.231
G1 X-0.800 Y0.316
G1 X-0.800 Y0.136
G1 X-0.800 Y-0.090
G1 X-0.800 Y-0.221
G1 X-0.800 Y-0.214
G1 X-0.800 Y-0.120
G1 X-0.800 Y-0.035
G1 X-0.800 Y0.000
G1 X-0.800 Y0.045
G1 X-0.800 Y0.274
G1 X-0.800 Y0.844
G1 X-0.800 Y1.652
G1 X-0.800 Y2.125
G1 X-0.800 Y1.585
G1 X-0.800 Y0.122
G1 X-0.800 Y-1.254
G1 X-0.800 Y-1.691
G1 X-0.800 Y-1.293
G1 X-0.800 Y-0.619
G1 X-0.800 Y0.021
G1 X-0.800 Y0.667
G1 X-0.800 Y1.340
G1 X-0.800 Y1.702
G1 X-0.800 Y1.178
G1 X-0.800 Y-0.263
G1 X-0.800 Y-1.687
G1 X-0.800 Y-2.112
G1 X-0.800 Y-1.559
G1 X-0.800 Y-0.761
G1 X-0.800 Y-0.243
G1 X-0.800 Y-0.041
G1 X-0.800 Y0.042
G1 X-0.800 Y0.173
G1 X-0.800 Y0.371
G1 X-0.800 Y0.519
G1 X-0.800 Y0.484
G1 X-0.800 Y0.226
G1 X-0.800 Y-0.189
G1 X-0.800 Y-0.613
G1 X-0.800 Y-0.765
G1 X-0.800 Y-0.251
G1 X-0.800 Y1.034
G1 X-0.800 Y2.319
G1 X-0.800 Y2.374
G1 X-0.800 Y1.030
G1 X-0.800 Y-0.485
G1 X-0.800 Y-1.094
G1 X-0.800 Y-0.802
G1 X-0.800 Y-0.113
G1 X-0.800 Y0.622
G1 X-0.800 Y1.088
G1 X-0.800 Y0.774
G1 X-0.800 Y-0.592
G1 X-0.800 Y-2.180
G1 X-0.800 Y-2.525
G1 X-0.800 Y-1.366
G1 X-0.800 Y0.053
G1 X-0.800 Y0.683
G1 X-0.800 Y0.511
G1 X-0.800 Y-0.012
G1 X-0.800 Y-0.498
G1 X-0.800 Y-0.635
G1 X-0.800 Y-0.196
G1 X-0.800 Y0.674
G1 X-0.800 Y1.407
G1 X-0.800 Y1.528
G1 X-0.800 Y1.112
G1 X-0.800 Y0.529
G1 X-0.800 Y-0.016
G1 X-0.800 Y-0.574
G1 X-0.800 Y-1.182
G1 X-0.800 Y-1.607
G1 X-0.800 Y-1.406
G1 X-0.800 Y-0.484
G1 X-0.800 Y0.588
G1 X-0.800 Y1.116
G1 X-0.800 Y0.954
G1 X-0.800 Y0.398
G1 X-0.800 Y-0.275
G1 X-0.800 Y-0.895
G1 X-0.800 Y-1.180
G1 X-0.800 Y-0.701
G1 X-0.800 Y0.570
G1 X-0.800 Y1.825
G1 X-0.800 Y2.118
G1 X-0.800 Y1.456
G1 X-0.800 Y0.620
G1 X-0.800 Y0.147
G1 X-0.800 Y-0.034
G1 X-0.800 Y-0.319
G1 X-0.800 Y-1.034
G1 X-0.800 Y-1.990
G1 X-0.800 Y-2.270
G1 X-0.800 Y-1.095
G1 X-0.800 Y0.886
G1 X-0.800 Y2.110
G1 X-0.800 Y1.959
G1 X-0.800 Y1.131
G1 X-0.800 Y0.434
G1 X-0.800 Y0.072
G1 X-0.800 Y-0.180
G1 X-0.800 Y-0.604
G1 X-0.800 Y-1.260
G1 X-0.800 Y-1.831
G1 X-0.800 Y-1.787
G1 X-0.800 Y-0.907
G1 X-0.800 Y0.384
G1 X-0.800 Y1.367
G1 X-0.800 Y1.660
G1 X-0.800 Y1.391
G1 X-0.800 Y0.912
G1 X-0.800 Y0.485
G1 X-0.800 Y0.196
G1 X-0.800 Y0.005
G1 X-0.800 Y-0.187
G1 X-0.800 Y-0.486
G1 X-0.800 Y-0.949
G1 X-0.800 Y-1.490
G1 X-0.800 Y-1.782
G1 X-0.800 Y-1.336
G1 X0.000 Y0.016
G1 X0.800 Y2.171
G1 X0.800 Y1.809
G1 X0.800 Y1.016
G1 X0.800 Y0.362
G1 X0.800 Y0.009
G1 X0.800 Y-0.094
G1 X0.800 Y-0.051
G1 X0.800 Y0.041
G1 X0.800 Y0.096
G1 X0.800 Y0.008
G1 X0.800 Y-0.340
G1 X0.800 Y-0.994
G1 X0.800 Y-1.760
G1 X0.800 Y-2.095
G1 X0.800 Y-1.431
G1 X0.800 Y0.130
G1 X0.800 Y1.608
G1 X0.800 Y2.070
G1 X0.800 Y1.550
G1 X0.800 Y0.769
G1 X0.800 Y0.231
G1 X0.800 Y-0.100
G1 X0.800 Y-0.562
G1 X0.800 Y-1.381
G1 X0.800 Y-2.178
G1 X0.800 Y-1.928
G1 X0.800 Y-0.151
G1 X0.800 Y1.888
G1 X0.800 Y2.483
G1 X0.800 Y1.618
G1 X0.800 Y0.547
G1 X0.800 Y0.042
G1 X0.800 Y0.001
G1 X0.800 Y-0.047
G1 X0.800 Y-0.506
G1 X0.800 Y-1.386
G1 X0.800 Y-2.085
G1 X0.800 Y-1.880
G1 X0.800 Y-0.855
G1 X0.800 Y0.150
G1 X0.800 Y0.517
G1 X0.800 Y0.297
G1 X0.800 Y-0.161
G1 X0.800 Y-0.490
G1 X0.800 Y-0.348
G1 X0.800 Y0.417
G1 X0.800 Y1.427
G1 X0.800 Y1.937
G1 X0.800 Y1.621
G1 X0.800 Y0.897
G1 X0.800 Y0.322
G1 X0.800 Y0.033
G1 X0.800 Y-0.205
G1 X0.800 Y-0.686
G1 X0.800 Y-1.424
G1 X0.800 Y-1.949
G1 X0.800 Y-1.683
G1 X0.800 Y-0.698
G1 X0.800 Y0.256
G1 X0.800 Y0.590
G1 X0.800 Y0.328
G1 X0.800 Y-0.191
G1 X0.800 Y-0.583
G1 X0.800 Y-0.410
G1 X0.800 Y0.607
G1 X0.800 Y1.972
G1 X0.800 Y2.462
G1 X0.800 Y1.540
G1 X0.800 Y0.120
G1 X0.800 Y-0.657
G1 X0.800 Y-0.577
G1 X0.800 Y-0.038
G1 X0.800 Y0.523
G1 X0.800 Y0.687
G1 X0.800 Y0.036
G1 X0.800 Y-1.337
G1 X0.800 Y-2.410
G1 X0.800 Y-2.138
G1 X0.800 Y-0.789
G1 X0.800 Y0.442
G1 X0.800 Y0.868
G1 X0.800 Y0.643
G1 X0.800 Y0.168
G1 X0.800 Y-0.290
G1 X0.800 Y-0.583
G1 X0.800 Y-0.621
G1 X0.800 Y-0.433
G1 X0.800 Y-0.175
G1 X0.800 Y-0.020
G1 X0.800 Y0.000
G1 X0.800 Y0.029
G1 X0.800 Y0.308
G1 X0.800 Y0.994
G1 X0.800 Y1.837
G1 X0.800 Y2.130
G1 X0.800 Y1.352
G1 X0.800 Y-0.053
G1 X0.800 Y-1.075
G1 X0.800 Y-1.225
G1 X0.800 Y-0.762
G1 X0.800 Y-0.092
G1 X0.800 Y0.598
G1 X0.800 Y1.151
G1 X0.800 Y1.203
G1 X0.800 Y0.369
G1 X0.800 Y-1.093
G1 X0.800 Y-2.162
G1 X0.800 Y-2.078
G1 X0.800 Y-1.164
G1 X0.800 Y-0.267
G1 X0.800 Y0.152
G1 X0.800 Y0.155
G1 X0.800 Y-0.010
G1 X0.800 Y-0.137
G1 X0.800 Y-0.132
G1 X0.800 Y-0.022
G1 X0.800 Y0.083
G1 X0.800 Y0.085
G1 X0.800 Y-0.018
G1 X0.800 Y-0.116
G1 X0.800 Y-0.011
G1 X0.800 Y0.475
G1 X0.800 Y1.293
G1 X0.800 Y1.971
G1 X0.800 Y1.911
G1 X0.800 Y1.028
G1 X0.800 Y-0.058
G1 X0.800 Y-0.678
G1 X0.800 Y-0.675
G1 X0.800 Y-0.282
G1 X0.800 Y0.226
G1 X0.800 Y0.629
G1 X0.800 Y0.690
G1 X0.800 Y0.222
G1 X0.800 Y-0.656
G1 X0.800 Y-1.455
G1 X0.800 Y-1.699
G1 X0.800 Y-1.372
G1 X0.800 Y-0.823
G1 X0.800 Y-0.375
G1 X0.800 Y-0.104
G1 X0.800 Y0.069
G1 X0.800 Y0.243
G1 X0.800 Y0.438
G1 X0.800 Y0.584
G1 X0.800 Y0.591
G1 X0.800 Y0.427
G1 X0.800 Y0.123
G1 X0.800 Y-0.259
G1 X0.800 Y-0.641
G1 X0.800 Y-0.879
G1 X0.800 Y-0.771
G1 X0.800 Y-0.196
G1 X0.800 Y0.662
G1 X0.800 Y1.351
G1 X0.800 Y1.521
G1 X0.800 Y1.210
G1 X0.800 Y0.719
G1 X0.800 Y0.275
G1 X0.800 Y-0.095
G1 X0.800 Y-0.478
G1 X0.800 Y-0.914
G1 X0.800 Y-1.285
G1 X0.800 Y-1.372
G1 X0.800 Y-1.064
G1 X0.800 Y-0.507
G1 X0.800 Y0.000
G1 X0.800 Y0.247
G1 X0.800 Y0.228
G1 X0.800 Y0.056
G1 X0.800 Y-0.131
G1 X0.800 Y-0.226
G1 X0.800 Y-0.183
G1 X0.800 Y-0.031
G1 X0.800 Y0.131
G1 X0.800 Y0.203
G1 X0.800 Y0.141
G1 X0.800 Y-0.017
G1 X0.800 Y-0.176
G1 X0.800 Y-0.222
G1 X0.000 Y-1.255
G1 X-0.800 Y0.105
G1 X-0.800 Y0.073
G1 X-0.800 Y-0.032
G1 X-0.800 Y-0.101
G1 X-0.800 Y-0.060
G1 X-0.800 Y0.097
G1 X-0.800 Y0.292
G1 X-0.800 Y0.409
G1 X-0.800 Y0.369
G1 X-0.800 Y0.172
G1 X-0.800 Y-0.114
G1 X-0.800 Y-0.388
G1 X-0.800 Y-0.504
G1 X-0.800 Y-0.322
G1 X-0.800 Y0.198
G1 X-0.800 Y0.861
G1 X-0.800 Y1.321
G1 X-0.800 Y1.355
G1 X-0.800 Y1.030
G1 X-0.800 Y0.579
G1 X-0.800 Y0.159
G1 X-0.800 Y-0.239
G1 X-0.800 Y-0.680
G1 X-0.800 Y-1.143
G1 X-0.800 Y-1.429
G1 X-0.800 Y-1.285
G1 X-0.800 Y-0.682
G1 X-0.800 Y0.071
G1 X-0.800 Y0.586
G1 X-0.800 Y0.693
G1 X-0.800 Y0.487
G1 X-0.800 Y0.143
G1 X-0.800 Y-0.198
G1 X-0.800 Y-0.442
G1 X-0.800 Y-0.526
G1 X-0.800 Y-0.443
G1 X-0.800 Y-0.267
G1 X-0.800 Y-0.108
G1 X-0.800 Y-0.018
G1 X-0.800 Y0.056
G1 X-0.800 Y0.251
G1 X-0.800 Y0.693
G1 X-0.800 Y1.326
G1 X-0.800 Y1.799
G1 X-0.800 Y1.674
G1 X-0.800 Y0.891
G1 X-0.800 Y-0.066
G1 X-0.800 Y-0.634
G1 X-0.800 Y-0.641
G1 X-0.800 Y-0.273
G1 X-0.800 Y0.222
G1 X-0.800 Y0.618
G1 X-0.800 Y0.662
G1 X-0.800 Y0.142
G1 X-0.800 Y-0.823
G1 X-0.800 Y-1.667
G1 X-0.800 Y-1.849
G1 X-0.800 Y-1.378
G1 X-0.800 Y-0.715
G1 X-0.800 Y-0.249
G1 X-0.800 Y-0.051
G1 X-0.800 Y0.016
G1 X-0.800 Y0.104
G1 X-0.800 Y0.268
G1 X-0.800 Y0.445
G1 X-0.800 Y0.503
G1 X-0.800 Y0.364
G1 X-0.800 Y0.045
G1 X-0.800 Y-0.362
G1 X-0.800 Y-0.682
G1 X-0.800 Y-0.630
G1 X-0.800 Y0.086
G1 X-0.800 Y1.326
G1 X-0.800 Y2.268
G1 X-0.800 Y2.075
G1 X-0.800 Y0.920
G1 X-0.800 Y-0.207
G1 X-0.800 Y-0.632
G1 X-0.800 Y-0.412
G1 X-0.800 Y0.090
G1 X-0.800 Y0.532
G1 X-0.800 Y0.570
G1 X-0.800 Y-0.063
G1 X-0.800 Y-1.187
G1 X-0.800 Y-2.034
G1 X-0.800 Y-1.954
G1 X-0.800 Y-1.144
G1 X-0.800 Y-0.324
G1 X-0.800 Y0.064
G1 X-0.800 Y0.062
G1 X-0.800 Y-0.062
G1 X-0.800 Y-0.067
G1 X-0.800 Y0.160
G1 X-0.800 Y0.521
G1 X-0.800 Y0.772
G1 X-0.800 Y0.732
G1 X-0.800 Y0.400
G1 X-0.800 Y-0.105
G1 X-0.800 Y-0.651
G1 X-0.800 Y-1.006
G1 X-0.800 Y-0.770
G1 X-0.800 Y0.320
G1 X-0.800 Y1.756
G1 X-0.800 Y2.394
G1 X-0.800 Y1.734
G1 X-0.800 Y0.541
G1 X-0.800 Y-0.198
G1 X-0.800 Y-0.243
G1 X-0.800 Y0.075
G1 X-0.800 Y0.294
G1 X-0.800 Y-0.023
G1 X-0.800 Y-1.012
G1 X-0.800 Y-2.083
G1 X-0.800 Y-2.227
G1 X-0.800 Y-1.242
G1 X-0.800 Y-0.036
G1 X-0.800 Y0.522
G1 X-0.800 Y0.364
G1 X-0.800 Y-0.119
G1 X-0.800 Y-0.504
G1 X-0.800 Y-0.365
G1 X-0.800 Y0.532
G1 X-0.800 Y1.750
G1 X-0.800 Y2.275
G1 X-0.800 Y1.658
G1 X-0.800 Y0.573
G1 X-0.800 Y-0.109
G1 X-0.800 Y-0.172
G1 X-0.800 Y0.074
G1 X-0.800 Y0.200
G1 X-0.800 Y-0.156
G1 X-0.800 Y-1.022
G1 X-0.800 Y-1.863
G1 X-0.800 Y-1.967
G1 X-0.800 Y-1.283
G1 X-0.800 Y-0.456
G1 X-0.800 Y-0.023
G1 X-0.800 Y0.011
G1 X-0.800 Y-0.019
G1 X-0.800 Y0.266
G1 X-0.800 Y1.006
G1 X-0.800 Y1.819
G1 X-0.800 Y1.998
G1 X-0.800 Y1.321
G1 X-0.800 Y0.385
G1 X-0.800 Y-0.125
G1 X-0.800 Y-0.094
G1 X-0.800 Y0.135
G1 X-0.800 Y0.052
G1 X-0.800 Y-0.780
G1 X-0.800 Y-2.122
G1 X-0.800 Y-2.636
G1 X-0.800 Y-1.229
G1 X-0.800 Y1.064
G1 X-0.800 Y2.214
G1 X-0.800 Y1.816
G1 X-0.800 Y0.908
G1 X-0.800 Y0.237
G1 X-0.800 Y-0.245
G1 X-0.800 Y-0.889
G1 X-0.800 Y-1.726
G1 X-0.800 Y-2.117
G1 X-0.800 Y-1.233
G1 X-0.800 Y0.687
G1 X-0.800 Y2.196
G1 X-0.800 Y2.266
G1 X-0.800 Y1.311
G1 X-0.800 Y0.309
G1 X-0.800 Y-0.226
G1 X-0.800 Y-0.326
G1 X-0.800 Y-0.207
G1 X-0.800 Y-0.034
G1 X-0.800 Y0.114
G1 X-0.800 Y0.210
G1 X-0.800 Y0.245
G1 X-0.800 Y0.193
G1 X-0.800 Y-0.014
G1 X-0.800 Y-0.480
G1 X-0.800 Y-1.245
G1 X-0.800 Y-2.055
G1 X0.000 Y-0.249
G1 X0.800 Y1.521
G1 X0.800 Y0.836
G1 X0.800 Y0.373
G1 X0.800 Y0.130
G1 X0.800 Y0.008
G1 X0.800 Y-0.083
G1 X0.800 Y-0.178
G1 X0.800 Y-0.271
G1 X0.800 Y-0.308
G1 X0.800 Y-0.222
G1 X0.800 Y0.005
G1 X0.800 Y0.309
G1 X0.800 Y0.502
G1 X0.800 Y0.246
G1 X0.800 Y-0.747
G1 X0.800 Y-2.128
G1 X0.800 Y-2.619
G1 X0.800 Y-1.291
G1 X0.800 Y0.864
G1 X0.800 Y2.008
G1 X0.800 Y1.719
G1 X0.800 Y0.875
G1 X0.800 Y0.128
G1 X0.800 Y-0.577
G1 X0.800 Y-1.444
G1 X0.800 Y-2.083
G1 X0.800 Y-1.440
G1 X0.800 Y0.717
G1 X0.800 Y2.598
G1 X0.800 Y2.454
G1 X0.800 Y0.953
G1 X0.800 Y-0.201
G1 X0.800 Y-0.405
G1 X0.800 Y-0.044
G1 X0.800 Y0.343
G1 X0.800 Y0.321
G1 X0.800 Y-0.324
G1 X0.800 Y-1.287
G1 X0.800 Y-1.842
G1 X0.800 Y-1.613
G1 X0.800 Y-0.947
G1 X0.800 Y-0.363
G1 X0.800 Y0.012
G1 X0.800 Y0.405
G1 X0.800 Y1.030
G1 X0.800 Y1.727
G1 X0.800 Y1.903
G1 X0.800 Y1.171
G1 X0.800 Y-0.006
G1 X0.800 Y-0.761
G1 X0.800 Y-0.759
G1 X0.800 Y-0.252
G1 X0.800 Y0.399
G1 X0.800 Y0.850
G1 X0.800 Y0.646
G1 X0.800 Y-0.507
G1 X0.800 Y-1.985
G1 X0.800 Y-2.472
G1 X0.800 Y-1.548
G1 X0.800 Y-0.228
G1 X0.800 Y0.442
G1 X0.800 Y0.344
G1 X0.800 Y-0.105
G1 X0.800 Y-0.447
G1 X0.800 Y-0.274
G1 X0.800 Y0.590
G1 X0.800 Y1.684
G1 X0.800 Y2.123
G1 X0.800 Y1.590
G1 X0.800 Y0.692
G1 X0.800 Y0.119
G1 X0.800 Y-0.006
G1 X0.800 Y-0.007
G1 X0.800 Y-0.309
G1 X0.800 Y-1.116
G1 X0.800 Y-2.034
G1 X0.800 Y-2.167
G1 X0.800 Y-1.119
G1 X0.800 Y0.335
G1 X0.800 Y1.163
G1 X0.800 Y1.124
G1 X0.800 Y0.617
G1 X0.800 Y0.010
G1 X0.800 Y-0.542
G1 X0.800 Y-0.928
G1 X0.800 Y-0.989
G1 X0.800 Y-0.666
G1 X0.800 Y-0.160
G1 X0.800 Y0.194
G1 X0.800 Y0.227
G1 X0.800 Y0.011
G1 X0.800 Y-0.229
G1 X0.800 Y-0.207
G1 X0.800 Y0.299
G1 X0.800 Y1.189
G1 X0.800 Y1.899
G1 X0.800 Y1.861
G1 X0.800 Y1.152
G1 X0.800 Y0.379
G1 X0.800 Y-0.003
G1 X0.800 Y-0.012
G1 X0.800 Y0.033
G1 X0.800 Y-0.243
G1 X0.800 Y-1.028
G1 X0.800 Y-1.973
G1 X0.800 Y-2.213
G1 X0.800 Y-1.263
G1 X0.800 Y0.250
G1 X0.800 Y1.258
G1 X0.800 Y1.377
G1 X0.800 Y0.951
G1 X0.800 Y0.405
G1 X0.800 Y-0.082
G1 X0.800 Y-0.486
G1 X0.800 Y-0.768
G1 X0.800 Y-0.857
G1 X0.800 Y-0.731
G1 X0.800 Y-0.474
G1 X0.800 Y-0.193
G1 X0.800 Y0.083
G1 X0.800 Y0.425
G1 X0.800 Y0.899
G1 X0.800 Y1.403
G1 X0.800 Y1.618
G1 X0.800 Y1.244
G1 X0.800 Y0.397
G1 X0.800 Y-0.419
G1 X0.800 Y-0.767
G1 X0.800 Y-0.614
G1 X0.800 Y-0.168
G1 X0.800 Y0.347
G1 X0.800 Y0.729
G1 X0.800 Y0.718
G1 X0.800 Y0.109
G1 X0.800 Y-0.923
G1 X0.800 Y-1.760
G1 X0.800 Y-1.871
G1 X0.800 Y-1.331
G1 X0.800 Y-0.641
G1 X0.800 Y-0.187
G1 X0.800 Y-0.020
G1 X0.800 Y0.001
G1 X0.800 Y0.041
G1 X0.800 Y0.172
G1 X0.800 Y0.361
G1 X0.800 Y0.489
G1 X0.800 Y0.461
G1 X0.800 Y0.262
G1 X0.800 Y-0.054
G1 X0.800 Y-0.388
G1 X0.800 Y-0.612
G1 X0.800 Y-0.565
G1 X0.800 Y-0.147
G1 X0.800 Y0.522
G1 X0.800 Y1.109
G1 X0.800 Y1.309
G1 X0.800 Y1.100
G1 X0.800 Y0.677
G1 X0.800 Y0.222
G1 X0.800 Y-0.218
G1 X0.800 Y-0.675
G1 X0.800 Y-1.104
G1 X0.800 Y-1.321
G1 X0.800 Y-1.119
G1 X0.800 Y-0.510
G1 X0.800 Y0.200
G1 X0.800 Y0.656
G1 X0.800 Y0.720
G1 X0.800 Y0.491
G1 X0.800 Y0.134
G1 X0.800 Y-0.224
G1 X0.800 Y-0.492
G1 X0.800 Y-0.601
G1 X0.800 Y-0.519
G1 X0.800 Y-0.302
G1 X0.800 Y-0.076
G1 X0.800 Y0.052
G1 X0.800 Y0.050
G1 X0.800 Y-0.022
G1 X0.800 Y-0.066
G1 X0.000 Y-1.153
G1 X-0.800 Y0.067
G1 X-0.800 Y-0.012
G1 X-0.800 Y-0.078
G1 X-0.800 Y-0.034
G1 X-0.800 Y0.160
G1 X-0.800 Y0.449
G1 X-0.800 Y0.691
G1 X-0.800 Y0.754
G1 X-0.800 Y0.603
G1 X-0.800 Y0.291
G1 X-0.800 Y-0.103
G1 X-0.800 Y-0.511
G1 X-0.800 Y-0.831
G1 X-0.800 Y-0.897
G1 X-0.800 Y-0.563
G1 X-0.800 Y0.113
G1 X-0.800 Y0.809
G1 X-0.800 Y1.169
G1 X-0.800 Y1.087
G1 X-0.800 Y0.718
G1 X-0.800 Y0.253
G1 X-0.800 Y-0.218
G1 X-0.800 Y-0.675
G1 X-0.800 Y-1.041
G1 X-0.800 Y-1.146
G1 X-0.800 Y-0.854
G1 X-0.800 Y-0.258
G1 X-0.800 Y0.333
G1 X-0.800 Y0.640
G1 X-0.800 Y0.599
G1 X-0.800 Y0.330
G1 X-0.800 Y-0.018
G1 X-0.800 Y-0.326
G1 X-0.800 Y-0.509
G1 X-0.800 Y-0.509
G1 X-0.800 Y-0.357
G1 X-0.800 Y-0.158
G1 X-0.800 Y-0.029
G1 X-0.800 Y0.000
G1 X-0.800 Y0.020
G1 X-0.800 Y0.205
G1 X-0.800 Y0.700
G1 X-0.800 Y1.427
G1 X-0.800 Y1.946
G1 X-0.800 Y1.731
G1 X-0.800 Y0.759
G1 X-0.800 Y-0.342
G1 X-0.800 Y-0.930
G1 X-0.800 Y-0.880
G1 X-0.800 Y-0.446
G1 X-0.800 Y0.104
G1 X-0.800 Y0.609
G1 X-0.800 Y0.906
G1 X-0.800 Y0.782
G1 X-0.800 Y0.178
G1 X-0.800 Y-0.622
G1 X-0.800 Y-1.159
G1 X-0.800 Y-1.201
G1 X-0.800 Y-0.870
G1 X-0.800 Y-0.411
G1 X-0.800 Y0.040
G1 X-0.800 Y0.451
G1 X-0.800 Y0.778
G1 X-0.800 Y0.932
G1 X-0.800 Y0.849
G1 X-0.800 Y0.584
G1 X-0.800 Y0.288
G1 X-0.800 Y0.053
G1 X-0.800 Y-0.191
G1 X-0.800 Y-0.609
G1 X-0.800 Y-1.284
G1 X-0.800 Y-1.914
G1 X-0.800 Y-1.828
G1 X-0.800 Y-0.644
G1 X-0.800 Y0.983
G1 X-0.800 Y1.905
G1 X-0.800 Y1.743
G1 X-0.800 Y1.047
G1 X-0.800 Y0.415
G1 X-0.800 Y-0.024
G1 X-0.800 Y-0.456
G1 X-0.800 Y-1.022
G1 X-0.800 Y-1.560
G1 X-0.800 Y-1.659
G1 X-0.800 Y-1.113
G1 X-0.800 Y-0.259
G1 X-0.800 Y0.346
G1 X-0.800 Y0.447
G1 X-0.800 Y0.174
G1 X-0.800 Y-0.210
G1 X-0.800 Y-0.446
G1 X-0.800 Y-0.314
G1 X-0.800 Y0.229
G1 X-0.800 Y0.901
G1 X-0.800 Y1.268
G1 X-0.800 Y1.138
G1 X-0.800 Y0.674
G1 X-0.800 Y0.095
G1 X-0.800 Y-0.526
G1 X-0.800 Y-1.150
G1 X-0.800 Y-1.493
G1 X-0.800 Y-1.056
G1 X-0.800 Y0.254
G1 X-0.800 Y1.623
G1 X-0.800 Y2.065
G1 X-0.800 Y1.535
G1 X-0.800 Y0.749
G1 X-0.800 Y0.222
G1 X-0.800 Y-0.084
G1 X-0.800 Y-0.473
G1 X-0.800 Y-1.113
G1 X-0.800 Y-1.749
G1 X-0.800 Y-1.814
G1 X-0.800 Y-1.108
G1 X-0.800 Y-0.160
G1 X-0.800 Y0.358
G1 X-0.800 Y0.278
G1 X-0.800 Y-0.119
G1 X-0.800 Y-0.406
G1 X-0.800 Y-0.082
G1 X-0.800 Y1.091
G1 X-0.800 Y2.409
G1 X-0.800 Y2.423
G1 X-0.800 Y0.801
G1 X-0.800 Y-0.976
G1 X-0.800 Y-1.582
G1 X-0.800 Y-1.153
G1 X-0.800 Y-0.391
G1 X-0.800 Y0.377
G1 X-0.800 Y1.085
G1 X-0.800 Y1.473
G1 X-0.800 Y1.067
G1 X-0.800 Y-0.142
G1 X-0.800 Y-1.337
G1 X-0.800 Y-1.701
G1 X-0.800 Y-1.274
G1 X-0.800 Y-0.601
G1 X-0.800 Y0.017
G1 X-0.800 Y0.624
G1 X-0.800 Y1.242
G1 X-0.800 Y1.594
G1 X-0.800 Y1.287
G1 X-0.800 Y0.399
G1 X-0.800 Y-0.426
G1 X-0.800 Y-0.656
G1 X-0.800 Y-0.312
G1 X-0.800 Y0.279
G1 X-0.800 Y0.707
G1 X-0.800 Y0.407
G1 X-0.800 Y-0.984
G1 X-0.800 Y-2.598
G1 X-0.800 Y-2.563
G1 X-0.800 Y-0.565
G1 X-0.800 Y1.377
G1 X-0.800 Y1.785
G1 X-0.800 Y1.113
G1 X-0.800 Y0.229
G1 X-0.800 Y-0.640
G1 X-0.800 Y-1.490
G1 X-0.800 Y-1.782
G1 X-0.800 Y-0.638
G1 X-0.800 Y1.582
G1 X-0.800 Y2.834
G1 X-0.800 Y1.985
G1 X-0.800 Y0.299
G1 X-0.800 Y-0.653
G1 X-0.800 Y-0.640
G1 X-0.800 Y-0.166
G1 X-0.800 Y0.331
G1 X-0.800 Y0.588
G1 X-0.800 Y0.481
G1 X-0.800 Y0.108
G1 X-0.800 Y-0.246
G1 X-0.800 Y-0.366
G1 X-0.800 Y-0.282
G1 X-0.800 Y-0.148
G1 X-0.800 Y-0.097
G1 X-0.800 Y-0.190
G1 X-0.800 Y-0.461
G1 X-0.800 Y-0.936
G1 X0.000 Y-1.631
G1 X0.800 Y0.224
G1 X0.800 Y-0.260
G1 X0.800 Y-0.540
G1 X0.800 Y-0.548
G1 X0.800 Y-0.270
G1 X0.800 Y0.239
G1 X0.800 Y0.921
G1 X0.800 Y1.512
G1 X0.800 Y1.425
G1 X0.800 Y0.455
G1 X0.800 Y-0.632
G1 X0.800 Y-0.992
G1 X0.800 Y-0.591
G1 X0.800 Y0.157
G1 X0.800 Y0.869
G1 X0.800 Y1.014
G1 X0.800 Y-0.073
G1 X0.800 Y-2.044
G1 X0.800 Y-2.927
G1 X0.800 Y-1.535
G1 X0.800 Y0.555
G1 X0.800 Y1.423
G1 X0.800 Y1.018
G1 X0.800 Y0.142
G1 X0.800 Y-0.769
G1 X0.800 Y-1.386
G1 X0.800 Y-0.996
G1 X0.800 Y0.787
G1 X0.800 Y2.626
G1 X0.800 Y2.554
G1 X0.800 Y0.806
G1 X0.800 Y-0.685
G1 X0.800 Y-0.979
G1 X0.800 Y-0.485
G1 X0.800 Y0.215
G1 X0.800 Y0.767
G1 X0.800 Y0.860
G1 X0.800 Y0.300
G1 X0.800 Y-0.629
G1 X0.800 Y-1.255
G1 X0.800 Y-1.217
G1 X0.800 Y-0.705
G1 X0.800 Y-0.038
G1 X0.800 Y0.661
G1 X0.800 Y1.261
G1 X0.800 Y1.369
G1 X0.800 Y0.560
G1 X0.800 Y-0.854
G1 X0.800 Y-1.829
G1 X0.800 Y-1.759
G1 X0.800 Y-1.059
G1 X0.800 Y-0.356
G1 X0.800 Y0.232
G1 X0.800 Y0.955
G1 X0.800 Y1.820
G1 X0.800 Y2.069
G1 X0.800 Y0.756
G1 X0.800 Y-1.538
G1 X0.800 Y-2.729
G1 X0.800 Y-1.968
G1 X0.800 Y-0.535
G1 X0.800 Y0.250
G1 X0.800 Y0.240
G1 X0.800 Y-0.100
G1 X0.800 Y-0.300
G1 X0.800 Y-0.039
G1 X0.800 Y0.682
G1 X0.800 Y1.407
G1 X0.800 Y1.606
G1 X0.800 Y1.228
G1 X0.800 Y0.640
G1 X0.800 Y0.108
G1 X0.800 Y-0.410
G1 X0.800 Y-1.059
G1 X0.800 Y-1.696
G1 X0.800 Y-1.756
G1 X0.800 Y-0.800
G1 X0.800 Y0.693
G1 X0.800 Y1.657
G1 X0.800 Y1.630
G1 X0.800 Y1.031
G1 X0.800 Y0.385
G1 X0.800 Y-0.168
G1 X0.800 Y-0.731
G1 X0.800 Y-1.293
G1 X0.800 Y-1.566
G1 X0.800 Y-1.231
G1 X0.800 Y-0.407
G1 X0.800 Y0.365
G1 X0.800 Y0.654
G1 X0.800 Y0.460
G1 X0.800 Y0.019
G1 X0.800 Y-0.424
G1 X0.800 Y-0.637
G1 X0.800 Y-0.421
G1 X0.800 Y0.215
G1 X0.800 Y0.912
G1 X0.800 Y1.231
G1 X0.800 Y1.044
G1 X0.800 Y0.547
G1 X0.800 Y-0.053
G1 X0.800 Y-0.691
G1 X0.800 Y-1.258
G1 X0.800 Y-1.377
G1 X0.800 Y-0.582
G1 X0.800 Y0.960
G1 X0.800 Y2.183
G1 X0.800 Y2.177
G1 X0.800 Y1.219
G1 X0.800 Y0.252
G1 X0.800 Y-0.183
G1 X0.800 Y-0.147
G1 X0.800 Y0.063
G1 X0.800 Y0.186
G1 X0.800 Y0.081
G1 X0.800 Y-0.223
G1 X0.800 Y-0.541
G1 X0.800 Y-0.664
G1 X0.800 Y-0.521
G1 X0.800 Y-0.180
G1 X0.800 Y0.237
G1 X0.800 Y0.602
G1 X0.800 Y0.743
G1 X0.800 Y0.504
G1 X0.800 Y-0.093
G1 X0.800 Y-0.744
G1 X0.800 Y-1.079
G1 X0.800 Y-0.971
G1 X0.800 Y-0.558
G1 X0.800 Y-0.023
G1 X0.800 Y0.544
G1 X0.800 Y1.041
G1 X0.800 Y1.207
G1 X0.800 Y0.706
G1 X0.800 Y-0.437
G1 X0.800 Y-1.582
G1 X0.800 Y-1.994
G1 X0.800 Y-1.576
G1 X0.800 Y-0.842
G1 X0.800 Y-0.292
G1 X0.800 Y-0.054
G1 X0.800 Y0.002
G1 X0.800 Y0.053
G1 X0.800 Y0.199
G1 X0.800 Y0.411
G1 X0.800 Y0.574
G1 X0.800 Y0.575
G1 X0.800 Y0.392
G1 X0.800 Y0.075
G1 X0.800 Y-0.293
G1 X0.800 Y-0.610
G1 X0.800 Y-0.740
G1 X0.800 Y-0.547
G1 X0.800 Y-0.037
G1 X0.800 Y0.565
G1 X0.800 Y0.946
G1 X0.800 Y0.953
G1 X0.800 Y0.659
G1 X0.800 Y0.222
G1 X0.800 Y-0.251
G1 X0.800 Y-0.694
G1 X0.800 Y-0.989
G1 X0.800 Y-0.955
G1 X0.800 Y-0.499
G1 X0.800 Y0.207
G1 X0.800 Y0.798
G1 X0.800 Y1.008
G1 X0.800 Y0.840
G1 X0.800 Y0.468
G1 X0.800 Y0.040
G1 X0.800 Y-0.370
G1 X0.800 Y-0.700
G1 X0.800 Y-0.866
G1 X0.800 Y-0.789
G1 X0.800 Y-0.502
G1 X0.800 Y-0.151
G1 X0.800 Y0.092
G1 X0.800 Y0.151
G1 X0.800 Y0.063
G1 X0.800 Y-0.071
G1 X0.000 Y-0.806
G1 X-0.800 Y0.067
G1 X-0.800 Y-0.139
G1 X-0.800 Y-0.279
G1 X-0.800 Y-0.242
G1 X-0.800 Y0.019
G1 X-0.800 Y0.429
G1 X-0.800 Y0.789
G1 X-0.800 Y0.921
G1 X-0.800 Y0.780
G1 X-0.800 Y0.450
G1 X-0.800 Y0.037
G1 X-0.800 Y-0.399
G1 X-0.800 Y-0.791
G1 X-0.800 Y-1.009
G1 X-0.800 Y-0.884
G1 X-0.800 Y-0.377
G1 X-0.800 Y0.291
G1 X-0.800 Y0.774
G1 X-0.800 Y0.872
G1 X-0.800 Y0.632
G1 X-0.800 Y0.221
G1 X-0.800 Y-0.236
G1 X-0.800 Y-0.636
G1 X-0.800 Y-0.858
G1 X-0.800 Y-0.755
G1 X-0.800 Y-0.306
G1 X-0.800 Y0.289
G1 X-0.800 Y0.724
G1 X-0.800 Y0.821
G1 X-0.800 Y0.619
G1 X-0.800 Y0.267
G1 X-0.800 Y-0.116
G1 X-0.800 Y-0.443
G1 X-0.800 Y-0.638
G1 X-0.800 Y-0.646
G1 X-0.800 Y-0.484
G1 X-0.800 Y-0.259
G1 X-0.800 Y-0.089
G1 X-0.800 Y-0.001
G1 X-0.800 Y0.106
G1 X-0.800 Y0.405
G1 X-0.800 Y1.004
G1 X-0.800 Y1.713
G1 X-0.800 Y1.985
G1 X-0.800 Y1.348
G1 X-0.800 Y0.041
G1 X-0.800 Y-1.090
G1 X-0.800 Y-1.456
G1 X-0.800 Y-1.157
G1 X-0.800 Y-0.607
G1 X-0.800 Y-0.059
G1 X-0.800 Y0.450
G1 X-0.800 Y0.910
G1 X-0.800 Y1.193
G1 X-0.800 Y1.122
G1 X-0.800 Y0.691
G1 X-0.800 Y0.150
G1 X-0.800 Y-0.200
G1 X-0.800 Y-0.241
G1 X-0.800 Y-0.062
G1 X-0.800 Y0.161
G1 X-0.800 Y0.249
G1 X-0.800 Y0.094
G1 X-0.800 Y-0.271
G1 X-0.800 Y-0.638
G1 X-0.800 Y-0.771
G1 X-0.800 Y-0.591
G1 X-0.800 Y-0.173
G1 X-0.800 Y0.352
G1 X-0.800 Y0.824
G1 X-0.800 Y0.938
G1 X-0.800 Y0.304
G1 X-0.800 Y-1.062
G1 X-0.800 Y-2.282
G1 X-0.800 Y-2.281
G1 X-0.800 Y-1.092
G1 X-0.800 Y0.202
G1 X-0.800 Y0.773
G1 X-0.800 Y0.627
G1 X-0.800 Y0.149
G1 X-0.800 Y-0.354
G1 X-0.800 Y-0.665
G1 X-0.800 Y-0.606
G1 X-0.800 Y-0.162
G1 X-0.800 Y0.405
G1 X-0.800 Y0.730
G1 X-0.800 Y0.650
G1 X-0.800 Y0.261
G1 X-0.800 Y-0.251
G1 X-0.800 Y-0.694
G1 X-0.800 Y-0.801
G1 X-0.800 Y-0.304
G1 X-0.800 Y0.704
G1 X-0.800 Y1.610
G1 X-0.800 Y1.801
G1 X-0.800 Y1.314
G1 X-0.800 Y0.659
G1 X-0.800 Y0.169
G1 X-0.800 Y-0.227
G1 X-0.800 Y-0.775
G1 X-0.800 Y-1.515
G1 X-0.800 Y-1.981
G1 X-0.800 Y-1.506
G1 X-0.800 Y-0.126
G1 X-0.800 Y1.187
G1 X-0.800 Y1.602
G1 X-0.800 Y1.220
G1 X-0.800 Y0.573
G1 X-0.800 Y-0.043
G1 X-0.800 Y-0.624
G1 X-0.800 Y-1.137
G1 X-0.800 Y-1.360
G1 X-0.800 Y-1.082
G1 X-0.800 Y-0.456
G1 X-0.800 Y0.069
G1 X-0.800 Y0.188
G1 X-0.800 Y-0.024
G1 X-0.800 Y-0.212
G1 X-0.800 Y0.112
G1 X-0.800 Y1.252
G1 X-0.800 Y2.560
G1 X-0.800 Y2.387
G1 X-0.800 Y0.204
G1 X-0.800 Y-2.025
G1 X-0.800 Y-2.409
G1 X-0.800 Y-1.440
G1 X-0.800 Y-0.500
G1 X-0.800 Y-0.068
G1 X-0.800 Y0.196
G1 X-0.800 Y0.767
G1 X-0.800 Y1.668
G1 X-0.800 Y2.199
G1 X-0.800 Y1.590
G1 X-0.800 Y0.151
G1 X-0.800 Y-0.962
G1 X-0.800 Y-1.138
G1 X-0.800 Y-0.656
G1 X-0.800 Y0.033
G1 X-0.800 Y0.682
G1 X-0.800 Y1.071
G1 X-0.800 Y0.897
G1 X-0.800 Y0.124
G1 X-0.800 Y-0.745
G1 X-0.800 Y-1.096
G1 X-0.800 Y-0.809
G1 X-0.800 Y-0.161
G1 X-0.800 Y0.591
G1 X-0.800 Y1.178
G1 X-0.800 Y1.023
G1 X-0.800 Y-0.391
G1 X-0.800 Y-2.280
G1 X-0.800 Y-2.732
G1 X-0.800 Y-1.282
G1 X-0.800 Y0.376
G1 X-0.800 Y0.894
G1 X-0.800 Y0.434
G1 X-0.800 Y-0.350
G1 X-0.800 Y-0.889
G1 X-0.800 Y-0.486
G1 X-0.800 Y1.192
G1 X-0.800 Y2.819
G1 X-0.800 Y2.373
G1 X-0.800 Y0.239
G1 X-0.800 Y-1.285
G1 X-0.800 Y-1.290
G1 X-0.800 Y-0.479
G1 X-0.800 Y0.494
G1 X-0.800 Y1.303
G1 X-0.800 Y1.274
G1 X-0.800 Y-0.287
G1 X-0.800 Y-2.364
G1 X-0.800 Y-2.672
G1 X-0.800 Y-1.203
G1 X-0.800 Y-0.118
G1 X-0.800 Y-0.004
G1 X-0.800 Y0.104
G1 X-0.800 Y0.563
G1 X-0.800 Y0.976
G1 X-0.800 Y0.945
G1 X-0.800 Y0.484
G1 X0.000 Y-1.395
G1 X0.800 Y-0.926
G1 X0.800 Y-1.203
G1 X0.800 Y-0.724
G1 X0.800 Y0.313
G1 X0.800 Y1.062
G1 X0.800 Y0.772
G1 X0.800 Y-1.137
G1 X0.800 Y-1.013
G1 X0.800 Y2.079
G1 X0.800 Y3.462
G1 X0.800 Y1.215
G1 X0.800 Y-1.349
G1 X0.800 Y-1.798
G1 X0.800 Y-0.945
G1 X0.800 Y0.096
G1 X0.800 Y1.097
G1 X0.800 Y1.759
G1 X0.800 Y1.149
G1 X0.800 Y-0.976
G1 X0.800 Y-2.732
G1 X0.800 Y-2.343
G1 X0.800 Y-0.735
G1 X0.800 Y0.271
G1 X0.800 Y0.261
G1 X0.800 Y-0.182
G1 X0.800 Y-0.337
G1 X0.800 Y0.390
G1 X0.800 Y1.866
G1 X0.800 Y2.701
G1 X0.800 Y1.703
G1 X0.800 Y-0.234
G1 X0.800 Y-1.361
G1 X0.800 Y-1.257
G1 X0.800 Y-0.571
G1 X0.800 Y0.196
G1 X0.800 Y0.875
G1 X0.800 Y1.250
G1 X0.800 Y1.006
G1 X0.800 Y0.169
G1 X0.800 Y-0.677
G1 X0.800 Y-0.960
G1 X0.800 Y-0.642
G1 X0.800 Y-0.014
G1 X0.800 Y0.650
G1 X0.800 Y1.034
G1 X0.800 Y0.656
G1 X0.800 Y-0.646
G1 X0.800 Y-2.034
G1 X0.800 Y-2.300
G1 X0.800 Y-1.406
G1 X0.800 Y-0.399
G1 X0.800 Y0.018
G1 X0.800 Y-0.016
G1 X0.800 Y0.069
G1 X0.800 Y0.828
G1 X0.800 Y2.155
G1 X0.800 Y2.675
G1 X0.800 Y1.042
G1 X0.800 Y-1.603
G1 X0.800 Y-2.717
G1 X0.800 Y-1.861
G1 X0.800 Y-0.581
G1 X0.800 Y0.041
G1 X0.800 Y0.057
G1 X0.800 Y-0.081
G1 X0.800 Y-0.006
G1 X0.800 Y0.395
G1 X0.800 Y0.902
G1 X0.800 Y1.149
G1 X0.800 Y0.975
G1 X0.800 Y0.509
G1 X0.800 Y-0.078
G1 X0.800 Y-0.710
G1 X0.800 Y-1.268
G1 X0.800 Y-1.357
G1 X0.800 Y-0.537
G1 X0.800 Y0.945
G1 X0.800 Y2.040
G1 X0.800 Y1.997
G1 X0.800 Y1.199
G1 X0.800 Y0.450
G1 X0.800 Y0.087
G1 X0.800 Y-0.095
G1 X0.800 Y-0.459
G1 X0.800 Y-1.169
G1 X0.800 Y-1.897
G1 X0.800 Y-1.952
G1 X0.800 Y-1.075
G1 X0.800 Y0.130
G1 X0.800 Y0.854
G1 X0.800 Y0.871
G1 X0.800 Y0.459
G1 X0.800 Y-0.072
G1 X0.800 Y-0.534
G1 X0.800 Y-0.777
G1 X0.800 Y-0.688
G1 X0.800 Y-0.313
G1 X0.800 Y0.089
G1 X0.800 Y0.259
G1 X0.800 Y0.133
G1 X0.800 Y-0.143
G1 X0.800 Y-0.287
G1 X0.800 Y0.044
G1 X0.800 Y1.014
G1 X0.800 Y2.141
G1 X0.800 Y2.357
G1 X0.800 Y1.163
G1 X0.800 Y-0.557
G1 X0.800 Y-1.545
G1 X0.800 Y-1.499
G1 X0.800 Y-0.935
G1 X0.800 Y-0.329
G1 X0.800 Y0.194
G1 X0.800 Y0.667
G1 X0.800 Y1.046
G1 X0.800 Y1.180
G1 X0.800 Y0.982
G1 X0.800 Y0.577
G1 X0.800 Y0.210
G1 X0.800 Y0.029
G1 X0.800 Y0.000
G1 X0.800 Y-0.031
G1 X0.800 Y-0.218
G1 X0.800 Y-0.599
G1 X0.800 Y-1.026
G1 X0.800 Y-1.245
G1 X0.800 Y-1.127
G1 X0.800 Y-0.760
G1 X0.800 Y-0.322
G1 X0.800 Y0.123
G1 X0.800 Y0.628
G1 X0.800 Y1.211
G1 X0.800 Y1.623
G1 X0.800 Y1.388
G1 X0.800 Y0.289
G1 X0.800 Y-1.130
G1 X0.800 Y-1.946
G1 X0.800 Y-1.799
G1 X0.800 Y-1.122
G1 X0.800 Y-0.493
G1 X0.800 Y-0.148
G1 X0.800 Y-0.002
G1 X0.800 Y0.114
G1 X0.800 Y0.303
G1 X0.800 Y0.535
G1 X0.800 Y0.693
G1 X0.800 Y0.676
G1 X0.800 Y0.470
G1 X0.800 Y0.139
G1 X0.800 Y-0.251
G1 X0.800 Y-0.623
G1 X0.800 Y-0.865
G1 X0.800 Y-0.825
G1 X0.800 Y-0.440
G1 X0.800 Y0.148
G1 X0.800 Y0.636
G1 X0.800 Y0.798
G1 X0.800 Y0.628
G1 X0.800 Y0.256
G1 X0.800 Y-0.181
G1 X0.800 Y-0.577
G1 X0.800 Y-0.796
G1 X0.800 Y-0.693
G1 X0.800 Y-0.235
G1 X0.800 Y0.384
G1 X0.800 Y0.841
G1 X0.800 Y0.940
G1 X0.800 Y0.716
G1 X0.800 Y0.326
G1 X0.800 Y-0.110
G1 X0.800 Y-0.518
G1 X0.800 Y-0.818
G1 X0.800 Y-0.889
G1 X0.800 Y-0.660
G1 X0.800 Y-0.215
G1 X0.800 Y0.224
G1 X0.800 Y0.455
G1 X0.800 Y0.427
G1 X0.800 Y0.213
G1 X0.800 Y-0.069
G1 X0.000 Y-0.475
G1 X-0.800 Y0.101
G1 X-0.800 Y-0.242
G1 X-0.800 Y-0.535
G1 X-0.800 Y-0.661
G1 X-0.800 Y-0.514
G1 X-0.800 Y-0.102
G1 X-0.800 Y0.400
G1 X-0.800 Y0.739
G1 X-0.800 Y0.777
G1 X-0.800 Y0.544
G1 X-0.800 Y0.163
G1 X-0.800 Y-0.259
G1 X-0.800 Y-0.627
G1 X-0.800 Y-0.817
G1 X-0.800 Y-0.695
G1 X-0.800 Y-0.246
G1 X-0.800 Y0.328
G1 X-0.800 Y0.729
G1 X-0.800 Y0.789
G1 X-0.800 Y0.550
G1 X-0.800 Y0.151
G1 X-0.800 Y-0.283
G1 X-0.800 Y-0.651
G1 X-0.800 Y-0.813
G1 X-0.800 Y-0.639
G1 X-0.800 Y-0.141
G1 X-0.800 Y0.452
G1 X-0.800 Y0.835
G1 X-0.800 Y0.867
G1 X-0.800 Y0.620
G1 X-0.800 Y0.245
G1 X-0.800 Y-0.145
G1 X-0.800 Y-0.478
G1 X-0.800 Y-0.681
G1 X-0.800 Y-0.697
G1 X-0.800 Y-0.535
G1 X-0.800 Y-0.301
G1 X-0.800 Y-0.112
G1 X-0.800 Y0.004
G1 X-0.800 Y0.152
G1 X-0.800 Y0.507
G1 X-0.800 Y1.151
G1 X-0.800 Y1.834
G1 X-0.800 Y1.953
G1 X-0.800 Y1.069
G1 X-0.800 Y-0.417
G1 X-0.800 Y-1.528
G1 X-0.800 Y-1.715
G1 X-0.800 Y-1.247
G1 X-0.800 Y-0.647
G1 X-0.800 Y-0.169
G1 X-0.800 Y0.217
G1 X-0.800 Y0.609
G1 X-0.800 Y0.986
G1 X-0.800 Y1.198
G1 X-0.800 Y1.118
G1 X-0.800 Y0.796
G1 X-0.800 Y0.427
G1 X-0.800 Y0.152
G1 X-0.800 Y-0.036
G1 X-0.800 Y-0.255
G1 X-0.800 Y-0.600
G1 X-0.800 Y-1.024
G1 X-0.800 Y-1.313
G1 X-0.800 Y-1.273
G1 X-0.800 Y-0.926
G1 X-0.800 Y-0.492
G1 X-0.800 Y-0.137
G1 X-0.800 Y0.185
G1 X-0.800 Y0.662
G1 X-0.800 Y1.383
G1 X-0.800 Y1.996
G1 X-0.800 Y1.723
G1 X-0.800 Y0.215
G1 X-0.800 Y-1.608
G1 X-0.800 Y-2.355
G1 X-0.800 Y-1.780
G1 X-0.800 Y-0.775
G1 X-0.800 Y-0.131
G1 X-0.800 Y0.034
G1 X-0.800 Y-0.017
G1 X-0.800 Y-0.008
G1 X-0.800 Y0.197
G1 X-0.800 Y0.524
G1 X-0.800 Y0.755
G1 X-0.800 Y0.714
G1 X-0.800 Y0.399
G1 X-0.800 Y-0.085
G1 X-0.800 Y-0.611
G1 X-0.800 Y-0.974
G1 X-0.800 Y-0.820
G1 X-0.800 Y0.107
G1 X-0.800 Y1.428
G1 X-0.800 Y2.185
G1 X-0.800 Y1.848
G1 X-0.800 Y0.918
G1 X-0.800 Y0.204
G1 X-0.800 Y-0.014
G1 X-0.800 Y0.015
G1 X-0.800 Y-0.145
G1 X-0.800 Y-0.816
G1 X-0.800 Y-1.816
G1 X-0.800 Y-2.291
G1 X-0.800 Y-1.535
G1 X-0.800 Y-0.014
G1 X-0.800 Y1.102
G1 X-0.800 Y1.278
G1 X-0.800 Y0.831
G1 X-0.800 Y0.215
G1 X-0.800 Y-0.366
G1 X-0.800 Y-0.824
G1 X-0.800 Y-1.021
G1 X-0.800 Y-0.852
G1 X-0.800 Y-0.446
G1 X-0.800 Y-0.100
G1 X-0.800 Y0.009
G1 X-0.800 Y-0.007
G1 X-0.800 Y0.206
G1 X-0.800 Y1.014
G1 X-0.800 Y2.215
G1 X-0.800 Y2.526
G1 X-0.800 Y0.768
G1 X-0.800 Y-1.864
G1 X-0.800 Y-2.814
G1 X-0.800 Y-1.715
G1 X-0.800 Y-0.330
G1 X-0.800 Y0.195
G1 X-0.800 Y0.028
G1 X-0.800 Y-0.195
G1 X-0.800 Y0.119
G1 X-0.800 Y1.189
G1 X-0.800 Y2.313
G1 X-0.800 Y2.257
G1 X-0.800 Y0.885
G1 X-0.800 Y-0.541
G1 X-0.800 Y-1.026
G1 X-0.800 Y-0.679
G1 X-0.800 Y-0.011
G1 X-0.800 Y0.630
G1 X-0.800 Y0.951
G1 X-0.800 Y0.644
G1 X-0.800 Y-0.260
G1 X-0.800 Y-1.147
G1 X-0.800 Y-1.396
G1 X-0.800 Y-0.999
G1 X-0.800 Y-0.322
G1 X-0.800 Y0.426
G1 X-0.800 Y1.180
G1 X-0.800 Y1.588
G1 X-0.800 Y0.953
G1 X-0.800 Y-0.796
G1 X-0.800 Y-2.311
G1 X-0.800 Y-2.277
G1 X-0.800 Y-1.159
G1 X-0.800 Y-0.245
G1 X-0.800 Y0.006
G1 X-0.800 Y0.008
G1 X-0.800 Y0.424
G1 X-0.800 Y1.560
G1 X-0.800 Y2.592
G1 X-0.800 Y1.991
G1 X-0.800 Y-0.160
G1 X-0.800 Y-1.795
G1 X-0.800 Y-1.789
G1 X-0.800 Y-0.907
G1 X-0.800 Y0.044
G1 X-0.800 Y1.047
G1 X-0.800 Y2.003
G1 X-0.800 Y1.692
G1 X-0.800 Y-0.951
G1 X-0.800 Y-3.468
G1 X-0.800 Y-2.251
G1 X-0.800 Y0.818
G1 X-0.800 Y1.059
G1 X-0.800 Y-0.657
G1 X-0.800 Y-0.992
G1 X-0.800 Y-0.224
G1 X-0.800 Y0.862
G1 X-0.800 Y1.360
G1 X-0.800 Y1.068
G1 X0.000 Y-0.141
G1 X0.800 Y-0.831
G1 X0.800 Y-1.298
G1 X0.800 Y-1.295
G1 X0.800 Y-0.773
G1 X0.800 Y-0.198
G1 X0.800 Y-0.004
G1 X0.800 Y0.222
G1 X0.800 Y1.430
G1 X0.800 Y2.860
G1 X0.800 Y2.141
G1 X0.800 Y-0.455
G1 X0.800 Y-2.074
G1 X0.800 Y-1.795
G1 X0.800 Y-0.822
G1 X0.800 Y0.039
G1 X0.800 Y0.881
G1 X0.800 Y1.750
G1 X0.800 Y1.937
G1 X0.800 Y0.649
G1 X0.800 Y-1.369
G1 X0.800 Y-2.324
G1 X0.800 Y-1.785
G1 X0.800 Y-0.814
G1 X0.800 Y-0.189
G1 X0.800 Y0.202
G1 X0.800 Y0.817
G1 X0.800 Y1.736
G1 X0.800 Y2.238
G1 X0.800 Y1.429
G1 X0.800 Y-0.315
G1 X0.800 Y-1.553
G1 X0.800 Y-1.592
G1 X0.800 Y-0.939
G1 X0.800 Y-0.189
G1 X0.800 Y0.518
G1 X0.800 Y1.191
G1 X0.800 Y1.555
G1 X0.800 Y1.187
G1 X0.800 Y0.154
G1 X0.800 Y-0.797
G1 X0.800 Y-1.048
G1 X0.800 Y-0.650
G1 X0.800 Y0.042
G1 X0.800 Y0.751
G1 X0.800 Y1.135
G1 X0.800 Y0.644
G1 X0.800 Y-0.864
G1 X0.800 Y-2.321
G1 X0.800 Y-2.361
G1 X0.800 Y-1.149
G1 X0.800 Y-0.025
G1 X0.800 Y0.275
G1 X0.800 Y-0.011
G1 X0.800 Y-0.282
G1 X0.800 Y0.101
G1 X0.800 Y1.427
G1 X0.800 Y2.740
G1 X0.800 Y2.221
G1 X0.800 Y-0.202
G1 X0.800 Y-2.217
G1 X0.800 Y-2.307
G1 X0.800 Y-1.290
G1 X0.800 Y-0.430
G1 X0.800 Y-0.074
G1 X0.800 Y0.040
G1 X0.800 Y0.226
G1 X0.800 Y0.566
G1 X0.800 Y0.891
G1 X0.800 Y0.962
G1 X0.800 Y0.707
G1 X0.800 Y0.234
G1 X0.800 Y-0.350
G1 X0.800 Y-0.954
G1 X0.800 Y-1.324
G1 X0.800 Y-0.963
G1 X0.800 Y0.354
G1 X0.800 Y1.879
G1 X0.800 Y2.375
G1 X0.800 Y1.605
G1 X0.800 Y0.511
G1 X0.800 Y-0.071
G1 X0.800 Y-0.074
G1 X0.800 Y0.105
G1 X0.800 Y0.005
G1 X0.800 Y-0.685
G1 X0.800 Y-1.740
G1 X0.800 Y-2.295
G1 X0.800 Y-1.674
G1 X0.800 Y-0.312
G1 X0.800 Y0.749
G1 X0.800 Y1.011
G1 X0.800 Y0.697
G1 X0.800 Y0.184
G1 X0.800 Y-0.300
G1 X0.800 Y-0.637
G1 X0.800 Y-0.735
G1 X0.800 Y-0.582
G1 X0.800 Y-0.310
G1 X0.800 Y-0.098
G1 X0.800 Y-0.003
G1 X0.800 Y0.104
G1 X0.800 Y0.473
G1 X0.800 Y1.249
G1 X0.800 Y2.091
G1 X0.800 Y2.106
G1 X0.800 Y0.734
G1 X0.800 Y-1.206
G1 X0.800 Y-2.229
G1 X0.800 Y-1.903
G1 X0.800 Y-1.007
G1 X0.800 Y-0.337
G1 X0.800 Y-0.058
G1 X0.800 Y0.060
G1 X0.800 Y0.283
G1 X0.800 Y0.706
G1 X0.800 Y1.169
G1 X0.800 Y1.386
G1 X0.800 Y1.224
G1 X0.800 Y0.821
G1 X0.800 Y0.411
G1 X0.800 Y0.098
G1 X0.800 Y-0.166
G1 X0.800 Y-0.472
G1 X0.800 Y-0.819
G1 X0.800 Y-1.083
G1 X0.800 Y-1.110
G1 X0.800 Y-0.880
G1 X0.800 Y-0.519
G1 X0.800 Y-0.151
G1 X0.800 Y0.227
G1 X0.800 Y0.715
G1 X0.800 Y1.324
G1 X0.800 Y1.751
G1 X0.800 Y1.455
G1 X0.800 Y0.228
G1 X0.800 Y-1.275
G1 X0.800 Y-2.056
G1 X0.800 Y-1.801
G1 X0.800 Y-1.043
G1 X0.800 Y-0.405
G1 X0.800 Y-0.095
G1 X0.800 Y-0.002
G1 X0.800 Y0.070
G1 X0.800 Y0.230
G1 X0.800 Y0.460
G1 X0.800 Y0.638
G1 X0.800 Y0.649
G1 X0.800 Y0.464
G1 X0.800 Y0.141
G1 X0.800 Y-0.241
G1 X0.800 Y-0.601
G1 X0.800 Y-0.811
G1 X0.800 Y-0.725
G1 X0.800 Y-0.297
G1 X0.800 Y0.307
G1 X0.800 Y0.777
G1 X0.800 Y0.902
G1 X0.800 Y0.698
G1 X0.800 Y0.309
G1 X0.800 Y-0.135
G1 X0.800 Y-0.553
G1 X0.800 Y-0.839
G1 X0.800 Y-0.857
G1 X0.800 Y-0.537
G1 X0.800 Y-0.005
G1 X0.800 Y0.462
G1 X0.800 Y0.647
G1 X0.800 Y0.523
G1 X0.800 Y0.202
G1 X0.800 Y-0.179
G1 X0.800 Y-0.501
G1 X0.800 Y-0.637
G1 X0.800 Y-0.484
G1 X0.800 Y-0.064
G1 X0.800 Y0.432
G1 X0.800 Y0.757
G1 X0.800 Y0.784
G1 X0.800 Y0.560
G1 X0.800 Y0.208
G1 X0.800 Y-0.173
G1 X0.000 Y-0.851
G1 X-0.800 Y0.277
G1 X-0.800 Y-0.120
G1 X-0.800 Y-0.505
G1 X-0.800 Y-0.797
G1 X-0.800 Y-0.883
G1 X-0.800 Y-0.678
G1 X-0.800 Y-0.247
G1 X-0.800 Y0.195
G1 X-0.800 Y0.432
G1 X-0.800 Y0.394
G1 X-0.800 Y0.153
G1 X-0.800 Y-0.161
G1 X-0.800 Y-0.404
G1 X-0.800 Y-0.436
G1 X-0.800 Y-0.170
G1 X-0.800 Y0.324
G1 X-0.800 Y0.806
G1 X-0.800 Y1.024
G1 X-0.800 Y0.910
G1 X-0.800 Y0.569
G1 X-0.800 Y0.139
G1 X-0.800 Y-0.309
G1 X-0.800 Y-0.727
G1 X-0.800 Y-1.013
G1 X-0.800 Y-1.003
G1 X-0.800 Y-0.628
G1 X-0.800 Y-0.037
G1 X-0.800 Y0.462
G1 X-0.800 Y0.654
G1 X-0.800 Y0.530
G1 X-0.800 Y0.223
G1 X-0.800 Y-0.129
G1 X-0.800 Y-0.416
G1 X-0.800 Y-0.550
G1 X-0.800 Y-0.487
G1 X-0.800 Y-0.279
G1 X-0.800 Y-0.066
G1 X-0.800 Y0.031
G1 X-0.800 Y0.001
G1 X-0.800 Y-0.032
G1 X-0.800 Y0.148
G1 X-0.800 Y0.724
G1 X-0.800 Y1.593
G1 X-0.800 Y2.166
G1 X-0.800 Y1.746
G1 X-0.800 Y0.362
G1 X-0.800 Y-1.057
G1 X-0.800 Y-1.656
G1 X-0.800 Y-1.424
G1 X-0.800 Y-0.855
G1 X-0.800 Y-0.323
G1 X-0.800 Y0.107
G1 X-0.800 Y0.494
G1 X-0.800 Y0.840
G1 X-0.800 Y1.039
G1 X-0.800 Y0.997
G1 X-0.800 Y0.742
G1 X-0.800 Y0.418
G1 X-0.800 Y0.129
G1 X-0.800 Y-0.136
G1 X-0.800 Y-0.465
G1 X-0.800 Y-0.898
G1 X-0.800 Y-1.303
G1 X-0.800 Y-1.426
G1 X-0.800 Y-1.141
G1 X-0.800 Y-0.620
G1 X-0.800 Y-0.187
G1 X-0.800 Y-0.013
G1 X-0.800 Y0.003
G1 X-0.800 Y0.149
G1 X-0.800 Y0.721
G1 X-0.800 Y1.684
G1 X-0.800 Y2.335
G1 X-0.800 Y1.709
G1 X-0.800 Y-0.130
G1 X-0.800 Y-1.793
G1 X-0.800 Y-2.160
G1 X-0.800 Y-1.497
G1 X-0.800 Y-0.689
G1 X-0.800 Y-0.213
G1 X-0.800 Y-0.014
G1 X-0.800 Y0.124
G1 X-0.800 Y0.337
G1 X-0.800 Y0.582
G1 X-0.800 Y0.706
G1 X-0.800 Y0.594
G1 X-0.800 Y0.258
G1 X-0.800 Y-0.219
G1 X-0.800 Y-0.721
G1 X-0.800 Y-1.016
G1 X-0.800 Y-0.717
G1 X-0.800 Y0.383
G1 X-0.800 Y1.752
G1 X-0.800 Y2.325
G1 X-0.800 Y1.696
G1 X-0.800 Y0.595
G1 X-0.800 Y-0.089
G1 X-0.800 Y-0.148
G1 X-0.800 Y0.093
G1 X-0.800 Y0.159
G1 X-0.800 Y-0.377
G1 X-0.800 Y-1.512
G1 X-0.800 Y-2.412
G1 X-0.800 Y-2.009
G1 X-0.800 Y-0.434
G1 X-0.800 Y1.013
G1 X-0.800 Y1.448
G1 X-0.800 Y1.081
G1 X-0.800 Y0.464
G1 X-0.800 Y-0.122
G1 X-0.800 Y-0.615
G1 X-0.800 Y-0.941
G1 X-0.800 Y-0.979
G1 X-0.800 Y-0.730
G1 X-0.800 Y-0.377
G1 X-0.800 Y-0.104
G1 X-0.800 Y0.121
G1 X-0.800 Y0.544
G1 X-0.800 Y1.364
G1 X-0.800 Y2.224
G1 X-0.800 Y2.003
G1 X-0.800 Y0.057
G1 X-0.800 Y-2.196
G1 X-0.800 Y-2.670
G1 X-0.800 Y-1.438
G1 X-0.800 Y-0.170
G1 X-0.800 Y0.226
G1 X-0.800 Y-0.001
G1 X-0.800 Y-0.224
G1 X-0.800 Y0.151
G1 X-0.800 Y1.318
G1 X-0.800 Y2.456
G1 X-0.800 Y2.222
G1 X-0.800 Y0.587
G1 X-0.800 Y-0.943
G1 X-0.800 Y-1.331
G1 X-0.800 Y-0.845
G1 X-0.800 Y-0.082
G1 X-0.800 Y0.673
G1 X-0.800 Y1.202
G1 X-0.800 Y1.107
G1 X-0.800 Y0.159
G1 X-0.800 Y-1.088
G1 X-0.800 Y-1.708
G1 X-0.800 Y-1.443
G1 X-0.800 Y-0.766
G1 X-0.800 Y-0.088
G1 X-0.800 Y0.585
G1 X-0.800 Y1.330
G1 X-0.800 Y1.803
G1 X-0.800 Y1.325
G1 X-0.800 Y-0.163
G1 X-0.800 Y-1.580
G1 X-0.800 Y-1.900
G1 X-0.800 Y-1.304
G1 X-0.800 Y-0.538
G1 X-0.800 Y0.105
G1 X-0.800 Y0.790
G1 X-0.800 Y1.579
G1 X-0.800 Y1.949
G1 X-0.800 Y1.165
G1 X-0.800 Y-0.511
G1 X-0.800 Y-1.738
G1 X-0.800 Y-1.751
G1 X-0.800 Y-1.034
G1 X-0.800 Y-0.266
G1 X-0.800 Y0.447
G1 X-0.800 Y1.245
G1 X-0.800 Y1.862
G1 X-0.800 Y1.532
G1 X-0.800 Y0.065
G1 X-0.800 Y-1.365
G1 X-0.800 Y-1.631
G1 X-0.800 Y-0.993
G1 X-0.800 Y-0.209
G1 X-0.800 Y0.420
G1 X-0.800 Y0.822
G1 X-0.800 Y0.902
G1 X-0.800 Y0.676
G1 X-0.800 Y0.296
G1 X0.000 Y-0.559
G1 X0.800 Y0.105
G1 X0.800 Y-0.077
G1 X0.800 Y-0.180
G1 X0.800 Y-0.171
G1 X0.800 Y-0.012
G1 X0.800 Y0.251
G1 X0.800 Y0.433
G1 X0.800 Y0.279
G1 X0.800 Y-0.323
G1 X0.800 Y-1.063
G1 X0.800 Y-1.415
G1 X0.800 Y-1.192
G1 X0.800 Y-0.642
G1 X0.800 Y-0.027
G1 X0.800 Y0.613
G1 X0.800 Y1.254
G1 X0.800 Y1.578
G1 X0.800 Y1.102
G1 X0.800 Y-0.126
G1 X0.800 Y-1.268
G1 X0.800 Y-1.577
G1 X0.800 Y-1.137
G1 X0.800 Y-0.448
G1 X0.800 Y0.247
G1 X0.800 Y0.961
G1 X0.800 Y1.547
G1 X0.800 Y1.478
G1 X0.800 Y0.393
G1 X0.800 Y-1.100
G1 X0.800 Y-1.876
G1 X0.800 Y-1.607
G1 X0.800 Y-0.880
G1 X0.800 Y-0.219
G1 X0.800 Y0.361
G1 X0.800 Y1.055
G1 X0.800 Y1.736
G1 X0.800 Y1.791
G1 X0.800 Y0.785
G1 X0.800 Y-0.679
G1 X0.800 Y-1.493
G1 X0.800 Y-1.329
G1 X0.800 Y-0.652
G1 X0.800 Y0.126
G1 X0.800 Y0.920
G1 X0.800 Y1.541
G1 X0.800 Y1.361
G1 X0.800 Y-0.078
G1 X0.800 Y-1.905
G1 X0.800 Y-2.505
G1 X0.800 Y-1.623
G1 X0.800 Y-0.474
G1 X0.800 Y0.038
G1 X0.800 Y-0.002
G1 X0.800 Y-0.033
G1 X0.800 Y0.515
G1 X0.800 Y1.721
G1 X0.800 Y2.602
G1 X0.800 Y1.810
G1 X0.800 Y-0.349
G1 X0.800 Y-1.973
G1 X0.800 Y-2.047
G1 X0.800 Y-1.254
G1 X0.800 Y-0.516
G1 X0.800 Y-0.086
G1 X0.800 Y0.218
G1 X0.800 Y0.569
G1 X0.800 Y0.923
G1 X0.800 Y1.081
G1 X0.800 Y0.925
G1 X0.800 Y0.536
G1 X0.800 Y0.042
G1 X0.800 Y-0.533
G1 X0.800 Y-1.182
G1 X0.800 Y-1.630
G1 X0.800 Y-1.254
G1 X0.800 Y0.234
G1 X0.800 Y1.937
G1 X0.800 Y2.449
G1 X0.800 Y1.593
G1 X0.800 Y0.453
G1 X0.800 Y-0.104
G1 X0.800 Y-0.070
G1 X0.800 Y0.123
G1 X0.800 Y0.004
G1 X0.800 Y-0.725
G1 X0.800 Y-1.795
G1 X0.800 Y-2.304
G1 X0.800 Y-1.618
G1 X0.800 Y-0.237
G1 X0.800 Y0.794
G1 X0.800 Y1.023
G1 X0.800 Y0.697
G1 X0.800 Y0.191
G1 X0.800 Y-0.277
G1 X0.800 Y-0.604
G1 X0.800 Y-0.705
G1 X0.800 Y-0.580
G1 X0.800 Y-0.338
G1 X0.800 Y-0.124
G1 X0.800 Y0.032
G1 X0.800 Y0.271
G1 X0.800 Y0.793
G1 X0.800 Y1.598
G1 X0.800 Y2.154
G1 X0.800 Y1.610
G1 X0.800 Y-0.132
G1 X0.800 Y-1.855
G1 X0.800 Y-2.296
G1 X0.800 Y-1.563
G1 X0.800 Y-0.633
G1 X0.800 Y-0.123
G1 X0.800 Y-0.004
G1 X0.800 Y0.035
G1 X0.800 Y0.268
G1 X0.800 Y0.762
G1 X0.800 Y1.296
G1 X0.800 Y1.521
G1 X0.800 Y1.302
G1 X0.800 Y0.831
G1 X0.800 Y0.396
G1 X0.800 Y0.117
G1 X0.800 Y-0.070
G1 X0.800 Y-0.283
G1 X0.800 Y-0.565
G1 X0.800 Y-0.832
G1 X0.800 Y-0.938
G1 X0.800 Y-0.804
G1 X0.800 Y-0.482
G1 X0.800 Y-0.053
G1 X0.800 Y0.444
G1 X0.800 Y0.983
G1 X0.800 Y1.377
G1 X0.800 Y1.210
G1 X0.800 Y0.186
G1 X0.800 Y-1.300
G1 X0.800 Y-2.232
G1 X0.800 Y-1.997
G1 X0.800 Y-1.017
G1 X0.800 Y-0.129
G1 X0.800 Y0.251
G1 X0.800 Y0.199
G1 X0.800 Y-0.022
G1 X0.800 Y-0.200
G1 X0.800 Y-0.205
G1 X0.800 Y-0.034
G1 X0.800 Y0.203
G1 X0.800 Y0.347
G1 X0.800 Y0.307
G1 X0.800 Y0.102
G1 X0.800 Y-0.167
G1 X0.800 Y-0.370
G1 X0.800 Y-0.356
G1 X0.800 Y-0.040
G1 X0.800 Y0.500
G1 X0.800 Y1.003
G1 X0.800 Y1.206
G1 X0.800 Y1.051
G1 X0.800 Y0.682
G1 X0.800 Y0.258
G1 X0.800 Y-0.159
G1 X0.800 Y-0.578
G1 X0.800 Y-0.962
G1 X0.800 Y-1.175
G1 X0.800 Y-1.070
G1 X0.800 Y-0.651
G1 X0.800 Y-0.137
G1 X0.800 Y0.213
G1 X0.800 Y0.283
G1 X0.800 Y0.130
G1 X0.800 Y-0.103
G1 X0.800 Y-0.267
G1 X0.800 Y-0.235
G1 X0.800 Y0.036
G1 X0.800 Y0.445
G1 X0.800 Y0.786
G1 X0.800 Y0.886
G1 X0.800 Y0.727
G1 X0.800 Y0.398
G1 X0.800 Y0.001
G1 X0.800 Y-0.400
G1 X0.000 Y-1.677
G1 X-0.800 Y0.521
G1 X-0.800 Y0.130
G1 X-0.800 Y-0.269
G1 X-0.800 Y-0.607
G1 X-0.800 Y-0.801
G1 X-0.800 Y-0.762
G1 X-0.800 Y-0.499
G1 X-0.800 Y-0.145
G1 X-0.800 Y0.113
G1 X-0.800 Y0.171
G1 X-0.800 Y0.057
G1 X-0.800 Y-0.110
G1 X-0.800 Y-0.182
G1 X-0.800 Y-0.020
G1 X-0.800 Y0.402
G1 X-0.800 Y0.929
G1 X-0.800 Y1.282
G1 X-0.800 Y1.278
G1 X-0.800 Y0.975
G1 X-0.800 Y0.563
G1 X-0.800 Y0.183
G1 X-0.800 Y-0.163
G1 X-0.800 Y-0.539
G1 X-0.800 Y-0.944
G1 X-0.800 Y-1.250
G1 X-0.800 Y-1.273
G1 X-0.800 Y-0.951
G1 X-0.800 Y-0.456
G1 X-0.800 Y-0.051
G1 X-0.800 Y0.117
G1 X-0.800 Y0.071
G1 X-0.800 Y-0.052
G1 X-0.800 Y-0.115
G1 X-0.800 Y-0.022
G1 X-0.800 Y0.209
G1 X-0.800 Y0.452
G1 X-0.800 Y0.546
G1 X-0.800 Y0.414
G1 X-0.800 Y0.092
G1 X-0.800 Y-0.317
G1 X-0.800 Y-0.650
G1 X-0.800 Y-0.636
G1 X-0.800 Y0.001
G1 X-0.800 Y1.186
G1 X-0.800 Y2.195
G1 X-0.800 Y2.167
G1 X-0.800 Y1.074
G1 X-0.800 Y-0.209
G1 X-0.800 Y-0.891
G1 X-0.800 Y-0.879
G1 X-0.800 Y-0.492
G1 X-0.800 Y-0.015
G1 X-0.800 Y0.398
G1 X-0.800 Y0.653
G1 X-0.800 Y0.680
G1 X-0.800 Y0.501
G1 X-0.800 Y0.244
G1 X-0.800 Y0.061
G1 X-0.800 Y0.003
G1 X-0.800 Y-0.015
G1 X-0.800 Y-0.154
G1 X-0.800 Y-0.535
G1 X-0.800 Y-1.100
G1 X-0.800 Y-1.546
G1 X-0.800 Y-1.550
G1 X-0.800 Y-1.109
G1 X-0.800 Y-0.547
G1 X-0.800 Y-0.169
G1 X-0.800 Y0.001
G1 X-0.800 Y0.193
G1 X-0.800 Y0.696
G1 X-0.800 Y1.548
G1 X-0.800 Y2.202
G1 X-0.800 Y1.770
G1 X-0.800 Y0.130
G1 X-0.800 Y-1.564
G1 X-0.800 Y-2.132
G1 X-0.800 Y-1.614
G1 X-0.800 Y-0.820
G1 X-0.800 Y-0.287
G1 X-0.800 Y-0.038
G1 X-0.800 Y0.126
G1 X-0.800 Y0.348
G1 X-0.800 Y0.606
G1 X-0.800 Y0.753
G1 X-0.800 Y0.670
G1 X-0.800 Y0.358
G1 X-0.800 Y-0.106
G1 X-0.800 Y-0.627
G1 X-0.800 Y-1.040
G1 X-0.800 Y-0.996
G1 X-0.800 Y-0.168
G1 X-0.800 Y1.201
G1 X-0.800 Y2.158
G1 X-0.800 Y1.998
G1 X-0.800 Y1.080
G1 X-0.800 Y0.275
G1 X-0.800 Y-0.015
G1 X-0.800 Y0.015
G1 X-0.800 Y-0.086
G1 X-0.800 Y-0.718
G1 X-0.800 Y-1.798
G1 X-0.800 Y-2.426
G1 X-0.800 Y-1.625
G1 X-0.800 Y0.220
G1 X-0.800 Y1.618
G1 X-0.800 Y1.791
G1 X-0.800 Y1.198
G1 X-0.800 Y0.523
G1 X-0.800 Y-0.001
G1 X-0.800 Y-0.456
G1 X-0.800 Y-0.887
G1 X-0.800 Y-1.168
G1 X-0.800 Y-1.129
G1 X-0.800 Y-0.803
G1 X-0.800 Y-0.395
G1 X-0.800 Y-0.035
G1 X-0.800 Y0.365
G1 X-0.800 Y0.997
G1 X-0.800 Y1.782
G1 X-0.800 Y2.044
G1 X-0.800 Y0.993
G1 X-0.800 Y-0.990
G1 X-0.800 Y-2.297
G1 X-0.800 Y-2.063
G1 X-0.800 Y-1.058
G1 X-0.800 Y-0.307
G1 X-0.800 Y-0.017
G1 X-0.800 Y0.225
G1 X-0.800 Y0.879
G1 X-0.800 Y1.894
G1 X-0.800 Y2.357
G1 X-0.800 Y1.339
G1 X-0.800 Y-0.574
G1 X-0.800 Y-1.777
G1 X-0.800 Y-1.674
G1 X-0.800 Y-0.926
G1 X-0.800 Y-0.166
G1 X-0.800 Y0.550
G1 X-0.800 Y1.321
G1 X-0.800 Y1.817
G1 X-0.800 Y1.334
G1 X-0.800 Y-0.209
G1 X-0.800 Y-1.693
G1 X-0.800 Y-2.027
G1 X-0.800 Y-1.394
G1 X-0.800 Y-0.617
G1 X-0.800 Y-0.071
G1 X-0.800 Y0.418
G1 X-0.800 Y1.097
G1 X-0.800 Y1.804
G1 X-0.800 Y1.887
G1 X-0.800 Y0.925
G1 X-0.800 Y-0.495
G1 X-0.800 Y-1.349
G1 X-0.800 Y-1.302
G1 X-0.800 Y-0.744
G1 X-0.800 Y-0.083
G1 X-0.800 Y0.557
G1 X-0.800 Y1.098
G1 X-0.800 Y1.299
G1 X-0.800 Y0.900
G1 X-0.800 Y0.024
G1 X-0.800 Y-0.781
G1 X-0.800 Y-1.077
G1 X-0.800 Y-0.866
G1 X-0.800 Y-0.411
G1 X-0.800 Y0.080
G1 X-0.800 Y0.504
G1 X-0.800 Y0.777
G1 X-0.800 Y0.814
G1 X-0.800 Y0.623
G1 X-0.800 Y0.335
G1 X-0.800 Y0.105
G1 X-0.800 Y-0.007
G1 X-0.800 Y-0.033
G1 X-0.800 Y-0.034
G1 X-0.800 Y-0.054
G1 X-0.800 Y-0.128
G1 X-0.800 Y-0.314
G1 X0.000 Y-1.880
G1 X0.800 Y0.656
G1 X0.800 Y0.350
G1 X0.800 Y0.167
G1 X0.800 Y0.070
G1 X0.800 Y0.009
G1 X0.800 Y-0.051
G1 X0.800 Y-0.127
G1 X0.800 Y-0.215
G1 X0.800 Y-0.281
G1 X0.800 Y-0.277
G1 X0.800 Y-0.172
G1 X0.800 Y0.024
G1 X0.800 Y0.253
G1 X0.800 Y0.411
G1 X0.800 Y0.364
G1 X0.800 Y0.027
G1 X0.800 Y-0.514
G1 X0.800 Y-0.987
G1 X0.800 Y-1.128
G1 X0.800 Y-0.897
G1 X0.800 Y-0.439
G1 X0.800 Y0.107
G1 X0.800 Y0.698
G1 X0.800 Y1.226
G1 X0.800 Y1.343
G1 X0.800 Y0.638
G1 X0.800 Y-0.734
G1 X0.800 Y-1.854
G1 X0.800 Y-1.962
G1 X0.800 Y-1.285
G1 X0.800 Y-0.551
G1 X0.800 Y-0.094
G1 X0.800 Y0.273
G1 X0.800 Y0.902
G1 X0.800 Y1.791
G1 X0.800 Y2.208
G1 X0.800 Y1.274
G1 X0.800 Y-0.633
G1 X0.800 Y-1.958
G1 X0.800 Y-1.907
G1 X0.800 Y-1.112
G1 X0.800 Y-0.373
G1 X0.800 Y0.184
G1 X0.800 Y0.843
G1 X0.800 Y1.669
G1 X0.800 Y2.065
G1 X0.800 Y1.219
G1 X0.800 Y-0.588
G1 X0.800 Y-1.910
G1 X0.800 Y-1.916
G1 X0.800 Y-1.152
G1 X0.800 Y-0.414
G1 X0.800 Y0.134
G1 X0.800 Y0.753
G1 X0.800 Y1.554
G1 X0.800 Y2.039
G1 X0.800 Y1.413
G1 X0.800 Y-0.258
G1 X0.800 Y-1.721
G1 X0.800 Y-1.995
G1 X0.800 Y-1.370
G1 X0.800 Y-0.638
G1 X0.800 Y-0.148
G1 X0.800 Y0.206
G1 X0.800 Y0.614
G1 X0.800 Y1.066
G1 X0.800 Y1.331
G1 X0.800 Y1.218
G1 X0.800 Y0.813
G1 X0.800 Y0.366
G1 X0.800 Y-0.006
G1 X0.800 Y-0.430
G1 X0.800 Y-1.088
G1 X0.800 Y-1.835
G1 X0.800 Y-1.969
G1 X0.800 Y-0.831
G1 X0.800 Y1.056
G1 X0.800 Y2.211
G1 X0.800 Y1.973
G1 X0.800 Y1.058
G1 X0.800 Y0.351
G1 X0.800 Y0.034
G1 X0.800 Y-0.205
G1 X0.800 Y-0.725
G1 X0.800 Y-1.538
G1 X0.800 Y-2.084
G1 X0.800 Y-1.682
G1 X0.800 Y-0.424
G1 X0.800 Y0.786
G1 X0.800 Y1.246
G1 X0.800 Y1.016
G1 X0.800 Y0.499
G1 X0.800 Y-0.033
G1 X0.800 Y-0.489
G1 X0.800 Y-0.793
G1 X0.800 Y-0.861
G1 X0.800 Y-0.683
G1 X0.800 Y-0.391
G1 X0.800 Y-0.145
G1 X0.800 Y0.034
G1 X0.800 Y0.287
G1 X0.800 Y0.812
G1 X0.800 Y1.585
G1 X0.800 Y2.090
G1 X0.800 Y1.578
G1 X0.800 Y0.012
G1 X0.800 Y-1.543
G1 X0.800 Y-2.038
G1 X0.800 Y-1.539
G1 X0.800 Y-0.787
G1 X0.800 Y-0.256
G1 X0.800 Y0.077
G1 X0.800 Y0.445
G1 X0.800 Y0.970
G1 X0.800 Y1.486
G1 X0.800 Y1.632
G1 X0.800 Y1.226
G1 X0.800 Y0.519
G1 X0.800 Y-0.052
G1 X0.800 Y-0.258
G1 X0.800 Y-0.161
G1 X0.800 Y0.055
G1 X0.800 Y0.210
G1 X0.800 Y0.197
G1 X0.800 Y0.018
G1 X0.800 Y-0.202
G1 X0.800 Y-0.303
G1 X0.800 Y-0.203
G1 X0.800 Y0.051
G1 X0.800 Y0.309
G1 X0.800 Y0.333
G1 X0.800 Y-0.137
G1 X0.800 Y-1.122
G1 X0.800 Y-2.087
G1 X0.800 Y-2.186
G1 X0.800 Y-1.167
G1 X0.800 Y0.239
G1 X0.800 Y1.108
G1 X0.800 Y1.193
G1 X0.800 Y0.802
G1 X0.800 Y0.288
G1 X0.800 Y-0.192
G1 X0.800 Y-0.589
G1 X0.800 Y-0.834
G1 X0.800 Y-0.854
G1 X0.800 Y-0.658
G1 X0.800 Y-0.371
G1 X0.800 Y-0.143
G1 X0.800 Y-0.029
G1 X0.800 Y0.030
G1 X0.800 Y0.159
G1 X0.800 Y0.446
G1 X0.800 Y0.860
G1 X0.800 Y1.218
G1 X0.800 Y1.314
G1 X0.800 Y1.095
G1 X0.800 Y0.710
G1 X0.800 Y0.344
G1 X0.800 Y0.063
G1 X0.800 Y-0.193
G1 X0.800 Y-0.532
G1 X0.800 Y-0.966
G1 X0.800 Y-1.346
G1 X0.800 Y-1.432
G1 X0.800 Y-1.120
G1 X0.800 Y-0.574
G1 X0.800 Y-0.092
G1 X0.800 Y0.134
G1 X0.800 Y0.111
G1 X0.800 Y-0.028
G1 X0.800 Y-0.133
G1 X0.800 Y-0.093
G1 X0.800 Y0.122
G1 X0.800 Y0.417
G1 X0.800 Y0.634
G1 X0.800 Y0.651
G1 X0.800 Y0.462
G1 X0.800 Y0.134
G1 X0.800 Y-0.247
G1 X0.800 Y-0.588
G1 X0.000 Y-2.157
G1 X-0.800 Y0.510
G1 X-0.800 Y0.293
G1 X-0.800 Y-0.017
G1 X-0.800 Y-0.299
G1 X-0.800 Y-0.452
G1 X-0.800 Y-0.419
G1 X-0.800 Y-0.224
G1 X-0.800 Y0.016
G1 X-0.800 Y0.164
G1 X-0.800 Y0.149
G1 X-0.800 Y0.004
G1 X-0.800 Y-0.155
G1 X-0.800 Y-0.178
G1 X-0.800 Y0.070
G1 X-0.800 Y0.602
G1 X-0.800 Y1.203
G1 X-0.800 Y1.539
G1 X-0.800 Y1.427
G1 X-0.800 Y0.992
G1 X-0.800 Y0.521
G1 X-0.800 Y0.195
G1 X-0.800 Y0.004
G1 X-0.800 Y-0.176
G1 X-0.800 Y-0.454
G1 X-0.800 Y-0.827
G1 X-0.800 Y-1.150
G1 X-0.800 Y-1.239
G1 X-0.800 Y-1.049
G1 X-0.800 Y-0.697
G1 X-0.800 Y-0.353
G1 X-0.800 Y-0.089
G1 X-0.800 Y0.137
G1 X-0.800 Y0.403
G1 X-0.800 Y0.720
G1 X-0.800 Y0.994
G1 X-0.800 Y1.078
G1 X-0.800 Y0.921
G1 X-0.800 Y0.600
G1 X-0.800 Y0.239
G1 X-0.800 Y-0.134
G1 X-0.800 Y-0.587
G1 X-0.800 Y-1.160
G1 X-0.800 Y-1.642
G1 X-0.800 Y-1.550
G1 X-0.800 Y-0.545
G1 X-0.800 Y0.954
G1 X-0.800 Y1.967
G1 X-0.800 Y1.944
G1 X-0.800 Y1.240
G1 X-0.800 Y0.525
G1 X-0.800 Y0.135
G1 X-0.800 Y0.014
G1 X-0.800 Y-0.033
G1 X-0.800 Y-0.150
G1 X-0.800 Y-0.358
G1 X-0.800 Y-0.547
G1 X-0.800 Y-0.585
G1 X-0.800 Y-0.416
G1 X-0.800 Y-0.084
G1 X-0.800 Y0.323
G1 X-0.800 Y0.674
G1 X-0.800 Y0.772
G1 X-0.800 Y0.410
G1 X-0.800 Y-0.389
G1 X-0.800 Y-1.219
G1 X-0.800 Y-1.579
G1 X-0.800 Y-1.346
G1 X-0.800 Y-0.811
G1 X-0.800 Y-0.277
G1 X-0.800 Y0.213
G1 X-0.800 Y0.786
G1 X-0.800 Y1.441
G1 X-0.800 Y1.791
G1 X-0.800 Y1.260
G1 X-0.800 Y-0.161
G1 X-0.800 Y-1.562
G1 X-0.800 Y-2.015
G1 X-0.800 Y-1.542
G1 X-0.800 Y-0.811
G1 X-0.800 Y-0.296
G1 X-0.800 Y-0.023
G1 X-0.800 Y0.193
G1 X-0.800 Y0.489
G1 X-0.800 Y0.825
G1 X-0.800 Y1.026
G1 X-0.800 Y0.953
G1 X-0.800 Y0.638
G1 X-0.800 Y0.200
G1 X-0.800 Y-0.303
G1 X-0.800 Y-0.864
G1 X-0.800 Y-1.359
G1 X-0.800 Y-1.409
G1 X-0.800 Y-0.647
G1 X-0.800 Y0.677
G1 X-0.800 Y1.688
G1 X-0.800 Y1.779
G1 X-0.800 Y1.200
G1 X-0.800 Y0.530
G1 X-0.800 Y-0.002
G1 X-0.800 Y-0.548
G1 X-0.800 Y-1.277
G1 X-0.800 Y-1.918
G1 X-0.800 Y-1.717
G1 X-0.800 Y-0.306
G1 X-0.800 Y1.430
G1 X-0.800 Y2.171
G1 X-0.800 Y1.716
G1 X-0.800 Y0.872
G1 X-0.800 Y0.287
G1 X-0.800 Y-0.001
G1 X-0.800 Y-0.265
G1 X-0.800 Y-0.705
G1 X-0.800 Y-1.234
G1 X-0.800 Y-1.519
G1 X-0.800 Y-1.334
G1 X-0.800 Y-0.833
G1 X-0.800 Y-0.356
G1 X-0.800 Y-0.042
G1 X-0.800 Y0.260
G1 X-0.800 Y0.796
G1 X-0.800 Y1.574
G1 X-0.800 Y2.065
G1 X-0.800 Y1.551
G1 X-0.800 Y0.113
G1 X-0.800 Y-1.195
G1 X-0.800 Y-1.544
G1 X-0.800 Y-1.091
G1 X-0.800 Y-0.376
G1 X-0.800 Y0.359
G1 X-0.800 Y1.089
G1 X-0.800 Y1.566
G1 X-0.800 Y1.208
G1 X-0.800 Y-0.183
G1 X-0.800 Y-1.701
G1 X-0.800 Y-2.163
G1 X-0.800 Y-1.538
G1 X-0.800 Y-0.688
G1 X-0.800 Y-0.161
G1 X-0.800 Y0.174
G1 X-0.800 Y0.734
G1 X-0.800 Y1.660
G1 X-0.800 Y2.303
G1 X-0.800 Y1.588
G1 X-0.800 Y-0.424
G1 X-0.800 Y-2.082
G1 X-0.800 Y-2.192
G1 X-0.800 Y-1.300
G1 X-0.800 Y-0.477
G1 X-0.800 Y-0.075
G1 X-0.800 Y0.186
G1 X-0.800 Y0.692
G1 X-0.800 Y1.505
G1 X-0.800 Y2.097
G1 X-0.800 Y1.729
G1 X-0.800 Y0.403
G1 X-0.800 Y-0.954
G1 X-0.800 Y-1.521
G1 X-0.800 Y-1.310
G1 X-0.800 Y-0.780
G1 X-0.800 Y-0.264
G1 X-0.800 Y0.172
G1 X-0.800 Y0.550
G1 X-0.800 Y0.851
G1 X-0.800 Y0.991
G1 X-0.800 Y0.920
G1 X-0.800 Y0.687
G1 X-0.800 Y0.411
G1 X-0.800 Y0.194
G1 X-0.800 Y0.069
G1 X-0.800 Y0.017
G1 X-0.800 Y-0.001
G1 X-0.800 Y-0.017
G1 X-0.800 Y-0.042
G1 X-0.800 Y-0.082
G1 X-0.800 Y-0.136
G1 X-0.800 Y-0.216
G1 X-0.800 Y-0.337
G1 X-0.800 Y-0.517
G1 X-0.800 Y-0.757
G1 X-0.800 Y-1.020
G1 X0.000 Y-3.718
G1 X0.800 Y0.755
G1 X0.800 Y0.741
G1 X0.800 Y0.645
G1 X0.800 Y0.512
G1 X0.800 Y0.376
G1 X0.800 Y0.250
G1 X0.800 Y0.135
G1 X0.800 Y0.024
G1 X0.800 Y-0.094
G1 X0.800 Y-0.224
G1 X0.800 Y-0.366
G1 X0.800 Y-0.508
G1 X0.800 Y-0.620
G1 X0.800 Y-0.667
G1 X0.800 Y-0.623
G1 X0.800 Y-0.491
G1 X0.800 Y-0.311
G1 X0.800 Y-0.125
G1 X0.800 Y0.075
G1 X0.800 Y0.354
G1 X0.800 Y0.804
G1 X0.800 Y1.397
G1 X0.800 Y1.812
G1 X0.800 Y1.487
G1 X0.800 Y0.196
G1 X0.800 Y-1.385
G1 X0.800 Y-2.156
G1 X0.800 Y-1.788
G1 X0.800 Y-0.933
G1 X0.800 Y-0.298
G1 X0.800 Y-0.020
G1 X0.800 Y0.228
G1 X0.800 Y0.841
G1 X0.800 Y1.831
G1 X0.800 Y2.377
G1 X0.800 Y1.395
G1 X0.800 Y-0.790
G1 X0.800 Y-2.329
G1 X0.800 Y-2.169
G1 X0.800 Y-1.119
G1 X0.800 Y-0.316
G1 X0.800 Y-0.032
G1 X0.800 Y0.092
G1 X0.800 Y0.511
G1 X0.800 Y1.351
G1 X0.800 Y2.099
G1 X0.800 Y1.939
G1 X0.800 Y0.789
G1 X0.800 Y-0.441
G1 X0.800 Y-0.935
G1 X0.800 Y-0.682
G1 X0.800 Y-0.076
G1 X0.800 Y0.556
G1 X0.800 Y0.922
G1 X0.800 Y0.639
G1 X0.800 Y-0.420
G1 X0.800 Y-1.648
G1 X0.800 Y-2.113
G1 X0.800 Y-1.601
G1 X0.800 Y-0.759
G1 X0.800 Y-0.205
G1 X0.800 Y-0.019
G1 X0.800 Y0.079
G1 X0.800 Y0.393
G1 X0.800 Y0.994
G1 X0.800 Y1.583
G1 X0.800 Y1.696
G1 X0.800 Y1.240
G1 X0.800 Y0.594
G1 X0.800 Y0.165
G1 X0.800 Y0.005
G1 X0.800 Y-0.149
G1 X0.800 Y-0.626
G1 X0.800 Y-1.484
G1 X0.800 Y-2.173
G1 X0.800 Y-1.847
G1 X0.800 Y-0.438
G1 X0.800 Y1.007
G1 X0.800 Y1.534
G1 X0.800 Y1.192
G1 X0.800 Y0.523
G1 X0.800 Y-0.163
G1 X0.800 Y-0.834
G1 X0.800 Y-1.367
G1 X0.800 Y-1.378
G1 X0.800 Y-0.559
G1 X0.800 Y0.725
G1 X0.800 Y1.614
G1 X0.800 Y1.653
G1 X0.800 Y1.134
G1 X0.800 Y0.544
G1 X0.800 Y0.082
G1 X0.800 Y-0.312
G1 X0.800 Y-0.722
G1 X0.800 Y-1.081
G1 X0.800 Y-1.212
G1 X0.800 Y-1.027
G1 X0.800 Y-0.650
G1 X0.800 Y-0.284
G1 X0.800 Y0.003
G1 X0.800 Y0.324
G1 X0.800 Y0.842
G1 X0.800 Y1.512
G1 X0.800 Y1.898
G1 X0.800 Y1.454
G1 X0.800 Y0.215
G1 X0.800 Y-1.017
G1 X0.800 Y-1.500
G1 X0.800 Y-1.231
G1 X0.800 Y-0.643
G1 X0.800 Y-0.036
G1 X0.800 Y0.556
G1 X0.800 Y1.113
G1 X0.800 Y1.417
G1 X0.800 Y1.136
G1 X0.800 Y0.253
G1 X0.800 Y-0.749
G1 X0.800 Y-1.292
G1 X0.800 Y-1.233
G1 X0.800 Y-0.826
G1 X0.800 Y-0.349
G1 X0.800 Y0.078
G1 X0.800 Y0.439
G1 X0.800 Y0.703
G1 X0.800 Y0.804
G1 X0.800 Y0.706
G1 X0.800 Y0.468
G1 X0.800 Y0.171
G1 X0.800 Y-0.162
G1 X0.800 Y-0.593
G1 X0.800 Y-1.145
G1 X0.800 Y-1.618
G1 X0.800 Y-1.550
G1 X0.800 Y-0.611
G1 X0.800 Y0.833
G1 X0.800 Y1.856
G1 X0.800 Y1.908
G1 X0.800 Y1.283
G1 X0.800 Y0.601
G1 X0.800 Y0.192
G1 X0.800 Y0.008
G1 X0.800 Y-0.141
G1 X0.800 Y-0.400
G1 X0.800 Y-0.760
G1 X0.800 Y-1.058
G1 X0.800 Y-1.127
G1 X0.800 Y-0.936
G1 X0.800 Y-0.602
G1 X0.800 Y-0.248
G1 X0.800 Y0.085
G1 X0.800 Y0.423
G1 X0.800 Y0.769
G1 X0.800 Y1.039
G1 X0.800 Y1.103
G1 X0.800 Y0.919
G1 X0.800 Y0.585
G1 X0.800 Y0.276
G1 X0.800 Y0.080
G1 X0.800 Y-0.043
G1 X0.800 Y-0.229
G1 X0.800 Y-0.597
G1 X0.800 Y-1.121
G1 X0.800 Y-1.558
G1 X0.800 Y-1.591
G1 X0.800 Y-1.124
G1 X0.800 Y-0.420
G1 X0.800 Y0.136
G1 X0.800 Y0.347
G1 X0.800 Y0.259
G1 X0.800 Y0.029
G1 X0.800 Y-0.192
G1 X0.800 Y-0.295
G1 X0.800 Y-0.234
G1 X0.800 Y-0.051
G1 X0.800 Y0.136
G1 X0.800 Y0.212
G1 X0.800 Y0.138
G1 X0.800 Y-0.037
G1 X0.800 Y-0.204
G1 X0.800 Y-0.219
G1 X0.000 Y-0.979
G1 X-0.800 Y-0.225
G1 X-0.800 Y-0.028
G1 X-0.800 Y0.006
G1 X-0.800 Y-0.007
G1 X-0.800 Y0.039
G1 X-0.800 Y0.180
G1 X-0.800 Y0.360
G1 X-0.800 Y0.477
G1 X-0.800 Y0.440
G1 X-0.800 Y0.241
G1 X-0.800 Y-0.069
G1 X-0.800 Y-0.400
G1 X-0.800 Y-0.618
G1 X-0.800 Y-0.540
G1 X-0.800 Y-0.040
G1 X-0.800 Y0.767
G1 X-0.800 Y1.474
G1 X-0.800 Y1.687
G1 X-0.800 Y1.366
G1 X-0.800 Y0.819
G1 X-0.800 Y0.365
G1 X-0.800 Y0.106
G1 X-0.800 Y-0.037
G1 X-0.800 Y-0.199
G1 X-0.800 Y-0.454
G1 X-0.800 Y-0.750
G1 X-0.800 Y-0.950
G1 X-0.800 Y-0.941
G1 X-0.800 Y-0.728
G1 X-0.800 Y-0.401
G1 X-0.800 Y-0.038
G1 X-0.800 Y0.342
G1 X-0.800 Y0.723
G1 X-0.800 Y1.027
G1 X-0.800 Y1.112
G1 X-0.800 Y0.890
G1 X-0.800 Y0.466
G1 X-0.800 Y0.078
G1 X-0.800 Y-0.088
G1 X-0.800 Y-0.033
G1 X-0.800 Y0.084
G1 X-0.800 Y0.022
G1 X-0.800 Y-0.442
G1 X-0.800 Y-1.282
G1 X-0.800 Y-2.020
G1 X-0.800 Y-1.979
G1 X-0.800 Y-1.009
G1 X-0.800 Y0.248
G1 X-0.800 Y1.018
G1 X-0.800 Y1.095
G1 X-0.800 Y0.745
G1 X-0.800 Y0.275
G1 X-0.800 Y-0.164
G1 X-0.800 Y-0.504
G1 X-0.800 Y-0.690
G1 X-0.800 Y-0.682
G1 X-0.800 Y-0.511
G1 X-0.800 Y-0.278
G1 X-0.800 Y-0.046
G1 X-0.800 Y0.213
G1 X-0.800 Y0.603
G1 X-0.800 Y1.156
G1 X-0.800 Y1.655
G1 X-0.800 Y1.658
G1 X-0.800 Y0.912
G1 X-0.800 Y-0.229
G1 X-0.800 Y-1.055
G1 X-0.800 Y-1.192
G1 X-0.800 Y-0.808
G1 X-0.800 Y-0.222
G1 X-0.800 Y0.397
G1 X-0.800 Y0.956
G1 X-0.800 Y1.228
G1 X-0.800 Y0.880
G1 X-0.800 Y-0.121
G1 X-0.800 Y-1.222
G1 X-0.800 Y-1.722
G1 X-0.800 Y-1.483
G1 X-0.800 Y-0.901
G1 X-0.800 Y-0.369
G1 X-0.800 Y0.032
G1 X-0.800 Y0.416
G1 X-0.800 Y0.852
G1 X-0.800 Y1.228
G1 X-0.800 Y1.321
G1 X-0.800 Y1.055
G1 X-0.800 Y0.609
G1 X-0.800 Y0.239
G1 X-0.800 Y0.030
G1 X-0.800 Y-0.159
G1 X-0.800 Y-0.549
G1 X-0.800 Y-1.218
G1 X-0.800 Y-1.851
G1 X-0.800 Y-1.849
G1 X-0.800 Y-0.985
G1 X-0.800 Y0.184
G1 X-0.800 Y0.876
G1 X-0.800 Y0.848
G1 X-0.800 Y0.360
G1 X-0.800 Y-0.270
G1 X-0.800 Y-0.809
G1 X-0.800 Y-0.928
G1 X-0.800 Y-0.285
G1 X-0.800 Y0.982
G1 X-0.800 Y2.009
G1 X-0.800 Y2.030
G1 X-0.800 Y1.246
G1 X-0.800 Y0.440
G1 X-0.800 Y0.059
G1 X-0.800 Y-0.001
G1 X-0.800 Y-0.095
G1 X-0.800 Y-0.524
G1 X-0.800 Y-1.272
G1 X-0.800 Y-1.871
G1 X-0.800 Y-1.777
G1 X-0.800 Y-1.030
G1 X-0.800 Y-0.227
G1 X-0.800 Y0.142
G1 X-0.800 Y0.078
G1 X-0.800 Y-0.125
G1 X-0.800 Y-0.090
G1 X-0.800 Y0.463
G1 X-0.800 Y1.412
G1 X-0.800 Y2.089
G1 X-0.800 Y1.853
G1 X-0.800 Y0.893
G1 X-0.800 Y0.004
G1 X-0.800 Y-0.311
G1 X-0.800 Y-0.129
G1 X-0.800 Y0.200
G1 X-0.800 Y0.291
G1 X-0.800 Y-0.165
G1 X-0.800 Y-1.118
G1 X-0.800 Y-1.946
G1 X-0.800 Y-1.954
G1 X-0.800 Y-1.197
G1 X-0.800 Y-0.377
G1 X-0.800 Y0.004
G1 X-0.800 Y-0.002
G1 X-0.800 Y0.007
G1 X-0.800 Y0.483
G1 X-0.800 Y1.555
G1 X-0.800 Y2.480
G1 X-0.800 Y1.984
G1 X-0.800 Y-0.044
G1 X-0.800 Y-1.926
G1 X-0.800 Y-2.263
G1 X-0.800 Y-1.450
G1 X-0.800 Y-0.581
G1 X-0.800 Y-0.125
G1 X-0.800 Y0.121
G1 X-0.800 Y0.545
G1 X-0.800 Y1.314
G1 X-0.800 Y2.054
G1 X-0.800 Y1.955
G1 X-0.800 Y0.656
G1 X-0.800 Y-1.081
G1 X-0.800 Y-2.072
G1 X-0.800 Y-1.928
G1 X-0.800 Y-1.173
G1 X-0.800 Y-0.460
G1 X-0.800 Y-0.066
G1 X-0.800 Y0.048
G1 X-0.800 Y0.024
G1 X-0.800 Y-0.025
G1 X-0.800 Y-0.039
G1 X-0.800 Y-0.008
G1 X-0.800 Y0.054
G1 X-0.800 Y0.114
G1 X-0.800 Y0.153
G1 X-0.800 Y0.158
G1 X-0.800 Y0.133
G1 X-0.800 Y0.082
G1 X-0.800 Y0.017
G1 X-0.800 Y-0.054
G1 X-0.800 Y-0.118
G1 X-0.800 Y-0.163
G1 X-0.800 Y-0.174
G1 X-0.800 Y-0.141
G1 X-0.800 Y-0.063
G1 X0.000 Y-0.544
G1 X0.800 Y-0.089
G1 X0.800 Y-0.082
G1 X0.800 Y-0.058
G1 X0.800 Y-0.026
G1 X0.800 Y0.010
G1 X0.800 Y0.050
G1 X0.800 Y0.095
G1 X0.800 Y0.144
G1 X0.800 Y0.193
G1 X0.800 Y0.235
G1 X0.800 Y0.255
G1 X0.800 Y0.239
G1 X0.800 Y0.174
G1 X0.800 Y0.051
G1 X0.800 Y-0.124
G1 X0.800 Y-0.335
G1 X0.800 Y-0.523
G1 X0.800 Y-0.572
G1 X0.800 Y-0.294
G1 X0.800 Y0.455
G1 X0.800 Y1.536
G1 X0.800 Y2.310
G1 X0.800 Y1.979
G1 X0.800 Y0.458
G1 X0.800 Y-1.256
G1 X0.800 Y-2.028
G1 X0.800 Y-1.705
G1 X0.800 Y-0.951
G1 X0.800 Y-0.344
G1 X0.800 Y0.050
G1 X0.800 Y0.499
G1 X0.800 Y1.232
G1 X0.800 Y2.010
G1 X0.800 Y1.975
G1 X0.800 Y0.507
G1 X0.800 Y-1.559
G1 X0.800 Y-2.522
G1 X0.800 Y-1.892
G1 X0.800 Y-0.710
G1 X0.800 Y0.006
G1 X0.800 Y0.102
G1 X0.800 Y-0.067
G1 X0.800 Y-0.082
G1 X0.800 Y0.341
G1 X0.800 Y1.140
G1 X0.800 Y1.798
G1 X0.800 Y1.789
G1 X0.800 Y1.168
G1 X0.800 Y0.468
G1 X0.800 Y0.089
G1 X0.800 Y0.000
G1 X0.800 Y-0.092
G1 X0.800 Y-0.499
G1 X0.800 Y-1.269
G1 X0.800 Y-1.958
G1 X0.800 Y-1.901
G1 X0.800 Y-0.997
G1 X0.800 Y0.071
G1 X0.800 Y0.603
G1 X0.800 Y0.494
G1 X0.800 Y0.032
G1 X0.800 Y-0.451
G1 X0.800 Y-0.623
G1 X0.800 Y-0.164
G1 X0.800 Y0.889
G1 X0.800 Y1.876
G1 X0.800 Y2.031
G1 X0.800 Y1.354
G1 X0.800 Y0.529
G1 X0.800 Y0.079
G1 X0.800 Y-0.001
G1 X0.800 Y-0.034
G1 X0.800 Y-0.366
G1 X0.800 Y-1.098
G1 X0.800 Y-1.851
G1 X0.800 Y-1.960
G1 X0.800 Y-1.234
G1 X0.800 Y-0.237
G1 X0.800 Y0.346
G1 X0.800 Y0.343
G1 X0.800 Y-0.002
G1 X0.800 Y-0.347
G1 X0.800 Y-0.342
G1 X0.800 Y0.256
G1 X0.800 Y1.279
G1 X0.800 Y2.025
G1 X0.800 Y1.895
G1 X0.800 Y1.073
G1 X0.800 Y0.255
G1 X0.800 Y-0.113
G1 X0.800 Y-0.076
G1 X0.800 Y0.089
G1 X0.800 Y0.100
G1 X0.800 Y-0.207
G1 X0.800 Y-0.753
G1 X0.800 Y-1.222
G1 X0.800 Y-1.314
G1 X0.800 Y-1.019
G1 X0.800 Y-0.552
G1 X0.800 Y-0.074
G1 X0.800 Y0.414
G1 X0.800 Y0.950
G1 X0.800 Y1.406
G1 X0.800 Y1.448
G1 X0.800 Y0.852
G1 X0.800 Y-0.115
G1 X0.800 Y-0.854
G1 X0.800 Y-1.008
G1 X0.800 Y-0.673
G1 X0.800 Y-0.116
G1 X0.800 Y0.479
G1 X0.800 Y0.952
G1 X0.800 Y1.014
G1 X0.800 Y0.381
G1 X0.800 Y-0.796
G1 X0.800 Y-1.795
G1 X0.800 Y-1.966
G1 X0.800 Y-1.391
G1 X0.800 Y-0.650
G1 X0.800 Y-0.176
G1 X0.800 Y-0.015
G1 X0.800 Y0.001
G1 X0.800 Y0.040
G1 X0.800 Y0.172
G1 X0.800 Y0.343
G1 X0.800 Y0.430
G1 X0.800 Y0.341
G1 X0.800 Y0.084
G1 X0.800 Y-0.261
G1 X0.800 Y-0.538
G1 X0.800 Y-0.519
G1 X0.800 Y0.020
G1 X0.800 Y1.018
G1 X0.800 Y1.920
G1 X0.800 Y2.054
G1 X0.800 Y1.336
G1 X0.800 Y0.358
G1 X0.800 Y-0.261
G1 X0.800 Y-0.360
G1 X0.800 Y-0.124
G1 X0.800 Y0.184
G1 X0.800 Y0.348
G1 X0.800 Y0.213
G1 X0.800 Y-0.224
G1 X0.800 Y-0.758
G1 X0.800 Y-1.093
G1 X0.800 Y-1.081
G1 X0.800 Y-0.800
G1 X0.800 Y-0.411
G1 X0.800 Y-0.022
G1 X0.800 Y0.340
G1 X0.800 Y0.651
G1 X0.800 Y0.845
G1 X0.800 Y0.855
G1 X0.800 Y0.683
G1 X0.800 Y0.425
G1 X0.800 Y0.183
G1 X0.800 Y-0.020
G1 X0.800 Y-0.261
G1 X0.800 Y-0.644
G1 X0.800 Y-1.165
G1 X0.800 Y-1.602
G1 X0.800 Y-1.594
G1 X0.800 Y-0.976
G1 X0.800 Y-0.022
G1 X0.800 Y0.745
G1 X0.800 Y1.017
G1 X0.800 Y0.858
G1 X0.800 Y0.487
G1 X0.800 Y0.081
G1 X0.800 Y-0.279
G1 X0.800 Y-0.546
G1 X0.800 Y-0.670
G1 X0.800 Y-0.629
G1 X0.800 Y-0.465
G1 X0.800 Y-0.265
G1 X0.800 Y-0.087
G1 X0.800 Y0.076
G1 X0.800 Y0.296
G1 X0.800 Y0.629
G1 X0.000 Y0.356
G1 X-0.800 Y-0.816
G1 X-0.800 Y-0.458
G1 X-0.800 Y-0.131
G1 X-0.800 Y0.161
G1 X-0.800 Y0.431
G1 X-0.800 Y0.656
G1 X-0.800 Y0.775
G1 X-0.800 Y0.736
G1 X-0.800 Y0.553
G1 X-0.800 Y0.281
G1 X-0.800 Y-0.038
G1 X-0.800 Y-0.412
G1 X-0.800 Y-0.853
G1 X-0.800 Y-1.270
G1 X-0.800 Y-1.401
G1 X-0.800 Y-0.975
G1 X-0.800 Y-0.029
G1 X-0.800 Y0.974
G1 X-0.800 Y1.504
G1 X-0.800 Y1.423
G1 X-0.800 Y0.993
G1 X-0.800 Y0.524
G1 X-0.800 Y0.149
G1 X-0.800 Y-0.154
G1 X-0.800 Y-0.430
G1 X-0.800 Y-0.671
G1 X-0.800 Y-0.802
G1 X-0.800 Y-0.761
G1 X-0.800 Y-0.563
G1 X-0.800 Y-0.269
G1 X-0.800 Y0.072
G1 X-0.800 Y0.453
G1 X-0.800 Y0.855
G1 X-0.800 Y1.166
G1 X-0.800 Y1.192
G1 X-0.800 Y0.818
G1 X-0.800 Y0.193
G1 X-0.800 Y-0.345
G1 X-0.800 Y-0.537
G1 X-0.800 Y-0.369
G1 X-0.800 Y0.005
G1 X-0.800 Y0.396
G1 X-0.800 Y0.573
G1 X-0.800 Y0.288
G1 X-0.800 Y-0.538
G1 X-0.800 Y-1.533
G1 X-0.800 Y-2.028
G1 X-0.800 Y-1.690
G1 X-0.800 Y-0.861
G1 X-0.800 Y-0.136
G1 X-0.800 Y0.179
G1 X-0.800 Y0.150
G1 X-0.800 Y-0.020
G1 X-0.800 Y-0.151
G1 X-0.800 Y-0.143
G1 X-0.800 Y-0.014
G1 X-0.800 Y0.131
G1 X-0.800 Y0.168
G1 X-0.800 Y0.057
G1 X-0.800 Y-0.127
G1 X-0.800 Y-0.207
G1 X-0.800 Y0.055
G1 X-0.800 Y0.790
G1 X-0.800 Y1.734
G1 X-0.800 Y2.182
G1 X-0.800 Y1.611
G1 X-0.800 Y0.362
G1 X-0.800 Y-0.675
G1 X-0.800 Y-0.988
G1 X-0.800 Y-0.703
G1 X-0.800 Y-0.162
G1 X-0.800 Y0.404
G1 X-0.800 Y0.826
G1 X-0.800 Y0.888
G1 X-0.800 Y0.438
G1 X-0.800 Y-0.361
G1 X-0.800 Y-1.033
G1 X-0.800 Y-1.214
G1 X-0.800 Y-0.934
G1 X-0.800 Y-0.439
G1 X-0.800 Y0.097
G1 X-0.800 Y0.620
G1 X-0.800 Y1.046
G1 X-0.800 Y1.175
G1 X-0.800 Y0.844
G1 X-0.800 Y0.180
G1 X-0.800 Y-0.412
G1 X-0.800 Y-0.608
G1 X-0.800 Y-0.393
G1 X-0.800 Y0.049
G1 X-0.800 Y0.488
G1 X-0.800 Y0.648
G1 X-0.800 Y0.228
G1 X-0.800 Y-0.787
G1 X-0.800 Y-1.817
G1 X-0.800 Y-2.083
G1 X-0.800 Y-1.460
G1 X-0.800 Y-0.576
G1 X-0.800 Y-0.040
G1 X-0.800 Y0.050
G1 X-0.800 Y-0.045
G1 X-0.800 Y0.017
G1 X-0.800 Y0.472
G1 X-0.800 Y1.221
G1 X-0.800 Y1.784
G1 X-0.800 Y1.706
G1 X-0.800 Y1.081
G1 X-0.800 Y0.419
G1 X-0.800 Y0.075
G1 X-0.800 Y-0.004
G1 X-0.800 Y-0.128
G1 X-0.800 Y-0.614
G1 X-0.800 Y-1.472
G1 X-0.800 Y-2.141
G1 X-0.800 Y-1.846
G1 X-0.800 Y-0.583
G1 X-0.800 Y0.708
G1 X-0.800 Y1.211
G1 X-0.800 Y0.942
G1 X-0.800 Y0.324
G1 X-0.800 Y-0.356
G1 X-0.800 Y-0.948
G1 X-0.800 Y-1.181
G1 X-0.800 Y-0.694
G1 X-0.800 Y0.465
G1 X-0.800 Y1.577
G1 X-0.800 Y1.893
G1 X-0.800 Y1.428
G1 X-0.800 Y0.747
G1 X-0.800 Y0.246
G1 X-0.800 Y-0.083
G1 X-0.800 Y-0.461
G1 X-0.800 Y-1.001
G1 X-0.800 Y-1.530
G1 X-0.800 Y-1.651
G1 X-0.800 Y-1.187
G1 X-0.800 Y-0.444
G1 X-0.800 Y0.082
G1 X-0.800 Y0.180
G1 X-0.800 Y-0.018
G1 X-0.800 Y-0.199
G1 X-0.800 Y0.013
G1 X-0.800 Y0.852
G1 X-0.800 Y1.993
G1 X-0.800 Y2.419
G1 X-0.800 Y1.400
G1 X-0.800 Y-0.416
G1 X-0.800 Y-1.643
G1 X-0.800 Y-1.720
G1 X-0.800 Y-1.127
G1 X-0.800 Y-0.465
G1 X-0.800 Y0.093
G1 X-0.800 Y0.664
G1 X-0.800 Y1.305
G1 X-0.800 Y1.732
G1 X-0.800 Y1.393
G1 X-0.800 Y0.070
G1 X-0.800 Y-1.572
G1 X-0.800 Y-2.403
G1 X-0.800 Y-1.937
G1 X-0.800 Y-0.707
G1 X-0.800 Y0.421
G1 X-0.800 Y0.995
G1 X-0.800 Y1.057
G1 X-0.800 Y0.848
G1 X-0.800 Y0.564
G1 X-0.800 Y0.305
G1 X-0.800 Y0.098
G1 X-0.800 Y-0.060
G1 X-0.800 Y-0.177
G1 X-0.800 Y-0.255
G1 X-0.800 Y-0.301
G1 X-0.800 Y-0.315
G1 X-0.800 Y-0.306
G1 X-0.800 Y-0.284
G1 X-0.800 Y-0.254
G1 X-0.800 Y-0.230
G1 X-0.800 Y-0.217
G1 X-0.800 Y-0.222
G1 X-0.800 Y-0.249
G1 X0.000 Y-1.488
G1 X0.800 Y0.552
G1 X0.800 Y0.553
G1 X0.800 Y0.536
G1 X0.800 Y0.513
G1 X0.800 Y0.482
G1 X0.800 Y0.443
G1 X0.800 Y0.391
G1 X0.800 Y0.324
G1 X0.800 Y0.241
G1 X0.800 Y0.143
G1 X0.800 Y0.026
G1 X0.800 Y-0.120
G1 X0.800 Y-0.310
G1 X0.800 Y-0.560
G1 X0.800 Y-0.862
G1 X0.800 Y-1.148
G1 X0.800 Y-1.250
G1 X0.800 Y-0.925
G1 X0.800 Y-0.030
G1 X0.800 Y1.217
G1 X0.800 Y2.160
G1 X0.800 Y2.132
G1 X0.800 Y1.100
G1 X0.800 Y-0.229
G1 X0.800 Y-1.068
G1 X0.800 Y-1.175
G1 X0.800 Y-0.793
G1 X0.800 Y-0.230
G1 X0.800 Y0.368
G1 X0.800 Y0.930
G1 X0.800 Y1.243
G1 X0.800 Y0.924
G1 X0.800 Y-0.208
G1 X0.800 Y-1.613
G1 X0.800 Y-2.286
G1 X0.800 Y-1.805
G1 X0.800 Y-0.752
G1 X0.800 Y0.044
G1 X0.800 Y0.270
G1 X0.800 Y0.094
G1 X0.800 Y-0.172
G1 X0.800 Y-0.245
G1 X0.800 Y0.056
G1 X0.800 Y0.686
G1 X0.800 Y1.290
G1 X0.800 Y1.483
G1 X0.800 Y1.201
G1 X0.800 Y0.699
G1 X0.800 Y0.212
G1 X0.800 Y-0.248
G1 X0.800 Y-0.799
G1 X0.800 Y-1.421
G1 X0.800 Y-1.745
G1 X0.800 Y-1.266
G1 X0.800 Y-0.011
G1 X0.800 Y1.216
G1 X0.800 Y1.649
G1 X0.800 Y1.296
G1 X0.800 Y0.651
G1 X0.800 Y0.019
G1 X0.800 Y-0.619
G1 X0.800 Y-1.303
G1 X0.800 Y-1.710
G1 X0.800 Y-1.246
G1 X0.800 Y0.198
G1 X0.800 Y1.692
G1 X0.800 Y2.155
G1 X0.800 Y1.575
G1 X0.800 Y0.740
G1 X0.800 Y0.217
G1 X0.800 Y0.005
G1 X0.800 Y-0.183
G1 X0.800 Y-0.583
G1 X0.800 Y-1.165
G1 X0.800 Y-1.594
G1 X0.800 Y-1.532
G1 X0.800 Y-1.027
G1 X0.800 Y-0.459
G1 X0.800 Y-0.121
G1 X0.800 Y0.014
G1 X0.800 Y0.198
G1 X0.800 Y0.691
G1 X0.800 Y1.477
G1 X0.800 Y2.051
G1 X0.800 Y1.749
G1 X0.800 Y0.569
G1 X0.800 Y-0.666
G1 X0.800 Y-1.205
G1 X0.800 Y-1.018
G1 X0.800 Y-0.480
G1 X0.800 Y0.125
G1 X0.800 Y0.682
G1 X0.800 Y1.053
G1 X0.800 Y1.019
G1 X0.800 Y0.489
G1 X0.800 Y-0.275
G1 X0.800 Y-0.813
G1 X0.800 Y-0.879
G1 X0.800 Y-0.562
G1 X0.800 Y-0.073
G1 X0.800 Y0.429
G1 X0.800 Y0.805
G1 X0.800 Y0.866
G1 X0.800 Y0.488
G1 X0.800 Y-0.182
G1 X0.800 Y-0.749
G1 X0.800 Y-0.904
G1 X0.800 Y-0.640
G1 X0.800 Y-0.140
G1 X0.800 Y0.428
G1 X0.800 Y0.900
G1 X0.800 Y0.972
G1 X0.800 Y0.305
G1 X0.800 Y-0.995
G1 X0.800 Y-2.106
G1 X0.800 Y-2.174
G1 X0.800 Y-1.265
G1 X0.800 Y-0.200
G1 X0.800 Y0.380
G1 X0.800 Y0.420
G1 X0.800 Y0.170
G1 X0.800 Y-0.125
G1 X0.800 Y-0.311
G1 X0.800 Y-0.323
G1 X0.800 Y-0.196
G1 X0.800 Y-0.043
G1 X0.800 Y0.026
G1 X0.800 Y0.000
G1 X0.800 Y-0.027
G1 X0.800 Y0.122
G1 X0.800 Y0.589
G1 X0.800 Y1.303
G1 X0.800 Y1.860
G1 X0.800 Y1.781
G1 X0.800 Y1.011
G1 X0.800 Y0.055
G1 X0.800 Y-0.530
G1 X0.800 Y-0.579
G1 X0.800 Y-0.267
G1 X0.800 Y0.163
G1 X0.800 Y0.506
G1 X0.800 Y0.568
G1 X0.800 Y0.211
G1 X0.800 Y-0.473
G1 X0.800 Y-1.131
G1 X0.800 Y-1.409
G1 X0.800 Y-1.242
G1 X0.800 Y-0.838
G1 X0.800 Y-0.426
G1 X0.800 Y-0.090
G1 X0.800 Y0.189
G1 X0.800 Y0.439
G1 X0.800 Y0.636
G1 X0.800 Y0.709
G1 X0.800 Y0.621
G1 X0.800 Y0.390
G1 X0.800 Y0.064
G1 X0.800 Y-0.327
G1 X0.800 Y-0.762
G1 X0.800 Y-1.136
G1 X0.800 Y-1.214
G1 X0.800 Y-0.745
G1 X0.800 Y0.225
G1 X0.800 Y1.225
G1 X0.800 Y1.707
G1 X0.800 Y1.535
G1 X0.800 Y1.015
G1 X0.800 Y0.514
G1 X0.800 Y0.184
G1 X0.800 Y-0.017
G1 X0.800 Y-0.197
G1 X0.800 Y-0.413
G1 X0.800 Y-0.628
G1 X0.800 Y-0.750
G1 X0.800 Y-0.711
G1 X0.800 Y-0.517
G1 X0.800 Y-0.224
G1 X0.800 Y0.115
G1 X0.800 Y0.465
G1 X0.800 Y0.772
G1 X0.000 Y-0.215
G1 X-0.800 Y-0.615
G1 X-0.800 Y-0.374
G1 X-0.800 Y-0.053
G1 X-0.800 Y0.270
G1 X-0.800 Y0.525
G1 X-0.800 Y0.640
G1 X-0.800 Y0.573
G1 X-0.800 Y0.364
G1 X-0.800 Y0.131
G1 X-0.800 Y-0.008
G1 X-0.800 Y-0.018
G1 X-0.800 Y0.025
G1 X-0.800 Y-0.028
G1 X-0.800 Y-0.339
G1 X-0.800 Y-0.946
G1 X-0.800 Y-1.614
G1 X-0.800 Y-1.883
G1 X-0.800 Y-1.451
G1 X-0.800 Y-0.531
G1 X-0.800 Y0.332
G1 X-0.800 Y0.747
G1 X-0.800 Y0.706
G1 X-0.800 Y0.408
G1 X-0.800 Y0.047
G1 X-0.800 Y-0.267
G1 X-0.800 Y-0.460
G1 X-0.800 Y-0.500
G1 X-0.800 Y-0.405
G1 X-0.800 Y-0.246
G1 X-0.800 Y-0.091
G1 X-0.800 Y0.055
G1 X-0.800 Y0.264
G1 X-0.800 Y0.624
G1 X-0.800 Y1.121
G1 X-0.800 Y1.545
G1 X-0.800 Y1.570
G1 X-0.800 Y1.062
G1 X-0.800 Y0.282
G1 X-0.800 Y-0.320
G1 X-0.800 Y-0.493
G1 X-0.800 Y-0.291
G1 X-0.800 Y0.088
G1 X-0.800 Y0.421
G1 X-0.800 Y0.478
G1 X-0.800 Y0.066
G1 X-0.800 Y-0.760
G1 X-0.800 Y-1.562
G1 X-0.800 Y-1.828
G1 X-0.800 Y-1.453
G1 X-0.800 Y-0.802
G1 X-0.800 Y-0.287
G1 X-0.800 Y-0.050
G1 X-0.800 Y-0.002
G1 X-0.800 Y0.020
G1 X-0.800 Y0.115
G1 X-0.800 Y0.280
G1 X-0.800 Y0.412
G1 X-0.800 Y0.399
G1 X-0.800 Y0.200
G1 X-0.800 Y-0.132
G1 X-0.800 Y-0.472
G1 X-0.800 Y-0.595
G1 X-0.800 Y-0.204
G1 X-0.800 Y0.814
G1 X-0.800 Y1.979
G1 X-0.800 Y2.342
G1 X-0.800 Y1.461
G1 X-0.800 Y0.022
G1 X-0.800 Y-0.947
G1 X-0.800 Y-1.086
G1 X-0.800 Y-0.689
G1 X-0.800 Y-0.121
G1 X-0.800 Y0.426
G1 X-0.800 Y0.837
G1 X-0.800 Y0.950
G1 X-0.800 Y0.659
G1 X-0.800 Y0.096
G1 X-0.800 Y-0.397
G1 X-0.800 Y-0.557
G1 X-0.800 Y-0.371
G1 X-0.800 Y0.011
G1 X-0.800 Y0.397
G1 X-0.800 Y0.580
G1 X-0.800 Y0.364
G1 X-0.800 Y-0.277
G1 X-0.800 Y-1.023
G1 X-0.800 Y-1.417
G1 X-0.800 Y-1.280
G1 X-0.800 Y-0.808
G1 X-0.800 Y-0.266
G1 X-0.800 Y0.278
G1 X-0.800 Y0.883
G1 X-0.800 Y1.467
G1 X-0.800 Y1.606
G1 X-0.800 Y0.837
G1 X-0.800 Y-0.634
G1 X-0.800 Y-1.820
G1 X-0.800 Y-1.980
G1 X-0.800 Y-1.350
G1 X-0.800 Y-0.628
G1 X-0.800 Y-0.187
G1 X-0.800 Y0.045
G1 X-0.800 Y0.304
G1 X-0.800 Y0.729
G1 X-0.800 Y1.210
G1 X-0.800 Y1.447
G1 X-0.800 Y1.267
G1 X-0.800 Y0.810
G1 X-0.800 Y0.360
G1 X-0.800 Y0.038
G1 X-0.800 Y-0.286
G1 X-0.800 Y-0.832
G1 X-0.800 Y-1.591
G1 X-0.800 Y-2.052
G1 X-0.800 Y-1.474
G1 X-0.800 Y0.126
G1 X-0.800 Y1.631
G1 X-0.800 Y2.025
G1 X-0.800 Y1.459
G1 X-0.800 Y0.702
G1 X-0.800 Y0.173
G1 X-0.800 Y-0.229
G1 X-0.800 Y-0.773
G1 X-0.800 Y-1.498
G1 X-0.800 Y-1.957
G1 X-0.800 Y-1.522
G1 X-0.800 Y-0.203
G1 X-0.800 Y1.119
G1 X-0.800 Y1.631
G1 X-0.800 Y1.342
G1 X-0.800 Y0.748
G1 X-0.800 Y0.182
G1 X-0.800 Y-0.323
G1 X-0.800 Y-0.827
G1 X-0.800 Y-1.247
G1 X-0.800 Y-1.354
G1 X-0.800 Y-1.002
G1 X-0.800 Y-0.369
G1 X-0.800 Y0.165
G1 X-0.800 Y0.346
G1 X-0.800 Y0.194
G1 X-0.800 Y-0.113
G1 X-0.800 Y-0.344
G1 X-0.800 Y-0.250
G1 X-0.800 Y0.339
G1 X-0.800 Y1.267
G1 X-0.800 Y1.971
G1 X-0.800 Y1.908
G1 X-0.800 Y1.114
G1 X-0.800 Y0.167
G1 X-0.800 Y-0.400
G1 X-0.800 Y-0.467
G1 X-0.800 Y-0.206
G1 X-0.800 Y0.160
G1 X-0.800 Y0.436
G1 X-0.800 Y0.430
G1 X-0.800 Y-0.007
G1 X-0.800 Y-0.821
G1 X-0.800 Y-1.647
G1 X-0.800 Y-1.982
G1 X-0.800 Y-1.582
G1 X-0.800 Y-0.668
G1 X-0.800 Y0.280
G1 X-0.800 Y0.895
G1 X-0.800 Y1.089
G1 X-0.800 Y0.985
G1 X-0.800 Y0.745
G1 X-0.800 Y0.484
G1 X-0.800 Y0.255
G1 X-0.800 Y0.064
G1 X-0.800 Y-0.096
G1 X-0.800 Y-0.238
G1 X-0.800 Y-0.363
G1 X-0.800 Y-0.475
G1 X-0.800 Y-0.565
G1 X-0.800 Y-0.630
G1 X-0.800 Y-0.657
G1 X-0.800 Y-0.641
G1 X-0.800 Y-0.564
G1 X-0.800 Y-0.412
G1 X0.000 Y2.031
